# p:\temp\worker_COMMON_110\temp\tmp_4104_134_CbxIj\format_1\99610.15B.obj created by IVCON.
# Original data in p:\temp\worker_COMMON_110\temp\mdlltmp_4104_135.stl.


v -928.000000 -579.555481 155.291397 1.000000
v -928.000000 -600.000000 0.000000 1.000000
v -892.000000 -600.000000 0.000000 1.000000
v -892.000000 -579.555481 155.291397 1.000000
v -928.000000 -579.555481 -155.291397 1.000000
v -928.000000 -519.615173 -300.000000 1.000000
v -892.000000 -519.615173 -300.000000 1.000000
v -892.000000 -579.555481 -155.291397 1.000000
v -928.000000 -300.000000 -519.615173 1.000000
v -928.000000 -155.291397 -579.555481 1.000000
v -892.000000 -155.291397 -579.555481 1.000000
v -892.000000 -300.000000 -519.615173 1.000000
v -928.000000 -424.264099 -424.264099 1.000000
v -892.000000 -424.264099 -424.264099 1.000000
v -928.000000 519.615173 -300.000000 1.000000
v -928.000000 579.555481 -155.291397 1.000000
v -892.000000 579.555481 -155.291397 1.000000
v -892.000000 519.615173 -300.000000 1.000000
v -928.000000 125.000000 -583.543518 1.000000
v -928.000000 155.291397 -579.555481 1.000000
v -892.000000 155.291397 -579.555481 1.000000
v -892.000000 125.000000 -583.543518 1.000000
v -928.000000 -125.000000 -583.543518 1.000000
v -892.000000 -125.000000 -583.543518 1.000000
v -928.000000 424.264099 -424.264099 1.000000
v -892.000000 424.264099 -424.264099 1.000000
v -928.000000 300.000000 -519.615173 1.000000
v -892.000000 300.000000 -519.615173 1.000000
v -928.000000 -519.615173 300.000000 1.000000
v -892.000000 -519.615173 300.000000 1.000000
v -928.000000 600.000000 0.000000 1.000000
v -928.000000 579.555481 155.291397 1.000000
v -892.000000 579.555481 155.291397 1.000000
v -892.000000 600.000000 0.000000 1.000000
v -928.000000 519.615173 300.000000 1.000000
v -928.000000 438.042297 406.308014 1.000000
v -892.000000 447.688385 393.736786 1.000000
v -892.000000 519.615173 300.000000 1.000000
v -928.000000 -438.042297 406.308014 1.000000
v -892.000000 -447.688385 393.736786 1.000000
v -800.000000 315.000000 1095.000000 1.000000
v -957.500000 272.798004 1095.000000 1.000000
v -957.500000 272.798004 1130.000000 1.000000
v -800.000000 315.000000 1130.000000 1.000000
v -800.000000 -315.000000 1130.000000 1.000000
v -957.500000 -272.798004 1130.000000 1.000000
v -957.500000 -272.798004 1095.000000 1.000000
v -800.000000 -315.000000 1095.000000 1.000000
v -800.000000 345.000000 1130.000000 1.000000
v -972.500000 298.778809 1130.000000 1.000000
v -972.500000 298.778809 1160.000000 1.000000
v -800.000000 345.000000 1160.000000 1.000000
v -800.000000 -345.000000 1160.000000 1.000000
v -972.500000 -298.778809 1160.000000 1.000000
v -972.500000 -298.778809 1130.000000 1.000000
v -800.000000 -345.000000 1130.000000 1.000000
v -957.500000 272.798004 1617.000000 1.000000
v -800.000000 315.000000 1617.000000 1.000000
v -800.000000 315.000000 1160.000000 1.000000
v -957.500000 272.798004 1160.000000 1.000000
v -957.500000 -272.798004 1160.000000 1.000000
v -800.000000 -315.000000 1160.000000 1.000000
v -800.000000 -315.000000 1617.000000 1.000000
v -957.500000 -272.798004 1617.000000 1.000000
v -800.000000 437.500000 1617.000000 1.000000
v -1018.750000 378.886108 1617.000000 1.000000
v -1018.750000 378.886108 1647.000000 1.000000
v -800.000000 437.500000 1647.000000 1.000000
v -1018.750000 -378.886108 1617.000000 1.000000
v -800.000000 -437.500000 1617.000000 1.000000
v -800.000000 -437.500000 1647.000000 1.000000
v -1018.750000 -378.886108 1647.000000 1.000000
v -800.000000 332.000000 1647.000000 1.000000
v -966.000000 287.520386 1647.000000 1.000000
v -966.000000 287.520386 1646.000000 1.000000
v -800.000000 332.000000 1646.000000 1.000000
v -800.000000 -332.000000 1646.000000 1.000000
v -966.000000 -287.520386 1646.000000 1.000000
v -966.000000 -287.520386 1647.000000 1.000000
v -800.000000 -332.000000 1647.000000 1.000000
v -834.000000 521.599976 139.762299 1.000000
v -834.000000 540.000000 -0.000000 1.000000
v -834.000000 467.653687 270.000000 1.000000
v -834.000000 463.229492 275.765686 1.000000
v -834.000000 -467.653687 270.000000 1.000000
v -834.000000 -463.229492 275.765686 1.000000
v -834.000000 -521.599976 139.762299 1.000000
v -834.000000 -540.000000 -0.000000 1.000000
v -834.000000 -521.599976 -139.762299 1.000000
v -834.000000 -467.653687 -270.000000 1.000000
v -834.000000 -381.837708 -381.837708 1.000000
v -834.000000 -270.000000 -467.653687 1.000000
v -834.000000 -139.762299 -521.599976 1.000000
v -834.000000 -125.000000 -523.543518 1.000000
v -834.000000 139.762299 -521.599976 1.000000
v -834.000000 125.000000 -523.543518 1.000000
v -834.000000 270.000000 -467.653687 1.000000
v -834.000000 381.837708 -381.837708 1.000000
v -834.000000 467.653687 -270.000000 1.000000
v -834.000000 521.599976 -139.762299 1.000000
v -726.000000 -540.000000 0.000000 1.000000
v -726.000000 -521.599976 139.762299 1.000000
v -726.000000 -467.653687 -270.000000 1.000000
v -726.000000 -521.599976 -139.762299 1.000000
v -726.000000 -139.762299 -521.599976 1.000000
v -726.000000 -270.000000 -467.653687 1.000000
v -726.000000 -381.837708 -381.837708 1.000000
v -726.000000 521.599976 -139.762299 1.000000
v -726.000000 467.653687 -270.000000 1.000000
v -726.000000 139.762299 -521.599976 1.000000
v -726.000000 125.000000 -523.543518 1.000000
v -726.000000 -125.000000 -523.543518 1.000000
v -726.000000 381.837708 -381.837708 1.000000
v -726.000000 270.000000 -467.653687 1.000000
v -805.000122 -471.000000 261.921387 1.000000
v -817.488586 -467.653687 270.000000 1.000000
v -726.000000 -467.653687 270.000000 1.000000
v -792.511719 -467.653687 270.000000 1.000000
v -726.000000 521.599976 139.762299 1.000000
v -726.000000 540.000000 0.000000 1.000000
v -1040.500122 -407.898010 1095.000000 1.000000
v -1040.500122 -407.898010 329.755798 1.000000
v -986.000000 -422.501190 315.152496 1.000000
v -986.000000 -422.501190 328.843903 1.000000
v -805.000122 -471.000000 1095.000000 1.000000
v -817.488586 467.653687 270.000000 1.000000
v -726.000000 467.653687 270.000000 1.000000
v -792.511719 467.653687 270.000000 1.000000
v -726.000000 449.832001 293.225708 1.000000
v -805.000122 471.000000 261.921387 1.000000
v -805.000122 471.000000 1095.000000 1.000000
v -1040.500122 407.898010 1095.000000 1.000000
v -1040.500122 407.898010 329.755798 1.000000
v -986.000000 422.501190 328.843903 1.000000
v -986.000000 422.501190 315.152496 1.000000
v -726.000000 -449.832001 293.225708 1.000000
v -668.000000 -579.555481 155.291397 1.000000
v -668.000000 -600.000000 0.000000 1.000000
v -632.000000 -600.000000 0.000000 1.000000
v -632.000000 -579.555481 155.291397 1.000000
v -668.000000 -579.555481 -155.291397 1.000000
v -668.000000 -519.615173 -300.000000 1.000000
v -632.000000 -519.615173 -300.000000 1.000000
v -632.000000 -579.555481 -155.291397 1.000000
v -668.000000 -300.000000 -519.615173 1.000000
v -668.000000 -155.291397 -579.555481 1.000000
v -632.000000 -155.291397 -579.555481 1.000000
v -632.000000 -300.000000 -519.615173 1.000000
v -668.000000 -424.264099 -424.264099 1.000000
v -632.000000 -424.264099 -424.264099 1.000000
v -668.000000 519.615173 -300.000000 1.000000
v -668.000000 579.555481 -155.291397 1.000000
v -632.000000 579.555481 -155.291397 1.000000
v -632.000000 519.615173 -300.000000 1.000000
v -668.000000 125.000000 -583.543518 1.000000
v -668.000000 155.291397 -579.555481 1.000000
v -632.000000 155.291397 -579.555481 1.000000
v -632.000000 125.000000 -583.543518 1.000000
v -668.000000 -125.000000 -583.543518 1.000000
v -632.000000 -125.000000 -583.543518 1.000000
v -490.000000 125.000000 -615.000000 1.000000
v -490.000000 -125.000000 -615.000000 1.000000
v -1040.000000 -125.000000 -615.000000 1.000000
v -1040.000000 125.000000 -615.000000 1.000000
v -1040.000000 -125.000000 -506.506287 1.000000
v -986.000000 -125.000000 -523.543518 1.000000
v -986.000000 -125.000000 -506.506287 1.000000
v -490.000000 -125.000000 -523.543518 1.000000
v -574.000000 -125.000000 -523.543518 1.000000
v -574.000000 125.000000 -523.543518 1.000000
v -490.000000 125.000000 -523.543518 1.000000
v -1040.000000 125.000000 -506.506287 1.000000
v -986.000000 125.000000 -523.543518 1.000000
v -986.000000 125.000000 -506.506287 1.000000
v -668.000000 424.264099 -424.264099 1.000000
v -632.000000 424.264099 -424.264099 1.000000
v -668.000000 300.000000 -519.615173 1.000000
v -632.000000 300.000000 -519.615173 1.000000
v -668.000000 -519.615173 300.000000 1.000000
v -632.000000 -519.615173 300.000000 1.000000
v -668.000000 600.000000 0.000000 1.000000
v -668.000000 579.555481 155.291397 1.000000
v -632.000000 579.555481 155.291397 1.000000
v -632.000000 600.000000 0.000000 1.000000
v -668.000000 519.615173 300.000000 1.000000
v -668.000000 434.290894 411.196808 1.000000
v -632.000000 424.644714 423.767914 1.000000
v -632.000000 519.615173 300.000000 1.000000
v -569.500122 407.898010 1095.000000 1.000000
v -569.500122 407.898010 347.875214 1.000000
v -574.000000 409.103699 346.303894 1.000000
v -668.000000 -434.290894 411.196808 1.000000
v -632.000000 -424.644714 423.767914 1.000000
v -574.000000 -409.103699 346.303894 1.000000
v -569.500122 -407.898010 347.875214 1.000000
v -569.500122 -407.898010 1095.000000 1.000000
v -642.500000 272.798004 1130.000000 1.000000
v -642.500000 272.798004 1095.000000 1.000000
v -527.202026 157.500000 1130.000000 1.000000
v -527.202026 157.500000 1095.000000 1.000000
v -642.500000 -272.798004 1130.000000 1.000000
v -642.500000 -272.798004 1095.000000 1.000000
v -527.202026 -157.500000 1130.000000 1.000000
v -527.202026 -157.500000 1095.000000 1.000000
v -627.500000 298.778809 1160.000000 1.000000
v -627.500000 298.778809 1130.000000 1.000000
v -627.500000 -298.778809 1130.000000 1.000000
v -627.500000 -298.778809 1160.000000 1.000000
v -642.500000 272.798004 1617.000000 1.000000
v -642.500000 272.798004 1160.000000 1.000000
v -527.202026 157.500000 1617.000000 1.000000
v -527.202026 157.500000 1160.000000 1.000000
v -642.500000 -272.798004 1617.000000 1.000000
v -642.500000 -272.798004 1160.000000 1.000000
v -527.202026 -157.500000 1617.000000 1.000000
v -527.202026 -157.500000 1160.000000 1.000000
v -581.250000 378.886108 1647.000000 1.000000
v -581.250000 378.886108 1617.000000 1.000000
v -581.250000 -378.886108 1647.000000 1.000000
v -581.250000 -378.886108 1617.000000 1.000000
v -634.000000 287.520386 1646.000000 1.000000
v -512.479614 166.000000 1646.000000 1.000000
v -512.479614 166.000000 1647.000000 1.000000
v -634.000000 287.520386 1647.000000 1.000000
v -634.000000 -287.520386 1646.000000 1.000000
v -634.000000 -287.520386 1647.000000 1.000000
v -512.479614 -166.000000 1646.000000 1.000000
v -512.479614 -166.000000 1647.000000 1.000000
v -468.000000 -0.000000 1646.000000 1.000000
v -1087.520386 166.000000 1646.000000 1.000000
v -1132.000000 0.000000 1646.000000 1.000000
v -1087.520386 -166.000000 1646.000000 1.000000
v -574.000000 540.000000 -0.000000 1.000000
v -574.000000 521.599976 139.762299 1.000000
v -574.000000 467.653687 270.000000 1.000000
v -501.221191 172.500000 1160.000000 1.000000
v -501.221191 172.500000 1130.000000 1.000000
v -421.113892 218.750000 1617.000000 1.000000
v -421.113892 218.750000 1647.000000 1.000000
v -574.000000 -467.653687 270.000000 1.000000
v -574.000000 -521.599976 139.762299 1.000000
v -574.000000 -540.000000 0.000000 1.000000
v -501.221191 -172.500000 1160.000000 1.000000
v -501.221191 -172.500000 1130.000000 1.000000
v -421.113892 -218.750000 1647.000000 1.000000
v -421.113892 -218.750000 1617.000000 1.000000
v -574.000000 -521.599976 -139.762299 1.000000
v -574.000000 -467.653687 -270.000000 1.000000
v -574.000000 -381.837708 -381.837708 1.000000
v -574.000000 -270.000000 -467.653687 1.000000
v -574.000000 -139.762299 -521.599976 1.000000
v -574.000000 139.762299 -521.599976 1.000000
v -574.000000 270.000000 -467.653687 1.000000
v -574.000000 381.837708 -381.837708 1.000000
v -574.000000 467.653687 -270.000000 1.000000
v -574.000000 521.599976 -139.762299 1.000000
v -466.000000 -540.000000 0.000000 1.000000
v -466.000000 -521.599976 139.762299 1.000000
v -490.000000 -480.000000 -240.193405 1.000000
v -466.000000 -480.000000 -240.193405 1.000000
v -466.000000 -521.599976 -139.762299 1.000000
v -490.000000 -467.653687 -270.000000 1.000000
v -490.000000 480.000000 -620.000000 1.000000
v -490.000000 -480.000000 -620.000000 1.000000
v -490.000000 139.762299 -521.599976 1.000000
v -490.000000 270.000000 -467.653687 1.000000
v -490.000000 381.837708 -381.837708 1.000000
v -490.000000 467.653687 -270.000000 1.000000
v -490.000000 480.000000 -240.193405 1.000000
v -490.000000 -381.837708 -381.837708 1.000000
v -490.000000 -270.000000 -467.653687 1.000000
v -490.000000 -139.762299 -521.599976 1.000000
v -466.000000 521.599976 -139.762299 1.000000
v -466.000000 480.000000 -240.193405 1.000000
v -466.000000 -467.653687 270.000000 1.000000
v -466.000000 521.599976 139.762299 1.000000
v -466.000000 540.000000 0.000000 1.000000
v -466.000000 381.837708 381.837708 1.000000
v -543.439819 381.837708 381.837708 1.000000
v -466.000000 304.397888 441.259308 1.000000
v -466.000000 467.653687 270.000000 1.000000
v -466.000000 -381.837708 381.837708 1.000000
v -543.439819 -381.837708 381.837708 1.000000
v -466.000000 -304.397888 441.259308 1.000000
v -485.000000 -0.000000 1095.000000 1.000000
v -485.000000 0.000000 1130.000000 1.000000
v -455.000000 -0.000000 1160.000000 1.000000
v -455.000000 -0.000000 1130.000000 1.000000
v -485.000000 0.000000 1160.000000 1.000000
v -485.000000 -0.000000 1617.000000 1.000000
v -468.000000 -0.000000 1647.000000 1.000000
v -408.000000 -579.555481 155.291397 1.000000
v -408.000000 -600.000000 0.000000 1.000000
v -372.000000 -600.000000 0.000000 1.000000
v -372.000000 -579.555481 155.291397 1.000000
v -372.000000 -519.615173 -300.000000 1.000000
v -372.000000 -579.555481 -155.291397 1.000000
v -408.000000 -579.555481 -155.291397 1.000000
v -408.000000 -519.615173 -300.000000 1.000000
v -290.000000 -480.000000 -620.000000 1.000000
v -290.000000 480.000000 -620.000000 1.000000
v -408.000000 -480.000000 -351.627594 1.000000
v -372.000000 -480.000000 -351.627594 1.000000
v -314.000000 -480.000000 -240.193405 1.000000
v -327.781006 -480.000000 -277.128113 1.000000
v -290.000000 -480.000000 -240.193405 1.000000
v -452.218994 -480.000000 -277.128113 1.000000
v -372.000000 579.555481 -155.291397 1.000000
v -372.000000 519.615173 -300.000000 1.000000
v -408.000000 519.615173 -300.000000 1.000000
v -408.000000 579.555481 -155.291397 1.000000
v -408.000000 480.000000 -351.627594 1.000000
v -372.000000 480.000000 -351.627594 1.000000
v -408.000000 -519.615173 300.000000 1.000000
v -372.000000 -519.615173 300.000000 1.000000
v -408.000000 600.000000 0.000000 1.000000
v -408.000000 579.555481 155.291397 1.000000
v -372.000000 579.555481 155.291397 1.000000
v -372.000000 600.000000 0.000000 1.000000
v -408.000000 300.000000 519.615173 1.000000
v -372.000000 300.000000 519.615173 1.000000
v -372.000000 424.264099 424.264099 1.000000
v -408.000000 424.264099 424.264099 1.000000
v -408.000000 519.615173 300.000000 1.000000
v -372.000000 519.615173 300.000000 1.000000
v -408.000000 -424.264099 424.264099 1.000000
v -372.000000 -424.264099 424.264099 1.000000
v -372.000000 155.291397 579.555481 1.000000
v -375.610291 155.291397 579.555481 1.000000
v -372.000000 141.817505 581.329285 1.000000
v -408.000000 246.397797 541.817993 1.000000
v -397.102112 235.500000 546.331970 1.000000
v -397.102112 235.500000 1095.000000 1.000000
v -443.328705 281.726501 487.964691 1.000000
v -408.000000 -300.000000 519.615173 1.000000
v -372.000000 -300.000000 519.615173 1.000000
v -372.000000 -155.291397 579.555481 1.000000
v -375.610291 -155.291397 579.555481 1.000000
v -397.102112 -235.500000 546.331970 1.000000
v -408.000000 -246.397797 541.817993 1.000000
v -372.000000 -141.817505 581.329285 1.000000
v -334.000092 -0.000000 1095.000000 1.000000
v -397.102112 -235.500000 1095.000000 1.000000
v -370.057404 -134.567505 580.274170 1.000000
v -366.487213 -121.243599 630.000000 1.000000
v -352.756592 -70.000000 681.243530 1.000000
v -334.000092 -0.000000 700.000000 1.000000
v -443.328705 -281.726501 487.964691 1.000000
v -362.500000 -0.000000 1647.000000 1.000000
v -362.500000 -0.000000 1617.000000 1.000000
v -314.000000 521.599976 139.762299 1.000000
v -314.000000 540.000000 -0.000000 1.000000
v -314.000000 467.653687 270.000000 1.000000
v -314.000000 381.837708 381.837708 1.000000
v -314.000000 270.000000 467.653687 1.000000
v -314.887787 140.000000 522.487122 1.000000
v -314.000000 140.000000 521.501526 1.000000
v -351.150299 140.000000 560.000000 1.000000
v -370.057404 134.567505 580.274170 1.000000
v -205.112198 140.000000 522.487122 1.000000
v -206.000000 140.000000 521.501526 1.000000
v -168.849701 140.000000 560.000000 1.000000
v -352.756592 70.000000 681.243530 1.000000
v -366.487213 121.243599 630.000000 1.000000
v -314.887787 -140.000000 522.487122 1.000000
v -351.150299 -140.000000 560.000000 1.000000
v -314.000000 -270.000000 467.653687 1.000000
v -314.000000 -140.000000 521.501526 1.000000
v -314.000000 -381.837708 381.837708 1.000000
v -314.000000 -467.653687 270.000000 1.000000
v -314.000000 -521.599976 139.762299 1.000000
v -314.000000 -540.000000 0.000000 1.000000
v -314.000000 -521.599976 -139.762299 1.000000
v -327.781006 480.000000 -277.128113 1.000000
v -314.000000 521.599976 -139.762299 1.000000
v -314.000000 480.000000 -240.193405 1.000000
v -452.218994 480.000000 -277.128113 1.000000
v -290.000000 480.000000 -240.193405 1.000000
v -206.000000 -540.000000 0.000000 1.000000
v -206.000000 -521.599976 139.762299 1.000000
v -206.000000 -521.599976 -139.762299 1.000000
v -290.000000 -467.653687 -270.000000 1.000000
v -206.000000 -467.653687 -270.000000 1.000000
v -290.000000 -125.000000 -615.000000 1.000000
v -290.000000 -125.000000 -523.543518 1.000000
v -290.000000 -139.762299 -521.599976 1.000000
v -290.000000 -270.000000 -467.653687 1.000000
v -290.000000 -381.837708 -381.837708 1.000000
v -290.000000 125.000000 -615.000000 1.000000
v -290.000000 467.653687 -270.000000 1.000000
v -290.000000 381.837708 -381.837708 1.000000
v -290.000000 270.000000 -467.653687 1.000000
v -290.000000 139.762299 -521.599976 1.000000
v -290.000000 125.000000 -523.543518 1.000000
v -206.000000 -270.000000 -467.653687 1.000000
v -206.000000 -139.762299 -521.599976 1.000000
v -206.000000 -381.837708 -381.837708 1.000000
v -206.000000 521.599976 -139.762299 1.000000
v -206.000000 467.653687 -270.000000 1.000000
v -206.000000 125.000000 -523.543518 1.000000
v -206.000000 139.762299 -521.599976 1.000000
v -206.000000 -125.000000 -523.543518 1.000000
v -206.000000 381.837708 -381.837708 1.000000
v -206.000000 270.000000 -467.653687 1.000000
v -206.000000 -467.653687 270.000000 1.000000
v -206.000000 521.599976 139.762299 1.000000
v -206.000000 540.000000 0.000000 1.000000
v -206.000000 270.000000 467.653687 1.000000
v -206.000000 381.837708 381.837708 1.000000
v -206.000000 467.653687 270.000000 1.000000
v -206.000000 -381.837708 381.837708 1.000000
v -206.000000 -270.000000 467.653687 1.000000
v -206.000000 -140.000000 521.501526 1.000000
v -148.000000 -579.555481 155.291397 1.000000
v -148.000000 -600.000000 0.000000 1.000000
v -112.000000 -600.000000 0.000000 1.000000
v -112.000000 -579.555481 155.291397 1.000000
v -148.000000 -579.555481 -155.291397 1.000000
v -148.000000 -519.615173 -300.000000 1.000000
v -112.000000 -519.615173 -300.000000 1.000000
v -112.000000 -579.555481 -155.291397 1.000000
v -148.000000 -300.000000 -519.615173 1.000000
v -148.000000 -155.291397 -579.555481 1.000000
v -112.000000 -155.291397 -579.555481 1.000000
v -112.000000 -300.000000 -519.615173 1.000000
v -148.000000 -424.264099 -424.264099 1.000000
v -112.000000 -424.264099 -424.264099 1.000000
v -148.000000 519.615173 -300.000000 1.000000
v -148.000000 579.555481 -155.291397 1.000000
v -112.000000 579.555481 -155.291397 1.000000
v -112.000000 519.615173 -300.000000 1.000000
v -148.000000 125.000000 -583.543518 1.000000
v -148.000000 155.291397 -579.555481 1.000000
v -112.000000 155.291397 -579.555481 1.000000
v -112.000000 125.000000 -583.543518 1.000000
v -148.000000 -125.000000 -583.543518 1.000000
v -112.000000 -125.000000 -583.543518 1.000000
v -148.000000 424.264099 -424.264099 1.000000
v -112.000000 424.264099 -424.264099 1.000000
v -148.000000 300.000000 -519.615173 1.000000
v -112.000000 300.000000 -519.615173 1.000000
v -148.000000 -519.615173 300.000000 1.000000
v -112.000000 -519.615173 300.000000 1.000000
v -148.000000 600.000000 0.000000 1.000000
v -148.000000 579.555481 155.291397 1.000000
v -112.000000 579.555481 155.291397 1.000000
v -112.000000 600.000000 0.000000 1.000000
v -148.000000 424.264099 424.264099 1.000000
v -148.000000 300.000000 519.615173 1.000000
v -112.000000 300.000000 519.615173 1.000000
v -112.000000 424.264099 424.264099 1.000000
v -148.000000 519.615173 300.000000 1.000000
v -112.000000 519.615173 300.000000 1.000000
v -148.000000 -424.264099 424.264099 1.000000
v -112.000000 -424.264099 424.264099 1.000000
v -148.000000 155.291397 579.555481 1.000000
v -148.000000 134.009399 582.357422 1.000000
v -112.000000 134.009399 582.357422 1.000000
v -112.000000 155.291397 579.555481 1.000000
v -148.000000 -300.000000 519.615173 1.000000
v -112.000000 -300.000000 519.615173 1.000000
v -148.000000 -155.291397 579.555481 1.000000
v -112.000000 -155.291397 579.555481 1.000000
v -148.000000 -134.009399 582.357422 1.000000
v -112.000000 -134.009399 582.357422 1.000000
v -54.000000 521.599976 139.762299 1.000000
v -54.000000 540.000000 -0.000000 1.000000
v -54.000000 467.653687 270.000000 1.000000
v -54.000000 381.837708 381.837708 1.000000
v -54.000000 270.000000 467.653687 1.000000
v -54.887798 140.000000 522.487122 1.000000
v -54.000000 140.000000 521.501526 1.000000
v -91.150299 140.000000 560.000000 1.000000
v 54.887798 140.000000 522.487122 1.000000
v 54.000000 140.000000 521.501526 1.000000
v 91.150299 140.000000 560.000000 1.000000
v -54.887798 -140.000000 522.487122 1.000000
v -91.150299 -140.000000 560.000000 1.000000
v -54.000000 -270.000000 467.653687 1.000000
v -54.000000 -140.000000 521.501526 1.000000
v -54.000000 -381.837708 381.837708 1.000000
v -54.000000 -467.653687 270.000000 1.000000
v -54.000000 -521.599976 139.762299 1.000000
v -54.000000 -540.000000 -0.000000 1.000000
v -54.000000 -521.599976 -139.762299 1.000000
v -54.000000 -467.653687 -270.000000 1.000000
v -54.000000 -381.837708 -381.837708 1.000000
v -54.000000 -270.000000 -467.653687 1.000000
v -54.000000 -139.762299 -521.599976 1.000000
v -54.000000 -125.000000 -523.543518 1.000000
v -54.000000 125.000000 -523.543518 1.000000
v -54.000000 139.762299 -521.599976 1.000000
v -54.000000 270.000000 -467.653687 1.000000
v -54.000000 381.837708 -381.837708 1.000000
v -54.000000 467.653687 -270.000000 1.000000
v -54.000000 521.599976 -139.762299 1.000000
v 54.000000 -540.000000 0.000000 1.000000
v 54.000000 -521.599976 139.762299 1.000000
v 54.000000 -467.653687 -270.000000 1.000000
v 54.000000 -521.599976 -139.762299 1.000000
v 54.000000 -139.762299 -521.599976 1.000000
v 54.000000 -270.000000 -467.653687 1.000000
v 54.000000 -381.837708 -381.837708 1.000000
v 54.000000 521.599976 -139.762299 1.000000
v 54.000000 467.653687 -270.000000 1.000000
v 54.000000 139.762299 -521.599976 1.000000
v 54.000000 125.000000 -523.543518 1.000000
v 54.000000 -125.000000 -523.543518 1.000000
v 54.000000 381.837708 -381.837708 1.000000
v 54.000000 270.000000 -467.653687 1.000000
v 54.000000 -467.653687 270.000000 1.000000
v 54.000000 521.599976 139.762299 1.000000
v 54.000000 540.000000 0.000000 1.000000
v 54.000000 270.000000 467.653687 1.000000
v 54.000000 381.837708 381.837708 1.000000
v 54.000000 467.653687 270.000000 1.000000
v 54.000000 -381.837708 381.837708 1.000000
v 54.000000 -270.000000 467.653687 1.000000
v 54.000000 -140.000000 521.501526 1.000000
v 112.000000 -579.555481 155.291397 1.000000
v 112.000000 -600.000000 0.000000 1.000000
v 148.000000 -600.000000 0.000000 1.000000
v 148.000000 -579.555481 155.291397 1.000000
v 112.000000 -579.555481 -155.291397 1.000000
v 112.000000 -519.615173 -300.000000 1.000000
v 148.000000 -519.615173 -300.000000 1.000000
v 148.000000 -579.555481 -155.291397 1.000000
v 112.000000 -300.000000 -519.615173 1.000000
v 112.000000 -155.291397 -579.555481 1.000000
v 148.000000 -155.291397 -579.555481 1.000000
v 148.000000 -300.000000 -519.615173 1.000000
v 112.000000 -424.264099 -424.264099 1.000000
v 148.000000 -424.264099 -424.264099 1.000000
v 112.000000 519.615173 -300.000000 1.000000
v 112.000000 579.555481 -155.291397 1.000000
v 148.000000 579.555481 -155.291397 1.000000
v 148.000000 519.615173 -300.000000 1.000000
v 112.000000 125.000000 -583.543518 1.000000
v 112.000000 155.291397 -579.555481 1.000000
v 148.000000 155.291397 -579.555481 1.000000
v 148.000000 125.000000 -583.543518 1.000000
v 112.000000 -125.000000 -583.543518 1.000000
v 148.000000 -125.000000 -583.543518 1.000000
v 290.000000 -125.000000 -615.000000 1.000000
v 290.000000 125.000000 -615.000000 1.000000
v 290.000000 -125.000000 -523.543518 1.000000
v 206.000000 -125.000000 -523.543518 1.000000
v 206.000000 125.000000 -523.543518 1.000000
v 290.000000 125.000000 -523.543518 1.000000
v 112.000000 424.264099 -424.264099 1.000000
v 148.000000 424.264099 -424.264099 1.000000
v 112.000000 300.000000 -519.615173 1.000000
v 148.000000 300.000000 -519.615173 1.000000
v 112.000000 -519.615173 300.000000 1.000000
v 148.000000 -519.615173 300.000000 1.000000
v 112.000000 600.000000 0.000000 1.000000
v 112.000000 579.555481 155.291397 1.000000
v 148.000000 579.555481 155.291397 1.000000
v 148.000000 600.000000 0.000000 1.000000
v 112.000000 424.264099 424.264099 1.000000
v 112.000000 300.000000 519.615173 1.000000
v 148.000000 300.000000 519.615173 1.000000
v 148.000000 424.264099 424.264099 1.000000
v 112.000000 519.615173 300.000000 1.000000
v 148.000000 519.615173 300.000000 1.000000
v 112.000000 -424.264099 424.264099 1.000000
v 148.000000 -424.264099 424.264099 1.000000
v 112.000000 155.291397 579.555481 1.000000
v 112.000000 134.009399 582.357422 1.000000
v 148.000000 134.009399 582.357422 1.000000
v 148.000000 155.291397 579.555481 1.000000
v 366.487213 121.243599 630.000000 1.000000
v 370.057404 134.567505 580.274170 1.000000
v 351.150299 140.000000 560.000000 1.000000
v 168.849701 140.000000 560.000000 1.000000
v 352.756592 70.000000 681.243530 1.000000
v 112.000000 -300.000000 519.615173 1.000000
v 148.000000 -300.000000 519.615173 1.000000
v 112.000000 -155.291397 579.555481 1.000000
v 148.000000 -155.291397 579.555481 1.000000
v 112.000000 -134.009399 582.357422 1.000000
v 148.000000 -134.009399 582.357422 1.000000
v 334.000092 0.000000 700.000000 1.000000
v 206.000000 521.599976 139.762299 1.000000
v 206.000000 540.000000 -0.000000 1.000000
v 206.000000 467.653687 270.000000 1.000000
v 206.000000 381.837708 381.837708 1.000000
v 206.000000 270.000000 467.653687 1.000000
v 205.112198 140.000000 522.487122 1.000000
v 206.000000 140.000000 521.501526 1.000000
v 314.887787 140.000000 522.487122 1.000000
v 314.000000 140.000000 521.501526 1.000000
v 205.112198 -140.000000 522.487122 1.000000
v 168.849701 -140.000000 560.000000 1.000000
v 206.000000 -270.000000 467.653687 1.000000
v 206.000000 -140.000000 521.501526 1.000000
v 206.000000 -381.837708 381.837708 1.000000
v 206.000000 -467.653687 270.000000 1.000000
v 206.000000 -521.599976 139.762299 1.000000
v 206.000000 -540.000000 0.000000 1.000000
v 206.000000 -521.599976 -139.762299 1.000000
v 206.000000 -467.653687 -270.000000 1.000000
v 206.000000 -381.837708 -381.837708 1.000000
v 206.000000 -270.000000 -467.653687 1.000000
v 206.000000 -139.762299 -521.599976 1.000000
v 206.000000 139.762299 -521.599976 1.000000
v 206.000000 270.000000 -467.653687 1.000000
v 206.000000 381.837708 -381.837708 1.000000
v 206.000000 467.653687 -270.000000 1.000000
v 206.000000 521.599976 -139.762299 1.000000
v 314.000000 -540.000000 0.000000 1.000000
v 314.000000 -521.599976 139.762299 1.000000
v 290.000000 -480.000000 -240.193405 1.000000
v 314.000000 -480.000000 -240.193405 1.000000
v 314.000000 -521.599976 -139.762299 1.000000
v 290.000000 -467.653687 -270.000000 1.000000
v 290.000000 480.000000 -620.000000 1.000000
v 290.000000 -480.000000 -620.000000 1.000000
v 290.000000 139.762299 -521.599976 1.000000
v 290.000000 270.000000 -467.653687 1.000000
v 290.000000 381.837708 -381.837708 1.000000
v 290.000000 467.653687 -270.000000 1.000000
v 290.000000 480.000000 -240.193405 1.000000
v 290.000000 -381.837708 -381.837708 1.000000
v 290.000000 -270.000000 -467.653687 1.000000
v 290.000000 -139.762299 -521.599976 1.000000
v 314.000000 521.599976 -139.762299 1.000000
v 314.000000 480.000000 -240.193405 1.000000
v 314.000000 -467.653687 270.000000 1.000000
v 314.000000 521.599976 139.762299 1.000000
v 314.000000 540.000000 0.000000 1.000000
v 314.000000 270.000000 467.653687 1.000000
v 314.000000 381.837708 381.837708 1.000000
v 314.000000 467.653687 270.000000 1.000000
v 314.000000 -381.837708 381.837708 1.000000
v 314.000000 -270.000000 467.653687 1.000000
v 314.000000 -140.000000 521.501526 1.000000
v 372.000000 -579.555481 155.291397 1.000000
v 372.000000 -600.000000 0.000000 1.000000
v 408.000000 -600.000000 0.000000 1.000000
v 408.000000 -579.555481 155.291397 1.000000
v 408.000000 -519.615173 -300.000000 1.000000
v 408.000000 -579.555481 -155.291397 1.000000
v 372.000000 -579.555481 -155.291397 1.000000
v 372.000000 -519.615173 -300.000000 1.000000
v 490.000000 -480.000000 -620.000000 1.000000
v 490.000000 480.000000 -620.000000 1.000000
v 372.000000 -480.000000 -351.627594 1.000000
v 408.000000 -480.000000 -351.627594 1.000000
v 466.000000 -480.000000 -240.193405 1.000000
v 452.218994 -480.000000 -277.128113 1.000000
v 490.000000 -480.000000 -240.193405 1.000000
v 327.781006 -480.000000 -277.128113 1.000000
v 408.000000 579.555481 -155.291397 1.000000
v 408.000000 519.615173 -300.000000 1.000000
v 372.000000 519.615173 -300.000000 1.000000
v 372.000000 579.555481 -155.291397 1.000000
v 372.000000 480.000000 -351.627594 1.000000
v 408.000000 480.000000 -351.627594 1.000000
v 372.000000 -519.615173 300.000000 1.000000
v 408.000000 -519.615173 300.000000 1.000000
v 372.000000 600.000000 0.000000 1.000000
v 372.000000 579.555481 155.291397 1.000000
v 408.000000 579.555481 155.291397 1.000000
v 408.000000 600.000000 0.000000 1.000000
v 372.000000 424.264099 424.264099 1.000000
v 372.000000 300.000000 519.615173 1.000000
v 408.000000 300.000000 519.615173 1.000000
v 408.000000 424.264099 424.264099 1.000000
v 372.000000 519.615173 300.000000 1.000000
v 408.000000 519.615173 300.000000 1.000000
v 372.000000 -424.264099 424.264099 1.000000
v 408.000000 -424.264099 424.264099 1.000000
v 372.000000 155.291397 579.555481 1.000000
v 372.000000 141.817505 581.329285 1.000000
v 375.610291 155.291397 579.555481 1.000000
v 397.102112 235.500000 546.331970 1.000000
v 408.000000 246.397797 541.817993 1.000000
v 397.102112 235.500000 1095.000000 1.000000
v 334.000092 0.000000 1095.000000 1.000000
v 408.000000 -300.000000 519.615173 1.000000
v 372.000000 -300.000000 519.615173 1.000000
v 408.000000 -246.397797 541.817993 1.000000
v 397.102112 -235.500000 546.331970 1.000000
v 375.610291 -155.291397 579.555481 1.000000
v 372.000000 -155.291397 579.555481 1.000000
v 372.000000 -141.817505 581.329285 1.000000
v 421.113892 -218.750000 1647.000000 1.000000
v 362.500000 0.000000 1647.000000 1.000000
v 362.500000 0.000000 1617.000000 1.000000
v 421.113892 -218.750000 1617.000000 1.000000
v 421.113892 218.750000 1617.000000 1.000000
v 421.113892 218.750000 1647.000000 1.000000
v 466.000000 521.599976 139.762299 1.000000
v 466.000000 540.000000 -0.000000 1.000000
v 466.000000 467.653687 270.000000 1.000000
v 466.000000 381.837708 381.837708 1.000000
v 443.328705 281.726501 487.964691 1.000000
v 466.000000 304.397888 441.259308 1.000000
v 455.000214 0.000000 1160.000000 1.000000
v 501.221405 172.500000 1160.000000 1.000000
v 501.221405 172.500000 1130.000000 1.000000
v 455.000214 0.000000 1130.000000 1.000000
v 443.328705 -281.726501 487.964691 1.000000
v 466.000000 -381.837708 381.837708 1.000000
v 466.000000 -304.397888 441.259308 1.000000
v 466.000000 -467.653687 270.000000 1.000000
v 466.000000 -521.599976 139.762299 1.000000
v 466.000000 -540.000000 0.000000 1.000000
v 501.221405 -172.500000 1160.000000 1.000000
v 501.221405 -172.500000 1130.000000 1.000000
v 466.000000 -521.599976 -139.762299 1.000000
v 452.218994 480.000000 -277.128113 1.000000
v 466.000000 521.599976 -139.762299 1.000000
v 466.000000 480.000000 -240.193405 1.000000
v 327.781006 480.000000 -277.128113 1.000000
v 490.000000 480.000000 -240.193405 1.000000
v 574.000000 -540.000000 0.000000 1.000000
v 574.000000 -521.599976 139.762299 1.000000
v 574.000000 -521.599976 -139.762299 1.000000
v 490.000000 -467.653687 -270.000000 1.000000
v 574.000000 -467.653687 -270.000000 1.000000
v 490.000000 -125.000000 -615.000000 1.000000
v 490.000000 -125.000000 -523.543518 1.000000
v 490.000000 -139.762299 -521.599976 1.000000
v 490.000000 -270.000000 -467.653687 1.000000
v 490.000000 -381.837708 -381.837708 1.000000
v 490.000000 125.000000 -615.000000 1.000000
v 490.000000 467.653687 -270.000000 1.000000
v 490.000000 381.837708 -381.837708 1.000000
v 490.000000 270.000000 -467.653687 1.000000
v 490.000000 139.762299 -521.599976 1.000000
v 490.000000 125.000000 -523.543518 1.000000
v 574.000000 -270.000000 -467.653687 1.000000
v 574.000000 -139.762299 -521.599976 1.000000
v 574.000000 -381.837708 -381.837708 1.000000
v 574.000000 521.599976 -139.762299 1.000000
v 574.000000 467.653687 -270.000000 1.000000
v 574.000000 125.000000 -523.543518 1.000000
v 574.000000 139.762299 -521.599976 1.000000
v 574.000000 -125.000000 -523.543518 1.000000
v 574.000000 381.837708 -381.837708 1.000000
v 574.000000 270.000000 -467.653687 1.000000
v 574.000000 -467.653687 270.000000 1.000000
v 574.000000 521.599976 139.762299 1.000000
v 574.000000 540.000000 0.000000 1.000000
v 543.439819 381.837708 381.837708 1.000000
v 569.500122 407.898010 347.875214 1.000000
v 574.000000 409.103699 346.303894 1.000000
v 574.000000 467.653687 270.000000 1.000000
v 569.500122 407.898010 1095.000000 1.000000
v 574.000000 -409.103699 346.303894 1.000000
v 569.500122 -407.898010 347.875214 1.000000
v 543.439819 -381.837708 381.837708 1.000000
v 569.500122 -407.898010 1095.000000 1.000000
v 397.102112 -235.500000 1095.000000 1.000000
v 485.000214 0.000000 1095.000000 1.000000
v 527.202209 -157.500000 1095.000000 1.000000
v 527.202209 -157.500000 1130.000000 1.000000
v 485.000214 -0.000000 1130.000000 1.000000
v 527.202209 157.500000 1095.000000 1.000000
v 527.202209 157.500000 1130.000000 1.000000
v 627.500183 -298.778809 1130.000000 1.000000
v 627.500183 -298.778809 1160.000000 1.000000
v 627.500183 298.778809 1160.000000 1.000000
v 627.500183 298.778809 1130.000000 1.000000
v 485.000214 -0.000000 1160.000000 1.000000
v 527.202209 -157.500000 1160.000000 1.000000
v 527.202209 -157.500000 1617.000000 1.000000
v 485.000214 0.000000 1617.000000 1.000000
v 527.202209 157.500000 1160.000000 1.000000
v 527.202209 157.500000 1617.000000 1.000000
v 581.250000 -378.886108 1617.000000 1.000000
v 581.250000 -378.886108 1647.000000 1.000000
v 581.250000 378.886108 1647.000000 1.000000
v 581.250000 378.886108 1617.000000 1.000000
v 468.000000 0.000000 1647.000000 1.000000
v 468.000000 0.000000 1646.000000 1.000000
v 512.479614 166.000000 1646.000000 1.000000
v 512.479614 166.000000 1647.000000 1.000000
v 512.479614 -166.000000 1647.000000 1.000000
v 512.479614 -166.000000 1646.000000 1.000000
v 632.000000 -579.555481 155.291397 1.000000
v 632.000000 -600.000000 0.000000 1.000000
v 668.000000 -600.000000 0.000000 1.000000
v 668.000000 -579.555481 155.291397 1.000000
v 632.000000 -579.555481 -155.291397 1.000000
v 632.000000 -519.615173 -300.000000 1.000000
v 668.000000 -519.615173 -300.000000 1.000000
v 668.000000 -579.555481 -155.291397 1.000000
v 632.000000 -300.000000 -519.615173 1.000000
v 632.000000 -155.291397 -579.555481 1.000000
v 668.000000 -155.291397 -579.555481 1.000000
v 668.000000 -300.000000 -519.615173 1.000000
v 632.000000 -424.264099 -424.264099 1.000000
v 668.000000 -424.264099 -424.264099 1.000000
v 632.000000 519.615173 -300.000000 1.000000
v 632.000000 579.555481 -155.291397 1.000000
v 668.000000 579.555481 -155.291397 1.000000
v 668.000000 519.615173 -300.000000 1.000000
v 632.000000 125.000000 -583.543518 1.000000
v 632.000000 155.291397 -579.555481 1.000000
v 668.000000 155.291397 -579.555481 1.000000
v 668.000000 125.000000 -583.543518 1.000000
v 632.000000 -125.000000 -583.543518 1.000000
v 668.000000 -125.000000 -583.543518 1.000000
v 632.000000 424.264099 -424.264099 1.000000
v 668.000000 424.264099 -424.264099 1.000000
v 632.000000 300.000000 -519.615173 1.000000
v 668.000000 300.000000 -519.615173 1.000000
v 632.000000 -519.615173 300.000000 1.000000
v 668.000000 -519.615173 300.000000 1.000000
v 632.000000 600.000000 0.000000 1.000000
v 632.000000 579.555481 155.291397 1.000000
v 668.000000 579.555481 155.291397 1.000000
v 668.000000 600.000000 0.000000 1.000000
v 632.000000 519.615173 300.000000 1.000000
v 632.000000 424.644714 423.767914 1.000000
v 668.000000 434.290894 411.196808 1.000000
v 668.000000 519.615173 300.000000 1.000000
v 632.000000 -424.644714 423.767914 1.000000
v 668.000000 -434.290894 411.196808 1.000000
v 800.000183 -315.000000 1130.000000 1.000000
v 642.500183 -272.798004 1130.000000 1.000000
v 642.500183 -272.798004 1095.000000 1.000000
v 800.000183 -315.000000 1095.000000 1.000000
v 642.500183 272.798004 1130.000000 1.000000
v 800.000183 315.000000 1130.000000 1.000000
v 800.000183 315.000000 1095.000000 1.000000
v 642.500183 272.798004 1095.000000 1.000000
v 800.000183 -345.000000 1160.000000 1.000000
v 800.000183 -345.000000 1130.000000 1.000000
v 800.000183 345.000000 1130.000000 1.000000
v 800.000183 345.000000 1160.000000 1.000000
v 800.000183 -315.000000 1617.000000 1.000000
v 642.500183 -272.798004 1617.000000 1.000000
v 642.500183 -272.798004 1160.000000 1.000000
v 800.000183 -315.000000 1160.000000 1.000000
v 642.500183 272.798004 1617.000000 1.000000
v 800.000183 315.000000 1617.000000 1.000000
v 800.000183 315.000000 1160.000000 1.000000
v 642.500183 272.798004 1160.000000 1.000000
v 800.000000 -437.500000 1647.000000 1.000000
v 800.000000 -437.500000 1617.000000 1.000000
v 800.000000 437.500000 1617.000000 1.000000
v 800.000000 437.500000 1647.000000 1.000000
v 634.000000 -287.520386 1646.000000 1.000000
v 634.000000 -287.520386 1647.000000 1.000000
v 800.000000 332.000000 1647.000000 1.000000
v 634.000000 287.520386 1647.000000 1.000000
v 634.000000 287.520386 1646.000000 1.000000
v 800.000000 332.000000 1646.000000 1.000000
v 800.000000 -332.000000 1647.000000 1.000000
v 800.000000 -332.000000 1646.000000 1.000000
v 726.000000 540.000000 -0.000000 1.000000
v 726.000000 521.599976 139.762299 1.000000
v 726.000000 467.653687 270.000000 1.000000
v 726.000000 449.832001 293.225708 1.000000
v 726.000000 -467.653687 270.000000 1.000000
v 726.000000 -449.832001 293.225708 1.000000
v 726.000000 -521.599976 139.762299 1.000000
v 726.000000 -540.000000 0.000000 1.000000
v 726.000000 -521.599976 -139.762299 1.000000
v 726.000000 -467.653687 -270.000000 1.000000
v 726.000000 -381.837708 -381.837708 1.000000
v 726.000000 -270.000000 -467.653687 1.000000
v 726.000000 -139.762299 -521.599976 1.000000
v 726.000000 -125.000000 -523.543518 1.000000
v 726.000000 139.762299 -521.599976 1.000000
v 726.000000 125.000000 -523.543518 1.000000
v 726.000000 270.000000 -467.653687 1.000000
v 726.000000 381.837708 -381.837708 1.000000
v 726.000000 467.653687 -270.000000 1.000000
v 726.000000 521.599976 -139.762299 1.000000
v 834.000000 -540.000000 0.000000 1.000000
v 834.000000 -521.599976 139.762299 1.000000
v 834.000000 -467.653687 -270.000000 1.000000
v 834.000000 -521.599976 -139.762299 1.000000
v 834.000000 -139.762299 -521.599976 1.000000
v 834.000000 -270.000000 -467.653687 1.000000
v 834.000000 -381.837708 -381.837708 1.000000
v 834.000000 521.599976 -139.762299 1.000000
v 834.000000 467.653687 -270.000000 1.000000
v 834.000000 139.762299 -521.599976 1.000000
v 834.000000 125.000000 -523.543518 1.000000
v 834.000000 -125.000000 -523.543518 1.000000
v 834.000000 381.837708 -381.837708 1.000000
v 834.000000 270.000000 -467.653687 1.000000
v 834.000000 -467.653687 270.000000 1.000000
v 817.488586 -467.653687 270.000000 1.000000
v 805.000122 -471.000000 261.921387 1.000000
v 792.511719 -467.653687 270.000000 1.000000
v 834.000000 521.599976 139.762299 1.000000
v 834.000000 540.000000 0.000000 1.000000
v 805.000122 -471.000000 1095.000000 1.000000
v 834.000000 467.653687 270.000000 1.000000
v 817.488586 467.653687 270.000000 1.000000
v 834.000000 463.229492 275.765686 1.000000
v 792.511719 467.653687 270.000000 1.000000
v 805.000122 471.000000 261.921387 1.000000
v 805.000122 471.000000 1095.000000 1.000000
v 834.000000 -463.229492 275.765686 1.000000
v 892.000000 -579.555481 155.291397 1.000000
v 892.000000 -600.000000 0.000000 1.000000
v 928.000000 -600.000000 0.000000 1.000000
v 928.000000 -579.555481 155.291397 1.000000
v 892.000000 -579.555481 -155.291397 1.000000
v 892.000000 -519.615173 -300.000000 1.000000
v 928.000000 -519.615173 -300.000000 1.000000
v 928.000000 -579.555481 -155.291397 1.000000
v 892.000000 -300.000000 -519.615173 1.000000
v 892.000000 -155.291397 -579.555481 1.000000
v 928.000000 -155.291397 -579.555481 1.000000
v 928.000000 -300.000000 -519.615173 1.000000
v 892.000000 -424.264099 -424.264099 1.000000
v 928.000000 -424.264099 -424.264099 1.000000
v 892.000000 519.615173 -300.000000 1.000000
v 892.000000 579.555481 -155.291397 1.000000
v 928.000000 579.555481 -155.291397 1.000000
v 928.000000 519.615173 -300.000000 1.000000
v 928.000000 125.000000 -583.543518 1.000000
v 892.000000 125.000000 -583.543518 1.000000
v 892.000000 155.291397 -579.555481 1.000000
v 928.000000 155.291397 -579.555481 1.000000
v 892.000000 -125.000000 -583.543518 1.000000
v 928.000000 -125.000000 -583.543518 1.000000
v 1040.000000 -125.000000 -615.000000 1.000000
v 1040.000000 125.000000 -615.000000 1.000000
v 1040.000000 -125.000000 -523.543518 1.000000
v 986.000000 -125.000000 -523.543518 1.000000
v 986.000000 125.000000 -523.543518 1.000000
v 1040.000000 125.000000 -523.543518 1.000000
v 892.000000 424.264099 -424.264099 1.000000
v 928.000000 424.264099 -424.264099 1.000000
v 892.000000 300.000000 -519.615173 1.000000
v 928.000000 300.000000 -519.615173 1.000000
v 892.000000 -519.615173 300.000000 1.000000
v 928.000000 -519.615173 300.000000 1.000000
v 892.000000 600.000000 0.000000 1.000000
v 892.000000 579.555481 155.291397 1.000000
v 928.000000 579.555481 155.291397 1.000000
v 928.000000 600.000000 0.000000 1.000000
v 892.000000 519.615173 300.000000 1.000000
v 892.000000 447.688385 393.736786 1.000000
v 928.000000 438.042297 406.308014 1.000000
v 928.000000 519.615173 300.000000 1.000000
v 1040.500122 407.898010 1095.000000 1.000000
v 1040.500122 407.898010 347.875214 1.000000
v 986.000000 422.501190 328.843903 1.000000
v 892.000000 -447.688385 393.736786 1.000000
v 928.000000 -438.042297 406.308014 1.000000
v 1040.500122 -407.898010 1095.000000 1.000000
v 986.000000 -422.501190 328.843903 1.000000
v 1040.500122 -407.898010 347.875214 1.000000
v 957.500183 -272.798004 1095.000000 1.000000
v 957.500183 -272.798004 1130.000000 1.000000
v 957.500183 272.798004 1130.000000 1.000000
v 957.500183 272.798004 1095.000000 1.000000
v 972.500183 -298.778809 1130.000000 1.000000
v 972.500183 -298.778809 1160.000000 1.000000
v 972.500183 298.778809 1130.000000 1.000000
v 972.500183 298.778809 1160.000000 1.000000
v 957.500183 -272.798004 1617.000000 1.000000
v 957.500183 -272.798004 1160.000000 1.000000
v 957.500183 272.798004 1617.000000 1.000000
v 957.500183 272.798004 1160.000000 1.000000
v 1018.750000 -378.886108 1647.000000 1.000000
v 1018.750000 -378.886108 1617.000000 1.000000
v 1018.750000 378.886108 1617.000000 1.000000
v 1018.750000 378.886108 1647.000000 1.000000
v 966.000000 -287.520386 1646.000000 1.000000
v 966.000000 -287.520386 1647.000000 1.000000
v 966.000000 287.520386 1646.000000 1.000000
v 966.000000 287.520386 1647.000000 1.000000
v 1087.520386 -166.000000 1646.000000 1.000000
v 1132.000000 0.000000 1646.000000 1.000000
v 1087.520386 166.000000 1646.000000 1.000000
v 986.000000 521.599976 139.762299 1.000000
v 986.000000 540.000000 0.000000 1.000000
v 986.000000 467.653687 270.000000 1.000000
v 1072.798218 157.500000 1095.000000 1.000000
v 1072.798218 157.500000 1130.000000 1.000000
v 1098.778931 172.500000 1130.000000 1.000000
v 1098.778931 172.500000 1160.000000 1.000000
v 1072.798218 157.500000 1617.000000 1.000000
v 1072.798218 157.500000 1160.000000 1.000000
v 1087.520386 166.000000 1647.000000 1.000000
v 986.000000 -467.653687 270.000000 1.000000
v 986.000000 -521.599976 139.762299 1.000000
v 986.000000 -540.000000 -0.000000 1.000000
v 1072.798218 -157.500000 1130.000000 1.000000
v 1072.798218 -157.500000 1095.000000 1.000000
v 1098.778931 -172.500000 1160.000000 1.000000
v 1098.778931 -172.500000 1130.000000 1.000000
v 1072.798218 -157.500000 1617.000000 1.000000
v 1072.798218 -157.500000 1160.000000 1.000000
v 1087.520386 -166.000000 1647.000000 1.000000
v 986.000000 -521.599976 -139.762299 1.000000
v 986.000000 -467.653687 -270.000000 1.000000
v 986.000000 -381.837708 -381.837708 1.000000
v 928.000000 -519.615173 -300.000000 1.000000
v 986.000000 -381.837708 -381.837708 1.000000
v 986.000000 -467.653687 -270.000000 1.000000
v 986.000000 -381.837708 -381.837708 1.000000
v 928.000000 -424.264099 -424.264099 1.000000
v 928.000000 -300.000000 -519.615173 1.000000
v 986.000000 -381.837708 -381.837708 1.000000
v 928.000000 -300.000000 -519.615173 1.000000
v 986.000000 -270.000000 -467.653687 1.000000
v 986.000000 -270.000000 -467.653687 1.000000
v 928.000000 -300.000000 -519.615173 1.000000
v 928.000000 -155.291397 -579.555481 1.000000
v 986.000000 -270.000000 -467.653687 1.000000
v 928.000000 -155.291397 -579.555481 1.000000
v 986.000000 -139.762299 -521.599976 1.000000
v 986.000000 -139.762299 -521.599976 1.000000
v 928.000000 -155.291397 -579.555481 1.000000
v 928.000000 -125.000000 -583.543518 1.000000
v 986.000000 -139.762299 -521.599976 1.000000
v 928.000000 -125.000000 -583.543518 1.000000
v 986.000000 -125.000000 -523.543518 1.000000
v 986.000000 125.000000 -523.543518 1.000000
v 928.000000 125.000000 -583.543518 1.000000
v 928.000000 155.291397 -579.555481 1.000000
v 986.000000 125.000000 -523.543518 1.000000
v 928.000000 155.291397 -579.555481 1.000000
v 986.000000 139.762299 -521.599976 1.000000
v 986.000000 270.000000 -467.653687 1.000000
v 986.000000 139.762299 -521.599976 1.000000
v 928.000000 155.291397 -579.555481 1.000000
v 986.000000 270.000000 -467.653687 1.000000
v 928.000000 155.291397 -579.555481 1.000000
v 928.000000 300.000000 -519.615173 1.000000
v 986.000000 381.837708 -381.837708 1.000000
v 986.000000 270.000000 -467.653687 1.000000
v 928.000000 300.000000 -519.615173 1.000000
v 986.000000 381.837708 -381.837708 1.000000
v 928.000000 300.000000 -519.615173 1.000000
v 928.000000 424.264099 -424.264099 1.000000
v 986.000000 381.837708 -381.837708 1.000000
v 928.000000 424.264099 -424.264099 1.000000
v 928.000000 519.615173 -300.000000 1.000000
v 986.000000 381.837708 -381.837708 1.000000
v 928.000000 519.615173 -300.000000 1.000000
v 986.000000 467.653687 -270.000000 1.000000
v 986.000000 467.653687 -270.000000 1.000000
v 928.000000 519.615173 -300.000000 1.000000
v 928.000000 579.555481 -155.291397 1.000000
v 986.000000 467.653687 -270.000000 1.000000
v 928.000000 579.555481 -155.291397 1.000000
v 986.000000 521.599976 -139.762299 1.000000
v 986.000000 521.599976 -139.762299 1.000000
v 928.000000 579.555481 -155.291397 1.000000
v 928.000000 600.000000 0.000000 1.000000
v 986.000000 521.599976 -139.762299 1.000000
v 928.000000 600.000000 0.000000 1.000000
v 986.000000 540.000000 0.000000 1.000000
v 986.000000 -521.599976 139.762299 1.000000
v 986.000000 -540.000000 -0.000000 1.000000
v 1094.000000 -540.000000 0.000000 1.000000
v 986.000000 -521.599976 139.762299 1.000000
v 1094.000000 -540.000000 0.000000 1.000000
v 1094.000000 -521.599976 139.762299 1.000000
v 1040.000000 -480.000000 -240.193405 1.000000
v 1094.000000 -480.000000 -240.193405 1.000000
v 1094.000000 -521.599976 -139.762299 1.000000
v 1040.000000 -480.000000 -240.193405 1.000000
v 1094.000000 -521.599976 -139.762299 1.000000
v 986.000000 -521.599976 -139.762299 1.000000
v 1040.000000 -480.000000 -240.193405 1.000000
v 986.000000 -521.599976 -139.762299 1.000000
v 986.000000 -467.653687 -270.000000 1.000000
v 1040.000000 -480.000000 -240.193405 1.000000
v 986.000000 -467.653687 -270.000000 1.000000
v 1040.000000 -467.653687 -270.000000 1.000000
v 986.000000 -521.599976 -139.762299 1.000000
v 1094.000000 -521.599976 -139.762299 1.000000
v 1094.000000 -540.000000 0.000000 1.000000
v 986.000000 -521.599976 -139.762299 1.000000
v 1094.000000 -540.000000 0.000000 1.000000
v 986.000000 -540.000000 -0.000000 1.000000
v 1040.000000 480.000000 -620.000000 1.000000
v 1040.000000 -480.000000 -620.000000 1.000000
v 1040.000000 -125.000000 -615.000000 1.000000
v 1040.000000 480.000000 -620.000000 1.000000
v 1040.000000 -125.000000 -615.000000 1.000000
v 1040.000000 125.000000 -615.000000 1.000000
v 1040.000000 480.000000 -620.000000 1.000000
v 1040.000000 125.000000 -615.000000 1.000000
v 1040.000000 139.762299 -521.599976 1.000000
v 1040.000000 480.000000 -620.000000 1.000000
v 1040.000000 139.762299 -521.599976 1.000000
v 1040.000000 270.000000 -467.653687 1.000000
v 1040.000000 480.000000 -620.000000 1.000000
v 1040.000000 270.000000 -467.653687 1.000000
v 1040.000000 381.837708 -381.837708 1.000000
v 1040.000000 480.000000 -620.000000 1.000000
v 1040.000000 381.837708 -381.837708 1.000000
v 1040.000000 467.653687 -270.000000 1.000000
v 1040.000000 480.000000 -620.000000 1.000000
v 1040.000000 467.653687 -270.000000 1.000000
v 1040.000000 480.000000 -240.193405 1.000000
v 1040.000000 -125.000000 -615.000000 1.000000
v 1040.000000 -480.000000 -620.000000 1.000000
v 1040.000000 -381.837708 -381.837708 1.000000
v 1040.000000 -125.000000 -615.000000 1.000000
v 1040.000000 -381.837708 -381.837708 1.000000
v 1040.000000 -270.000000 -467.653687 1.000000
v 1040.000000 -125.000000 -615.000000 1.000000
v 1040.000000 -270.000000 -467.653687 1.000000
v 1040.000000 -139.762299 -521.599976 1.000000
v 1040.000000 -125.000000 -615.000000 1.000000
v 1040.000000 -139.762299 -521.599976 1.000000
v 1040.000000 -125.000000 -523.543518 1.000000
v 1040.000000 -480.000000 -620.000000 1.000000
v 1040.000000 -480.000000 -240.193405 1.000000
v 1040.000000 -467.653687 -270.000000 1.000000
v 1040.000000 -480.000000 -620.000000 1.000000
v 1040.000000 -467.653687 -270.000000 1.000000
v 1040.000000 -381.837708 -381.837708 1.000000
v 1040.000000 139.762299 -521.599976 1.000000
v 1040.000000 125.000000 -615.000000 1.000000
v 1040.000000 125.000000 -523.543518 1.000000
v 986.000000 -270.000000 -467.653687 1.000000
v 986.000000 -139.762299 -521.599976 1.000000
v 1040.000000 -139.762299 -521.599976 1.000000
v 986.000000 -270.000000 -467.653687 1.000000
v 1040.000000 -139.762299 -521.599976 1.000000
v 1040.000000 -270.000000 -467.653687 1.000000
v 986.000000 -381.837708 -381.837708 1.000000
v 986.000000 -270.000000 -467.653687 1.000000
v 1040.000000 -270.000000 -467.653687 1.000000
v 986.000000 -381.837708 -381.837708 1.000000
v 1040.000000 -270.000000 -467.653687 1.000000
v 1040.000000 -381.837708 -381.837708 1.000000
v 986.000000 -467.653687 -270.000000 1.000000
v 986.000000 -381.837708 -381.837708 1.000000
v 1040.000000 -381.837708 -381.837708 1.000000
v 986.000000 -467.653687 -270.000000 1.000000
v 1040.000000 -381.837708 -381.837708 1.000000
v 1040.000000 -467.653687 -270.000000 1.000000
v 986.000000 521.599976 -139.762299 1.000000
v 1094.000000 521.599976 -139.762299 1.000000
v 1094.000000 480.000000 -240.193405 1.000000
v 986.000000 521.599976 -139.762299 1.000000
v 1094.000000 480.000000 -240.193405 1.000000
v 1040.000000 480.000000 -240.193405 1.000000
v 986.000000 521.599976 -139.762299 1.000000
v 1040.000000 480.000000 -240.193405 1.000000
v 1040.000000 467.653687 -270.000000 1.000000
v 986.000000 521.599976 -139.762299 1.000000
v 1040.000000 467.653687 -270.000000 1.000000
v 986.000000 467.653687 -270.000000 1.000000
v 986.000000 125.000000 -523.543518 1.000000
v 986.000000 139.762299 -521.599976 1.000000
v 1040.000000 139.762299 -521.599976 1.000000
v 986.000000 125.000000 -523.543518 1.000000
v 1040.000000 139.762299 -521.599976 1.000000
v 1040.000000 125.000000 -523.543518 1.000000
v 986.000000 -139.762299 -521.599976 1.000000
v 986.000000 -125.000000 -523.543518 1.000000
v 1040.000000 -125.000000 -523.543518 1.000000
v 986.000000 -139.762299 -521.599976 1.000000
v 1040.000000 -125.000000 -523.543518 1.000000
v 1040.000000 -139.762299 -521.599976 1.000000
v 986.000000 381.837708 -381.837708 1.000000
v 986.000000 467.653687 -270.000000 1.000000
v 1040.000000 467.653687 -270.000000 1.000000
v 986.000000 381.837708 -381.837708 1.000000
v 1040.000000 467.653687 -270.000000 1.000000
v 1040.000000 381.837708 -381.837708 1.000000
v 986.000000 270.000000 -467.653687 1.000000
v 986.000000 381.837708 -381.837708 1.000000
v 1040.000000 381.837708 -381.837708 1.000000
v 986.000000 270.000000 -467.653687 1.000000
v 1040.000000 381.837708 -381.837708 1.000000
v 1040.000000 270.000000 -467.653687 1.000000
v 986.000000 139.762299 -521.599976 1.000000
v 986.000000 270.000000 -467.653687 1.000000
v 1040.000000 270.000000 -467.653687 1.000000
v 986.000000 139.762299 -521.599976 1.000000
v 1040.000000 270.000000 -467.653687 1.000000
v 1040.000000 139.762299 -521.599976 1.000000
v 986.000000 -467.653687 270.000000 1.000000
v 986.000000 -521.599976 139.762299 1.000000
v 1094.000000 -521.599976 139.762299 1.000000
v 986.000000 -467.653687 270.000000 1.000000
v 1094.000000 -521.599976 139.762299 1.000000
v 1094.000000 -467.653687 270.000000 1.000000
v 986.000000 540.000000 0.000000 1.000000
v 986.000000 521.599976 139.762299 1.000000
v 1094.000000 521.599976 139.762299 1.000000
v 986.000000 540.000000 0.000000 1.000000
v 1094.000000 521.599976 139.762299 1.000000
v 1094.000000 540.000000 0.000000 1.000000
v 1094.000000 521.599976 -139.762299 1.000000
v 986.000000 521.599976 -139.762299 1.000000
v 986.000000 540.000000 0.000000 1.000000
v 1094.000000 521.599976 -139.762299 1.000000
v 986.000000 540.000000 0.000000 1.000000
v 1094.000000 540.000000 0.000000 1.000000
v 1094.000000 381.837708 381.837708 1.000000
v 1066.560425 381.837708 381.837708 1.000000
v 1094.000000 354.398102 402.892792 1.000000
v 1094.000000 467.653687 270.000000 1.000000
v 986.000000 467.653687 270.000000 1.000000
v 986.000000 422.501190 328.843903 1.000000
v 1094.000000 467.653687 270.000000 1.000000
v 986.000000 422.501190 328.843903 1.000000
v 1040.500122 407.898010 347.875214 1.000000
v 1094.000000 467.653687 270.000000 1.000000
v 1040.500122 407.898010 347.875214 1.000000
v 1066.560425 381.837708 381.837708 1.000000
v 1094.000000 467.653687 270.000000 1.000000
v 1066.560425 381.837708 381.837708 1.000000
v 1094.000000 381.837708 381.837708 1.000000
v 986.000000 467.653687 270.000000 1.000000
v 1094.000000 467.653687 270.000000 1.000000
v 1094.000000 521.599976 139.762299 1.000000
v 986.000000 467.653687 270.000000 1.000000
v 1094.000000 521.599976 139.762299 1.000000
v 986.000000 521.599976 139.762299 1.000000
v 1040.500122 -407.898010 347.875214 1.000000
v 986.000000 -422.501190 328.843903 1.000000
v 986.000000 -467.653687 270.000000 1.000000
v 1040.500122 -407.898010 347.875214 1.000000
v 986.000000 -467.653687 270.000000 1.000000
v 1094.000000 -381.837708 381.837708 1.000000
v 1040.500122 -407.898010 347.875214 1.000000
v 1094.000000 -381.837708 381.837708 1.000000
v 1066.560425 -381.837708 381.837708 1.000000
v 1094.000000 -381.837708 381.837708 1.000000
v 986.000000 -467.653687 270.000000 1.000000
v 1094.000000 -467.653687 270.000000 1.000000
v 1094.000000 -354.398102 402.892792 1.000000
v 1066.560425 -381.837708 381.837708 1.000000
v 1094.000000 -381.837708 381.837708 1.000000
v 1098.778931 172.500000 1130.000000 1.000000
v 1145.000122 -0.000000 1130.000000 1.000000
v 1115.000122 -0.000000 1130.000000 1.000000
v 1115.000122 -0.000000 1130.000000 1.000000
v 1145.000122 -0.000000 1130.000000 1.000000
v 1098.778931 -172.500000 1130.000000 1.000000
v 1115.000122 -0.000000 1130.000000 1.000000
v 1098.778931 -172.500000 1130.000000 1.000000
v 1072.798218 -157.500000 1130.000000 1.000000
v 1072.798218 -157.500000 1130.000000 1.000000
v 1098.778931 -172.500000 1130.000000 1.000000
v 972.500183 -298.778809 1130.000000 1.000000
v 1072.798218 -157.500000 1130.000000 1.000000
v 972.500183 -298.778809 1130.000000 1.000000
v 957.500183 -272.798004 1130.000000 1.000000
v 957.500183 -272.798004 1130.000000 1.000000
v 972.500183 -298.778809 1130.000000 1.000000
v 800.000183 -345.000000 1130.000000 1.000000
v 957.500183 -272.798004 1130.000000 1.000000
v 800.000183 -345.000000 1130.000000 1.000000
v 800.000183 -315.000000 1130.000000 1.000000
v 800.000183 -315.000000 1130.000000 1.000000
v 800.000183 -345.000000 1130.000000 1.000000
v 642.500183 -272.798004 1130.000000 1.000000
v 455.000214 0.000000 1130.000000 1.000000
v 485.000214 -0.000000 1130.000000 1.000000
v 501.221405 -172.500000 1130.000000 1.000000
v 501.221405 -172.500000 1130.000000 1.000000
v 485.000214 -0.000000 1130.000000 1.000000
v 527.202209 -157.500000 1130.000000 1.000000
v 501.221405 -172.500000 1130.000000 1.000000
v 527.202209 -157.500000 1130.000000 1.000000
v 627.500183 -298.778809 1130.000000 1.000000
v 627.500183 -298.778809 1130.000000 1.000000
v 527.202209 -157.500000 1130.000000 1.000000
v 642.500183 -272.798004 1130.000000 1.000000
v 627.500183 -298.778809 1130.000000 1.000000
v 642.500183 -272.798004 1130.000000 1.000000
v 800.000183 -345.000000 1130.000000 1.000000
v 1072.798218 157.500000 1130.000000 1.000000
v 957.500183 272.798004 1130.000000 1.000000
v 972.500183 298.778809 1130.000000 1.000000
v 1072.798218 157.500000 1130.000000 1.000000
v 972.500183 298.778809 1130.000000 1.000000
v 1098.778931 172.500000 1130.000000 1.000000
v 1072.798218 157.500000 1130.000000 1.000000
v 1098.778931 172.500000 1130.000000 1.000000
v 1115.000122 -0.000000 1130.000000 1.000000
v 485.000214 -0.000000 1130.000000 1.000000
v 501.221405 172.500000 1130.000000 1.000000
v 527.202209 157.500000 1130.000000 1.000000
v 527.202209 157.500000 1130.000000 1.000000
v 501.221405 172.500000 1130.000000 1.000000
v 627.500183 298.778809 1130.000000 1.000000
v 527.202209 157.500000 1130.000000 1.000000
v 627.500183 298.778809 1130.000000 1.000000
v 642.500183 272.798004 1130.000000 1.000000
v 642.500183 272.798004 1130.000000 1.000000
v 627.500183 298.778809 1130.000000 1.000000
v 800.000183 345.000000 1130.000000 1.000000
v 642.500183 272.798004 1130.000000 1.000000
v 800.000183 345.000000 1130.000000 1.000000
v 800.000183 315.000000 1130.000000 1.000000
v 800.000183 315.000000 1130.000000 1.000000
v 800.000183 345.000000 1130.000000 1.000000
v 972.500183 298.778809 1130.000000 1.000000
v 800.000183 315.000000 1130.000000 1.000000
v 972.500183 298.778809 1130.000000 1.000000
v 957.500183 272.798004 1130.000000 1.000000
v 501.221405 172.500000 1130.000000 1.000000
v 485.000214 -0.000000 1130.000000 1.000000
v 455.000214 0.000000 1130.000000 1.000000
v 1072.798218 157.500000 1130.000000 1.000000
v 1115.000122 -0.000000 1130.000000 1.000000
v 1115.000122 -0.000000 1095.000000 1.000000
v 1072.798218 157.500000 1130.000000 1.000000
v 1115.000122 -0.000000 1095.000000 1.000000
v 1072.798218 157.500000 1095.000000 1.000000
v 1115.000122 -0.000000 1130.000000 1.000000
v 1072.798218 -157.500000 1130.000000 1.000000
v 1072.798218 -157.500000 1095.000000 1.000000
v 1115.000122 -0.000000 1130.000000 1.000000
v 1072.798218 -157.500000 1095.000000 1.000000
v 1115.000122 -0.000000 1095.000000 1.000000
v 1098.778931 -172.500000 1160.000000 1.000000
v 1145.000122 -0.000000 1160.000000 1.000000
v 1115.000122 -0.000000 1160.000000 1.000000
v 1115.000122 -0.000000 1160.000000 1.000000
v 1145.000122 -0.000000 1160.000000 1.000000
v 1098.778931 172.500000 1160.000000 1.000000
v 1115.000122 -0.000000 1160.000000 1.000000
v 1098.778931 172.500000 1160.000000 1.000000
v 1072.798218 157.500000 1160.000000 1.000000
v 1072.798218 157.500000 1160.000000 1.000000
v 1098.778931 172.500000 1160.000000 1.000000
v 972.500183 298.778809 1160.000000 1.000000
v 1072.798218 157.500000 1160.000000 1.000000
v 972.500183 298.778809 1160.000000 1.000000
v 957.500183 272.798004 1160.000000 1.000000
v 957.500183 272.798004 1160.000000 1.000000
v 972.500183 298.778809 1160.000000 1.000000
v 800.000183 345.000000 1160.000000 1.000000
v 957.500183 272.798004 1160.000000 1.000000
v 800.000183 345.000000 1160.000000 1.000000
v 800.000183 315.000000 1160.000000 1.000000
v 800.000183 315.000000 1160.000000 1.000000
v 800.000183 345.000000 1160.000000 1.000000
v 642.500183 272.798004 1160.000000 1.000000
v 455.000214 0.000000 1160.000000 1.000000
v 485.000214 -0.000000 1160.000000 1.000000
v 501.221405 172.500000 1160.000000 1.000000
v 501.221405 172.500000 1160.000000 1.000000
v 485.000214 -0.000000 1160.000000 1.000000
v 527.202209 157.500000 1160.000000 1.000000
v 501.221405 172.500000 1160.000000 1.000000
v 527.202209 157.500000 1160.000000 1.000000
v 627.500183 298.778809 1160.000000 1.000000
v 627.500183 298.778809 1160.000000 1.000000
v 527.202209 157.500000 1160.000000 1.000000
v 642.500183 272.798004 1160.000000 1.000000
v 627.500183 298.778809 1160.000000 1.000000
v 642.500183 272.798004 1160.000000 1.000000
v 800.000183 345.000000 1160.000000 1.000000
v 1072.798218 -157.500000 1160.000000 1.000000
v 957.500183 -272.798004 1160.000000 1.000000
v 972.500183 -298.778809 1160.000000 1.000000
v 1072.798218 -157.500000 1160.000000 1.000000
v 972.500183 -298.778809 1160.000000 1.000000
v 1098.778931 -172.500000 1160.000000 1.000000
v 1072.798218 -157.500000 1160.000000 1.000000
v 1098.778931 -172.500000 1160.000000 1.000000
v 1115.000122 -0.000000 1160.000000 1.000000
v 485.000214 -0.000000 1160.000000 1.000000
v 501.221405 -172.500000 1160.000000 1.000000
v 527.202209 -157.500000 1160.000000 1.000000
v 527.202209 -157.500000 1160.000000 1.000000
v 501.221405 -172.500000 1160.000000 1.000000
v 627.500183 -298.778809 1160.000000 1.000000
v 527.202209 -157.500000 1160.000000 1.000000
v 627.500183 -298.778809 1160.000000 1.000000
v 642.500183 -272.798004 1160.000000 1.000000
v 642.500183 -272.798004 1160.000000 1.000000
v 627.500183 -298.778809 1160.000000 1.000000
v 800.000183 -345.000000 1160.000000 1.000000
v 642.500183 -272.798004 1160.000000 1.000000
v 800.000183 -345.000000 1160.000000 1.000000
v 800.000183 -315.000000 1160.000000 1.000000
v 800.000183 -315.000000 1160.000000 1.000000
v 800.000183 -345.000000 1160.000000 1.000000
v 972.500183 -298.778809 1160.000000 1.000000
v 800.000183 -315.000000 1160.000000 1.000000
v 972.500183 -298.778809 1160.000000 1.000000
v 957.500183 -272.798004 1160.000000 1.000000
v 501.221405 -172.500000 1160.000000 1.000000
v 485.000214 -0.000000 1160.000000 1.000000
v 455.000214 0.000000 1160.000000 1.000000
v 1087.520386 166.000000 1617.000000 1.000000
v 1132.000000 -0.000000 1617.000000 1.000000
v 1115.000122 -0.000000 1617.000000 1.000000
v 1115.000122 -0.000000 1617.000000 1.000000
v 1132.000000 -0.000000 1617.000000 1.000000
v 1087.520386 -166.000000 1617.000000 1.000000
v 1115.000122 -0.000000 1617.000000 1.000000
v 1087.520386 -166.000000 1617.000000 1.000000
v 1072.798218 -157.500000 1617.000000 1.000000
v 1072.798218 -157.500000 1617.000000 1.000000
v 1087.520386 -166.000000 1617.000000 1.000000
v 966.000000 -287.520386 1617.000000 1.000000
v 1072.798218 -157.500000 1617.000000 1.000000
v 966.000000 -287.520386 1617.000000 1.000000
v 957.500183 -272.798004 1617.000000 1.000000
v 957.500183 -272.798004 1617.000000 1.000000
v 966.000000 -287.520386 1617.000000 1.000000
v 800.000183 -315.000000 1617.000000 1.000000
v 800.000000 -332.000000 1617.000000 1.000000
v 634.000183 -287.520508 1617.000000 1.000000
v 642.500183 -272.798004 1617.000000 1.000000
v 800.000000 -332.000000 1617.000000 1.000000
v 642.500183 -272.798004 1617.000000 1.000000
v 800.000183 -315.000000 1617.000000 1.000000
v 800.000000 -332.000000 1617.000000 1.000000
v 800.000183 -315.000000 1617.000000 1.000000
v 966.000000 -287.520386 1617.000000 1.000000
v 468.000000 0.000000 1617.000000 1.000000
v 485.000214 0.000000 1617.000000 1.000000
v 512.479614 -166.000000 1617.000000 1.000000
v 512.479614 -166.000000 1617.000000 1.000000
v 485.000214 0.000000 1617.000000 1.000000
v 527.202209 -157.500000 1617.000000 1.000000
v 512.479614 -166.000000 1617.000000 1.000000
v 527.202209 -157.500000 1617.000000 1.000000
v 634.000000 -287.520386 1617.000000 1.000000
v 634.000000 -287.520386 1617.000000 1.000000
v 527.202209 -157.500000 1617.000000 1.000000
v 642.500183 -272.798004 1617.000000 1.000000
v 634.000000 -287.520386 1617.000000 1.000000
v 642.500183 -272.798004 1617.000000 1.000000
v 634.000183 -287.520508 1617.000000 1.000000
v 1072.798218 157.500000 1617.000000 1.000000
v 957.500183 272.798004 1617.000000 1.000000
v 966.000000 287.520386 1617.000000 1.000000
v 1072.798218 157.500000 1617.000000 1.000000
v 966.000000 287.520386 1617.000000 1.000000
v 1087.520386 166.000000 1617.000000 1.000000
v 1072.798218 157.500000 1617.000000 1.000000
v 1087.520386 166.000000 1617.000000 1.000000
v 1115.000122 -0.000000 1617.000000 1.000000
v 485.000214 0.000000 1617.000000 1.000000
v 512.479614 166.000000 1617.000000 1.000000
v 527.202209 157.500000 1617.000000 1.000000
v 527.202209 157.500000 1617.000000 1.000000
v 512.479614 166.000000 1617.000000 1.000000
v 634.000000 287.520386 1617.000000 1.000000
v 527.202209 157.500000 1617.000000 1.000000
v 634.000000 287.520386 1617.000000 1.000000
v 642.500183 272.798004 1617.000000 1.000000
v 642.500183 272.798004 1617.000000 1.000000
v 634.000000 287.520386 1617.000000 1.000000
v 800.000000 332.000000 1617.000000 1.000000
v 642.500183 272.798004 1617.000000 1.000000
v 800.000000 332.000000 1617.000000 1.000000
v 800.000183 315.000000 1617.000000 1.000000
v 800.000183 315.000000 1617.000000 1.000000
v 800.000000 332.000000 1617.000000 1.000000
v 966.000000 287.520386 1617.000000 1.000000
v 800.000183 315.000000 1617.000000 1.000000
v 966.000000 287.520386 1617.000000 1.000000
v 957.500183 272.798004 1617.000000 1.000000
v 512.479614 166.000000 1617.000000 1.000000
v 485.000214 0.000000 1617.000000 1.000000
v 468.000000 0.000000 1617.000000 1.000000
v 1072.798218 157.500000 1617.000000 1.000000
v 1115.000122 -0.000000 1617.000000 1.000000
v 1115.000122 -0.000000 1160.000000 1.000000
v 1072.798218 157.500000 1617.000000 1.000000
v 1115.000122 -0.000000 1160.000000 1.000000
v 1072.798218 157.500000 1160.000000 1.000000
v 1115.000122 -0.000000 1617.000000 1.000000
v 1072.798218 -157.500000 1617.000000 1.000000
v 1072.798218 -157.500000 1160.000000 1.000000
v 1115.000122 -0.000000 1617.000000 1.000000
v 1072.798218 -157.500000 1160.000000 1.000000
v 1115.000122 -0.000000 1160.000000 1.000000
v 1087.520386 -166.000000 1647.000000 1.000000
v 1132.000000 -0.000000 1647.000000 1.000000
v 1132.000000 0.000000 1646.000000 1.000000
v 1087.520386 -166.000000 1647.000000 1.000000
v 1132.000000 0.000000 1646.000000 1.000000
v 1087.520386 -166.000000 1646.000000 1.000000
v 1132.000000 -0.000000 1647.000000 1.000000
v 1087.520386 166.000000 1647.000000 1.000000
v 1087.520386 166.000000 1646.000000 1.000000
v 1132.000000 -0.000000 1647.000000 1.000000
v 1087.520386 166.000000 1646.000000 1.000000
v 1132.000000 0.000000 1646.000000 1.000000
v 1152.000000 -579.555481 155.291397 1.000000
v 1152.000000 -600.000000 0.000000 1.000000
v 1188.000000 -600.000000 0.000000 1.000000
v 1152.000000 -579.555481 155.291397 1.000000
v 1188.000000 -600.000000 0.000000 1.000000
v 1188.000000 -579.555481 155.291397 1.000000
v 1188.000000 -519.615173 -300.000000 1.000000
v 1188.000000 -579.555481 -155.291397 1.000000
v 1152.000000 -579.555481 -155.291397 1.000000
v 1188.000000 -519.615173 -300.000000 1.000000
v 1152.000000 -579.555481 -155.291397 1.000000
v 1152.000000 -519.615173 -300.000000 1.000000
v 1152.000000 -600.000000 0.000000 1.000000
v 1152.000000 -579.555481 -155.291397 1.000000
v 1188.000000 -579.555481 -155.291397 1.000000
v 1152.000000 -600.000000 0.000000 1.000000
v 1188.000000 -579.555481 -155.291397 1.000000
v 1188.000000 -600.000000 0.000000 1.000000
v 1240.000000 -480.000000 -620.000000 1.000000
v 1040.000000 -480.000000 -620.000000 1.000000
v 1040.000000 480.000000 -620.000000 1.000000
v 1240.000000 -480.000000 -620.000000 1.000000
v 1040.000000 480.000000 -620.000000 1.000000
v 1240.000000 480.000000 -620.000000 1.000000
v 1152.000000 -519.615173 -300.000000 1.000000
v 1152.000000 -480.000000 -351.627594 1.000000
v 1188.000000 -480.000000 -351.627594 1.000000
v 1152.000000 -519.615173 -300.000000 1.000000
v 1188.000000 -480.000000 -351.627594 1.000000
v 1188.000000 -519.615173 -300.000000 1.000000
v 1232.218994 -480.000000 -277.128113 1.000000
v 1188.000000 -480.000000 -351.627594 1.000000
v 1040.000000 -480.000000 -620.000000 1.000000
v 1040.000000 -480.000000 -620.000000 1.000000
v 1188.000000 -480.000000 -351.627594 1.000000
v 1152.000000 -480.000000 -351.627594 1.000000
v 1040.000000 -480.000000 -620.000000 1.000000
v 1152.000000 -480.000000 -351.627594 1.000000
v 1040.000000 -480.000000 -240.193405 1.000000
v 1040.000000 -480.000000 -240.193405 1.000000
v 1152.000000 -480.000000 -351.627594 1.000000
v 1107.781006 -480.000000 -277.128113 1.000000
v 1040.000000 -480.000000 -240.193405 1.000000
v 1107.781006 -480.000000 -277.128113 1.000000
v 1094.000000 -480.000000 -240.193405 1.000000
v 1232.218994 -480.000000 -277.128113 1.000000
v 1040.000000 -480.000000 -620.000000 1.000000
v 1240.000000 -480.000000 -620.000000 1.000000
v 1232.218994 -480.000000 -277.128113 1.000000
v 1240.000000 -480.000000 -620.000000 1.000000
v 1240.000000 -480.000000 -256.274109 1.000000
v 1188.000000 579.555481 -155.291397 1.000000
v 1188.000000 519.615173 -300.000000 1.000000
v 1152.000000 519.615173 -300.000000 1.000000
v 1188.000000 579.555481 -155.291397 1.000000
v 1152.000000 519.615173 -300.000000 1.000000
v 1152.000000 579.555481 -155.291397 1.000000
v 1152.000000 480.000000 -351.627594 1.000000
v 1152.000000 519.615173 -300.000000 1.000000
v 1188.000000 519.615173 -300.000000 1.000000
v 1152.000000 480.000000 -351.627594 1.000000
v 1188.000000 519.615173 -300.000000 1.000000
v 1188.000000 480.000000 -351.627594 1.000000
v 1152.000000 -519.615173 300.000000 1.000000
v 1152.000000 -579.555481 155.291397 1.000000
v 1188.000000 -579.555481 155.291397 1.000000
v 1152.000000 -519.615173 300.000000 1.000000
v 1188.000000 -579.555481 155.291397 1.000000
v 1188.000000 -519.615173 300.000000 1.000000
v 1152.000000 600.000000 0.000000 1.000000
v 1152.000000 579.555481 155.291397 1.000000
v 1188.000000 579.555481 155.291397 1.000000
v 1152.000000 600.000000 0.000000 1.000000
v 1188.000000 579.555481 155.291397 1.000000
v 1188.000000 600.000000 0.000000 1.000000
v 1152.000000 579.555481 -155.291397 1.000000
v 1152.000000 600.000000 0.000000 1.000000
v 1188.000000 600.000000 0.000000 1.000000
v 1152.000000 579.555481 -155.291397 1.000000
v 1188.000000 600.000000 0.000000 1.000000
v 1188.000000 579.555481 -155.291397 1.000000
v 1152.000000 424.264099 424.264099 1.000000
v 1152.000000 300.000000 519.615173 1.000000
v 1188.000000 300.000000 519.615173 1.000000
v 1152.000000 424.264099 424.264099 1.000000
v 1188.000000 300.000000 519.615173 1.000000
v 1188.000000 424.264099 424.264099 1.000000
v 1152.000000 519.615173 300.000000 1.000000
v 1152.000000 424.264099 424.264099 1.000000
v 1188.000000 424.264099 424.264099 1.000000
v 1152.000000 519.615173 300.000000 1.000000
v 1188.000000 424.264099 424.264099 1.000000
v 1188.000000 519.615173 300.000000 1.000000
v 1152.000000 579.555481 155.291397 1.000000
v 1152.000000 519.615173 300.000000 1.000000
v 1188.000000 519.615173 300.000000 1.000000
v 1152.000000 579.555481 155.291397 1.000000
v 1188.000000 519.615173 300.000000 1.000000
v 1188.000000 579.555481 155.291397 1.000000
v 1152.000000 -424.264099 424.264099 1.000000
v 1152.000000 -519.615173 300.000000 1.000000
v 1188.000000 -519.615173 300.000000 1.000000
v 1152.000000 -424.264099 424.264099 1.000000
v 1188.000000 -519.615173 300.000000 1.000000
v 1188.000000 -424.264099 424.264099 1.000000
v 1152.000000 300.000000 519.615173 1.000000
v 1152.000000 296.398102 521.107178 1.000000
v 1188.000000 260.398102 536.018921 1.000000
v 1152.000000 300.000000 519.615173 1.000000
v 1188.000000 260.398102 536.018921 1.000000
v 1188.000000 300.000000 519.615173 1.000000
v 1212.898071 235.500000 1095.000000 1.000000
v 1212.898071 235.500000 518.691711 1.000000
v 1188.000000 260.398102 536.018921 1.000000
v 1212.898071 235.500000 1095.000000 1.000000
v 1188.000000 260.398102 536.018921 1.000000
v 1152.000000 296.398102 521.107178 1.000000
v 1212.898071 235.500000 1095.000000 1.000000
v 1152.000000 296.398102 521.107178 1.000000
v 1149.625977 298.772095 517.488403 1.000000
v 1212.898071 235.500000 1095.000000 1.000000
v 1149.625977 298.772095 517.488403 1.000000
v 1094.000000 354.398102 402.892792 1.000000
v 1212.898071 235.500000 1095.000000 1.000000
v 1094.000000 354.398102 402.892792 1.000000
v 1066.560425 381.837708 381.837708 1.000000
v 1212.898071 235.500000 1095.000000 1.000000
v 1066.560425 381.837708 381.837708 1.000000
v 1040.500122 407.898010 347.875214 1.000000
v 1212.898071 235.500000 1095.000000 1.000000
v 1040.500122 407.898010 347.875214 1.000000
v 1040.500122 407.898010 1095.000000 1.000000
v 1152.000000 -300.000000 519.615173 1.000000
v 1152.000000 -424.264099 424.264099 1.000000
v 1188.000000 -424.264099 424.264099 1.000000
v 1152.000000 -300.000000 519.615173 1.000000
v 1188.000000 -424.264099 424.264099 1.000000
v 1188.000000 -300.000000 519.615173 1.000000
v 1152.000000 -296.398102 521.107178 1.000000
v 1152.000000 -300.000000 519.615173 1.000000
v 1188.000000 -300.000000 519.615173 1.000000
v 1152.000000 -296.398102 521.107178 1.000000
v 1188.000000 -300.000000 519.615173 1.000000
v 1188.000000 -260.398102 536.018921 1.000000
v 1040.500122 -407.898010 1095.000000 1.000000
v 1040.500122 -407.898010 347.875214 1.000000
v 1066.560425 -381.837708 381.837708 1.000000
v 1040.500122 -407.898010 1095.000000 1.000000
v 1066.560425 -381.837708 381.837708 1.000000
v 1094.000000 -354.398102 402.892792 1.000000
v 1040.500122 -407.898010 1095.000000 1.000000
v 1094.000000 -354.398102 402.892792 1.000000
v 1149.625977 -298.772095 517.488403 1.000000
v 1040.500122 -407.898010 1095.000000 1.000000
v 1149.625977 -298.772095 517.488403 1.000000
v 1152.000000 -296.398102 521.107178 1.000000
v 1040.500122 -407.898010 1095.000000 1.000000
v 1152.000000 -296.398102 521.107178 1.000000
v 1188.000000 -260.398102 536.018921 1.000000
v 1040.500122 -407.898010 1095.000000 1.000000
v 1188.000000 -260.398102 536.018921 1.000000
v 1212.898071 -235.500000 518.691711 1.000000
v 1040.500122 -407.898010 1095.000000 1.000000
v 1212.898071 -235.500000 518.691711 1.000000
v 1212.898071 -235.500000 1095.000000 1.000000
v 1212.898071 235.500000 1095.000000 1.000000
v 1040.500122 407.898010 1095.000000 1.000000
v 1072.798218 157.500000 1095.000000 1.000000
v 1212.898071 235.500000 1095.000000 1.000000
v 1072.798218 157.500000 1095.000000 1.000000
v 1115.000122 -0.000000 1095.000000 1.000000
v 1212.898071 235.500000 1095.000000 1.000000
v 1115.000122 -0.000000 1095.000000 1.000000
v 1212.898071 -235.500000 1095.000000 1.000000
v 1212.898071 235.500000 1095.000000 1.000000
v 1212.898071 -235.500000 1095.000000 1.000000
v 1276.000122 -0.000000 1095.000000 1.000000
v 642.500183 272.798004 1095.000000 1.000000
v 800.000183 315.000000 1095.000000 1.000000
v 805.000122 471.000000 1095.000000 1.000000
v 805.000122 471.000000 1095.000000 1.000000
v 800.000183 315.000000 1095.000000 1.000000
v 957.500183 272.798004 1095.000000 1.000000
v 805.000122 471.000000 1095.000000 1.000000
v 957.500183 272.798004 1095.000000 1.000000
v 1040.500122 407.898010 1095.000000 1.000000
v 1040.500122 407.898010 1095.000000 1.000000
v 957.500183 272.798004 1095.000000 1.000000
v 1072.798218 157.500000 1095.000000 1.000000
v 569.500122 407.898010 1095.000000 1.000000
v 397.102112 235.500000 1095.000000 1.000000
v 485.000214 0.000000 1095.000000 1.000000
v 569.500122 407.898010 1095.000000 1.000000
v 485.000214 0.000000 1095.000000 1.000000
v 527.202209 157.500000 1095.000000 1.000000
v 569.500122 407.898010 1095.000000 1.000000
v 527.202209 157.500000 1095.000000 1.000000
v 642.500183 272.798004 1095.000000 1.000000
v 569.500122 407.898010 1095.000000 1.000000
v 642.500183 272.798004 1095.000000 1.000000
v 805.000122 471.000000 1095.000000 1.000000
v 800.000183 -315.000000 1095.000000 1.000000
v 805.000122 -471.000000 1095.000000 1.000000
v 957.500183 -272.798004 1095.000000 1.000000
v 957.500183 -272.798004 1095.000000 1.000000
v 805.000122 -471.000000 1095.000000 1.000000
v 1040.500122 -407.898010 1095.000000 1.000000
v 957.500183 -272.798004 1095.000000 1.000000
v 1040.500122 -407.898010 1095.000000 1.000000
v 1072.798218 -157.500000 1095.000000 1.000000
v 1072.798218 -157.500000 1095.000000 1.000000
v 1040.500122 -407.898010 1095.000000 1.000000
v 1212.898071 -235.500000 1095.000000 1.000000
v 1072.798218 -157.500000 1095.000000 1.000000
v 1212.898071 -235.500000 1095.000000 1.000000
v 1115.000122 -0.000000 1095.000000 1.000000
v 642.500183 -272.798004 1095.000000 1.000000
v 527.202209 -157.500000 1095.000000 1.000000
v 569.500122 -407.898010 1095.000000 1.000000
v 642.500183 -272.798004 1095.000000 1.000000
v 569.500122 -407.898010 1095.000000 1.000000
v 805.000122 -471.000000 1095.000000 1.000000
v 642.500183 -272.798004 1095.000000 1.000000
v 805.000122 -471.000000 1095.000000 1.000000
v 800.000183 -315.000000 1095.000000 1.000000
v 334.000092 0.000000 1095.000000 1.000000
v 397.102112 -235.500000 1095.000000 1.000000
v 397.102112 235.500000 1095.000000 1.000000
v 397.102112 235.500000 1095.000000 1.000000
v 397.102112 -235.500000 1095.000000 1.000000
v 569.500122 -407.898010 1095.000000 1.000000
v 397.102112 235.500000 1095.000000 1.000000
v 569.500122 -407.898010 1095.000000 1.000000
v 485.000214 0.000000 1095.000000 1.000000
v 485.000214 0.000000 1095.000000 1.000000
v 569.500122 -407.898010 1095.000000 1.000000
v 527.202209 -157.500000 1095.000000 1.000000
v 1178.886108 -218.750000 1617.000000 1.000000
v 1018.750000 -378.886108 1617.000000 1.000000
v 1087.520386 -166.000000 1617.000000 1.000000
v 1178.886108 -218.750000 1617.000000 1.000000
v 1087.520386 -166.000000 1617.000000 1.000000
v 1132.000000 -0.000000 1617.000000 1.000000
v 1178.886108 -218.750000 1617.000000 1.000000
v 1132.000000 -0.000000 1617.000000 1.000000
v 1178.886108 218.750000 1617.000000 1.000000
v 1178.886108 -218.750000 1617.000000 1.000000
v 1178.886108 218.750000 1617.000000 1.000000
v 1237.500000 -0.000000 1617.000000 1.000000
v 634.000183 -287.520508 1617.000000 1.000000
v 800.000000 -332.000000 1617.000000 1.000000
v 800.000000 -437.500000 1617.000000 1.000000
v 800.000000 -437.500000 1617.000000 1.000000
v 800.000000 -332.000000 1617.000000 1.000000
v 966.000000 -287.520386 1617.000000 1.000000
v 800.000000 -437.500000 1617.000000 1.000000
v 966.000000 -287.520386 1617.000000 1.000000
v 1018.750000 -378.886108 1617.000000 1.000000
v 1018.750000 -378.886108 1617.000000 1.000000
v 966.000000 -287.520386 1617.000000 1.000000
v 1087.520386 -166.000000 1617.000000 1.000000
v 1087.520386 166.000000 1617.000000 1.000000
v 966.000000 287.520386 1617.000000 1.000000
v 1018.750000 378.886108 1617.000000 1.000000
v 1018.750000 378.886108 1617.000000 1.000000
v 966.000000 287.520386 1617.000000 1.000000
v 800.000000 332.000000 1617.000000 1.000000
v 1018.750000 378.886108 1617.000000 1.000000
v 800.000000 332.000000 1617.000000 1.000000
v 800.000000 437.500000 1617.000000 1.000000
v 800.000000 437.500000 1617.000000 1.000000
v 800.000000 332.000000 1617.000000 1.000000
v 634.000000 287.520386 1617.000000 1.000000
v 800.000000 437.500000 1617.000000 1.000000
v 634.000000 287.520386 1617.000000 1.000000
v 581.250000 378.886108 1617.000000 1.000000
v 581.250000 378.886108 1617.000000 1.000000
v 634.000000 287.520386 1617.000000 1.000000
v 512.479614 166.000000 1617.000000 1.000000
v 581.250000 378.886108 1617.000000 1.000000
v 512.479614 166.000000 1617.000000 1.000000
v 421.113892 218.750000 1617.000000 1.000000
v 421.113892 218.750000 1617.000000 1.000000
v 512.479614 166.000000 1617.000000 1.000000
v 468.000000 0.000000 1617.000000 1.000000
v 421.113892 218.750000 1617.000000 1.000000
v 468.000000 0.000000 1617.000000 1.000000
v 421.113892 -218.750000 1617.000000 1.000000
v 421.113892 -218.750000 1617.000000 1.000000
v 468.000000 0.000000 1617.000000 1.000000
v 512.479614 -166.000000 1617.000000 1.000000
v 421.113892 -218.750000 1617.000000 1.000000
v 512.479614 -166.000000 1617.000000 1.000000
v 581.250000 -378.886108 1617.000000 1.000000
v 581.250000 -378.886108 1617.000000 1.000000
v 512.479614 -166.000000 1617.000000 1.000000
v 634.000000 -287.520386 1617.000000 1.000000
v 581.250000 -378.886108 1617.000000 1.000000
v 634.000000 -287.520386 1617.000000 1.000000
v 800.000000 -437.500000 1617.000000 1.000000
v 800.000000 -437.500000 1617.000000 1.000000
v 634.000000 -287.520386 1617.000000 1.000000
v 634.000183 -287.520508 1617.000000 1.000000
v 1087.520386 166.000000 1617.000000 1.000000
v 1018.750000 378.886108 1617.000000 1.000000
v 1178.886108 218.750000 1617.000000 1.000000
v 1087.520386 166.000000 1617.000000 1.000000
v 1178.886108 218.750000 1617.000000 1.000000
v 1132.000000 -0.000000 1617.000000 1.000000
v 421.113892 218.750000 1617.000000 1.000000
v 421.113892 -218.750000 1617.000000 1.000000
v 362.500000 0.000000 1617.000000 1.000000
v 1178.886108 218.750000 1647.000000 1.000000
v 1018.750000 378.886108 1647.000000 1.000000
v 1087.520386 166.000000 1647.000000 1.000000
v 1178.886108 218.750000 1647.000000 1.000000
v 1087.520386 166.000000 1647.000000 1.000000
v 1132.000000 -0.000000 1647.000000 1.000000
v 1178.886108 218.750000 1647.000000 1.000000
v 1132.000000 -0.000000 1647.000000 1.000000
v 1178.886108 -218.750000 1647.000000 1.000000
v 1178.886108 218.750000 1647.000000 1.000000
v 1178.886108 -218.750000 1647.000000 1.000000
v 1237.500000 -0.000000 1647.000000 1.000000
v 634.000000 287.520386 1647.000000 1.000000
v 800.000000 332.000000 1647.000000 1.000000
v 800.000000 437.500000 1647.000000 1.000000
v 800.000000 437.500000 1647.000000 1.000000
v 800.000000 332.000000 1647.000000 1.000000
v 966.000000 287.520386 1647.000000 1.000000
v 800.000000 437.500000 1647.000000 1.000000
v 966.000000 287.520386 1647.000000 1.000000
v 1018.750000 378.886108 1647.000000 1.000000
v 1018.750000 378.886108 1647.000000 1.000000
v 966.000000 287.520386 1647.000000 1.000000
v 1087.520386 166.000000 1647.000000 1.000000
v 1087.520386 -166.000000 1647.000000 1.000000
v 966.000000 -287.520386 1647.000000 1.000000
v 1018.750000 -378.886108 1647.000000 1.000000
v 1018.750000 -378.886108 1647.000000 1.000000
v 966.000000 -287.520386 1647.000000 1.000000
v 800.000000 -332.000000 1647.000000 1.000000
v 1018.750000 -378.886108 1647.000000 1.000000
v 800.000000 -332.000000 1647.000000 1.000000
v 800.000000 -437.500000 1647.000000 1.000000
v 800.000000 -437.500000 1647.000000 1.000000
v 800.000000 -332.000000 1647.000000 1.000000
v 634.000000 -287.520386 1647.000000 1.000000
v 800.000000 -437.500000 1647.000000 1.000000
v 634.000000 -287.520386 1647.000000 1.000000
v 581.250000 -378.886108 1647.000000 1.000000
v 581.250000 -378.886108 1647.000000 1.000000
v 634.000000 -287.520386 1647.000000 1.000000
v 512.479614 -166.000000 1647.000000 1.000000
v 581.250000 -378.886108 1647.000000 1.000000
v 512.479614 -166.000000 1647.000000 1.000000
v 421.113892 -218.750000 1647.000000 1.000000
v 421.113892 -218.750000 1647.000000 1.000000
v 512.479614 -166.000000 1647.000000 1.000000
v 468.000000 0.000000 1647.000000 1.000000
v 421.113892 -218.750000 1647.000000 1.000000
v 468.000000 0.000000 1647.000000 1.000000
v 421.113892 218.750000 1647.000000 1.000000
v 421.113892 218.750000 1647.000000 1.000000
v 468.000000 0.000000 1647.000000 1.000000
v 512.479614 166.000000 1647.000000 1.000000
v 421.113892 218.750000 1647.000000 1.000000
v 512.479614 166.000000 1647.000000 1.000000
v 581.250000 378.886108 1647.000000 1.000000
v 581.250000 378.886108 1647.000000 1.000000
v 512.479614 166.000000 1647.000000 1.000000
v 634.000000 287.520386 1647.000000 1.000000
v 581.250000 378.886108 1647.000000 1.000000
v 634.000000 287.520386 1647.000000 1.000000
v 800.000000 437.500000 1647.000000 1.000000
v 1087.520386 -166.000000 1647.000000 1.000000
v 1018.750000 -378.886108 1647.000000 1.000000
v 1178.886108 -218.750000 1647.000000 1.000000
v 1087.520386 -166.000000 1647.000000 1.000000
v 1178.886108 -218.750000 1647.000000 1.000000
v 1132.000000 -0.000000 1647.000000 1.000000
v 421.113892 -218.750000 1647.000000 1.000000
v 421.113892 218.750000 1647.000000 1.000000
v 362.500000 0.000000 1647.000000 1.000000
v 1018.750000 -378.886108 1617.000000 1.000000
v 1178.886108 -218.750000 1617.000000 1.000000
v 1178.886108 -218.750000 1647.000000 1.000000
v 1018.750000 -378.886108 1617.000000 1.000000
v 1178.886108 -218.750000 1647.000000 1.000000
v 1018.750000 -378.886108 1647.000000 1.000000
v 1178.886108 218.750000 1647.000000 1.000000
v 1237.500000 -0.000000 1647.000000 1.000000
v 1237.500000 -0.000000 1617.000000 1.000000
v 1178.886108 218.750000 1647.000000 1.000000
v 1237.500000 -0.000000 1617.000000 1.000000
v 1178.886108 218.750000 1617.000000 1.000000
v 1178.886108 -218.750000 1617.000000 1.000000
v 1237.500000 -0.000000 1617.000000 1.000000
v 1237.500000 -0.000000 1647.000000 1.000000
v 1178.886108 -218.750000 1617.000000 1.000000
v 1237.500000 -0.000000 1647.000000 1.000000
v 1178.886108 -218.750000 1647.000000 1.000000
v 1018.750000 378.886108 1647.000000 1.000000
v 1178.886108 218.750000 1647.000000 1.000000
v 1178.886108 218.750000 1617.000000 1.000000
v 1018.750000 378.886108 1647.000000 1.000000
v 1178.886108 218.750000 1617.000000 1.000000
v 1018.750000 378.886108 1617.000000 1.000000
v 1246.000000 270.000000 467.653687 1.000000
v 1246.000000 140.000000 521.501526 1.000000
v 1246.000000 140.000000 502.487091 1.000000
v 1246.000000 381.837708 381.837708 1.000000
v 1246.000000 270.000000 467.653687 1.000000
v 1246.000000 467.653687 270.000000 1.000000
v 1246.000000 521.599976 139.762299 1.000000
v 1246.000000 467.653687 270.000000 1.000000
v 1246.000000 540.000000 -0.000000 1.000000
v 1246.000000 -521.599976 139.762299 1.000000
v 1246.000000 -540.000000 0.000000 1.000000
v 1246.000000 -467.653687 270.000000 1.000000
v 1246.000000 -381.837708 381.837708 1.000000
v 1246.000000 -467.653687 270.000000 1.000000
v 1246.000000 -270.000000 467.653687 1.000000
v 1246.000000 -140.000000 521.501526 1.000000
v 1246.000000 -270.000000 467.653687 1.000000
v 1246.000000 -140.000000 502.487091 1.000000
v 1246.000000 -0.000000 -540.000000 1.000000
v 1246.000000 -270.000000 -467.653687 1.000000
v 1246.000000 -139.762299 -521.599976 1.000000
v 1246.000000 -270.000000 -467.653687 1.000000
v 1246.000000 -467.653687 -270.000000 1.000000
v 1246.000000 -381.837708 -381.837708 1.000000
v 1246.000000 -467.653687 -270.000000 1.000000
v 1246.000000 -540.000000 0.000000 1.000000
v 1246.000000 -521.599976 -139.762299 1.000000
v 1246.000000 540.000000 -0.000000 1.000000
v 1246.000000 467.653687 -270.000000 1.000000
v 1246.000000 521.599976 -139.762299 1.000000
v 1246.000000 467.653687 -270.000000 1.000000
v 1246.000000 270.000000 -467.653687 1.000000
v 1246.000000 381.837708 -381.837708 1.000000
v 1246.000000 270.000000 -467.653687 1.000000
v 1246.000000 -0.000000 -540.000000 1.000000
v 1246.000000 139.762299 -521.599976 1.000000
v 1246.000000 521.599976 139.762299 1.000000
v 1246.000000 540.000000 -0.000000 1.000000
v 1188.000000 600.000000 0.000000 1.000000
v 1246.000000 521.599976 139.762299 1.000000
v 1188.000000 600.000000 0.000000 1.000000
v 1188.000000 579.555481 155.291397 1.000000
v 1246.000000 467.653687 270.000000 1.000000
v 1246.000000 521.599976 139.762299 1.000000
v 1188.000000 579.555481 155.291397 1.000000
v 1246.000000 467.653687 270.000000 1.000000
v 1188.000000 579.555481 155.291397 1.000000
v 1188.000000 519.615173 300.000000 1.000000
v 1246.000000 381.837708 381.837708 1.000000
v 1246.000000 467.653687 270.000000 1.000000
v 1188.000000 519.615173 300.000000 1.000000
v 1246.000000 381.837708 381.837708 1.000000
v 1188.000000 519.615173 300.000000 1.000000
v 1188.000000 424.264099 424.264099 1.000000
v 1188.000000 300.000000 519.615173 1.000000
v 1246.000000 270.000000 467.653687 1.000000
v 1246.000000 381.837708 381.837708 1.000000
v 1188.000000 300.000000 519.615173 1.000000
v 1246.000000 381.837708 381.837708 1.000000
v 1188.000000 424.264099 424.264099 1.000000
v 1246.000000 270.000000 467.653687 1.000000
v 1188.000000 300.000000 519.615173 1.000000
v 1188.000000 260.398102 536.018921 1.000000
v 1246.000000 270.000000 467.653687 1.000000
v 1188.000000 260.398102 536.018921 1.000000
v 1212.898071 235.500000 518.691711 1.000000
v 1246.000000 270.000000 467.653687 1.000000
v 1212.898071 235.500000 518.691711 1.000000
v 1237.975220 141.910904 529.618591 1.000000
v 1246.000000 270.000000 467.653687 1.000000
v 1237.975220 141.910904 529.618591 1.000000
v 1245.112183 140.000000 522.487122 1.000000
v 1246.000000 270.000000 467.653687 1.000000
v 1245.112183 140.000000 522.487122 1.000000
v 1246.000000 140.000000 521.501526 1.000000
v 1237.975220 141.910904 529.618591 1.000000
v 1238.487183 140.000000 529.340515 1.000000
v 1245.112183 140.000000 522.487122 1.000000
v 1384.000000 140.000000 560.000000 1.000000
v 1384.000000 140.000000 285.687103 1.000000
v 1328.000000 140.000000 442.487091 1.000000
v 1384.000000 140.000000 560.000000 1.000000
v 1328.000000 140.000000 442.487091 1.000000
v 1246.000000 140.000000 502.487091 1.000000
v 1384.000000 140.000000 560.000000 1.000000
v 1246.000000 140.000000 502.487091 1.000000
v 1246.000000 140.000000 521.501526 1.000000
v 1384.000000 140.000000 560.000000 1.000000
v 1246.000000 140.000000 521.501526 1.000000
v 1245.112183 140.000000 522.487122 1.000000
v 1384.000000 140.000000 560.000000 1.000000
v 1245.112183 140.000000 522.487122 1.000000
v 1238.487183 140.000000 529.340515 1.000000
v 1384.000000 140.000000 560.000000 1.000000
v 1238.487183 140.000000 529.340515 1.000000
v 1238.487183 140.000000 560.000000 1.000000
v 1243.513062 121.243599 630.000000 1.000000
v 1384.000000 121.243599 630.000000 1.000000
v 1384.000000 140.000000 560.000000 1.000000
v 1243.513062 121.243599 630.000000 1.000000
v 1384.000000 140.000000 560.000000 1.000000
v 1238.487183 140.000000 560.000000 1.000000
v 1384.000000 121.243599 630.000000 1.000000
v 1243.513062 121.243599 630.000000 1.000000
v 1257.243652 70.000000 681.243530 1.000000
v 1384.000000 121.243599 630.000000 1.000000
v 1257.243652 70.000000 681.243530 1.000000
v 1384.000000 70.000000 681.243530 1.000000
v 1238.487183 -140.000000 529.340515 1.000000
v 1237.975220 -141.910904 529.618591 1.000000
v 1245.112183 -140.000000 522.487122 1.000000
v 1246.000000 -270.000000 467.653687 1.000000
v 1246.000000 -140.000000 521.501526 1.000000
v 1245.112183 -140.000000 522.487122 1.000000
v 1246.000000 -270.000000 467.653687 1.000000
v 1245.112183 -140.000000 522.487122 1.000000
v 1237.975220 -141.910904 529.618591 1.000000
v 1246.000000 -270.000000 467.653687 1.000000
v 1237.975220 -141.910904 529.618591 1.000000
v 1212.898071 -235.500000 518.691711 1.000000
v 1246.000000 -270.000000 467.653687 1.000000
v 1212.898071 -235.500000 518.691711 1.000000
v 1188.000000 -260.398102 536.018921 1.000000
v 1246.000000 -270.000000 467.653687 1.000000
v 1188.000000 -260.398102 536.018921 1.000000
v 1188.000000 -300.000000 519.615173 1.000000
v 1188.000000 -300.000000 519.615173 1.000000
v 1188.000000 -424.264099 424.264099 1.000000
v 1246.000000 -381.837708 381.837708 1.000000
v 1188.000000 -300.000000 519.615173 1.000000
v 1246.000000 -381.837708 381.837708 1.000000
v 1246.000000 -270.000000 467.653687 1.000000
v 1188.000000 -519.615173 300.000000 1.000000
v 1246.000000 -467.653687 270.000000 1.000000
v 1246.000000 -381.837708 381.837708 1.000000
v 1188.000000 -519.615173 300.000000 1.000000
v 1246.000000 -381.837708 381.837708 1.000000
v 1188.000000 -424.264099 424.264099 1.000000
v 1188.000000 -579.555481 155.291397 1.000000
v 1246.000000 -521.599976 139.762299 1.000000
v 1246.000000 -467.653687 270.000000 1.000000
v 1188.000000 -579.555481 155.291397 1.000000
v 1246.000000 -467.653687 270.000000 1.000000
v 1188.000000 -519.615173 300.000000 1.000000
v 1188.000000 -600.000000 0.000000 1.000000
v 1246.000000 -540.000000 0.000000 1.000000
v 1246.000000 -521.599976 139.762299 1.000000
v 1188.000000 -600.000000 0.000000 1.000000
v 1246.000000 -521.599976 139.762299 1.000000
v 1188.000000 -579.555481 155.291397 1.000000
v 1384.000000 -140.000000 560.000000 1.000000
v 1238.487183 -140.000000 560.000000 1.000000
v 1238.487183 -140.000000 529.340515 1.000000
v 1384.000000 -140.000000 560.000000 1.000000
v 1238.487183 -140.000000 529.340515 1.000000
v 1245.112183 -140.000000 522.487122 1.000000
v 1384.000000 -140.000000 560.000000 1.000000
v 1245.112183 -140.000000 522.487122 1.000000
v 1246.000000 -140.000000 521.501526 1.000000
v 1384.000000 -140.000000 560.000000 1.000000
v 1246.000000 -140.000000 521.501526 1.000000
v 1246.000000 -140.000000 502.487091 1.000000
v 1384.000000 -140.000000 560.000000 1.000000
v 1246.000000 -140.000000 502.487091 1.000000
v 1328.000000 -140.000000 442.487091 1.000000
v 1384.000000 -140.000000 560.000000 1.000000
v 1328.000000 -140.000000 442.487091 1.000000
v 1384.000000 -140.000000 285.687103 1.000000
v 1384.000000 -121.243599 630.000000 1.000000
v 1243.513062 -121.243599 630.000000 1.000000
v 1238.487183 -140.000000 560.000000 1.000000
v 1384.000000 -121.243599 630.000000 1.000000
v 1238.487183 -140.000000 560.000000 1.000000
v 1384.000000 -140.000000 560.000000 1.000000
v 1257.243652 -70.000000 681.243530 1.000000
v 1243.513062 -121.243599 630.000000 1.000000
v 1384.000000 -121.243599 630.000000 1.000000
v 1257.243652 -70.000000 681.243530 1.000000
v 1384.000000 -121.243599 630.000000 1.000000
v 1384.000000 -70.000000 681.243530 1.000000
v 1188.000000 -579.555481 -155.291397 1.000000
v 1246.000000 -521.599976 -139.762299 1.000000
v 1246.000000 -540.000000 0.000000 1.000000
v 1188.000000 -579.555481 -155.291397 1.000000
v 1246.000000 -540.000000 0.000000 1.000000
v 1188.000000 -600.000000 0.000000 1.000000
v 1246.000000 -521.599976 -139.762299 1.000000
v 1188.000000 -579.555481 -155.291397 1.000000
v 1188.000000 -519.615173 -300.000000 1.000000
v 1246.000000 -521.599976 -139.762299 1.000000
v 1188.000000 -519.615173 -300.000000 1.000000
v 1232.218994 -480.000000 -277.128113 1.000000
v 1246.000000 -521.599976 -139.762299 1.000000
v 1232.218994 -480.000000 -277.128113 1.000000
v 1240.000000 -480.000000 -256.274109 1.000000
v 1246.000000 -521.599976 -139.762299 1.000000
v 1240.000000 -480.000000 -256.274109 1.000000
v 1240.000000 -473.029114 -273.103485 1.000000
v 1246.000000 -521.599976 -139.762299 1.000000
v 1240.000000 -473.029114 -273.103485 1.000000
v 1246.000000 -467.653687 -270.000000 1.000000
v 1188.000000 -519.615173 -300.000000 1.000000
v 1188.000000 -480.000000 -351.627594 1.000000
v 1232.218994 -480.000000 -277.128113 1.000000
v 1240.000000 -473.029114 -273.103485 1.000000
v 1240.000000 -386.226593 -386.226593 1.000000
v 1246.000000 -381.837708 -381.837708 1.000000
v 1240.000000 -473.029114 -273.103485 1.000000
v 1246.000000 -381.837708 -381.837708 1.000000
v 1246.000000 -467.653687 -270.000000 1.000000
v 1246.000000 -381.837708 -381.837708 1.000000
v 1240.000000 -386.226593 -386.226593 1.000000
v 1240.000000 -273.103485 -473.029114 1.000000
v 1246.000000 -381.837708 -381.837708 1.000000
v 1240.000000 -273.103485 -473.029114 1.000000
v 1246.000000 -270.000000 -467.653687 1.000000
v 1246.000000 -270.000000 -467.653687 1.000000
v 1240.000000 -273.103485 -473.029114 1.000000
v 1240.000000 -141.368698 -527.595276 1.000000
v 1246.000000 -270.000000 -467.653687 1.000000
v 1240.000000 -141.368698 -527.595276 1.000000
v 1246.000000 -139.762299 -521.599976 1.000000
v 1246.000000 -139.762299 -521.599976 1.000000
v 1240.000000 -141.368698 -527.595276 1.000000
v 1240.000000 0.000000 -546.206909 1.000000
v 1246.000000 -139.762299 -521.599976 1.000000
v 1240.000000 0.000000 -546.206909 1.000000
v 1246.000000 -0.000000 -540.000000 1.000000
v 1246.000000 139.762299 -521.599976 1.000000
v 1246.000000 -0.000000 -540.000000 1.000000
v 1240.000000 0.000000 -546.206909 1.000000
v 1246.000000 139.762299 -521.599976 1.000000
v 1240.000000 0.000000 -546.206909 1.000000
v 1240.000000 141.368698 -527.595276 1.000000
v 1246.000000 270.000000 -467.653687 1.000000
v 1246.000000 139.762299 -521.599976 1.000000
v 1240.000000 141.368698 -527.595276 1.000000
v 1246.000000 270.000000 -467.653687 1.000000
v 1240.000000 141.368698 -527.595276 1.000000
v 1240.000000 273.103485 -473.029114 1.000000
v 1246.000000 381.837708 -381.837708 1.000000
v 1246.000000 270.000000 -467.653687 1.000000
v 1240.000000 273.103485 -473.029114 1.000000
v 1246.000000 381.837708 -381.837708 1.000000
v 1240.000000 273.103485 -473.029114 1.000000
v 1240.000000 386.226593 -386.226593 1.000000
v 1232.218994 480.000000 -277.128113 1.000000
v 1188.000000 480.000000 -351.627594 1.000000
v 1188.000000 519.615173 -300.000000 1.000000
v 1246.000000 381.837708 -381.837708 1.000000
v 1240.000000 386.226593 -386.226593 1.000000
v 1240.000000 473.029114 -273.103485 1.000000
v 1246.000000 381.837708 -381.837708 1.000000
v 1240.000000 473.029114 -273.103485 1.000000
v 1246.000000 467.653687 -270.000000 1.000000
v 1246.000000 521.599976 -139.762299 1.000000
v 1246.000000 467.653687 -270.000000 1.000000
v 1240.000000 473.029114 -273.103485 1.000000
v 1246.000000 521.599976 -139.762299 1.000000
v 1240.000000 473.029114 -273.103485 1.000000
v 1240.000000 480.000000 -256.274109 1.000000
v 1246.000000 521.599976 -139.762299 1.000000
v 1240.000000 480.000000 -256.274109 1.000000
v 1188.000000 519.615173 -300.000000 1.000000
v 1246.000000 521.599976 -139.762299 1.000000
v 1188.000000 519.615173 -300.000000 1.000000
v 1188.000000 579.555481 -155.291397 1.000000
v 1188.000000 519.615173 -300.000000 1.000000
v 1240.000000 480.000000 -256.274109 1.000000
v 1232.218994 480.000000 -277.128113 1.000000
v 1246.000000 521.599976 -139.762299 1.000000
v 1188.000000 579.555481 -155.291397 1.000000
v 1188.000000 600.000000 0.000000 1.000000
v 1246.000000 521.599976 -139.762299 1.000000
v 1188.000000 600.000000 0.000000 1.000000
v 1246.000000 540.000000 -0.000000 1.000000
v 1240.000000 480.000000 -620.000000 1.000000
v 1240.000000 480.000000 -256.274109 1.000000
v 1240.000000 473.029114 -273.103485 1.000000
v 1240.000000 480.000000 -620.000000 1.000000
v 1240.000000 473.029114 -273.103485 1.000000
v 1240.000000 386.226593 -386.226593 1.000000
v 1240.000000 480.000000 -620.000000 1.000000
v 1240.000000 386.226593 -386.226593 1.000000
v 1240.000000 273.103485 -473.029114 1.000000
v 1240.000000 480.000000 -620.000000 1.000000
v 1240.000000 273.103485 -473.029114 1.000000
v 1240.000000 141.368698 -527.595276 1.000000
v 1240.000000 480.000000 -620.000000 1.000000
v 1240.000000 141.368698 -527.595276 1.000000
v 1240.000000 0.000000 -546.206909 1.000000
v 1240.000000 480.000000 -620.000000 1.000000
v 1240.000000 0.000000 -546.206909 1.000000
v 1240.000000 -141.368698 -527.595276 1.000000
v 1240.000000 480.000000 -620.000000 1.000000
v 1240.000000 -141.368698 -527.595276 1.000000
v 1240.000000 -480.000000 -620.000000 1.000000
v 1240.000000 -480.000000 -620.000000 1.000000
v 1240.000000 -141.368698 -527.595276 1.000000
v 1240.000000 -273.103485 -473.029114 1.000000
v 1240.000000 -480.000000 -620.000000 1.000000
v 1240.000000 -273.103485 -473.029114 1.000000
v 1240.000000 -386.226593 -386.226593 1.000000
v 1240.000000 -480.000000 -620.000000 1.000000
v 1240.000000 -386.226593 -386.226593 1.000000
v 1240.000000 -473.029114 -273.103485 1.000000
v 1240.000000 -480.000000 -620.000000 1.000000
v 1240.000000 -473.029114 -273.103485 1.000000
v 1240.000000 -480.000000 -256.274109 1.000000
v 1240.000000 480.000000 -620.000000 1.000000
v 1040.000000 480.000000 -620.000000 1.000000
v 1040.000000 480.000000 -240.193405 1.000000
v 1240.000000 480.000000 -620.000000 1.000000
v 1040.000000 480.000000 -240.193405 1.000000
v 1152.000000 480.000000 -351.627594 1.000000
v 1240.000000 480.000000 -620.000000 1.000000
v 1152.000000 480.000000 -351.627594 1.000000
v 1188.000000 480.000000 -351.627594 1.000000
v 1240.000000 480.000000 -620.000000 1.000000
v 1188.000000 480.000000 -351.627594 1.000000
v 1232.218994 480.000000 -277.128113 1.000000
v 1240.000000 480.000000 -620.000000 1.000000
v 1232.218994 480.000000 -277.128113 1.000000
v 1240.000000 480.000000 -256.274109 1.000000
v 1107.781006 480.000000 -277.128113 1.000000
v 1152.000000 480.000000 -351.627594 1.000000
v 1040.000000 480.000000 -240.193405 1.000000
v 1107.781006 480.000000 -277.128113 1.000000
v 1040.000000 480.000000 -240.193405 1.000000
v 1094.000000 480.000000 -240.193405 1.000000
v 1328.000000 480.000000 0.000000 1.000000
v 1246.000000 540.000000 -0.000000 1.000000
v 1246.000000 467.653687 270.000000 1.000000
v 1328.000000 480.000000 0.000000 1.000000
v 1246.000000 467.653687 270.000000 1.000000
v 1328.000000 415.692200 240.000000 1.000000
v 1328.000000 240.000000 415.692200 1.000000
v 1328.000000 415.692200 240.000000 1.000000
v 1246.000000 467.653687 270.000000 1.000000
v 1328.000000 240.000000 415.692200 1.000000
v 1246.000000 467.653687 270.000000 1.000000
v 1246.000000 270.000000 467.653687 1.000000
v 1246.000000 140.000000 502.487091 1.000000
v 1328.000000 140.000000 442.487091 1.000000
v 1328.000000 240.000000 415.692200 1.000000
v 1246.000000 140.000000 502.487091 1.000000
v 1328.000000 240.000000 415.692200 1.000000
v 1246.000000 270.000000 467.653687 1.000000
v 1257.243652 70.000000 681.243530 1.000000
v 1276.000122 0.000000 700.000000 1.000000
v 1384.000000 0.000000 700.000000 1.000000
v 1257.243652 70.000000 681.243530 1.000000
v 1384.000000 0.000000 700.000000 1.000000
v 1384.000000 70.000000 681.243530 1.000000
v 1212.898071 235.500000 1095.000000 1.000000
v 1276.000122 -0.000000 1095.000000 1.000000
v 1268.631470 27.500099 980.000000 1.000000
v 1212.898071 235.500000 1095.000000 1.000000
v 1268.631470 27.500099 980.000000 1.000000
v 1257.243652 70.000000 681.243530 1.000000
v 1212.898071 235.500000 1095.000000 1.000000
v 1257.243652 70.000000 681.243530 1.000000
v 1243.513062 121.243599 630.000000 1.000000
v 1212.898071 235.500000 1095.000000 1.000000
v 1243.513062 121.243599 630.000000 1.000000
v 1238.487183 140.000000 560.000000 1.000000
v 1212.898071 235.500000 1095.000000 1.000000
v 1238.487183 140.000000 560.000000 1.000000
v 1237.975220 141.910904 529.618591 1.000000
v 1212.898071 235.500000 1095.000000 1.000000
v 1237.975220 141.910904 529.618591 1.000000
v 1212.898071 235.500000 518.691711 1.000000
v 1268.631470 27.500099 830.000000 1.000000
v 1276.000122 -0.000000 830.000000 1.000000
v 1276.000122 0.000000 700.000000 1.000000
v 1268.631470 27.500099 830.000000 1.000000
v 1276.000122 0.000000 700.000000 1.000000
v 1257.243652 70.000000 681.243530 1.000000
v 1268.631470 27.500099 830.000000 1.000000
v 1257.243652 70.000000 681.243530 1.000000
v 1268.631470 27.500099 980.000000 1.000000
v 1237.975220 141.910904 529.618591 1.000000
v 1238.487183 140.000000 560.000000 1.000000
v 1238.487183 140.000000 529.340515 1.000000
v 1268.631470 27.500099 980.000000 1.000000
v 1276.000122 -0.000000 1095.000000 1.000000
v 1276.000122 -0.000000 980.000000 1.000000
v 1385.000000 27.500099 980.000000 1.000000
v 1268.631470 27.500099 980.000000 1.000000
v 1276.000122 -0.000000 980.000000 1.000000
v 1385.000000 27.500099 980.000000 1.000000
v 1276.000122 -0.000000 980.000000 1.000000
v 1268.631592 -27.499901 980.000000 1.000000
v 1385.000000 27.500099 980.000000 1.000000
v 1268.631592 -27.499901 980.000000 1.000000
v 1385.000000 -27.499901 980.000000 1.000000
v 1276.000122 -0.000000 830.000000 1.000000
v 1268.631470 27.500099 830.000000 1.000000
v 1385.000000 27.500099 830.000000 1.000000
v 1276.000122 -0.000000 830.000000 1.000000
v 1385.000000 27.500099 830.000000 1.000000
v 1385.000000 -27.499901 830.000000 1.000000
v 1276.000122 -0.000000 830.000000 1.000000
v 1385.000000 -27.499901 830.000000 1.000000
v 1268.631592 -27.499901 830.000000 1.000000
v 1385.000000 27.500099 830.000000 1.000000
v 1268.631470 27.500099 830.000000 1.000000
v 1268.631470 27.500099 980.000000 1.000000
v 1385.000000 27.500099 830.000000 1.000000
v 1268.631470 27.500099 980.000000 1.000000
v 1385.000000 27.500099 980.000000 1.000000
v 1246.000000 -140.000000 502.487091 1.000000
v 1246.000000 -270.000000 467.653687 1.000000
v 1328.000000 -240.000000 415.692200 1.000000
v 1246.000000 -140.000000 502.487091 1.000000
v 1328.000000 -240.000000 415.692200 1.000000
v 1328.000000 -140.000000 442.487091 1.000000
v 1328.000000 -415.692200 240.000000 1.000000
v 1328.000000 -240.000000 415.692200 1.000000
v 1246.000000 -270.000000 467.653687 1.000000
v 1328.000000 -415.692200 240.000000 1.000000
v 1246.000000 -270.000000 467.653687 1.000000
v 1246.000000 -467.653687 270.000000 1.000000
v 1328.000000 -480.000000 0.000000 1.000000
v 1328.000000 -415.692200 240.000000 1.000000
v 1246.000000 -467.653687 270.000000 1.000000
v 1328.000000 -480.000000 0.000000 1.000000
v 1246.000000 -467.653687 270.000000 1.000000
v 1246.000000 -540.000000 0.000000 1.000000
v 1257.243652 -70.000000 681.243530 1.000000
v 1384.000000 -70.000000 681.243530 1.000000
v 1384.000000 0.000000 700.000000 1.000000
v 1257.243652 -70.000000 681.243530 1.000000
v 1384.000000 0.000000 700.000000 1.000000
v 1276.000122 0.000000 700.000000 1.000000
v 1276.000122 -0.000000 1095.000000 1.000000
v 1212.898071 -235.500000 1095.000000 1.000000
v 1238.487183 -140.000000 560.000000 1.000000
v 1276.000122 -0.000000 1095.000000 1.000000
v 1238.487183 -140.000000 560.000000 1.000000
v 1243.513062 -121.243599 630.000000 1.000000
v 1276.000122 -0.000000 1095.000000 1.000000
v 1243.513062 -121.243599 630.000000 1.000000
v 1268.631592 -27.499901 980.000000 1.000000
v 1276.000122 -0.000000 1095.000000 1.000000
v 1268.631592 -27.499901 980.000000 1.000000
v 1276.000122 -0.000000 980.000000 1.000000
v 1257.243652 -70.000000 681.243530 1.000000
v 1276.000122 0.000000 700.000000 1.000000
v 1268.631592 -27.499901 830.000000 1.000000
v 1257.243652 -70.000000 681.243530 1.000000
v 1268.631592 -27.499901 830.000000 1.000000
v 1268.631592 -27.499901 980.000000 1.000000
v 1257.243652 -70.000000 681.243530 1.000000
v 1268.631592 -27.499901 980.000000 1.000000
v 1243.513062 -121.243599 630.000000 1.000000
v 1237.975220 -141.910904 529.618591 1.000000
v 1238.487183 -140.000000 529.340515 1.000000
v 1238.487183 -140.000000 560.000000 1.000000
v 1237.975220 -141.910904 529.618591 1.000000
v 1238.487183 -140.000000 560.000000 1.000000
v 1212.898071 -235.500000 1095.000000 1.000000
v 1237.975220 -141.910904 529.618591 1.000000
v 1212.898071 -235.500000 1095.000000 1.000000
v 1212.898071 -235.500000 518.691711 1.000000
v 1268.631592 -27.499901 830.000000 1.000000
v 1276.000122 0.000000 700.000000 1.000000
v 1276.000122 -0.000000 830.000000 1.000000
v 1268.631592 -27.499901 830.000000 1.000000
v 1385.000000 -27.499901 830.000000 1.000000
v 1385.000000 -27.499901 980.000000 1.000000
v 1268.631592 -27.499901 830.000000 1.000000
v 1385.000000 -27.499901 980.000000 1.000000
v 1268.631592 -27.499901 980.000000 1.000000
v 1328.000000 -415.692200 -240.000000 1.000000
v 1328.000000 -480.000000 0.000000 1.000000
v 1246.000000 -540.000000 0.000000 1.000000
v 1328.000000 -415.692200 -240.000000 1.000000
v 1246.000000 -540.000000 0.000000 1.000000
v 1246.000000 -467.653687 -270.000000 1.000000
v 1328.000000 -240.000000 -415.692200 1.000000
v 1328.000000 -415.692200 -240.000000 1.000000
v 1246.000000 -467.653687 -270.000000 1.000000
v 1328.000000 -240.000000 -415.692200 1.000000
v 1246.000000 -467.653687 -270.000000 1.000000
v 1246.000000 -270.000000 -467.653687 1.000000
v 1328.000000 -240.000000 -415.692200 1.000000
v 1246.000000 -270.000000 -467.653687 1.000000
v 1246.000000 -0.000000 -540.000000 1.000000
v 1328.000000 -240.000000 -415.692200 1.000000
v 1246.000000 -0.000000 -540.000000 1.000000
v 1328.000000 -0.000000 -480.000000 1.000000
v 1328.000000 -0.000000 -480.000000 1.000000
v 1246.000000 -0.000000 -540.000000 1.000000
v 1246.000000 270.000000 -467.653687 1.000000
v 1328.000000 -0.000000 -480.000000 1.000000
v 1246.000000 270.000000 -467.653687 1.000000
v 1328.000000 240.000000 -415.692200 1.000000
v 1328.000000 415.692200 -240.000000 1.000000
v 1328.000000 240.000000 -415.692200 1.000000
v 1246.000000 270.000000 -467.653687 1.000000
v 1328.000000 415.692200 -240.000000 1.000000
v 1246.000000 270.000000 -467.653687 1.000000
v 1246.000000 467.653687 -270.000000 1.000000
v 1328.000000 480.000000 0.000000 1.000000
v 1328.000000 415.692200 -240.000000 1.000000
v 1246.000000 467.653687 -270.000000 1.000000
v 1328.000000 480.000000 0.000000 1.000000
v 1246.000000 467.653687 -270.000000 1.000000
v 1246.000000 540.000000 -0.000000 1.000000
v 1428.000000 -173.205093 100.000000 1.000000
v 1428.000000 -200.000000 0.000000 1.000000
v 1428.000000 -173.205093 -100.000000 1.000000
v 1428.000000 -173.205093 100.000000 1.000000
v 1428.000000 -173.205093 -100.000000 1.000000
v 1428.000000 -123.205101 -150.000000 1.000000
v 1428.000000 -173.205093 100.000000 1.000000
v 1428.000000 -123.205101 -150.000000 1.000000
v 1428.000000 123.205101 -150.000000 1.000000
v 1428.000000 -173.205093 100.000000 1.000000
v 1428.000000 123.205101 -150.000000 1.000000
v 1428.000000 173.205093 -100.000000 1.000000
v 1428.000000 -173.205093 100.000000 1.000000
v 1428.000000 173.205093 -100.000000 1.000000
v 1428.000000 200.000000 -0.000000 1.000000
v 1428.000000 -173.205093 100.000000 1.000000
v 1428.000000 200.000000 -0.000000 1.000000
v 1428.000000 173.205093 100.000000 1.000000
v 1428.000000 -173.205093 100.000000 1.000000
v 1428.000000 173.205093 100.000000 1.000000
v 1428.000000 123.205101 150.000000 1.000000
v 1428.000000 -173.205093 100.000000 1.000000
v 1428.000000 123.205101 150.000000 1.000000
v 1428.000000 -123.205101 150.000000 1.000000
v 1328.000000 480.000000 0.000000 1.000000
v 1328.000000 415.692200 240.000000 1.000000
v 1375.710693 300.000000 173.205093 1.000000
v 1328.000000 480.000000 0.000000 1.000000
v 1375.710693 300.000000 173.205093 1.000000
v 1377.931274 300.000000 150.000000 1.000000
v 1328.000000 480.000000 0.000000 1.000000
v 1377.931274 300.000000 150.000000 1.000000
v 1392.285767 259.807587 150.000000 1.000000
v 1328.000000 480.000000 0.000000 1.000000
v 1392.285767 259.807587 150.000000 1.000000
v 1428.000000 200.000000 -0.000000 1.000000
v 1428.000000 200.000000 -0.000000 1.000000
v 1392.285767 259.807587 150.000000 1.000000
v 1428.000000 173.205093 100.000000 1.000000
v 1392.285767 259.807587 150.000000 1.000000
v 1428.000000 123.205101 150.000000 1.000000
v 1428.000000 173.205093 100.000000 1.000000
v 1353.541260 300.000000 258.000000 1.000000
v 1375.710693 300.000000 173.205093 1.000000
v 1328.000000 415.692200 240.000000 1.000000
v 1353.541260 300.000000 258.000000 1.000000
v 1328.000000 415.692200 240.000000 1.000000
v 1328.000000 240.000000 415.692200 1.000000
v 1353.541260 300.000000 258.000000 1.000000
v 1328.000000 240.000000 415.692200 1.000000
v 1393.031128 148.956406 258.000000 1.000000
v 1393.031128 148.956406 258.000000 1.000000
v 1328.000000 240.000000 415.692200 1.000000
v 1328.000000 140.000000 442.487091 1.000000
v 1393.031128 148.956406 258.000000 1.000000
v 1328.000000 140.000000 442.487091 1.000000
v 1384.000000 140.000000 285.687103 1.000000
v 1393.031128 148.956406 258.000000 1.000000
v 1384.000000 140.000000 285.687103 1.000000
v 1384.000000 0.000000 323.200012 1.000000
v 1393.031128 148.956406 258.000000 1.000000
v 1384.000000 0.000000 323.200012 1.000000
v 1407.285767 0.000000 258.000000 1.000000
v 1581.000000 0.000100 405.000000 1.000000
v 1384.000000 0.000100 405.000000 1.000000
v 1384.000000 62.500099 421.746796 1.000000
v 1581.000000 0.000100 405.000000 1.000000
v 1384.000000 62.500099 421.746796 1.000000
v 1581.000000 62.500099 421.746796 1.000000
v 1384.000000 0.000100 405.000000 1.000000
v 1581.000000 0.000100 405.000000 1.000000
v 1581.000000 -62.499901 421.746796 1.000000
v 1384.000000 0.000100 405.000000 1.000000
v 1581.000000 -62.499901 421.746796 1.000000
v 1384.000000 -62.499901 421.746796 1.000000
v 1384.000000 0.000100 405.000000 1.000000
v 1384.000000 -62.499901 421.746796 1.000000
v 1384.000000 0.000000 405.000000 1.000000
v 1375.710693 300.000000 173.205093 1.000000
v 1353.541260 300.000000 258.000000 1.000000
v 1455.000000 300.000000 258.000000 1.000000
v 1375.710693 300.000000 173.205093 1.000000
v 1455.000000 300.000000 258.000000 1.000000
v 1455.000000 300.000000 150.000000 1.000000
v 1375.710693 300.000000 173.205093 1.000000
v 1455.000000 300.000000 150.000000 1.000000
v 1377.931274 300.000000 150.000000 1.000000
v 1384.000000 108.253304 467.500000 1.000000
v 1581.000000 108.253304 467.500000 1.000000
v 1581.000000 62.500099 421.746796 1.000000
v 1384.000000 108.253304 467.500000 1.000000
v 1581.000000 62.500099 421.746796 1.000000
v 1384.000000 62.500099 421.746796 1.000000
v 1384.000000 116.961601 560.000000 1.000000
v 1384.000000 108.253304 592.500000 1.000000
v 1581.000000 108.253304 592.500000 1.000000
v 1384.000000 116.961601 560.000000 1.000000
v 1581.000000 108.253304 592.500000 1.000000
v 1581.000000 125.000099 530.000000 1.000000
v 1384.000000 116.961601 560.000000 1.000000
v 1581.000000 125.000099 530.000000 1.000000
v 1384.000000 125.000099 530.000000 1.000000
v 1581.000000 108.253304 467.500000 1.000000
v 1384.000000 108.253304 467.500000 1.000000
v 1384.000000 125.000099 530.000000 1.000000
v 1581.000000 108.253304 467.500000 1.000000
v 1384.000000 125.000099 530.000000 1.000000
v 1581.000000 125.000099 530.000000 1.000000
v 1384.000000 -62.499901 638.253174 1.000000
v 1581.000000 -62.499901 638.253174 1.000000
v 1581.000000 0.000100 655.000000 1.000000
v 1384.000000 -62.499901 638.253174 1.000000
v 1581.000000 0.000100 655.000000 1.000000
v 1384.000000 0.000100 655.000000 1.000000
v 1384.000000 -62.499901 638.253174 1.000000
v 1384.000000 0.000100 655.000000 1.000000
v 1384.000000 0.000000 655.000000 1.000000
v 1581.000000 62.500099 638.253174 1.000000
v 1384.000000 62.500099 638.253174 1.000000
v 1384.000000 0.000100 655.000000 1.000000
v 1581.000000 62.500099 638.253174 1.000000
v 1384.000000 0.000100 655.000000 1.000000
v 1581.000000 0.000100 655.000000 1.000000
v 1384.000000 62.500099 638.253174 1.000000
v 1581.000000 62.500099 638.253174 1.000000
v 1581.000000 108.253304 592.500000 1.000000
v 1384.000000 62.500099 638.253174 1.000000
v 1581.000000 108.253304 592.500000 1.000000
v 1384.000000 108.253304 592.500000 1.000000
v 1385.000000 -27.499901 830.000000 1.000000
v 1385.000000 27.500099 830.000000 1.000000
v 1385.000000 27.500099 980.000000 1.000000
v 1385.000000 -27.499901 830.000000 1.000000
v 1385.000000 27.500099 980.000000 1.000000
v 1385.000000 -27.499901 980.000000 1.000000
v 1393.031128 -148.956406 258.000000 1.000000
v 1407.285767 0.000000 258.000000 1.000000
v 1384.000000 -140.000000 285.687103 1.000000
v 1393.031128 -148.956406 258.000000 1.000000
v 1384.000000 -140.000000 285.687103 1.000000
v 1328.000000 -140.000000 442.487091 1.000000
v 1393.031128 -148.956406 258.000000 1.000000
v 1328.000000 -140.000000 442.487091 1.000000
v 1328.000000 -240.000000 415.692200 1.000000
v 1384.000000 -140.000000 285.687103 1.000000
v 1407.285767 0.000000 258.000000 1.000000
v 1384.000000 0.000000 323.200012 1.000000
v 1353.541260 -300.000000 258.000000 1.000000
v 1393.031128 -148.956406 258.000000 1.000000
v 1328.000000 -240.000000 415.692200 1.000000
v 1353.541260 -300.000000 258.000000 1.000000
v 1328.000000 -240.000000 415.692200 1.000000
v 1328.000000 -415.692200 240.000000 1.000000
v 1353.541260 -300.000000 258.000000 1.000000
v 1328.000000 -415.692200 240.000000 1.000000
v 1375.710693 -300.000000 173.205093 1.000000
v 1428.000000 -123.205101 150.000000 1.000000
v 1392.285767 -259.807587 150.000000 1.000000
v 1428.000000 -173.205093 100.000000 1.000000
v 1428.000000 -173.205093 100.000000 1.000000
v 1392.285767 -259.807587 150.000000 1.000000
v 1428.000000 -200.000000 0.000000 1.000000
v 1428.000000 -200.000000 0.000000 1.000000
v 1392.285767 -259.807587 150.000000 1.000000
v 1377.931274 -300.000000 150.000000 1.000000
v 1428.000000 -200.000000 0.000000 1.000000
v 1377.931274 -300.000000 150.000000 1.000000
v 1328.000000 -415.692200 240.000000 1.000000
v 1328.000000 -415.692200 240.000000 1.000000
v 1377.931274 -300.000000 150.000000 1.000000
v 1375.710693 -300.000000 173.205093 1.000000
v 1428.000000 -200.000000 0.000000 1.000000
v 1328.000000 -415.692200 240.000000 1.000000
v 1328.000000 -480.000000 0.000000 1.000000
v 1377.931274 -300.000000 150.000000 1.000000
v 1392.285767 -259.807587 150.000000 1.000000
v 1455.000000 -300.000000 150.000000 1.000000
v 1455.000000 -300.000000 150.000000 1.000000
v 1392.285767 -259.807587 150.000000 1.000000
v 1428.000000 -123.205101 150.000000 1.000000
v 1455.000000 -300.000000 150.000000 1.000000
v 1428.000000 -123.205101 150.000000 1.000000
v 1455.000000 300.000000 150.000000 1.000000
v 1455.000000 300.000000 150.000000 1.000000
v 1428.000000 -123.205101 150.000000 1.000000
v 1428.000000 123.205101 150.000000 1.000000
v 1455.000000 300.000000 150.000000 1.000000
v 1428.000000 123.205101 150.000000 1.000000
v 1392.285767 259.807587 150.000000 1.000000
v 1455.000000 300.000000 150.000000 1.000000
v 1392.285767 259.807587 150.000000 1.000000
v 1377.931274 300.000000 150.000000 1.000000
v 1455.000000 -300.000000 258.000000 1.000000
v 1353.541260 -300.000000 258.000000 1.000000
v 1375.710693 -300.000000 173.205093 1.000000
v 1455.000000 -300.000000 258.000000 1.000000
v 1375.710693 -300.000000 173.205093 1.000000
v 1377.931274 -300.000000 150.000000 1.000000
v 1455.000000 -300.000000 258.000000 1.000000
v 1377.931274 -300.000000 150.000000 1.000000
v 1455.000000 -300.000000 150.000000 1.000000
v 1353.541260 300.000000 258.000000 1.000000
v 1393.031128 148.956406 258.000000 1.000000
v 1455.000000 300.000000 258.000000 1.000000
v 1455.000000 300.000000 258.000000 1.000000
v 1393.031128 148.956406 258.000000 1.000000
v 1407.285767 0.000000 258.000000 1.000000
v 1455.000000 300.000000 258.000000 1.000000
v 1407.285767 0.000000 258.000000 1.000000
v 1455.000000 -300.000000 258.000000 1.000000
v 1455.000000 -300.000000 258.000000 1.000000
v 1407.285767 0.000000 258.000000 1.000000
v 1393.031128 -148.956406 258.000000 1.000000
v 1455.000000 -300.000000 258.000000 1.000000
v 1393.031128 -148.956406 258.000000 1.000000
v 1353.541260 -300.000000 258.000000 1.000000
v 1384.000000 0.000100 655.000000 1.000000
v 1384.000000 62.500099 638.253174 1.000000
v 1384.000000 70.000000 681.243530 1.000000
v 1384.000000 70.000000 681.243530 1.000000
v 1384.000000 62.500099 638.253174 1.000000
v 1384.000000 108.253304 592.500000 1.000000
v 1384.000000 70.000000 681.243530 1.000000
v 1384.000000 108.253304 592.500000 1.000000
v 1384.000000 121.243599 630.000000 1.000000
v 1384.000000 121.243599 630.000000 1.000000
v 1384.000000 108.253304 592.500000 1.000000
v 1384.000000 116.961601 560.000000 1.000000
v 1384.000000 121.243599 630.000000 1.000000
v 1384.000000 116.961601 560.000000 1.000000
v 1384.000000 140.000000 560.000000 1.000000
v 1384.000000 0.000000 700.000000 1.000000
v 1384.000000 -70.000000 681.243530 1.000000
v 1384.000000 -62.499901 638.253174 1.000000
v 1384.000000 0.000000 700.000000 1.000000
v 1384.000000 -62.499901 638.253174 1.000000
v 1384.000000 0.000000 655.000000 1.000000
v 1384.000000 0.000000 700.000000 1.000000
v 1384.000000 0.000000 655.000000 1.000000
v 1384.000000 0.000100 655.000000 1.000000
v 1384.000000 0.000000 700.000000 1.000000
v 1384.000000 0.000100 655.000000 1.000000
v 1384.000000 70.000000 681.243530 1.000000
v 1384.000000 -140.000000 560.000000 1.000000
v 1384.000000 -116.961403 560.000000 1.000000
v 1384.000000 -121.243599 630.000000 1.000000
v 1384.000000 -121.243599 630.000000 1.000000
v 1384.000000 -116.961403 560.000000 1.000000
v 1384.000000 -108.253098 592.500000 1.000000
v 1384.000000 -121.243599 630.000000 1.000000
v 1384.000000 -108.253098 592.500000 1.000000
v 1384.000000 -70.000000 681.243530 1.000000
v 1384.000000 -70.000000 681.243530 1.000000
v 1384.000000 -108.253098 592.500000 1.000000
v 1384.000000 -62.499901 638.253174 1.000000
v 1384.000000 -140.000000 560.000000 1.000000
v 1384.000000 -140.000000 285.687103 1.000000
v 1384.000000 -108.253098 467.500000 1.000000
v 1384.000000 -140.000000 560.000000 1.000000
v 1384.000000 -108.253098 467.500000 1.000000
v 1384.000000 -124.999901 530.000000 1.000000
v 1384.000000 -140.000000 560.000000 1.000000
v 1384.000000 -124.999901 530.000000 1.000000
v 1384.000000 -116.961403 560.000000 1.000000
v 1384.000000 140.000000 285.687103 1.000000
v 1384.000000 140.000000 560.000000 1.000000
v 1384.000000 125.000099 530.000000 1.000000
v 1384.000000 140.000000 285.687103 1.000000
v 1384.000000 125.000099 530.000000 1.000000
v 1384.000000 108.253304 467.500000 1.000000
v 1384.000000 140.000000 285.687103 1.000000
v 1384.000000 108.253304 467.500000 1.000000
v 1384.000000 62.500099 421.746796 1.000000
v 1384.000000 140.000000 285.687103 1.000000
v 1384.000000 62.500099 421.746796 1.000000
v 1384.000000 0.000100 405.000000 1.000000
v 1384.000000 140.000000 285.687103 1.000000
v 1384.000000 0.000100 405.000000 1.000000
v 1384.000000 0.000000 323.200012 1.000000
v 1384.000000 0.000000 323.200012 1.000000
v 1384.000000 0.000100 405.000000 1.000000
v 1384.000000 0.000000 405.000000 1.000000
v 1384.000000 0.000000 323.200012 1.000000
v 1384.000000 0.000000 405.000000 1.000000
v 1384.000000 -62.499901 421.746796 1.000000
v 1384.000000 0.000000 323.200012 1.000000
v 1384.000000 -62.499901 421.746796 1.000000
v 1384.000000 -108.253098 467.500000 1.000000
v 1384.000000 0.000000 323.200012 1.000000
v 1384.000000 -108.253098 467.500000 1.000000
v 1384.000000 -140.000000 285.687103 1.000000
v 1384.000000 125.000099 530.000000 1.000000
v 1384.000000 140.000000 560.000000 1.000000
v 1384.000000 116.961601 560.000000 1.000000
v 1581.000000 -108.253098 592.500000 1.000000
v 1384.000000 -108.253098 592.500000 1.000000
v 1384.000000 -116.961403 560.000000 1.000000
v 1581.000000 -108.253098 592.500000 1.000000
v 1384.000000 -116.961403 560.000000 1.000000
v 1384.000000 -124.999901 530.000000 1.000000
v 1581.000000 -108.253098 592.500000 1.000000
v 1384.000000 -124.999901 530.000000 1.000000
v 1581.000000 -124.999901 530.000000 1.000000
v 1384.000000 -62.499901 421.746796 1.000000
v 1581.000000 -62.499901 421.746796 1.000000
v 1581.000000 -108.253098 467.500000 1.000000
v 1384.000000 -62.499901 421.746796 1.000000
v 1581.000000 -108.253098 467.500000 1.000000
v 1384.000000 -108.253098 467.500000 1.000000
v 1581.000000 -124.999901 530.000000 1.000000
v 1384.000000 -124.999901 530.000000 1.000000
v 1384.000000 -108.253098 467.500000 1.000000
v 1581.000000 -124.999901 530.000000 1.000000
v 1384.000000 -108.253098 467.500000 1.000000
v 1581.000000 -108.253098 467.500000 1.000000
v 1581.000000 -62.499901 638.253174 1.000000
v 1384.000000 -62.499901 638.253174 1.000000
v 1384.000000 -108.253098 592.500000 1.000000
v 1581.000000 -62.499901 638.253174 1.000000
v 1384.000000 -108.253098 592.500000 1.000000
v 1581.000000 -108.253098 592.500000 1.000000
v 1328.000000 -480.000000 0.000000 1.000000
v 1328.000000 -415.692200 -240.000000 1.000000
v 1375.710693 -300.000000 -173.205093 1.000000
v 1328.000000 -480.000000 0.000000 1.000000
v 1375.710693 -300.000000 -173.205093 1.000000
v 1377.931274 -300.000000 -150.000000 1.000000
v 1328.000000 -480.000000 0.000000 1.000000
v 1377.931274 -300.000000 -150.000000 1.000000
v 1392.285767 -259.807587 -150.000000 1.000000
v 1328.000000 -480.000000 0.000000 1.000000
v 1392.285767 -259.807587 -150.000000 1.000000
v 1428.000000 -173.205093 -100.000000 1.000000
v 1328.000000 -480.000000 0.000000 1.000000
v 1428.000000 -173.205093 -100.000000 1.000000
v 1428.000000 -200.000000 0.000000 1.000000
v 1353.541260 -300.000000 -258.000000 1.000000
v 1375.710693 -300.000000 -173.205093 1.000000
v 1328.000000 -415.692200 -240.000000 1.000000
v 1353.541260 -300.000000 -258.000000 1.000000
v 1328.000000 -415.692200 -240.000000 1.000000
v 1328.000000 -240.000000 -415.692200 1.000000
v 1353.541260 -300.000000 -258.000000 1.000000
v 1328.000000 -240.000000 -415.692200 1.000000
v 1393.031128 -148.956406 -258.000000 1.000000
v 1428.000000 -173.205093 -100.000000 1.000000
v 1392.285767 -259.807587 -150.000000 1.000000
v 1428.000000 -123.205101 -150.000000 1.000000
v 1393.031128 -148.956406 -258.000000 1.000000
v 1328.000000 -240.000000 -415.692200 1.000000
v 1328.000000 -0.000000 -480.000000 1.000000
v 1393.031128 -148.956406 -258.000000 1.000000
v 1328.000000 -0.000000 -480.000000 1.000000
v 1407.285767 -0.000000 -258.000000 1.000000
v 1455.000000 -300.000000 -150.000000 1.000000
v 1377.931274 -300.000000 -150.000000 1.000000
v 1375.710693 -300.000000 -173.205093 1.000000
v 1455.000000 -300.000000 -150.000000 1.000000
v 1375.710693 -300.000000 -173.205093 1.000000
v 1353.541260 -300.000000 -258.000000 1.000000
v 1455.000000 -300.000000 -150.000000 1.000000
v 1353.541260 -300.000000 -258.000000 1.000000
v 1455.000000 -300.000000 -258.000000 1.000000
v 1393.031128 148.956406 -258.000000 1.000000
v 1407.285767 -0.000000 -258.000000 1.000000
v 1328.000000 -0.000000 -480.000000 1.000000
v 1393.031128 148.956406 -258.000000 1.000000
v 1328.000000 -0.000000 -480.000000 1.000000
v 1328.000000 240.000000 -415.692200 1.000000
v 1353.541260 300.000000 -258.000000 1.000000
v 1393.031128 148.956406 -258.000000 1.000000
v 1328.000000 240.000000 -415.692200 1.000000
v 1353.541260 300.000000 -258.000000 1.000000
v 1328.000000 240.000000 -415.692200 1.000000
v 1328.000000 415.692200 -240.000000 1.000000
v 1353.541260 300.000000 -258.000000 1.000000
v 1328.000000 415.692200 -240.000000 1.000000
v 1375.710693 300.000000 -173.205093 1.000000
v 1428.000000 173.205093 -100.000000 1.000000
v 1428.000000 123.205101 -150.000000 1.000000
v 1392.285767 259.807587 -150.000000 1.000000
v 1328.000000 480.000000 0.000000 1.000000
v 1428.000000 200.000000 -0.000000 1.000000
v 1428.000000 173.205093 -100.000000 1.000000
v 1328.000000 480.000000 0.000000 1.000000
v 1428.000000 173.205093 -100.000000 1.000000
v 1392.285767 259.807587 -150.000000 1.000000
v 1328.000000 480.000000 0.000000 1.000000
v 1392.285767 259.807587 -150.000000 1.000000
v 1377.931274 300.000000 -150.000000 1.000000
v 1328.000000 480.000000 0.000000 1.000000
v 1377.931274 300.000000 -150.000000 1.000000
v 1375.710693 300.000000 -173.205093 1.000000
v 1328.000000 480.000000 0.000000 1.000000
v 1375.710693 300.000000 -173.205093 1.000000
v 1328.000000 415.692200 -240.000000 1.000000
v 1377.931274 300.000000 -150.000000 1.000000
v 1392.285767 259.807587 -150.000000 1.000000
v 1455.000000 300.000000 -150.000000 1.000000
v 1455.000000 300.000000 -150.000000 1.000000
v 1392.285767 259.807587 -150.000000 1.000000
v 1428.000000 123.205101 -150.000000 1.000000
v 1455.000000 300.000000 -150.000000 1.000000
v 1428.000000 123.205101 -150.000000 1.000000
v 1455.000000 -300.000000 -150.000000 1.000000
v 1455.000000 -300.000000 -150.000000 1.000000
v 1428.000000 123.205101 -150.000000 1.000000
v 1428.000000 -123.205101 -150.000000 1.000000
v 1455.000000 -300.000000 -150.000000 1.000000
v 1428.000000 -123.205101 -150.000000 1.000000
v 1392.285767 -259.807587 -150.000000 1.000000
v 1455.000000 -300.000000 -150.000000 1.000000
v 1392.285767 -259.807587 -150.000000 1.000000
v 1377.931274 -300.000000 -150.000000 1.000000
v 1455.000000 300.000000 -258.000000 1.000000
v 1353.541260 300.000000 -258.000000 1.000000
v 1375.710693 300.000000 -173.205093 1.000000
v 1455.000000 300.000000 -258.000000 1.000000
v 1375.710693 300.000000 -173.205093 1.000000
v 1377.931274 300.000000 -150.000000 1.000000
v 1455.000000 300.000000 -258.000000 1.000000
v 1377.931274 300.000000 -150.000000 1.000000
v 1455.000000 300.000000 -150.000000 1.000000
v 1353.541260 -300.000000 -258.000000 1.000000
v 1393.031128 -148.956406 -258.000000 1.000000
v 1455.000000 -300.000000 -258.000000 1.000000
v 1455.000000 -300.000000 -258.000000 1.000000
v 1393.031128 -148.956406 -258.000000 1.000000
v 1407.285767 -0.000000 -258.000000 1.000000
v 1455.000000 -300.000000 -258.000000 1.000000
v 1407.285767 -0.000000 -258.000000 1.000000
v 1455.000000 300.000000 -258.000000 1.000000
v 1455.000000 300.000000 -258.000000 1.000000
v 1407.285767 -0.000000 -258.000000 1.000000
v 1393.031128 148.956406 -258.000000 1.000000
v 1455.000000 300.000000 -258.000000 1.000000
v 1393.031128 148.956406 -258.000000 1.000000
v 1353.541260 300.000000 -258.000000 1.000000
v 1455.000000 -300.000000 -150.000000 1.000000
v 1455.000000 -300.000000 -258.000000 1.000000
v 1455.000000 300.000000 -258.000000 1.000000
v 1455.000000 -300.000000 -150.000000 1.000000
v 1455.000000 300.000000 -258.000000 1.000000
v 1455.000000 300.000000 -150.000000 1.000000
v 1455.000000 -300.000000 258.000000 1.000000
v 1455.000000 -300.000000 150.000000 1.000000
v 1455.000000 300.000000 150.000000 1.000000
v 1455.000000 -300.000000 258.000000 1.000000
v 1455.000000 300.000000 150.000000 1.000000
v 1455.000000 300.000000 258.000000 1.000000
v 1581.000000 -108.253098 592.500000 1.000000
v 1581.000000 -124.999901 530.000000 1.000000
v 1581.000000 -108.253098 467.500000 1.000000
v 1581.000000 -108.253098 592.500000 1.000000
v 1581.000000 -108.253098 467.500000 1.000000
v 1581.000000 -62.499901 421.746796 1.000000
v 1581.000000 -108.253098 592.500000 1.000000
v 1581.000000 -62.499901 421.746796 1.000000
v 1581.000000 0.000100 405.000000 1.000000
v 1581.000000 -108.253098 592.500000 1.000000
v 1581.000000 0.000100 405.000000 1.000000
v 1581.000000 62.500099 421.746796 1.000000
v 1581.000000 -108.253098 592.500000 1.000000
v 1581.000000 62.500099 421.746796 1.000000
v 1581.000000 108.253304 467.500000 1.000000
v 1581.000000 -108.253098 592.500000 1.000000
v 1581.000000 108.253304 467.500000 1.000000
v 1581.000000 125.000099 530.000000 1.000000
v 1581.000000 -108.253098 592.500000 1.000000
v 1581.000000 125.000099 530.000000 1.000000
v 1581.000000 108.253304 592.500000 1.000000
v 1581.000000 -108.253098 592.500000 1.000000
v 1581.000000 108.253304 592.500000 1.000000
v 1581.000000 62.500099 638.253174 1.000000
v 1581.000000 -108.253098 592.500000 1.000000
v 1581.000000 62.500099 638.253174 1.000000
v 1581.000000 0.000100 655.000000 1.000000
v 1581.000000 -108.253098 592.500000 1.000000
v 1581.000000 0.000100 655.000000 1.000000
v 1581.000000 -62.499901 638.253174 1.000000
v 1094.000000 -521.599976 139.762299 1.000000
v 1094.000000 -540.000000 0.000000 1.000000
v 1152.000000 -600.000000 0.000000 1.000000
v 1094.000000 -521.599976 139.762299 1.000000
v 1152.000000 -600.000000 0.000000 1.000000
v 1152.000000 -579.555481 155.291397 1.000000
v 1094.000000 -467.653687 270.000000 1.000000
v 1094.000000 -521.599976 139.762299 1.000000
v 1152.000000 -579.555481 155.291397 1.000000
v 1094.000000 -467.653687 270.000000 1.000000
v 1152.000000 -579.555481 155.291397 1.000000
v 1152.000000 -519.615173 300.000000 1.000000
v 1094.000000 -381.837708 381.837708 1.000000
v 1094.000000 -467.653687 270.000000 1.000000
v 1152.000000 -519.615173 300.000000 1.000000
v 1094.000000 -381.837708 381.837708 1.000000
v 1152.000000 -519.615173 300.000000 1.000000
v 1152.000000 -424.264099 424.264099 1.000000
v 1094.000000 -381.837708 381.837708 1.000000
v 1152.000000 -424.264099 424.264099 1.000000
v 1152.000000 -300.000000 519.615173 1.000000
v 1094.000000 -381.837708 381.837708 1.000000
v 1152.000000 -300.000000 519.615173 1.000000
v 1149.625977 -298.772095 517.488403 1.000000
v 1094.000000 -381.837708 381.837708 1.000000
v 1149.625977 -298.772095 517.488403 1.000000
v 1094.000000 -354.398102 402.892792 1.000000
v 1149.625977 -298.772095 517.488403 1.000000
v 1152.000000 -300.000000 519.615173 1.000000
v 1152.000000 -296.398102 521.107178 1.000000
v 1145.000122 -0.000000 1160.000000 1.000000
v 1098.778931 -172.500000 1160.000000 1.000000
v 1098.778931 -172.500000 1130.000000 1.000000
v 1145.000122 -0.000000 1160.000000 1.000000
v 1098.778931 -172.500000 1130.000000 1.000000
v 1145.000122 -0.000000 1130.000000 1.000000
v 1149.625977 298.772095 517.488403 1.000000
v 1152.000000 296.398102 521.107178 1.000000
v 1152.000000 300.000000 519.615173 1.000000
v 1094.000000 354.398102 402.892792 1.000000
v 1149.625977 298.772095 517.488403 1.000000
v 1152.000000 300.000000 519.615173 1.000000
v 1094.000000 354.398102 402.892792 1.000000
v 1152.000000 300.000000 519.615173 1.000000
v 1152.000000 424.264099 424.264099 1.000000
v 1094.000000 354.398102 402.892792 1.000000
v 1152.000000 424.264099 424.264099 1.000000
v 1094.000000 381.837708 381.837708 1.000000
v 1152.000000 519.615173 300.000000 1.000000
v 1094.000000 467.653687 270.000000 1.000000
v 1094.000000 381.837708 381.837708 1.000000
v 1152.000000 519.615173 300.000000 1.000000
v 1094.000000 381.837708 381.837708 1.000000
v 1152.000000 424.264099 424.264099 1.000000
v 1152.000000 579.555481 155.291397 1.000000
v 1094.000000 521.599976 139.762299 1.000000
v 1094.000000 467.653687 270.000000 1.000000
v 1152.000000 579.555481 155.291397 1.000000
v 1094.000000 467.653687 270.000000 1.000000
v 1152.000000 519.615173 300.000000 1.000000
v 1152.000000 600.000000 0.000000 1.000000
v 1094.000000 540.000000 0.000000 1.000000
v 1094.000000 521.599976 139.762299 1.000000
v 1152.000000 600.000000 0.000000 1.000000
v 1094.000000 521.599976 139.762299 1.000000
v 1152.000000 579.555481 155.291397 1.000000
v 1145.000122 -0.000000 1130.000000 1.000000
v 1098.778931 172.500000 1130.000000 1.000000
v 1098.778931 172.500000 1160.000000 1.000000
v 1145.000122 -0.000000 1130.000000 1.000000
v 1098.778931 172.500000 1160.000000 1.000000
v 1145.000122 -0.000000 1160.000000 1.000000
v 1152.000000 600.000000 0.000000 1.000000
v 1152.000000 579.555481 -155.291397 1.000000
v 1094.000000 521.599976 -139.762299 1.000000
v 1152.000000 600.000000 0.000000 1.000000
v 1094.000000 521.599976 -139.762299 1.000000
v 1094.000000 540.000000 0.000000 1.000000
v 1152.000000 579.555481 -155.291397 1.000000
v 1152.000000 519.615173 -300.000000 1.000000
v 1107.781006 480.000000 -277.128113 1.000000
v 1152.000000 579.555481 -155.291397 1.000000
v 1107.781006 480.000000 -277.128113 1.000000
v 1094.000000 480.000000 -240.193405 1.000000
v 1152.000000 579.555481 -155.291397 1.000000
v 1094.000000 480.000000 -240.193405 1.000000
v 1094.000000 521.599976 -139.762299 1.000000
v 1152.000000 519.615173 -300.000000 1.000000
v 1152.000000 480.000000 -351.627594 1.000000
v 1107.781006 480.000000 -277.128113 1.000000
v 1107.781006 -480.000000 -277.128113 1.000000
v 1152.000000 -480.000000 -351.627594 1.000000
v 1152.000000 -519.615173 -300.000000 1.000000
v 1094.000000 -521.599976 -139.762299 1.000000
v 1094.000000 -480.000000 -240.193405 1.000000
v 1107.781006 -480.000000 -277.128113 1.000000
v 1094.000000 -521.599976 -139.762299 1.000000
v 1107.781006 -480.000000 -277.128113 1.000000
v 1152.000000 -519.615173 -300.000000 1.000000
v 1094.000000 -521.599976 -139.762299 1.000000
v 1152.000000 -519.615173 -300.000000 1.000000
v 1152.000000 -579.555481 -155.291397 1.000000
v 1094.000000 -521.599976 -139.762299 1.000000
v 1152.000000 -579.555481 -155.291397 1.000000
v 1152.000000 -600.000000 0.000000 1.000000
v 1094.000000 -521.599976 -139.762299 1.000000
v 1152.000000 -600.000000 0.000000 1.000000
v 1094.000000 -540.000000 0.000000 1.000000
v 834.000000 -521.599976 139.762299 1.000000
v 834.000000 -540.000000 0.000000 1.000000
v 892.000000 -600.000000 0.000000 1.000000
v 834.000000 -521.599976 139.762299 1.000000
v 892.000000 -600.000000 0.000000 1.000000
v 892.000000 -579.555481 155.291397 1.000000
v 834.000000 -467.653687 270.000000 1.000000
v 834.000000 -521.599976 139.762299 1.000000
v 892.000000 -579.555481 155.291397 1.000000
v 834.000000 -467.653687 270.000000 1.000000
v 892.000000 -579.555481 155.291397 1.000000
v 892.000000 -519.615173 300.000000 1.000000
v 834.000000 -463.229492 275.765686 1.000000
v 834.000000 -467.653687 270.000000 1.000000
v 892.000000 -519.615173 300.000000 1.000000
v 834.000000 -463.229492 275.765686 1.000000
v 892.000000 -519.615173 300.000000 1.000000
v 892.000000 -447.688385 393.736786 1.000000
v 892.000000 519.615173 300.000000 1.000000
v 834.000000 467.653687 270.000000 1.000000
v 834.000000 463.229492 275.765686 1.000000
v 892.000000 519.615173 300.000000 1.000000
v 834.000000 463.229492 275.765686 1.000000
v 892.000000 447.688385 393.736786 1.000000
v 834.000000 521.599976 139.762299 1.000000
v 834.000000 467.653687 270.000000 1.000000
v 892.000000 519.615173 300.000000 1.000000
v 834.000000 521.599976 139.762299 1.000000
v 892.000000 519.615173 300.000000 1.000000
v 892.000000 579.555481 155.291397 1.000000
v 892.000000 579.555481 155.291397 1.000000
v 892.000000 600.000000 0.000000 1.000000
v 834.000000 540.000000 0.000000 1.000000
v 892.000000 579.555481 155.291397 1.000000
v 834.000000 540.000000 0.000000 1.000000
v 834.000000 521.599976 139.762299 1.000000
v 892.000000 600.000000 0.000000 1.000000
v 892.000000 579.555481 -155.291397 1.000000
v 834.000000 521.599976 -139.762299 1.000000
v 892.000000 600.000000 0.000000 1.000000
v 834.000000 521.599976 -139.762299 1.000000
v 834.000000 540.000000 0.000000 1.000000
v 892.000000 579.555481 -155.291397 1.000000
v 892.000000 519.615173 -300.000000 1.000000
v 834.000000 467.653687 -270.000000 1.000000
v 892.000000 579.555481 -155.291397 1.000000
v 834.000000 467.653687 -270.000000 1.000000
v 834.000000 521.599976 -139.762299 1.000000
v 892.000000 519.615173 -300.000000 1.000000
v 892.000000 424.264099 -424.264099 1.000000
v 834.000000 381.837708 -381.837708 1.000000
v 892.000000 519.615173 -300.000000 1.000000
v 834.000000 381.837708 -381.837708 1.000000
v 834.000000 467.653687 -270.000000 1.000000
v 892.000000 300.000000 -519.615173 1.000000
v 834.000000 270.000000 -467.653687 1.000000
v 834.000000 381.837708 -381.837708 1.000000
v 892.000000 300.000000 -519.615173 1.000000
v 834.000000 381.837708 -381.837708 1.000000
v 892.000000 424.264099 -424.264099 1.000000
v 892.000000 155.291397 -579.555481 1.000000
v 834.000000 139.762299 -521.599976 1.000000
v 834.000000 270.000000 -467.653687 1.000000
v 892.000000 155.291397 -579.555481 1.000000
v 834.000000 270.000000 -467.653687 1.000000
v 892.000000 300.000000 -519.615173 1.000000
v 892.000000 155.291397 -579.555481 1.000000
v 892.000000 125.000000 -583.543518 1.000000
v 834.000000 125.000000 -523.543518 1.000000
v 892.000000 155.291397 -579.555481 1.000000
v 834.000000 125.000000 -523.543518 1.000000
v 834.000000 139.762299 -521.599976 1.000000
v 892.000000 -125.000000 -583.543518 1.000000
v 892.000000 -155.291397 -579.555481 1.000000
v 834.000000 -139.762299 -521.599976 1.000000
v 892.000000 -125.000000 -583.543518 1.000000
v 834.000000 -139.762299 -521.599976 1.000000
v 834.000000 -125.000000 -523.543518 1.000000
v 892.000000 -155.291397 -579.555481 1.000000
v 892.000000 -300.000000 -519.615173 1.000000
v 834.000000 -270.000000 -467.653687 1.000000
v 892.000000 -155.291397 -579.555481 1.000000
v 834.000000 -270.000000 -467.653687 1.000000
v 834.000000 -139.762299 -521.599976 1.000000
v 892.000000 -300.000000 -519.615173 1.000000
v 892.000000 -424.264099 -424.264099 1.000000
v 834.000000 -381.837708 -381.837708 1.000000
v 892.000000 -300.000000 -519.615173 1.000000
v 834.000000 -381.837708 -381.837708 1.000000
v 834.000000 -270.000000 -467.653687 1.000000
v 834.000000 -381.837708 -381.837708 1.000000
v 892.000000 -424.264099 -424.264099 1.000000
v 892.000000 -519.615173 -300.000000 1.000000
v 834.000000 -381.837708 -381.837708 1.000000
v 892.000000 -519.615173 -300.000000 1.000000
v 834.000000 -467.653687 -270.000000 1.000000
v 834.000000 -467.653687 -270.000000 1.000000
v 892.000000 -519.615173 -300.000000 1.000000
v 892.000000 -579.555481 -155.291397 1.000000
v 834.000000 -467.653687 -270.000000 1.000000
v 892.000000 -579.555481 -155.291397 1.000000
v 834.000000 -521.599976 -139.762299 1.000000
v 834.000000 -521.599976 -139.762299 1.000000
v 892.000000 -579.555481 -155.291397 1.000000
v 892.000000 -600.000000 0.000000 1.000000
v 834.000000 -521.599976 -139.762299 1.000000
v 892.000000 -600.000000 0.000000 1.000000
v 834.000000 -540.000000 0.000000 1.000000
v 574.000000 -540.000000 0.000000 1.000000
v 632.000000 -600.000000 0.000000 1.000000
v 632.000000 -579.555481 155.291397 1.000000
v 574.000000 -540.000000 0.000000 1.000000
v 632.000000 -579.555481 155.291397 1.000000
v 574.000000 -521.599976 139.762299 1.000000
v 574.000000 -467.653687 270.000000 1.000000
v 574.000000 -521.599976 139.762299 1.000000
v 632.000000 -579.555481 155.291397 1.000000
v 574.000000 -467.653687 270.000000 1.000000
v 632.000000 -579.555481 155.291397 1.000000
v 632.000000 -519.615173 300.000000 1.000000
v 574.000000 -409.103699 346.303894 1.000000
v 574.000000 -467.653687 270.000000 1.000000
v 632.000000 -519.615173 300.000000 1.000000
v 574.000000 -409.103699 346.303894 1.000000
v 632.000000 -519.615173 300.000000 1.000000
v 632.000000 -424.644714 423.767914 1.000000
v 574.000000 467.653687 270.000000 1.000000
v 574.000000 409.103699 346.303894 1.000000
v 632.000000 424.644714 423.767914 1.000000
v 574.000000 467.653687 270.000000 1.000000
v 632.000000 424.644714 423.767914 1.000000
v 632.000000 519.615173 300.000000 1.000000
v 632.000000 579.555481 155.291397 1.000000
v 574.000000 521.599976 139.762299 1.000000
v 574.000000 467.653687 270.000000 1.000000
v 632.000000 579.555481 155.291397 1.000000
v 574.000000 467.653687 270.000000 1.000000
v 632.000000 519.615173 300.000000 1.000000
v 632.000000 600.000000 0.000000 1.000000
v 574.000000 540.000000 0.000000 1.000000
v 574.000000 521.599976 139.762299 1.000000
v 632.000000 600.000000 0.000000 1.000000
v 574.000000 521.599976 139.762299 1.000000
v 632.000000 579.555481 155.291397 1.000000
v 632.000000 600.000000 0.000000 1.000000
v 632.000000 579.555481 -155.291397 1.000000
v 574.000000 521.599976 -139.762299 1.000000
v 632.000000 600.000000 0.000000 1.000000
v 574.000000 521.599976 -139.762299 1.000000
v 574.000000 540.000000 0.000000 1.000000
v 632.000000 579.555481 -155.291397 1.000000
v 632.000000 519.615173 -300.000000 1.000000
v 574.000000 467.653687 -270.000000 1.000000
v 632.000000 579.555481 -155.291397 1.000000
v 574.000000 467.653687 -270.000000 1.000000
v 574.000000 521.599976 -139.762299 1.000000
v 632.000000 519.615173 -300.000000 1.000000
v 632.000000 424.264099 -424.264099 1.000000
v 574.000000 381.837708 -381.837708 1.000000
v 632.000000 519.615173 -300.000000 1.000000
v 574.000000 381.837708 -381.837708 1.000000
v 574.000000 467.653687 -270.000000 1.000000
v 632.000000 300.000000 -519.615173 1.000000
v 574.000000 270.000000 -467.653687 1.000000
v 574.000000 381.837708 -381.837708 1.000000
v 632.000000 300.000000 -519.615173 1.000000
v 574.000000 381.837708 -381.837708 1.000000
v 632.000000 424.264099 -424.264099 1.000000
v 632.000000 155.291397 -579.555481 1.000000
v 574.000000 139.762299 -521.599976 1.000000
v 574.000000 270.000000 -467.653687 1.000000
v 632.000000 155.291397 -579.555481 1.000000
v 574.000000 270.000000 -467.653687 1.000000
v 632.000000 300.000000 -519.615173 1.000000
v 632.000000 155.291397 -579.555481 1.000000
v 632.000000 125.000000 -583.543518 1.000000
v 574.000000 125.000000 -523.543518 1.000000
v 632.000000 155.291397 -579.555481 1.000000
v 574.000000 125.000000 -523.543518 1.000000
v 574.000000 139.762299 -521.599976 1.000000
v 632.000000 -125.000000 -583.543518 1.000000
v 632.000000 -155.291397 -579.555481 1.000000
v 574.000000 -139.762299 -521.599976 1.000000
v 632.000000 -125.000000 -583.543518 1.000000
v 574.000000 -139.762299 -521.599976 1.000000
v 574.000000 -125.000000 -523.543518 1.000000
v 632.000000 -155.291397 -579.555481 1.000000
v 632.000000 -300.000000 -519.615173 1.000000
v 574.000000 -270.000000 -467.653687 1.000000
v 632.000000 -155.291397 -579.555481 1.000000
v 574.000000 -270.000000 -467.653687 1.000000
v 574.000000 -139.762299 -521.599976 1.000000
v 632.000000 -300.000000 -519.615173 1.000000
v 632.000000 -424.264099 -424.264099 1.000000
v 574.000000 -381.837708 -381.837708 1.000000
v 632.000000 -300.000000 -519.615173 1.000000
v 574.000000 -381.837708 -381.837708 1.000000
v 574.000000 -270.000000 -467.653687 1.000000
v 574.000000 -381.837708 -381.837708 1.000000
v 632.000000 -424.264099 -424.264099 1.000000
v 632.000000 -519.615173 -300.000000 1.000000
v 574.000000 -381.837708 -381.837708 1.000000
v 632.000000 -519.615173 -300.000000 1.000000
v 574.000000 -467.653687 -270.000000 1.000000
v 574.000000 -467.653687 -270.000000 1.000000
v 632.000000 -519.615173 -300.000000 1.000000
v 632.000000 -579.555481 -155.291397 1.000000
v 574.000000 -467.653687 -270.000000 1.000000
v 632.000000 -579.555481 -155.291397 1.000000
v 574.000000 -521.599976 -139.762299 1.000000
v 574.000000 -521.599976 -139.762299 1.000000
v 632.000000 -579.555481 -155.291397 1.000000
v 632.000000 -600.000000 0.000000 1.000000
v 574.000000 -521.599976 -139.762299 1.000000
v 632.000000 -600.000000 0.000000 1.000000
v 574.000000 -540.000000 0.000000 1.000000
v 314.000000 -521.599976 139.762299 1.000000
v 314.000000 -540.000000 0.000000 1.000000
v 372.000000 -600.000000 0.000000 1.000000
v 314.000000 -521.599976 139.762299 1.000000
v 372.000000 -600.000000 0.000000 1.000000
v 372.000000 -579.555481 155.291397 1.000000
v 314.000000 -467.653687 270.000000 1.000000
v 314.000000 -521.599976 139.762299 1.000000
v 372.000000 -579.555481 155.291397 1.000000
v 314.000000 -467.653687 270.000000 1.000000
v 372.000000 -579.555481 155.291397 1.000000
v 372.000000 -519.615173 300.000000 1.000000
v 314.000000 -381.837708 381.837708 1.000000
v 314.000000 -467.653687 270.000000 1.000000
v 372.000000 -519.615173 300.000000 1.000000
v 314.000000 -381.837708 381.837708 1.000000
v 372.000000 -519.615173 300.000000 1.000000
v 372.000000 -424.264099 424.264099 1.000000
v 314.000000 -381.837708 381.837708 1.000000
v 372.000000 -424.264099 424.264099 1.000000
v 372.000000 -300.000000 519.615173 1.000000
v 314.000000 -381.837708 381.837708 1.000000
v 372.000000 -300.000000 519.615173 1.000000
v 314.000000 -270.000000 467.653687 1.000000
v 372.000000 -155.291397 579.555481 1.000000
v 314.887787 -140.000000 522.487122 1.000000
v 314.000000 -140.000000 521.501526 1.000000
v 372.000000 -155.291397 579.555481 1.000000
v 314.000000 -140.000000 521.501526 1.000000
v 314.000000 -270.000000 467.653687 1.000000
v 372.000000 -155.291397 579.555481 1.000000
v 314.000000 -270.000000 467.653687 1.000000
v 372.000000 -300.000000 519.615173 1.000000
v 372.000000 -141.817505 581.329285 1.000000
v 370.057404 -134.567505 580.274170 1.000000
v 351.150299 -140.000000 560.000000 1.000000
v 372.000000 -141.817505 581.329285 1.000000
v 351.150299 -140.000000 560.000000 1.000000
v 314.887787 -140.000000 522.487122 1.000000
v 372.000000 -141.817505 581.329285 1.000000
v 314.887787 -140.000000 522.487122 1.000000
v 372.000000 -155.291397 579.555481 1.000000
v 205.112198 -140.000000 522.487122 1.000000
v 206.000000 -140.000000 521.501526 1.000000
v 314.887787 -140.000000 522.487122 1.000000
v 205.112198 -140.000000 522.487122 1.000000
v 314.887787 -140.000000 522.487122 1.000000
v 351.150299 -140.000000 560.000000 1.000000
v 205.112198 -140.000000 522.487122 1.000000
v 351.150299 -140.000000 560.000000 1.000000
v 168.849701 -140.000000 560.000000 1.000000
v 314.887787 -140.000000 522.487122 1.000000
v 206.000000 -140.000000 521.501526 1.000000
v 314.000000 -140.000000 521.501526 1.000000
v -91.150299 -140.000000 560.000000 1.000000
v 112.000000 -134.009399 582.357422 1.000000
v -112.000000 -134.009399 582.357422 1.000000
v -112.000000 -134.009399 582.357422 1.000000
v 112.000000 -134.009399 582.357422 1.000000
v 366.487213 -121.243599 630.000000 1.000000
v -112.000000 -134.009399 582.357422 1.000000
v 366.487213 -121.243599 630.000000 1.000000
v -148.000000 -134.009399 582.357422 1.000000
v -148.000000 -134.009399 582.357422 1.000000
v 366.487213 -121.243599 630.000000 1.000000
v -366.487213 -121.243599 630.000000 1.000000
v -148.000000 -134.009399 582.357422 1.000000
v -366.487213 -121.243599 630.000000 1.000000
v -370.057404 -134.567505 580.274170 1.000000
v -351.150299 -140.000000 560.000000 1.000000
v -168.849701 -140.000000 560.000000 1.000000
v -148.000000 -134.009399 582.357422 1.000000
v -351.150299 -140.000000 560.000000 1.000000
v -148.000000 -134.009399 582.357422 1.000000
v -370.057404 -134.567505 580.274170 1.000000
v 148.000000 -134.009399 582.357422 1.000000
v 168.849701 -140.000000 560.000000 1.000000
v 370.057404 -134.567505 580.274170 1.000000
v 148.000000 -134.009399 582.357422 1.000000
v 370.057404 -134.567505 580.274170 1.000000
v 366.487213 -121.243599 630.000000 1.000000
v 148.000000 -134.009399 582.357422 1.000000
v 366.487213 -121.243599 630.000000 1.000000
v 112.000000 -134.009399 582.357422 1.000000
v 370.057404 -134.567505 580.274170 1.000000
v 168.849701 -140.000000 560.000000 1.000000
v 351.150299 -140.000000 560.000000 1.000000
v 112.000000 -134.009399 582.357422 1.000000
v -91.150299 -140.000000 560.000000 1.000000
v 91.150299 -140.000000 560.000000 1.000000
v -366.487213 -121.243599 630.000000 1.000000
v 366.487213 -121.243599 630.000000 1.000000
v 352.756592 -70.000000 681.243530 1.000000
v -366.487213 -121.243599 630.000000 1.000000
v 352.756592 -70.000000 681.243530 1.000000
v -352.756592 -70.000000 681.243530 1.000000
v 334.000092 0.000000 700.000000 1.000000
v -334.000092 -0.000000 700.000000 1.000000
v -352.756592 -70.000000 681.243530 1.000000
v 334.000092 0.000000 700.000000 1.000000
v -352.756592 -70.000000 681.243530 1.000000
v 352.756592 -70.000000 681.243530 1.000000
v 334.000092 0.000000 1095.000000 1.000000
v 334.000092 0.000000 700.000000 1.000000
v 352.756592 -70.000000 681.243530 1.000000
v 334.000092 0.000000 1095.000000 1.000000
v 352.756592 -70.000000 681.243530 1.000000
v 366.487213 -121.243599 630.000000 1.000000
v 334.000092 0.000000 1095.000000 1.000000
v 366.487213 -121.243599 630.000000 1.000000
v 370.057404 -134.567505 580.274170 1.000000
v 334.000092 0.000000 1095.000000 1.000000
v 370.057404 -134.567505 580.274170 1.000000
v 372.000000 -141.817505 581.329285 1.000000
v 334.000092 0.000000 1095.000000 1.000000
v 372.000000 -141.817505 581.329285 1.000000
v 375.610291 -155.291397 579.555481 1.000000
v 334.000092 0.000000 1095.000000 1.000000
v 375.610291 -155.291397 579.555481 1.000000
v 397.102112 -235.500000 546.331970 1.000000
v 334.000092 0.000000 1095.000000 1.000000
v 397.102112 -235.500000 546.331970 1.000000
v 397.102112 -235.500000 1095.000000 1.000000
v 372.000000 155.291397 579.555481 1.000000
v 314.887787 140.000000 522.487122 1.000000
v 351.150299 140.000000 560.000000 1.000000
v 372.000000 155.291397 579.555481 1.000000
v 351.150299 140.000000 560.000000 1.000000
v 370.057404 134.567505 580.274170 1.000000
v 372.000000 155.291397 579.555481 1.000000
v 370.057404 134.567505 580.274170 1.000000
v 372.000000 141.817505 581.329285 1.000000
v 372.000000 155.291397 579.555481 1.000000
v 372.000000 300.000000 519.615173 1.000000
v 314.000000 270.000000 467.653687 1.000000
v 372.000000 155.291397 579.555481 1.000000
v 314.000000 270.000000 467.653687 1.000000
v 314.000000 140.000000 521.501526 1.000000
v 372.000000 155.291397 579.555481 1.000000
v 314.000000 140.000000 521.501526 1.000000
v 314.887787 140.000000 522.487122 1.000000
v 314.000000 381.837708 381.837708 1.000000
v 314.000000 270.000000 467.653687 1.000000
v 372.000000 300.000000 519.615173 1.000000
v 314.000000 381.837708 381.837708 1.000000
v 372.000000 300.000000 519.615173 1.000000
v 372.000000 424.264099 424.264099 1.000000
v 372.000000 519.615173 300.000000 1.000000
v 314.000000 467.653687 270.000000 1.000000
v 314.000000 381.837708 381.837708 1.000000
v 372.000000 519.615173 300.000000 1.000000
v 314.000000 381.837708 381.837708 1.000000
v 372.000000 424.264099 424.264099 1.000000
v 372.000000 579.555481 155.291397 1.000000
v 314.000000 521.599976 139.762299 1.000000
v 314.000000 467.653687 270.000000 1.000000
v 372.000000 579.555481 155.291397 1.000000
v 314.000000 467.653687 270.000000 1.000000
v 372.000000 519.615173 300.000000 1.000000
v 372.000000 579.555481 155.291397 1.000000
v 372.000000 600.000000 0.000000 1.000000
v 314.000000 540.000000 0.000000 1.000000
v 372.000000 579.555481 155.291397 1.000000
v 314.000000 540.000000 0.000000 1.000000
v 314.000000 521.599976 139.762299 1.000000
v 372.000000 600.000000 0.000000 1.000000
v 372.000000 579.555481 -155.291397 1.000000
v 314.000000 521.599976 -139.762299 1.000000
v 372.000000 600.000000 0.000000 1.000000
v 314.000000 521.599976 -139.762299 1.000000
v 314.000000 540.000000 0.000000 1.000000
v 372.000000 579.555481 -155.291397 1.000000
v 372.000000 519.615173 -300.000000 1.000000
v 327.781006 480.000000 -277.128113 1.000000
v 372.000000 579.555481 -155.291397 1.000000
v 327.781006 480.000000 -277.128113 1.000000
v 314.000000 480.000000 -240.193405 1.000000
v 372.000000 579.555481 -155.291397 1.000000
v 314.000000 480.000000 -240.193405 1.000000
v 314.000000 521.599976 -139.762299 1.000000
v 372.000000 519.615173 -300.000000 1.000000
v 372.000000 480.000000 -351.627594 1.000000
v 327.781006 480.000000 -277.128113 1.000000
v 327.781006 -480.000000 -277.128113 1.000000
v 372.000000 -480.000000 -351.627594 1.000000
v 372.000000 -519.615173 -300.000000 1.000000
v 314.000000 -521.599976 -139.762299 1.000000
v 314.000000 -480.000000 -240.193405 1.000000
v 327.781006 -480.000000 -277.128113 1.000000
v 314.000000 -521.599976 -139.762299 1.000000
v 327.781006 -480.000000 -277.128113 1.000000
v 372.000000 -519.615173 -300.000000 1.000000
v 314.000000 -521.599976 -139.762299 1.000000
v 372.000000 -519.615173 -300.000000 1.000000
v 372.000000 -579.555481 -155.291397 1.000000
v 314.000000 -521.599976 -139.762299 1.000000
v 372.000000 -579.555481 -155.291397 1.000000
v 372.000000 -600.000000 0.000000 1.000000
v 314.000000 -521.599976 -139.762299 1.000000
v 372.000000 -600.000000 0.000000 1.000000
v 314.000000 -540.000000 0.000000 1.000000
v 54.000000 -521.599976 139.762299 1.000000
v 54.000000 -540.000000 0.000000 1.000000
v 112.000000 -600.000000 0.000000 1.000000
v 54.000000 -521.599976 139.762299 1.000000
v 112.000000 -600.000000 0.000000 1.000000
v 112.000000 -579.555481 155.291397 1.000000
v 54.000000 -467.653687 270.000000 1.000000
v 54.000000 -521.599976 139.762299 1.000000
v 112.000000 -579.555481 155.291397 1.000000
v 54.000000 -467.653687 270.000000 1.000000
v 112.000000 -579.555481 155.291397 1.000000
v 112.000000 -519.615173 300.000000 1.000000
v 54.000000 -381.837708 381.837708 1.000000
v 54.000000 -467.653687 270.000000 1.000000
v 112.000000 -519.615173 300.000000 1.000000
v 54.000000 -381.837708 381.837708 1.000000
v 112.000000 -519.615173 300.000000 1.000000
v 112.000000 -424.264099 424.264099 1.000000
v 54.000000 -381.837708 381.837708 1.000000
v 112.000000 -424.264099 424.264099 1.000000
v 112.000000 -300.000000 519.615173 1.000000
v 54.000000 -381.837708 381.837708 1.000000
v 112.000000 -300.000000 519.615173 1.000000
v 54.000000 -270.000000 467.653687 1.000000
v 112.000000 -300.000000 519.615173 1.000000
v 112.000000 -155.291397 579.555481 1.000000
v 54.887798 -140.000000 522.487122 1.000000
v 112.000000 -300.000000 519.615173 1.000000
v 54.887798 -140.000000 522.487122 1.000000
v 54.000000 -140.000000 521.501526 1.000000
v 112.000000 -300.000000 519.615173 1.000000
v 54.000000 -140.000000 521.501526 1.000000
v 54.000000 -270.000000 467.653687 1.000000
v 112.000000 -155.291397 579.555481 1.000000
v 112.000000 -134.009399 582.357422 1.000000
v 91.150299 -140.000000 560.000000 1.000000
v 112.000000 -155.291397 579.555481 1.000000
v 91.150299 -140.000000 560.000000 1.000000
v 54.887798 -140.000000 522.487122 1.000000
v -54.887798 -140.000000 522.487122 1.000000
v -54.000000 -140.000000 521.501526 1.000000
v 54.887798 -140.000000 522.487122 1.000000
v -54.887798 -140.000000 522.487122 1.000000
v 54.887798 -140.000000 522.487122 1.000000
v 91.150299 -140.000000 560.000000 1.000000
v -54.887798 -140.000000 522.487122 1.000000
v 91.150299 -140.000000 560.000000 1.000000
v -91.150299 -140.000000 560.000000 1.000000
v 54.887798 -140.000000 522.487122 1.000000
v -54.000000 -140.000000 521.501526 1.000000
v 54.000000 -140.000000 521.501526 1.000000
v 112.000000 155.291397 579.555481 1.000000
v 54.887798 140.000000 522.487122 1.000000
v 91.150299 140.000000 560.000000 1.000000
v 112.000000 155.291397 579.555481 1.000000
v 91.150299 140.000000 560.000000 1.000000
v 112.000000 134.009399 582.357422 1.000000
v 54.887798 140.000000 522.487122 1.000000
v 112.000000 155.291397 579.555481 1.000000
v 112.000000 300.000000 519.615173 1.000000
v 54.887798 140.000000 522.487122 1.000000
v 112.000000 300.000000 519.615173 1.000000
v 54.000000 270.000000 467.653687 1.000000
v 54.887798 140.000000 522.487122 1.000000
v 54.000000 270.000000 467.653687 1.000000
v 54.000000 140.000000 521.501526 1.000000
v 54.000000 381.837708 381.837708 1.000000
v 54.000000 270.000000 467.653687 1.000000
v 112.000000 300.000000 519.615173 1.000000
v 54.000000 381.837708 381.837708 1.000000
v 112.000000 300.000000 519.615173 1.000000
v 112.000000 424.264099 424.264099 1.000000
v 112.000000 519.615173 300.000000 1.000000
v 54.000000 467.653687 270.000000 1.000000
v 54.000000 381.837708 381.837708 1.000000
v 112.000000 519.615173 300.000000 1.000000
v 54.000000 381.837708 381.837708 1.000000
v 112.000000 424.264099 424.264099 1.000000
v 112.000000 579.555481 155.291397 1.000000
v 54.000000 521.599976 139.762299 1.000000
v 54.000000 467.653687 270.000000 1.000000
v 112.000000 579.555481 155.291397 1.000000
v 54.000000 467.653687 270.000000 1.000000
v 112.000000 519.615173 300.000000 1.000000
v 112.000000 600.000000 0.000000 1.000000
v 54.000000 540.000000 0.000000 1.000000
v 54.000000 521.599976 139.762299 1.000000
v 112.000000 600.000000 0.000000 1.000000
v 54.000000 521.599976 139.762299 1.000000
v 112.000000 579.555481 155.291397 1.000000
v 112.000000 600.000000 0.000000 1.000000
v 112.000000 579.555481 -155.291397 1.000000
v 54.000000 521.599976 -139.762299 1.000000
v 112.000000 600.000000 0.000000 1.000000
v 54.000000 521.599976 -139.762299 1.000000
v 54.000000 540.000000 0.000000 1.000000
v 112.000000 579.555481 -155.291397 1.000000
v 112.000000 519.615173 -300.000000 1.000000
v 54.000000 467.653687 -270.000000 1.000000
v 112.000000 579.555481 -155.291397 1.000000
v 54.000000 467.653687 -270.000000 1.000000
v 54.000000 521.599976 -139.762299 1.000000
v 112.000000 519.615173 -300.000000 1.000000
v 112.000000 424.264099 -424.264099 1.000000
v 54.000000 381.837708 -381.837708 1.000000
v 112.000000 519.615173 -300.000000 1.000000
v 54.000000 381.837708 -381.837708 1.000000
v 54.000000 467.653687 -270.000000 1.000000
v 112.000000 300.000000 -519.615173 1.000000
v 54.000000 270.000000 -467.653687 1.000000
v 54.000000 381.837708 -381.837708 1.000000
v 112.000000 300.000000 -519.615173 1.000000
v 54.000000 381.837708 -381.837708 1.000000
v 112.000000 424.264099 -424.264099 1.000000
v 112.000000 155.291397 -579.555481 1.000000
v 54.000000 139.762299 -521.599976 1.000000
v 54.000000 270.000000 -467.653687 1.000000
v 112.000000 155.291397 -579.555481 1.000000
v 54.000000 270.000000 -467.653687 1.000000
v 112.000000 300.000000 -519.615173 1.000000
v 112.000000 155.291397 -579.555481 1.000000
v 112.000000 125.000000 -583.543518 1.000000
v 54.000000 125.000000 -523.543518 1.000000
v 112.000000 155.291397 -579.555481 1.000000
v 54.000000 125.000000 -523.543518 1.000000
v 54.000000 139.762299 -521.599976 1.000000
v 112.000000 -125.000000 -583.543518 1.000000
v 112.000000 -155.291397 -579.555481 1.000000
v 54.000000 -139.762299 -521.599976 1.000000
v 112.000000 -125.000000 -583.543518 1.000000
v 54.000000 -139.762299 -521.599976 1.000000
v 54.000000 -125.000000 -523.543518 1.000000
v 112.000000 -155.291397 -579.555481 1.000000
v 112.000000 -300.000000 -519.615173 1.000000
v 54.000000 -270.000000 -467.653687 1.000000
v 112.000000 -155.291397 -579.555481 1.000000
v 54.000000 -270.000000 -467.653687 1.000000
v 54.000000 -139.762299 -521.599976 1.000000
v 112.000000 -300.000000 -519.615173 1.000000
v 112.000000 -424.264099 -424.264099 1.000000
v 54.000000 -381.837708 -381.837708 1.000000
v 112.000000 -300.000000 -519.615173 1.000000
v 54.000000 -381.837708 -381.837708 1.000000
v 54.000000 -270.000000 -467.653687 1.000000
v 54.000000 -381.837708 -381.837708 1.000000
v 112.000000 -424.264099 -424.264099 1.000000
v 112.000000 -519.615173 -300.000000 1.000000
v 54.000000 -381.837708 -381.837708 1.000000
v 112.000000 -519.615173 -300.000000 1.000000
v 54.000000 -467.653687 -270.000000 1.000000
v 54.000000 -467.653687 -270.000000 1.000000
v 112.000000 -519.615173 -300.000000 1.000000
v 112.000000 -579.555481 -155.291397 1.000000
v 54.000000 -467.653687 -270.000000 1.000000
v 112.000000 -579.555481 -155.291397 1.000000
v 54.000000 -521.599976 -139.762299 1.000000
v 54.000000 -521.599976 -139.762299 1.000000
v 112.000000 -579.555481 -155.291397 1.000000
v 112.000000 -600.000000 0.000000 1.000000
v 54.000000 -521.599976 -139.762299 1.000000
v 112.000000 -600.000000 0.000000 1.000000
v 54.000000 -540.000000 0.000000 1.000000
v -206.000000 -521.599976 139.762299 1.000000
v -206.000000 -540.000000 0.000000 1.000000
v -148.000000 -600.000000 0.000000 1.000000
v -206.000000 -521.599976 139.762299 1.000000
v -148.000000 -600.000000 0.000000 1.000000
v -148.000000 -579.555481 155.291397 1.000000
v -206.000000 -467.653687 270.000000 1.000000
v -206.000000 -521.599976 139.762299 1.000000
v -148.000000 -579.555481 155.291397 1.000000
v -206.000000 -467.653687 270.000000 1.000000
v -148.000000 -579.555481 155.291397 1.000000
v -148.000000 -519.615173 300.000000 1.000000
v -206.000000 -381.837708 381.837708 1.000000
v -206.000000 -467.653687 270.000000 1.000000
v -148.000000 -519.615173 300.000000 1.000000
v -206.000000 -381.837708 381.837708 1.000000
v -148.000000 -519.615173 300.000000 1.000000
v -148.000000 -424.264099 424.264099 1.000000
v -206.000000 -381.837708 381.837708 1.000000
v -148.000000 -424.264099 424.264099 1.000000
v -148.000000 -300.000000 519.615173 1.000000
v -206.000000 -381.837708 381.837708 1.000000
v -148.000000 -300.000000 519.615173 1.000000
v -206.000000 -270.000000 467.653687 1.000000
v -148.000000 -300.000000 519.615173 1.000000
v -148.000000 -155.291397 579.555481 1.000000
v -205.112198 -140.000000 522.487122 1.000000
v -148.000000 -300.000000 519.615173 1.000000
v -205.112198 -140.000000 522.487122 1.000000
v -206.000000 -140.000000 521.501526 1.000000
v -148.000000 -300.000000 519.615173 1.000000
v -206.000000 -140.000000 521.501526 1.000000
v -206.000000 -270.000000 467.653687 1.000000
v -148.000000 -155.291397 579.555481 1.000000
v -148.000000 -134.009399 582.357422 1.000000
v -168.849701 -140.000000 560.000000 1.000000
v -148.000000 -155.291397 579.555481 1.000000
v -168.849701 -140.000000 560.000000 1.000000
v -205.112198 -140.000000 522.487122 1.000000
v -314.887787 -140.000000 522.487122 1.000000
v -314.000000 -140.000000 521.501526 1.000000
v -205.112198 -140.000000 522.487122 1.000000
v -314.887787 -140.000000 522.487122 1.000000
v -205.112198 -140.000000 522.487122 1.000000
v -168.849701 -140.000000 560.000000 1.000000
v -314.887787 -140.000000 522.487122 1.000000
v -168.849701 -140.000000 560.000000 1.000000
v -351.150299 -140.000000 560.000000 1.000000
v -205.112198 -140.000000 522.487122 1.000000
v -314.000000 -140.000000 521.501526 1.000000
v -206.000000 -140.000000 521.501526 1.000000
v -148.000000 155.291397 579.555481 1.000000
v -205.112198 140.000000 522.487122 1.000000
v -168.849701 140.000000 560.000000 1.000000
v -148.000000 155.291397 579.555481 1.000000
v -168.849701 140.000000 560.000000 1.000000
v -148.000000 134.009399 582.357422 1.000000
v -205.112198 140.000000 522.487122 1.000000
v -148.000000 155.291397 579.555481 1.000000
v -148.000000 300.000000 519.615173 1.000000
v -205.112198 140.000000 522.487122 1.000000
v -148.000000 300.000000 519.615173 1.000000
v -206.000000 270.000000 467.653687 1.000000
v -205.112198 140.000000 522.487122 1.000000
v -206.000000 270.000000 467.653687 1.000000
v -206.000000 140.000000 521.501526 1.000000
v -206.000000 381.837708 381.837708 1.000000
v -206.000000 270.000000 467.653687 1.000000
v -148.000000 300.000000 519.615173 1.000000
v -206.000000 381.837708 381.837708 1.000000
v -148.000000 300.000000 519.615173 1.000000
v -148.000000 424.264099 424.264099 1.000000
v -148.000000 519.615173 300.000000 1.000000
v -206.000000 467.653687 270.000000 1.000000
v -206.000000 381.837708 381.837708 1.000000
v -148.000000 519.615173 300.000000 1.000000
v -206.000000 381.837708 381.837708 1.000000
v -148.000000 424.264099 424.264099 1.000000
v -148.000000 579.555481 155.291397 1.000000
v -206.000000 521.599976 139.762299 1.000000
v -206.000000 467.653687 270.000000 1.000000
v -148.000000 579.555481 155.291397 1.000000
v -206.000000 467.653687 270.000000 1.000000
v -148.000000 519.615173 300.000000 1.000000
v -148.000000 600.000000 0.000000 1.000000
v -206.000000 540.000000 0.000000 1.000000
v -206.000000 521.599976 139.762299 1.000000
v -148.000000 600.000000 0.000000 1.000000
v -206.000000 521.599976 139.762299 1.000000
v -148.000000 579.555481 155.291397 1.000000
v -148.000000 600.000000 0.000000 1.000000
v -148.000000 579.555481 -155.291397 1.000000
v -206.000000 521.599976 -139.762299 1.000000
v -148.000000 600.000000 0.000000 1.000000
v -206.000000 521.599976 -139.762299 1.000000
v -206.000000 540.000000 0.000000 1.000000
v -148.000000 579.555481 -155.291397 1.000000
v -148.000000 519.615173 -300.000000 1.000000
v -206.000000 467.653687 -270.000000 1.000000
v -148.000000 579.555481 -155.291397 1.000000
v -206.000000 467.653687 -270.000000 1.000000
v -206.000000 521.599976 -139.762299 1.000000
v -148.000000 519.615173 -300.000000 1.000000
v -148.000000 424.264099 -424.264099 1.000000
v -206.000000 381.837708 -381.837708 1.000000
v -148.000000 519.615173 -300.000000 1.000000
v -206.000000 381.837708 -381.837708 1.000000
v -206.000000 467.653687 -270.000000 1.000000
v -148.000000 300.000000 -519.615173 1.000000
v -206.000000 270.000000 -467.653687 1.000000
v -206.000000 381.837708 -381.837708 1.000000
v -148.000000 300.000000 -519.615173 1.000000
v -206.000000 381.837708 -381.837708 1.000000
v -148.000000 424.264099 -424.264099 1.000000
v -148.000000 155.291397 -579.555481 1.000000
v -206.000000 139.762299 -521.599976 1.000000
v -206.000000 270.000000 -467.653687 1.000000
v -148.000000 155.291397 -579.555481 1.000000
v -206.000000 270.000000 -467.653687 1.000000
v -148.000000 300.000000 -519.615173 1.000000
v -148.000000 155.291397 -579.555481 1.000000
v -148.000000 125.000000 -583.543518 1.000000
v -206.000000 125.000000 -523.543518 1.000000
v -148.000000 155.291397 -579.555481 1.000000
v -206.000000 125.000000 -523.543518 1.000000
v -206.000000 139.762299 -521.599976 1.000000
v -148.000000 -125.000000 -583.543518 1.000000
v -148.000000 -155.291397 -579.555481 1.000000
v -206.000000 -139.762299 -521.599976 1.000000
v -148.000000 -125.000000 -583.543518 1.000000
v -206.000000 -139.762299 -521.599976 1.000000
v -206.000000 -125.000000 -523.543518 1.000000
v -148.000000 -155.291397 -579.555481 1.000000
v -148.000000 -300.000000 -519.615173 1.000000
v -206.000000 -270.000000 -467.653687 1.000000
v -148.000000 -155.291397 -579.555481 1.000000
v -206.000000 -270.000000 -467.653687 1.000000
v -206.000000 -139.762299 -521.599976 1.000000
v -148.000000 -300.000000 -519.615173 1.000000
v -148.000000 -424.264099 -424.264099 1.000000
v -206.000000 -381.837708 -381.837708 1.000000
v -148.000000 -300.000000 -519.615173 1.000000
v -206.000000 -381.837708 -381.837708 1.000000
v -206.000000 -270.000000 -467.653687 1.000000
v -206.000000 -381.837708 -381.837708 1.000000
v -148.000000 -424.264099 -424.264099 1.000000
v -148.000000 -519.615173 -300.000000 1.000000
v -206.000000 -381.837708 -381.837708 1.000000
v -148.000000 -519.615173 -300.000000 1.000000
v -206.000000 -467.653687 -270.000000 1.000000
v -206.000000 -467.653687 -270.000000 1.000000
v -148.000000 -519.615173 -300.000000 1.000000
v -148.000000 -579.555481 -155.291397 1.000000
v -206.000000 -467.653687 -270.000000 1.000000
v -148.000000 -579.555481 -155.291397 1.000000
v -206.000000 -521.599976 -139.762299 1.000000
v -206.000000 -521.599976 -139.762299 1.000000
v -148.000000 -579.555481 -155.291397 1.000000
v -148.000000 -600.000000 0.000000 1.000000
v -206.000000 -521.599976 -139.762299 1.000000
v -148.000000 -600.000000 0.000000 1.000000
v -206.000000 -540.000000 0.000000 1.000000
v -466.000000 -521.599976 139.762299 1.000000
v -466.000000 -540.000000 0.000000 1.000000
v -408.000000 -600.000000 0.000000 1.000000
v -466.000000 -521.599976 139.762299 1.000000
v -408.000000 -600.000000 0.000000 1.000000
v -408.000000 -579.555481 155.291397 1.000000
v -466.000000 -467.653687 270.000000 1.000000
v -466.000000 -521.599976 139.762299 1.000000
v -408.000000 -579.555481 155.291397 1.000000
v -466.000000 -467.653687 270.000000 1.000000
v -408.000000 -579.555481 155.291397 1.000000
v -408.000000 -519.615173 300.000000 1.000000
v -466.000000 -381.837708 381.837708 1.000000
v -466.000000 -467.653687 270.000000 1.000000
v -408.000000 -519.615173 300.000000 1.000000
v -466.000000 -381.837708 381.837708 1.000000
v -408.000000 -519.615173 300.000000 1.000000
v -408.000000 -424.264099 424.264099 1.000000
v -466.000000 -381.837708 381.837708 1.000000
v -408.000000 -424.264099 424.264099 1.000000
v -408.000000 -300.000000 519.615173 1.000000
v -466.000000 -381.837708 381.837708 1.000000
v -408.000000 -300.000000 519.615173 1.000000
v -443.328705 -281.726501 487.964691 1.000000
v -466.000000 -381.837708 381.837708 1.000000
v -443.328705 -281.726501 487.964691 1.000000
v -466.000000 -304.397888 441.259308 1.000000
v -408.000000 -300.000000 519.615173 1.000000
v -408.000000 -246.397797 541.817993 1.000000
v -443.328705 -281.726501 487.964691 1.000000
v -443.328705 281.726501 487.964691 1.000000
v -408.000000 246.397797 541.817993 1.000000
v -408.000000 300.000000 519.615173 1.000000
v -466.000000 304.397888 441.259308 1.000000
v -443.328705 281.726501 487.964691 1.000000
v -408.000000 300.000000 519.615173 1.000000
v -466.000000 304.397888 441.259308 1.000000
v -408.000000 300.000000 519.615173 1.000000
v -408.000000 424.264099 424.264099 1.000000
v -466.000000 304.397888 441.259308 1.000000
v -408.000000 424.264099 424.264099 1.000000
v -466.000000 381.837708 381.837708 1.000000
v -408.000000 519.615173 300.000000 1.000000
v -466.000000 467.653687 270.000000 1.000000
v -466.000000 381.837708 381.837708 1.000000
v -408.000000 519.615173 300.000000 1.000000
v -466.000000 381.837708 381.837708 1.000000
v -408.000000 424.264099 424.264099 1.000000
v -408.000000 579.555481 155.291397 1.000000
v -466.000000 521.599976 139.762299 1.000000
v -466.000000 467.653687 270.000000 1.000000
v -408.000000 579.555481 155.291397 1.000000
v -466.000000 467.653687 270.000000 1.000000
v -408.000000 519.615173 300.000000 1.000000
v -408.000000 579.555481 155.291397 1.000000
v -408.000000 600.000000 0.000000 1.000000
v -466.000000 540.000000 0.000000 1.000000
v -408.000000 579.555481 155.291397 1.000000
v -466.000000 540.000000 0.000000 1.000000
v -466.000000 521.599976 139.762299 1.000000
v -408.000000 600.000000 0.000000 1.000000
v -408.000000 579.555481 -155.291397 1.000000
v -466.000000 521.599976 -139.762299 1.000000
v -408.000000 600.000000 0.000000 1.000000
v -466.000000 521.599976 -139.762299 1.000000
v -466.000000 540.000000 0.000000 1.000000
v -408.000000 579.555481 -155.291397 1.000000
v -408.000000 519.615173 -300.000000 1.000000
v -452.218994 480.000000 -277.128113 1.000000
v -408.000000 579.555481 -155.291397 1.000000
v -452.218994 480.000000 -277.128113 1.000000
v -466.000000 480.000000 -240.193405 1.000000
v -408.000000 579.555481 -155.291397 1.000000
v -466.000000 480.000000 -240.193405 1.000000
v -466.000000 521.599976 -139.762299 1.000000
v -408.000000 519.615173 -300.000000 1.000000
v -408.000000 480.000000 -351.627594 1.000000
v -452.218994 480.000000 -277.128113 1.000000
v -452.218994 -480.000000 -277.128113 1.000000
v -408.000000 -480.000000 -351.627594 1.000000
v -408.000000 -519.615173 -300.000000 1.000000
v -466.000000 -521.599976 -139.762299 1.000000
v -466.000000 -480.000000 -240.193405 1.000000
v -452.218994 -480.000000 -277.128113 1.000000
v -466.000000 -521.599976 -139.762299 1.000000
v -452.218994 -480.000000 -277.128113 1.000000
v -408.000000 -519.615173 -300.000000 1.000000
v -466.000000 -521.599976 -139.762299 1.000000
v -408.000000 -519.615173 -300.000000 1.000000
v -408.000000 -579.555481 -155.291397 1.000000
v -466.000000 -521.599976 -139.762299 1.000000
v -408.000000 -579.555481 -155.291397 1.000000
v -408.000000 -600.000000 0.000000 1.000000
v -466.000000 -521.599976 -139.762299 1.000000
v -408.000000 -600.000000 0.000000 1.000000
v -466.000000 -540.000000 0.000000 1.000000
v -726.000000 -540.000000 0.000000 1.000000
v -668.000000 -600.000000 0.000000 1.000000
v -668.000000 -579.555481 155.291397 1.000000
v -726.000000 -540.000000 0.000000 1.000000
v -668.000000 -579.555481 155.291397 1.000000
v -726.000000 -521.599976 139.762299 1.000000
v -726.000000 -467.653687 270.000000 1.000000
v -726.000000 -521.599976 139.762299 1.000000
v -668.000000 -579.555481 155.291397 1.000000
v -726.000000 -467.653687 270.000000 1.000000
v -668.000000 -579.555481 155.291397 1.000000
v -668.000000 -519.615173 300.000000 1.000000
v -726.000000 -449.832001 293.225708 1.000000
v -726.000000 -467.653687 270.000000 1.000000
v -668.000000 -519.615173 300.000000 1.000000
v -726.000000 -449.832001 293.225708 1.000000
v -668.000000 -519.615173 300.000000 1.000000
v -668.000000 -434.290894 411.196808 1.000000
v -668.000000 519.615173 300.000000 1.000000
v -726.000000 467.653687 270.000000 1.000000
v -726.000000 449.832001 293.225708 1.000000
v -668.000000 519.615173 300.000000 1.000000
v -726.000000 449.832001 293.225708 1.000000
v -668.000000 434.290894 411.196808 1.000000
v -668.000000 579.555481 155.291397 1.000000
v -726.000000 521.599976 139.762299 1.000000
v -726.000000 467.653687 270.000000 1.000000
v -668.000000 579.555481 155.291397 1.000000
v -726.000000 467.653687 270.000000 1.000000
v -668.000000 519.615173 300.000000 1.000000
v -668.000000 600.000000 0.000000 1.000000
v -726.000000 540.000000 0.000000 1.000000
v -726.000000 521.599976 139.762299 1.000000
v -668.000000 600.000000 0.000000 1.000000
v -726.000000 521.599976 139.762299 1.000000
v -668.000000 579.555481 155.291397 1.000000
v -668.000000 600.000000 0.000000 1.000000
v -668.000000 579.555481 -155.291397 1.000000
v -726.000000 521.599976 -139.762299 1.000000
v -668.000000 600.000000 0.000000 1.000000
v -726.000000 521.599976 -139.762299 1.000000
v -726.000000 540.000000 0.000000 1.000000
v -668.000000 579.555481 -155.291397 1.000000
v -668.000000 519.615173 -300.000000 1.000000
v -726.000000 467.653687 -270.000000 1.000000
v -668.000000 579.555481 -155.291397 1.000000
v -726.000000 467.653687 -270.000000 1.000000
v -726.000000 521.599976 -139.762299 1.000000
v -668.000000 519.615173 -300.000000 1.000000
v -668.000000 424.264099 -424.264099 1.000000
v -726.000000 381.837708 -381.837708 1.000000
v -668.000000 519.615173 -300.000000 1.000000
v -726.000000 381.837708 -381.837708 1.000000
v -726.000000 467.653687 -270.000000 1.000000
v -668.000000 300.000000 -519.615173 1.000000
v -726.000000 270.000000 -467.653687 1.000000
v -726.000000 381.837708 -381.837708 1.000000
v -668.000000 300.000000 -519.615173 1.000000
v -726.000000 381.837708 -381.837708 1.000000
v -668.000000 424.264099 -424.264099 1.000000
v -668.000000 155.291397 -579.555481 1.000000
v -726.000000 139.762299 -521.599976 1.000000
v -726.000000 270.000000 -467.653687 1.000000
v -668.000000 155.291397 -579.555481 1.000000
v -726.000000 270.000000 -467.653687 1.000000
v -668.000000 300.000000 -519.615173 1.000000
v -668.000000 155.291397 -579.555481 1.000000
v -668.000000 125.000000 -583.543518 1.000000
v -726.000000 125.000000 -523.543518 1.000000
v -668.000000 155.291397 -579.555481 1.000000
v -726.000000 125.000000 -523.543518 1.000000
v -726.000000 139.762299 -521.599976 1.000000
v -668.000000 -125.000000 -583.543518 1.000000
v -668.000000 -155.291397 -579.555481 1.000000
v -726.000000 -139.762299 -521.599976 1.000000
v -668.000000 -125.000000 -583.543518 1.000000
v -726.000000 -139.762299 -521.599976 1.000000
v -726.000000 -125.000000 -523.543518 1.000000
v -668.000000 -155.291397 -579.555481 1.000000
v -668.000000 -300.000000 -519.615173 1.000000
v -726.000000 -270.000000 -467.653687 1.000000
v -668.000000 -155.291397 -579.555481 1.000000
v -726.000000 -270.000000 -467.653687 1.000000
v -726.000000 -139.762299 -521.599976 1.000000
v -668.000000 -300.000000 -519.615173 1.000000
v -668.000000 -424.264099 -424.264099 1.000000
v -726.000000 -381.837708 -381.837708 1.000000
v -668.000000 -300.000000 -519.615173 1.000000
v -726.000000 -381.837708 -381.837708 1.000000
v -726.000000 -270.000000 -467.653687 1.000000
v -726.000000 -381.837708 -381.837708 1.000000
v -668.000000 -424.264099 -424.264099 1.000000
v -668.000000 -519.615173 -300.000000 1.000000
v -726.000000 -381.837708 -381.837708 1.000000
v -668.000000 -519.615173 -300.000000 1.000000
v -726.000000 -467.653687 -270.000000 1.000000
v -726.000000 -467.653687 -270.000000 1.000000
v -668.000000 -519.615173 -300.000000 1.000000
v -668.000000 -579.555481 -155.291397 1.000000
v -726.000000 -467.653687 -270.000000 1.000000
v -668.000000 -579.555481 -155.291397 1.000000
v -726.000000 -521.599976 -139.762299 1.000000
v -726.000000 -521.599976 -139.762299 1.000000
v -668.000000 -579.555481 -155.291397 1.000000
v -668.000000 -600.000000 0.000000 1.000000
v -726.000000 -521.599976 -139.762299 1.000000
v -668.000000 -600.000000 0.000000 1.000000
v -726.000000 -540.000000 0.000000 1.000000
v -986.000000 -521.599976 -139.762299 1.000000
v -986.000000 -540.000000 -0.000000 1.000000
v -986.000000 -467.653687 -270.000000 1.000000
v -986.000000 -381.837708 -381.837708 1.000000
v -986.000000 -467.653687 -270.000000 1.000000
v -986.000000 -270.000000 -467.653687 1.000000
v -986.000000 -467.653687 270.000000 1.000000
v -986.000000 -540.000000 -0.000000 1.000000
v -986.000000 -521.599976 139.762299 1.000000
v -986.000000 -139.762299 -521.599976 1.000000
v -986.000000 -270.000000 -467.653687 1.000000
v -986.000000 -125.000000 -506.506287 1.000000
v -986.000000 -139.762299 -521.599976 1.000000
v -986.000000 -125.000000 -506.506287 1.000000
v -986.000000 -125.000000 -523.543518 1.000000
v -986.000000 139.762299 -521.599976 1.000000
v -986.000000 125.000000 -523.543518 1.000000
v -986.000000 125.000000 -506.506287 1.000000
v -986.000000 139.762299 -521.599976 1.000000
v -986.000000 125.000000 -506.506287 1.000000
v -986.000000 270.000000 -467.653687 1.000000
v -986.000000 381.837708 -381.837708 1.000000
v -986.000000 270.000000 -467.653687 1.000000
v -986.000000 467.653687 -270.000000 1.000000
v -986.000000 521.599976 -139.762299 1.000000
v -986.000000 467.653687 -270.000000 1.000000
v -986.000000 540.000000 0.000000 1.000000
v -986.000000 540.000000 0.000000 1.000000
v -986.000000 467.653687 270.000000 1.000000
v -986.000000 521.599976 139.762299 1.000000
v -986.000000 -422.501190 315.152496 1.000000
v -986.000000 -467.653687 270.000000 1.000000
v -986.000000 -422.501190 328.843903 1.000000
v -986.000000 467.653687 270.000000 1.000000
v -986.000000 422.501190 315.152496 1.000000
v -986.000000 422.501190 328.843903 1.000000
v -986.000000 -521.599976 139.762299 1.000000
v -986.000000 -540.000000 -0.000000 1.000000
v -928.000000 -600.000000 0.000000 1.000000
v -986.000000 -521.599976 139.762299 1.000000
v -928.000000 -600.000000 0.000000 1.000000
v -928.000000 -579.555481 155.291397 1.000000
v -986.000000 -467.653687 270.000000 1.000000
v -986.000000 -521.599976 139.762299 1.000000
v -928.000000 -579.555481 155.291397 1.000000
v -986.000000 -467.653687 270.000000 1.000000
v -928.000000 -579.555481 155.291397 1.000000
v -928.000000 -519.615173 300.000000 1.000000
v -986.000000 -422.501190 328.843903 1.000000
v -986.000000 -467.653687 270.000000 1.000000
v -928.000000 -519.615173 300.000000 1.000000
v -986.000000 -422.501190 328.843903 1.000000
v -928.000000 -519.615173 300.000000 1.000000
v -928.000000 -438.042297 406.308014 1.000000
v -1072.797974 -157.500000 1095.000000 1.000000
v -957.500000 -272.798004 1095.000000 1.000000
v -957.500000 -272.798004 1130.000000 1.000000
v -1072.797974 -157.500000 1095.000000 1.000000
v -957.500000 -272.798004 1130.000000 1.000000
v -1072.797974 -157.500000 1130.000000 1.000000
v -972.500000 -298.778809 1160.000000 1.000000
v -1098.778809 -172.500000 1160.000000 1.000000
v -1098.778809 -172.500000 1130.000000 1.000000
v -972.500000 -298.778809 1160.000000 1.000000
v -1098.778809 -172.500000 1130.000000 1.000000
v -972.500000 -298.778809 1130.000000 1.000000
v -957.500000 -272.798004 1617.000000 1.000000
v -1072.797974 -157.500000 1617.000000 1.000000
v -1072.797974 -157.500000 1160.000000 1.000000
v -957.500000 -272.798004 1617.000000 1.000000
v -1072.797974 -157.500000 1160.000000 1.000000
v -957.500000 -272.798004 1160.000000 1.000000
v -1087.520386 -166.000000 1647.000000 1.000000
v -966.000000 -287.520386 1647.000000 1.000000
v -966.000000 -287.520386 1646.000000 1.000000
v -1087.520386 -166.000000 1647.000000 1.000000
v -966.000000 -287.520386 1646.000000 1.000000
v -1087.520386 -166.000000 1646.000000 1.000000
v -986.000000 467.653687 270.000000 1.000000
v -986.000000 422.501190 328.843903 1.000000
v -928.000000 438.042297 406.308014 1.000000
v -986.000000 467.653687 270.000000 1.000000
v -928.000000 438.042297 406.308014 1.000000
v -928.000000 519.615173 300.000000 1.000000
v -928.000000 579.555481 155.291397 1.000000
v -986.000000 521.599976 139.762299 1.000000
v -986.000000 467.653687 270.000000 1.000000
v -928.000000 579.555481 155.291397 1.000000
v -986.000000 467.653687 270.000000 1.000000
v -928.000000 519.615173 300.000000 1.000000
v -928.000000 600.000000 0.000000 1.000000
v -986.000000 540.000000 0.000000 1.000000
v -986.000000 521.599976 139.762299 1.000000
v -928.000000 600.000000 0.000000 1.000000
v -986.000000 521.599976 139.762299 1.000000
v -928.000000 579.555481 155.291397 1.000000
v -1072.797974 157.500000 1130.000000 1.000000
v -957.500000 272.798004 1130.000000 1.000000
v -957.500000 272.798004 1095.000000 1.000000
v -1072.797974 157.500000 1130.000000 1.000000
v -957.500000 272.798004 1095.000000 1.000000
v -1072.797974 157.500000 1095.000000 1.000000
v -1098.778809 172.500000 1160.000000 1.000000
v -972.500000 298.778809 1160.000000 1.000000
v -972.500000 298.778809 1130.000000 1.000000
v -1098.778809 172.500000 1160.000000 1.000000
v -972.500000 298.778809 1130.000000 1.000000
v -1098.778809 172.500000 1130.000000 1.000000
v -1072.797974 157.500000 1617.000000 1.000000
v -957.500000 272.798004 1617.000000 1.000000
v -957.500000 272.798004 1160.000000 1.000000
v -1072.797974 157.500000 1617.000000 1.000000
v -957.500000 272.798004 1160.000000 1.000000
v -1072.797974 157.500000 1160.000000 1.000000
v -966.000000 287.520386 1647.000000 1.000000
v -1087.520386 166.000000 1647.000000 1.000000
v -1087.520386 166.000000 1646.000000 1.000000
v -966.000000 287.520386 1647.000000 1.000000
v -1087.520386 166.000000 1646.000000 1.000000
v -966.000000 287.520386 1646.000000 1.000000
v -928.000000 600.000000 0.000000 1.000000
v -928.000000 579.555481 -155.291397 1.000000
v -986.000000 521.599976 -139.762299 1.000000
v -928.000000 600.000000 0.000000 1.000000
v -986.000000 521.599976 -139.762299 1.000000
v -986.000000 540.000000 0.000000 1.000000
v -928.000000 579.555481 -155.291397 1.000000
v -928.000000 519.615173 -300.000000 1.000000
v -986.000000 467.653687 -270.000000 1.000000
v -928.000000 579.555481 -155.291397 1.000000
v -986.000000 467.653687 -270.000000 1.000000
v -986.000000 521.599976 -139.762299 1.000000
v -928.000000 519.615173 -300.000000 1.000000
v -928.000000 424.264099 -424.264099 1.000000
v -986.000000 381.837708 -381.837708 1.000000
v -928.000000 519.615173 -300.000000 1.000000
v -986.000000 381.837708 -381.837708 1.000000
v -986.000000 467.653687 -270.000000 1.000000
v -928.000000 300.000000 -519.615173 1.000000
v -986.000000 270.000000 -467.653687 1.000000
v -986.000000 381.837708 -381.837708 1.000000
v -928.000000 300.000000 -519.615173 1.000000
v -986.000000 381.837708 -381.837708 1.000000
v -928.000000 424.264099 -424.264099 1.000000
v -928.000000 155.291397 -579.555481 1.000000
v -986.000000 139.762299 -521.599976 1.000000
v -986.000000 270.000000 -467.653687 1.000000
v -928.000000 155.291397 -579.555481 1.000000
v -986.000000 270.000000 -467.653687 1.000000
v -928.000000 300.000000 -519.615173 1.000000
v -928.000000 125.000000 -583.543518 1.000000
v -986.000000 125.000000 -523.543518 1.000000
v -986.000000 139.762299 -521.599976 1.000000
v -928.000000 125.000000 -583.543518 1.000000
v -986.000000 139.762299 -521.599976 1.000000
v -928.000000 155.291397 -579.555481 1.000000
v -928.000000 -125.000000 -583.543518 1.000000
v -928.000000 -155.291397 -579.555481 1.000000
v -986.000000 -139.762299 -521.599976 1.000000
v -928.000000 -125.000000 -583.543518 1.000000
v -986.000000 -139.762299 -521.599976 1.000000
v -986.000000 -125.000000 -523.543518 1.000000
v -928.000000 -155.291397 -579.555481 1.000000
v -928.000000 -300.000000 -519.615173 1.000000
v -986.000000 -270.000000 -467.653687 1.000000
v -928.000000 -155.291397 -579.555481 1.000000
v -986.000000 -270.000000 -467.653687 1.000000
v -986.000000 -139.762299 -521.599976 1.000000
v -928.000000 -300.000000 -519.615173 1.000000
v -928.000000 -424.264099 -424.264099 1.000000
v -986.000000 -381.837708 -381.837708 1.000000
v -928.000000 -300.000000 -519.615173 1.000000
v -986.000000 -381.837708 -381.837708 1.000000
v -986.000000 -270.000000 -467.653687 1.000000
v -986.000000 -381.837708 -381.837708 1.000000
v -928.000000 -424.264099 -424.264099 1.000000
v -928.000000 -519.615173 -300.000000 1.000000
v -986.000000 -381.837708 -381.837708 1.000000
v -928.000000 -519.615173 -300.000000 1.000000
v -986.000000 -467.653687 -270.000000 1.000000
v -986.000000 -467.653687 -270.000000 1.000000
v -928.000000 -519.615173 -300.000000 1.000000
v -928.000000 -579.555481 -155.291397 1.000000
v -986.000000 -467.653687 -270.000000 1.000000
v -928.000000 -579.555481 -155.291397 1.000000
v -986.000000 -521.599976 -139.762299 1.000000
v -986.000000 -521.599976 -139.762299 1.000000
v -928.000000 -579.555481 -155.291397 1.000000
v -928.000000 -600.000000 0.000000 1.000000
v -986.000000 -521.599976 -139.762299 1.000000
v -928.000000 -600.000000 0.000000 1.000000
v -986.000000 -540.000000 -0.000000 1.000000
v -1094.000000 -480.000000 -223.923004 1.000000
v -1094.000000 -540.000000 0.000000 1.000000
v -1094.000000 -521.599976 -139.762299 1.000000
v -1094.000000 -480.000000 -223.923004 1.000000
v -1094.000000 -521.599976 -139.762299 1.000000
v -1094.000000 -480.000000 -240.193405 1.000000
v -1094.000000 -521.599976 139.762299 1.000000
v -1094.000000 -540.000000 0.000000 1.000000
v -1094.000000 -467.653687 270.000000 1.000000
v -1094.000000 480.000000 -240.193405 1.000000
v -1094.000000 521.599976 -139.762299 1.000000
v -1094.000000 540.000000 -0.000000 1.000000
v -1094.000000 480.000000 -240.193405 1.000000
v -1094.000000 540.000000 -0.000000 1.000000
v -1094.000000 480.000000 -223.923004 1.000000
v -1094.000000 521.599976 139.762299 1.000000
v -1094.000000 467.653687 270.000000 1.000000
v -1094.000000 540.000000 -0.000000 1.000000
v -1094.000000 -381.837708 381.837708 1.000000
v -1094.000000 -467.653687 270.000000 1.000000
v -1094.000000 -354.398102 383.255615 1.000000
v -1094.000000 -381.837708 381.837708 1.000000
v -1094.000000 -354.398102 383.255615 1.000000
v -1094.000000 -354.398102 402.892792 1.000000
v -1094.000000 381.837708 381.837708 1.000000
v -1094.000000 354.398102 402.892792 1.000000
v -1094.000000 354.398102 383.255615 1.000000
v -1094.000000 381.837708 381.837708 1.000000
v -1094.000000 354.398102 383.255615 1.000000
v -1094.000000 467.653687 270.000000 1.000000
v -1094.000000 -540.000000 0.000000 1.000000
v -986.000000 -540.000000 -0.000000 1.000000
v -986.000000 -467.653687 270.000000 1.000000
v -1094.000000 -540.000000 0.000000 1.000000
v -986.000000 -467.653687 270.000000 1.000000
v -1094.000000 -467.653687 270.000000 1.000000
v -986.000000 -467.653687 -270.000000 1.000000
v -1040.000000 -467.653687 -270.000000 1.000000
v -1040.000000 -270.000000 -467.653687 1.000000
v -986.000000 -467.653687 -270.000000 1.000000
v -1040.000000 -270.000000 -467.653687 1.000000
v -986.000000 -270.000000 -467.653687 1.000000
v -986.000000 -540.000000 -0.000000 1.000000
v -1094.000000 -540.000000 0.000000 1.000000
v -1094.000000 -480.000000 -223.923004 1.000000
v -986.000000 -540.000000 -0.000000 1.000000
v -1094.000000 -480.000000 -223.923004 1.000000
v -1040.000000 -480.000000 -223.923004 1.000000
v -986.000000 -540.000000 -0.000000 1.000000
v -1040.000000 -480.000000 -223.923004 1.000000
v -1040.000000 -467.653687 -270.000000 1.000000
v -986.000000 -540.000000 -0.000000 1.000000
v -1040.000000 -467.653687 -270.000000 1.000000
v -986.000000 -467.653687 -270.000000 1.000000
v -1040.000000 -125.000000 -615.000000 1.000000
v -1040.000000 -125.000000 -506.506287 1.000000
v -1040.000000 -270.000000 -467.653687 1.000000
v -1040.000000 -125.000000 -615.000000 1.000000
v -1040.000000 -270.000000 -467.653687 1.000000
v -1040.000000 -467.653687 -270.000000 1.000000
v -1040.000000 -125.000000 -615.000000 1.000000
v -1040.000000 -467.653687 -270.000000 1.000000
v -1040.000000 -480.000000 -620.000000 1.000000
v -1040.000000 -125.000000 -615.000000 1.000000
v -1040.000000 -480.000000 -620.000000 1.000000
v -1040.000000 480.000000 -620.000000 1.000000
v -1040.000000 -125.000000 -615.000000 1.000000
v -1040.000000 480.000000 -620.000000 1.000000
v -1040.000000 125.000000 -615.000000 1.000000
v -1040.000000 480.000000 -620.000000 1.000000
v -1040.000000 480.000000 -223.923004 1.000000
v -1040.000000 467.653687 -270.000000 1.000000
v -1040.000000 480.000000 -620.000000 1.000000
v -1040.000000 467.653687 -270.000000 1.000000
v -1040.000000 270.000000 -467.653687 1.000000
v -1040.000000 480.000000 -620.000000 1.000000
v -1040.000000 270.000000 -467.653687 1.000000
v -1040.000000 125.000000 -506.506287 1.000000
v -1040.000000 480.000000 -620.000000 1.000000
v -1040.000000 125.000000 -506.506287 1.000000
v -1040.000000 125.000000 -615.000000 1.000000
v -1040.000000 -480.000000 -620.000000 1.000000
v -1040.000000 -467.653687 -270.000000 1.000000
v -1040.000000 -480.000000 -223.923004 1.000000
v -986.000000 270.000000 -467.653687 1.000000
v -1040.000000 270.000000 -467.653687 1.000000
v -1040.000000 467.653687 -270.000000 1.000000
v -986.000000 270.000000 -467.653687 1.000000
v -1040.000000 467.653687 -270.000000 1.000000
v -986.000000 467.653687 -270.000000 1.000000
v -986.000000 125.000000 -506.506287 1.000000
v -1040.000000 125.000000 -506.506287 1.000000
v -1040.000000 270.000000 -467.653687 1.000000
v -986.000000 125.000000 -506.506287 1.000000
v -1040.000000 270.000000 -467.653687 1.000000
v -986.000000 270.000000 -467.653687 1.000000
v -1040.000000 -270.000000 -467.653687 1.000000
v -1040.000000 -125.000000 -506.506287 1.000000
v -986.000000 -125.000000 -506.506287 1.000000
v -1040.000000 -270.000000 -467.653687 1.000000
v -986.000000 -125.000000 -506.506287 1.000000
v -986.000000 -270.000000 -467.653687 1.000000
v -1094.000000 -467.653687 270.000000 1.000000
v -986.000000 -467.653687 270.000000 1.000000
v -986.000000 -422.501190 315.152496 1.000000
v -1094.000000 -467.653687 270.000000 1.000000
v -986.000000 -422.501190 315.152496 1.000000
v -1040.500122 -407.898010 329.755798 1.000000
v -1094.000000 -467.653687 270.000000 1.000000
v -1040.500122 -407.898010 329.755798 1.000000
v -1094.000000 -354.398102 383.255615 1.000000
v -986.000000 540.000000 0.000000 1.000000
v -1094.000000 540.000000 -0.000000 1.000000
v -1094.000000 467.653687 270.000000 1.000000
v -986.000000 540.000000 0.000000 1.000000
v -1094.000000 467.653687 270.000000 1.000000
v -986.000000 467.653687 270.000000 1.000000
v -1040.000000 480.000000 -223.923004 1.000000
v -1094.000000 480.000000 -223.923004 1.000000
v -1094.000000 540.000000 -0.000000 1.000000
v -1040.000000 480.000000 -223.923004 1.000000
v -1094.000000 540.000000 -0.000000 1.000000
v -986.000000 540.000000 0.000000 1.000000
v -1040.000000 480.000000 -223.923004 1.000000
v -986.000000 540.000000 0.000000 1.000000
v -986.000000 467.653687 -270.000000 1.000000
v -1040.000000 480.000000 -223.923004 1.000000
v -986.000000 467.653687 -270.000000 1.000000
v -1040.000000 467.653687 -270.000000 1.000000
v -986.000000 467.653687 270.000000 1.000000
v -1094.000000 467.653687 270.000000 1.000000
v -1094.000000 354.398102 383.255615 1.000000
v -986.000000 467.653687 270.000000 1.000000
v -1094.000000 354.398102 383.255615 1.000000
v -1040.500122 407.898010 329.755798 1.000000
v -986.000000 467.653687 270.000000 1.000000
v -1040.500122 407.898010 329.755798 1.000000
v -986.000000 422.501190 315.152496 1.000000
v -501.221191 172.500000 1130.000000 1.000000
v -455.000000 -0.000000 1130.000000 1.000000
v -485.000000 0.000000 1130.000000 1.000000
v -485.000000 0.000000 1130.000000 1.000000
v -455.000000 -0.000000 1130.000000 1.000000
v -501.221191 -172.500000 1130.000000 1.000000
v -485.000000 0.000000 1130.000000 1.000000
v -501.221191 -172.500000 1130.000000 1.000000
v -527.202026 -157.500000 1130.000000 1.000000
v -527.202026 -157.500000 1130.000000 1.000000
v -501.221191 -172.500000 1130.000000 1.000000
v -627.500000 -298.778809 1130.000000 1.000000
v -527.202026 -157.500000 1130.000000 1.000000
v -627.500000 -298.778809 1130.000000 1.000000
v -642.500000 -272.798004 1130.000000 1.000000
v -642.500000 -272.798004 1130.000000 1.000000
v -627.500000 -298.778809 1130.000000 1.000000
v -800.000000 -345.000000 1130.000000 1.000000
v -642.500000 -272.798004 1130.000000 1.000000
v -800.000000 -345.000000 1130.000000 1.000000
v -800.000000 -315.000000 1130.000000 1.000000
v -800.000000 -315.000000 1130.000000 1.000000
v -800.000000 -345.000000 1130.000000 1.000000
v -957.500000 -272.798004 1130.000000 1.000000
v -1145.000000 0.000000 1130.000000 1.000000
v -1115.000000 0.000000 1130.000000 1.000000
v -1098.778809 -172.500000 1130.000000 1.000000
v -1098.778809 -172.500000 1130.000000 1.000000
v -1115.000000 0.000000 1130.000000 1.000000
v -1072.797974 -157.500000 1130.000000 1.000000
v -1098.778809 -172.500000 1130.000000 1.000000
v -1072.797974 -157.500000 1130.000000 1.000000
v -972.500000 -298.778809 1130.000000 1.000000
v -972.500000 -298.778809 1130.000000 1.000000
v -1072.797974 -157.500000 1130.000000 1.000000
v -957.500000 -272.798004 1130.000000 1.000000
v -972.500000 -298.778809 1130.000000 1.000000
v -957.500000 -272.798004 1130.000000 1.000000
v -800.000000 -345.000000 1130.000000 1.000000
v -527.202026 157.500000 1130.000000 1.000000
v -642.500000 272.798004 1130.000000 1.000000
v -627.500000 298.778809 1130.000000 1.000000
v -527.202026 157.500000 1130.000000 1.000000
v -627.500000 298.778809 1130.000000 1.000000
v -501.221191 172.500000 1130.000000 1.000000
v -527.202026 157.500000 1130.000000 1.000000
v -501.221191 172.500000 1130.000000 1.000000
v -485.000000 0.000000 1130.000000 1.000000
v -1115.000000 0.000000 1130.000000 1.000000
v -1098.778809 172.500000 1130.000000 1.000000
v -1072.797974 157.500000 1130.000000 1.000000
v -1072.797974 157.500000 1130.000000 1.000000
v -1098.778809 172.500000 1130.000000 1.000000
v -972.500000 298.778809 1130.000000 1.000000
v -1072.797974 157.500000 1130.000000 1.000000
v -972.500000 298.778809 1130.000000 1.000000
v -957.500000 272.798004 1130.000000 1.000000
v -957.500000 272.798004 1130.000000 1.000000
v -972.500000 298.778809 1130.000000 1.000000
v -800.000000 345.000000 1130.000000 1.000000
v -957.500000 272.798004 1130.000000 1.000000
v -800.000000 345.000000 1130.000000 1.000000
v -800.000000 315.000000 1130.000000 1.000000
v -800.000000 315.000000 1130.000000 1.000000
v -800.000000 345.000000 1130.000000 1.000000
v -627.500000 298.778809 1130.000000 1.000000
v -800.000000 315.000000 1130.000000 1.000000
v -627.500000 298.778809 1130.000000 1.000000
v -642.500000 272.798004 1130.000000 1.000000
v -1098.778809 172.500000 1130.000000 1.000000
v -1115.000000 0.000000 1130.000000 1.000000
v -1145.000000 0.000000 1130.000000 1.000000
v -1072.797974 -157.500000 1130.000000 1.000000
v -1115.000000 0.000000 1130.000000 1.000000
v -1115.000000 0.000000 1095.000000 1.000000
v -1072.797974 -157.500000 1130.000000 1.000000
v -1115.000000 0.000000 1095.000000 1.000000
v -1072.797974 -157.500000 1095.000000 1.000000
v -1115.000000 0.000000 1130.000000 1.000000
v -1072.797974 157.500000 1130.000000 1.000000
v -1072.797974 157.500000 1095.000000 1.000000
v -1115.000000 0.000000 1130.000000 1.000000
v -1072.797974 157.500000 1095.000000 1.000000
v -1115.000000 0.000000 1095.000000 1.000000
v -501.221191 -172.500000 1160.000000 1.000000
v -455.000000 -0.000000 1160.000000 1.000000
v -485.000000 0.000000 1160.000000 1.000000
v -485.000000 0.000000 1160.000000 1.000000
v -455.000000 -0.000000 1160.000000 1.000000
v -501.221191 172.500000 1160.000000 1.000000
v -485.000000 0.000000 1160.000000 1.000000
v -501.221191 172.500000 1160.000000 1.000000
v -527.202026 157.500000 1160.000000 1.000000
v -527.202026 157.500000 1160.000000 1.000000
v -501.221191 172.500000 1160.000000 1.000000
v -627.500000 298.778809 1160.000000 1.000000
v -527.202026 157.500000 1160.000000 1.000000
v -627.500000 298.778809 1160.000000 1.000000
v -642.500000 272.798004 1160.000000 1.000000
v -642.500000 272.798004 1160.000000 1.000000
v -627.500000 298.778809 1160.000000 1.000000
v -800.000000 345.000000 1160.000000 1.000000
v -642.500000 272.798004 1160.000000 1.000000
v -800.000000 345.000000 1160.000000 1.000000
v -800.000000 315.000000 1160.000000 1.000000
v -800.000000 315.000000 1160.000000 1.000000
v -800.000000 345.000000 1160.000000 1.000000
v -957.500000 272.798004 1160.000000 1.000000
v -1145.000000 0.000000 1160.000000 1.000000
v -1115.000000 0.000000 1160.000000 1.000000
v -1098.778809 172.500000 1160.000000 1.000000
v -1098.778809 172.500000 1160.000000 1.000000
v -1115.000000 0.000000 1160.000000 1.000000
v -1072.797974 157.500000 1160.000000 1.000000
v -1098.778809 172.500000 1160.000000 1.000000
v -1072.797974 157.500000 1160.000000 1.000000
v -972.500000 298.778809 1160.000000 1.000000
v -972.500000 298.778809 1160.000000 1.000000
v -1072.797974 157.500000 1160.000000 1.000000
v -957.500000 272.798004 1160.000000 1.000000
v -972.500000 298.778809 1160.000000 1.000000
v -957.500000 272.798004 1160.000000 1.000000
v -800.000000 345.000000 1160.000000 1.000000
v -527.202026 -157.500000 1160.000000 1.000000
v -642.500000 -272.798004 1160.000000 1.000000
v -627.500000 -298.778809 1160.000000 1.000000
v -527.202026 -157.500000 1160.000000 1.000000
v -627.500000 -298.778809 1160.000000 1.000000
v -501.221191 -172.500000 1160.000000 1.000000
v -527.202026 -157.500000 1160.000000 1.000000
v -501.221191 -172.500000 1160.000000 1.000000
v -485.000000 0.000000 1160.000000 1.000000
v -1115.000000 0.000000 1160.000000 1.000000
v -1098.778809 -172.500000 1160.000000 1.000000
v -1072.797974 -157.500000 1160.000000 1.000000
v -1072.797974 -157.500000 1160.000000 1.000000
v -1098.778809 -172.500000 1160.000000 1.000000
v -972.500000 -298.778809 1160.000000 1.000000
v -1072.797974 -157.500000 1160.000000 1.000000
v -972.500000 -298.778809 1160.000000 1.000000
v -957.500000 -272.798004 1160.000000 1.000000
v -957.500000 -272.798004 1160.000000 1.000000
v -972.500000 -298.778809 1160.000000 1.000000
v -800.000000 -345.000000 1160.000000 1.000000
v -957.500000 -272.798004 1160.000000 1.000000
v -800.000000 -345.000000 1160.000000 1.000000
v -800.000000 -315.000000 1160.000000 1.000000
v -800.000000 -315.000000 1160.000000 1.000000
v -800.000000 -345.000000 1160.000000 1.000000
v -627.500000 -298.778809 1160.000000 1.000000
v -800.000000 -315.000000 1160.000000 1.000000
v -627.500000 -298.778809 1160.000000 1.000000
v -642.500000 -272.798004 1160.000000 1.000000
v -1098.778809 -172.500000 1160.000000 1.000000
v -1115.000000 0.000000 1160.000000 1.000000
v -1145.000000 0.000000 1160.000000 1.000000
v -512.479614 166.000000 1617.000000 1.000000
v -468.000000 -0.000000 1617.000000 1.000000
v -485.000000 -0.000000 1617.000000 1.000000
v -485.000000 -0.000000 1617.000000 1.000000
v -468.000000 -0.000000 1617.000000 1.000000
v -512.479614 -166.000000 1617.000000 1.000000
v -485.000000 -0.000000 1617.000000 1.000000
v -512.479614 -166.000000 1617.000000 1.000000
v -527.202026 -157.500000 1617.000000 1.000000
v -527.202026 -157.500000 1617.000000 1.000000
v -512.479614 -166.000000 1617.000000 1.000000
v -634.000000 -287.520386 1617.000000 1.000000
v -527.202026 -157.500000 1617.000000 1.000000
v -634.000000 -287.520386 1617.000000 1.000000
v -642.500000 -272.798004 1617.000000 1.000000
v -642.500000 -272.798004 1617.000000 1.000000
v -634.000000 -287.520386 1617.000000 1.000000
v -800.000000 -332.000000 1617.000000 1.000000
v -642.500000 -272.798004 1617.000000 1.000000
v -800.000000 -332.000000 1617.000000 1.000000
v -800.000000 -315.000000 1617.000000 1.000000
v -800.000000 -315.000000 1617.000000 1.000000
v -800.000000 -332.000000 1617.000000 1.000000
v -957.500000 -272.798004 1617.000000 1.000000
v -1132.000000 0.000000 1617.000000 1.000000
v -1115.000000 0.000000 1617.000000 1.000000
v -1087.520386 -166.000000 1617.000000 1.000000
v -1087.520386 -166.000000 1617.000000 1.000000
v -1115.000000 0.000000 1617.000000 1.000000
v -1072.797974 -157.500000 1617.000000 1.000000
v -1087.520386 -166.000000 1617.000000 1.000000
v -1072.797974 -157.500000 1617.000000 1.000000
v -966.000000 -287.520386 1617.000000 1.000000
v -966.000000 -287.520386 1617.000000 1.000000
v -1072.797974 -157.500000 1617.000000 1.000000
v -957.500000 -272.798004 1617.000000 1.000000
v -966.000000 -287.520386 1617.000000 1.000000
v -957.500000 -272.798004 1617.000000 1.000000
v -800.000000 -332.000000 1617.000000 1.000000
v -527.202026 157.500000 1617.000000 1.000000
v -642.500000 272.798004 1617.000000 1.000000
v -634.000000 287.520386 1617.000000 1.000000
v -527.202026 157.500000 1617.000000 1.000000
v -634.000000 287.520386 1617.000000 1.000000
v -512.479614 166.000000 1617.000000 1.000000
v -527.202026 157.500000 1617.000000 1.000000
v -512.479614 166.000000 1617.000000 1.000000
v -485.000000 -0.000000 1617.000000 1.000000
v -1115.000000 0.000000 1617.000000 1.000000
v -1087.520386 166.000000 1617.000000 1.000000
v -1072.797974 157.500000 1617.000000 1.000000
v -1072.797974 157.500000 1617.000000 1.000000
v -1087.520386 166.000000 1617.000000 1.000000
v -966.000000 287.520386 1617.000000 1.000000
v -1072.797974 157.500000 1617.000000 1.000000
v -966.000000 287.520386 1617.000000 1.000000
v -957.500000 272.798004 1617.000000 1.000000
v -957.500000 272.798004 1617.000000 1.000000
v -966.000000 287.520386 1617.000000 1.000000
v -800.000000 332.000000 1617.000000 1.000000
v -957.500000 272.798004 1617.000000 1.000000
v -800.000000 332.000000 1617.000000 1.000000
v -800.000000 315.000000 1617.000000 1.000000
v -800.000000 315.000000 1617.000000 1.000000
v -800.000000 332.000000 1617.000000 1.000000
v -634.000000 287.520386 1617.000000 1.000000
v -800.000000 315.000000 1617.000000 1.000000
v -634.000000 287.520386 1617.000000 1.000000
v -642.500000 272.798004 1617.000000 1.000000
v -1087.520386 166.000000 1617.000000 1.000000
v -1115.000000 0.000000 1617.000000 1.000000
v -1132.000000 0.000000 1617.000000 1.000000
v -1115.000000 0.000000 1617.000000 1.000000
v -1115.000000 0.000000 1160.000000 1.000000
v -1072.797974 -157.500000 1160.000000 1.000000
v -1115.000000 0.000000 1617.000000 1.000000
v -1072.797974 -157.500000 1160.000000 1.000000
v -1072.797974 -157.500000 1617.000000 1.000000
v -1115.000000 0.000000 1160.000000 1.000000
v -1115.000000 0.000000 1617.000000 1.000000
v -1072.797974 157.500000 1617.000000 1.000000
v -1115.000000 0.000000 1160.000000 1.000000
v -1072.797974 157.500000 1617.000000 1.000000
v -1072.797974 157.500000 1160.000000 1.000000
v -1132.000000 0.000000 1646.000000 1.000000
v -1087.520386 166.000000 1646.000000 1.000000
v -1087.520386 166.000000 1647.000000 1.000000
v -1132.000000 0.000000 1646.000000 1.000000
v -1087.520386 166.000000 1647.000000 1.000000
v -1132.000000 0.000000 1647.000000 1.000000
v -1087.520386 -166.000000 1646.000000 1.000000
v -1132.000000 0.000000 1646.000000 1.000000
v -1132.000000 0.000000 1647.000000 1.000000
v -1087.520386 -166.000000 1646.000000 1.000000
v -1132.000000 0.000000 1647.000000 1.000000
v -1087.520386 -166.000000 1647.000000 1.000000
v -1188.000000 -260.398102 530.226624 1.000000
v -1188.000000 -300.000000 519.615173 1.000000
v -1188.000000 -260.398102 536.018921 1.000000
v -1188.000000 -300.000000 519.615173 1.000000
v -1188.000000 -519.615173 300.000000 1.000000
v -1188.000000 -424.264099 424.264099 1.000000
v -1188.000000 -519.615173 300.000000 1.000000
v -1188.000000 -600.000000 0.000000 1.000000
v -1188.000000 -579.555481 155.291397 1.000000
v -1188.000000 600.000000 0.000000 1.000000
v -1188.000000 519.615173 300.000000 1.000000
v -1188.000000 579.555481 155.291397 1.000000
v -1188.000000 519.615173 300.000000 1.000000
v -1188.000000 300.000000 519.615173 1.000000
v -1188.000000 424.264099 424.264099 1.000000
v -1188.000000 300.000000 519.615173 1.000000
v -1188.000000 260.398102 530.226624 1.000000
v -1188.000000 260.398102 536.018921 1.000000
v -1188.000000 519.615173 -300.000000 1.000000
v -1188.000000 480.000000 -351.627594 1.000000
v -1188.000000 480.000000 -339.615204 1.000000
v -1188.000000 519.615173 -300.000000 1.000000
v -1188.000000 600.000000 0.000000 1.000000
v -1188.000000 579.555481 -155.291397 1.000000
v -1188.000000 -600.000000 0.000000 1.000000
v -1188.000000 -519.615173 -300.000000 1.000000
v -1188.000000 -579.555481 -155.291397 1.000000
v -1188.000000 -480.000000 -351.627594 1.000000
v -1188.000000 -519.615173 -300.000000 1.000000
v -1188.000000 -480.000000 -339.615204 1.000000
v -1188.000000 -579.555481 155.291397 1.000000
v -1188.000000 -600.000000 0.000000 1.000000
v -1152.000000 -600.000000 0.000000 1.000000
v -1188.000000 -579.555481 155.291397 1.000000
v -1152.000000 -600.000000 0.000000 1.000000
v -1152.000000 -579.555481 155.291397 1.000000
v -1152.000000 -519.615173 -300.000000 1.000000
v -1152.000000 -579.555481 -155.291397 1.000000
v -1188.000000 -579.555481 -155.291397 1.000000
v -1152.000000 -519.615173 -300.000000 1.000000
v -1188.000000 -579.555481 -155.291397 1.000000
v -1188.000000 -519.615173 -300.000000 1.000000
v -1188.000000 -600.000000 0.000000 1.000000
v -1188.000000 -579.555481 -155.291397 1.000000
v -1152.000000 -579.555481 -155.291397 1.000000
v -1188.000000 -600.000000 0.000000 1.000000
v -1152.000000 -579.555481 -155.291397 1.000000
v -1152.000000 -600.000000 0.000000 1.000000
v -1040.000000 -480.000000 -620.000000 1.000000
v -1240.000000 -480.000000 -620.000000 1.000000
v -1240.000000 480.000000 -620.000000 1.000000
v -1040.000000 -480.000000 -620.000000 1.000000
v -1240.000000 480.000000 -620.000000 1.000000
v -1040.000000 480.000000 -620.000000 1.000000
v -1188.000000 -519.615173 -300.000000 1.000000
v -1188.000000 -480.000000 -351.627594 1.000000
v -1152.000000 -480.000000 -351.627594 1.000000
v -1188.000000 -519.615173 -300.000000 1.000000
v -1152.000000 -480.000000 -351.627594 1.000000
v -1152.000000 -519.615173 -300.000000 1.000000
v -1152.000000 579.555481 -155.291397 1.000000
v -1152.000000 519.615173 -300.000000 1.000000
v -1188.000000 519.615173 -300.000000 1.000000
v -1152.000000 579.555481 -155.291397 1.000000
v -1188.000000 519.615173 -300.000000 1.000000
v -1188.000000 579.555481 -155.291397 1.000000
v -1188.000000 480.000000 -351.627594 1.000000
v -1188.000000 519.615173 -300.000000 1.000000
v -1152.000000 519.615173 -300.000000 1.000000
v -1188.000000 480.000000 -351.627594 1.000000
v -1152.000000 519.615173 -300.000000 1.000000
v -1152.000000 480.000000 -351.627594 1.000000
v -1040.000000 480.000000 -223.923004 1.000000
v -1040.000000 480.000000 -620.000000 1.000000
v -1152.000000 480.000000 -351.627594 1.000000
v -1040.000000 480.000000 -223.923004 1.000000
v -1152.000000 480.000000 -351.627594 1.000000
v -1107.781006 480.000000 -277.128113 1.000000
v -1040.000000 480.000000 -223.923004 1.000000
v -1107.781006 480.000000 -277.128113 1.000000
v -1094.000000 480.000000 -240.193405 1.000000
v -1040.000000 480.000000 -223.923004 1.000000
v -1094.000000 480.000000 -240.193405 1.000000
v -1094.000000 480.000000 -223.923004 1.000000
v -1040.000000 480.000000 -620.000000 1.000000
v -1240.000000 480.000000 -620.000000 1.000000
v -1232.218994 480.000000 -277.128113 1.000000
v -1040.000000 480.000000 -620.000000 1.000000
v -1232.218994 480.000000 -277.128113 1.000000
v -1188.000000 480.000000 -351.627594 1.000000
v -1040.000000 480.000000 -620.000000 1.000000
v -1188.000000 480.000000 -351.627594 1.000000
v -1152.000000 480.000000 -351.627594 1.000000
v -1232.218994 480.000000 -277.128113 1.000000
v -1240.000000 480.000000 -620.000000 1.000000
v -1240.000000 480.000000 -247.087494 1.000000
v -1188.000000 480.000000 -351.627594 1.000000
v -1232.218994 480.000000 -277.128113 1.000000
v -1188.000000 480.000000 -339.615204 1.000000
v -1188.000000 -519.615173 300.000000 1.000000
v -1188.000000 -579.555481 155.291397 1.000000
v -1152.000000 -579.555481 155.291397 1.000000
v -1188.000000 -519.615173 300.000000 1.000000
v -1152.000000 -579.555481 155.291397 1.000000
v -1152.000000 -519.615173 300.000000 1.000000
v -1188.000000 600.000000 0.000000 1.000000
v -1188.000000 579.555481 155.291397 1.000000
v -1152.000000 579.555481 155.291397 1.000000
v -1188.000000 600.000000 0.000000 1.000000
v -1152.000000 579.555481 155.291397 1.000000
v -1152.000000 600.000000 0.000000 1.000000
v -1188.000000 579.555481 -155.291397 1.000000
v -1188.000000 600.000000 0.000000 1.000000
v -1152.000000 600.000000 0.000000 1.000000
v -1188.000000 579.555481 -155.291397 1.000000
v -1152.000000 600.000000 0.000000 1.000000
v -1152.000000 579.555481 -155.291397 1.000000
v -1188.000000 424.264099 424.264099 1.000000
v -1188.000000 300.000000 519.615173 1.000000
v -1152.000000 300.000000 519.615173 1.000000
v -1188.000000 424.264099 424.264099 1.000000
v -1152.000000 300.000000 519.615173 1.000000
v -1152.000000 424.264099 424.264099 1.000000
v -1188.000000 519.615173 300.000000 1.000000
v -1188.000000 424.264099 424.264099 1.000000
v -1152.000000 424.264099 424.264099 1.000000
v -1188.000000 519.615173 300.000000 1.000000
v -1152.000000 424.264099 424.264099 1.000000
v -1152.000000 519.615173 300.000000 1.000000
v -1188.000000 579.555481 155.291397 1.000000
v -1188.000000 519.615173 300.000000 1.000000
v -1152.000000 519.615173 300.000000 1.000000
v -1188.000000 579.555481 155.291397 1.000000
v -1152.000000 519.615173 300.000000 1.000000
v -1152.000000 579.555481 155.291397 1.000000
v -1188.000000 -424.264099 424.264099 1.000000
v -1188.000000 -519.615173 300.000000 1.000000
v -1152.000000 -519.615173 300.000000 1.000000
v -1188.000000 -424.264099 424.264099 1.000000
v -1152.000000 -519.615173 300.000000 1.000000
v -1152.000000 -424.264099 424.264099 1.000000
v -1188.000000 300.000000 519.615173 1.000000
v -1188.000000 260.398102 536.018921 1.000000
v -1152.000000 296.398102 521.107178 1.000000
v -1188.000000 300.000000 519.615173 1.000000
v -1152.000000 296.398102 521.107178 1.000000
v -1152.000000 300.000000 519.615173 1.000000
v -1149.625977 298.772095 517.488403 1.000000
v -1152.000000 296.398102 521.107178 1.000000
v -1040.500122 407.898010 1095.000000 1.000000
v -1040.500122 407.898010 1095.000000 1.000000
v -1152.000000 296.398102 521.107178 1.000000
v -1188.000000 260.398102 536.018921 1.000000
v -1040.500122 407.898010 1095.000000 1.000000
v -1188.000000 260.398102 536.018921 1.000000
v -1212.898071 235.500000 511.141296 1.000000
v -1212.898071 235.500000 511.141296 1.000000
v -1188.000000 260.398102 536.018921 1.000000
v -1188.000000 260.398102 530.226624 1.000000
v -1040.500122 407.898010 1095.000000 1.000000
v -1040.500122 407.898010 329.755798 1.000000
v -1094.000000 354.398102 383.255615 1.000000
v -1040.500122 407.898010 1095.000000 1.000000
v -1094.000000 354.398102 383.255615 1.000000
v -1094.000000 354.398102 402.892792 1.000000
v -1040.500122 407.898010 1095.000000 1.000000
v -1094.000000 354.398102 402.892792 1.000000
v -1149.625977 298.772095 517.488403 1.000000
v -1040.500122 407.898010 1095.000000 1.000000
v -1212.898071 235.500000 511.141296 1.000000
v -1212.898071 235.500000 1095.000000 1.000000
v -1188.000000 -300.000000 519.615173 1.000000
v -1188.000000 -424.264099 424.264099 1.000000
v -1152.000000 -424.264099 424.264099 1.000000
v -1188.000000 -300.000000 519.615173 1.000000
v -1152.000000 -424.264099 424.264099 1.000000
v -1152.000000 -300.000000 519.615173 1.000000
v -1188.000000 -260.398102 536.018921 1.000000
v -1188.000000 -300.000000 519.615173 1.000000
v -1152.000000 -300.000000 519.615173 1.000000
v -1188.000000 -260.398102 536.018921 1.000000
v -1152.000000 -300.000000 519.615173 1.000000
v -1152.000000 -296.398102 521.107178 1.000000
v -1152.000000 -296.398102 521.107178 1.000000
v -1149.625977 -298.772095 517.488403 1.000000
v -1212.898071 -235.500000 1095.000000 1.000000
v -1212.898071 -235.500000 1095.000000 1.000000
v -1149.625977 -298.772095 517.488403 1.000000
v -1094.000000 -354.398102 402.892792 1.000000
v -1212.898071 -235.500000 1095.000000 1.000000
v -1094.000000 -354.398102 402.892792 1.000000
v -1040.500122 -407.898010 329.755798 1.000000
v -1040.500122 -407.898010 329.755798 1.000000
v -1094.000000 -354.398102 402.892792 1.000000
v -1094.000000 -354.398102 383.255615 1.000000
v -1212.898071 -235.500000 1095.000000 1.000000
v -1212.898071 -235.500000 511.141296 1.000000
v -1188.000000 -260.398102 530.226624 1.000000
v -1212.898071 -235.500000 1095.000000 1.000000
v -1188.000000 -260.398102 530.226624 1.000000
v -1188.000000 -260.398102 536.018921 1.000000
v -1212.898071 -235.500000 1095.000000 1.000000
v -1188.000000 -260.398102 536.018921 1.000000
v -1152.000000 -296.398102 521.107178 1.000000
v -1212.898071 -235.500000 1095.000000 1.000000
v -1040.500122 -407.898010 329.755798 1.000000
v -1040.500122 -407.898010 1095.000000 1.000000
v -397.102112 235.500000 1095.000000 1.000000
v -569.500122 407.898010 1095.000000 1.000000
v -527.202026 157.500000 1095.000000 1.000000
v -397.102112 235.500000 1095.000000 1.000000
v -527.202026 157.500000 1095.000000 1.000000
v -485.000000 -0.000000 1095.000000 1.000000
v -397.102112 235.500000 1095.000000 1.000000
v -485.000000 -0.000000 1095.000000 1.000000
v -397.102112 -235.500000 1095.000000 1.000000
v -397.102112 235.500000 1095.000000 1.000000
v -397.102112 -235.500000 1095.000000 1.000000
v -334.000092 -0.000000 1095.000000 1.000000
v -1115.000000 0.000000 1095.000000 1.000000
v -1072.797974 157.500000 1095.000000 1.000000
v -1040.500122 407.898010 1095.000000 1.000000
v -1040.500122 407.898010 1095.000000 1.000000
v -1072.797974 157.500000 1095.000000 1.000000
v -957.500000 272.798004 1095.000000 1.000000
v -1040.500122 407.898010 1095.000000 1.000000
v -957.500000 272.798004 1095.000000 1.000000
v -805.000122 471.000000 1095.000000 1.000000
v -805.000122 471.000000 1095.000000 1.000000
v -957.500000 272.798004 1095.000000 1.000000
v -800.000000 315.000000 1095.000000 1.000000
v -805.000122 471.000000 1095.000000 1.000000
v -800.000000 315.000000 1095.000000 1.000000
v -569.500122 407.898010 1095.000000 1.000000
v -569.500122 407.898010 1095.000000 1.000000
v -800.000000 315.000000 1095.000000 1.000000
v -642.500000 272.798004 1095.000000 1.000000
v -569.500122 407.898010 1095.000000 1.000000
v -642.500000 272.798004 1095.000000 1.000000
v -527.202026 157.500000 1095.000000 1.000000
v -1212.898071 235.500000 1095.000000 1.000000
v -1276.000122 0.000000 1095.000000 1.000000
v -1212.898071 -235.500000 1095.000000 1.000000
v -1212.898071 235.500000 1095.000000 1.000000
v -1212.898071 -235.500000 1095.000000 1.000000
v -1040.500122 -407.898010 1095.000000 1.000000
v -1212.898071 235.500000 1095.000000 1.000000
v -1040.500122 -407.898010 1095.000000 1.000000
v -1115.000000 0.000000 1095.000000 1.000000
v -1212.898071 235.500000 1095.000000 1.000000
v -1115.000000 0.000000 1095.000000 1.000000
v -1040.500122 407.898010 1095.000000 1.000000
v -527.202026 -157.500000 1095.000000 1.000000
v -642.500000 -272.798004 1095.000000 1.000000
v -569.500122 -407.898010 1095.000000 1.000000
v -527.202026 -157.500000 1095.000000 1.000000
v -569.500122 -407.898010 1095.000000 1.000000
v -397.102112 -235.500000 1095.000000 1.000000
v -527.202026 -157.500000 1095.000000 1.000000
v -397.102112 -235.500000 1095.000000 1.000000
v -485.000000 -0.000000 1095.000000 1.000000
v -1072.797974 -157.500000 1095.000000 1.000000
v -1040.500122 -407.898010 1095.000000 1.000000
v -957.500000 -272.798004 1095.000000 1.000000
v -957.500000 -272.798004 1095.000000 1.000000
v -1040.500122 -407.898010 1095.000000 1.000000
v -805.000122 -471.000000 1095.000000 1.000000
v -957.500000 -272.798004 1095.000000 1.000000
v -805.000122 -471.000000 1095.000000 1.000000
v -800.000000 -315.000000 1095.000000 1.000000
v -800.000000 -315.000000 1095.000000 1.000000
v -805.000122 -471.000000 1095.000000 1.000000
v -569.500122 -407.898010 1095.000000 1.000000
v -800.000000 -315.000000 1095.000000 1.000000
v -569.500122 -407.898010 1095.000000 1.000000
v -642.500000 -272.798004 1095.000000 1.000000
v -1115.000000 0.000000 1095.000000 1.000000
v -1040.500122 -407.898010 1095.000000 1.000000
v -1072.797974 -157.500000 1095.000000 1.000000
v -421.113892 -218.750000 1617.000000 1.000000
v -581.250000 -378.886108 1617.000000 1.000000
v -512.479614 -166.000000 1617.000000 1.000000
v -421.113892 -218.750000 1617.000000 1.000000
v -512.479614 -166.000000 1617.000000 1.000000
v -468.000000 -0.000000 1617.000000 1.000000
v -421.113892 -218.750000 1617.000000 1.000000
v -468.000000 -0.000000 1617.000000 1.000000
v -421.113892 218.750000 1617.000000 1.000000
v -421.113892 -218.750000 1617.000000 1.000000
v -421.113892 218.750000 1617.000000 1.000000
v -362.500000 -0.000000 1617.000000 1.000000
v -966.000000 -287.520386 1617.000000 1.000000
v -800.000000 -332.000000 1617.000000 1.000000
v -800.000000 -437.500000 1617.000000 1.000000
v -800.000000 -437.500000 1617.000000 1.000000
v -800.000000 -332.000000 1617.000000 1.000000
v -634.000000 -287.520386 1617.000000 1.000000
v -800.000000 -437.500000 1617.000000 1.000000
v -634.000000 -287.520386 1617.000000 1.000000
v -581.250000 -378.886108 1617.000000 1.000000
v -581.250000 -378.886108 1617.000000 1.000000
v -634.000000 -287.520386 1617.000000 1.000000
v -512.479614 -166.000000 1617.000000 1.000000
v -512.479614 166.000000 1617.000000 1.000000
v -634.000000 287.520386 1617.000000 1.000000
v -581.250000 378.886108 1617.000000 1.000000
v -581.250000 378.886108 1617.000000 1.000000
v -634.000000 287.520386 1617.000000 1.000000
v -800.000000 332.000000 1617.000000 1.000000
v -581.250000 378.886108 1617.000000 1.000000
v -800.000000 332.000000 1617.000000 1.000000
v -800.000000 437.500000 1617.000000 1.000000
v -800.000000 437.500000 1617.000000 1.000000
v -800.000000 332.000000 1617.000000 1.000000
v -966.000000 287.520386 1617.000000 1.000000
v -800.000000 437.500000 1617.000000 1.000000
v -966.000000 287.520386 1617.000000 1.000000
v -1018.750000 378.886108 1617.000000 1.000000
v -1018.750000 378.886108 1617.000000 1.000000
v -966.000000 287.520386 1617.000000 1.000000
v -1087.520386 166.000000 1617.000000 1.000000
v -1018.750000 378.886108 1617.000000 1.000000
v -1087.520386 166.000000 1617.000000 1.000000
v -1178.886108 218.750000 1617.000000 1.000000
v -1178.886108 218.750000 1617.000000 1.000000
v -1087.520386 166.000000 1617.000000 1.000000
v -1132.000000 0.000000 1617.000000 1.000000
v -1178.886108 218.750000 1617.000000 1.000000
v -1132.000000 0.000000 1617.000000 1.000000
v -1178.886108 -218.750000 1617.000000 1.000000
v -1178.886108 -218.750000 1617.000000 1.000000
v -1132.000000 0.000000 1617.000000 1.000000
v -1087.520386 -166.000000 1617.000000 1.000000
v -1178.886108 -218.750000 1617.000000 1.000000
v -1087.520386 -166.000000 1617.000000 1.000000
v -1018.750000 -378.886108 1617.000000 1.000000
v -1018.750000 -378.886108 1617.000000 1.000000
v -1087.520386 -166.000000 1617.000000 1.000000
v -966.000000 -287.520386 1617.000000 1.000000
v -1018.750000 -378.886108 1617.000000 1.000000
v -966.000000 -287.520386 1617.000000 1.000000
v -800.000000 -437.500000 1617.000000 1.000000
v -512.479614 166.000000 1617.000000 1.000000
v -581.250000 378.886108 1617.000000 1.000000
v -421.113892 218.750000 1617.000000 1.000000
v -512.479614 166.000000 1617.000000 1.000000
v -421.113892 218.750000 1617.000000 1.000000
v -468.000000 -0.000000 1617.000000 1.000000
v -1178.886108 218.750000 1617.000000 1.000000
v -1178.886108 -218.750000 1617.000000 1.000000
v -1237.500000 0.000000 1617.000000 1.000000
v -421.113892 218.750000 1647.000000 1.000000
v -581.250000 378.886108 1647.000000 1.000000
v -512.479614 166.000000 1647.000000 1.000000
v -421.113892 218.750000 1647.000000 1.000000
v -512.479614 166.000000 1647.000000 1.000000
v -468.000000 -0.000000 1647.000000 1.000000
v -421.113892 218.750000 1647.000000 1.000000
v -468.000000 -0.000000 1647.000000 1.000000
v -421.113892 -218.750000 1647.000000 1.000000
v -421.113892 218.750000 1647.000000 1.000000
v -421.113892 -218.750000 1647.000000 1.000000
v -362.500000 -0.000000 1647.000000 1.000000
v -966.000000 287.520386 1647.000000 1.000000
v -800.000000 332.000000 1647.000000 1.000000
v -800.000000 437.500000 1647.000000 1.000000
v -800.000000 437.500000 1647.000000 1.000000
v -800.000000 332.000000 1647.000000 1.000000
v -634.000000 287.520386 1647.000000 1.000000
v -800.000000 437.500000 1647.000000 1.000000
v -634.000000 287.520386 1647.000000 1.000000
v -581.250000 378.886108 1647.000000 1.000000
v -581.250000 378.886108 1647.000000 1.000000
v -634.000000 287.520386 1647.000000 1.000000
v -512.479614 166.000000 1647.000000 1.000000
v -512.479614 -166.000000 1647.000000 1.000000
v -634.000000 -287.520386 1647.000000 1.000000
v -581.250000 -378.886108 1647.000000 1.000000
v -581.250000 -378.886108 1647.000000 1.000000
v -634.000000 -287.520386 1647.000000 1.000000
v -800.000000 -332.000000 1647.000000 1.000000
v -581.250000 -378.886108 1647.000000 1.000000
v -800.000000 -332.000000 1647.000000 1.000000
v -800.000000 -437.500000 1647.000000 1.000000
v -800.000000 -437.500000 1647.000000 1.000000
v -800.000000 -332.000000 1647.000000 1.000000
v -966.000000 -287.520386 1647.000000 1.000000
v -800.000000 -437.500000 1647.000000 1.000000
v -966.000000 -287.520386 1647.000000 1.000000
v -1018.750000 -378.886108 1647.000000 1.000000
v -1018.750000 -378.886108 1647.000000 1.000000
v -966.000000 -287.520386 1647.000000 1.000000
v -1087.520386 -166.000000 1647.000000 1.000000
v -1018.750000 -378.886108 1647.000000 1.000000
v -1087.520386 -166.000000 1647.000000 1.000000
v -1178.886108 -218.750000 1647.000000 1.000000
v -1178.886108 -218.750000 1647.000000 1.000000
v -1087.520386 -166.000000 1647.000000 1.000000
v -1132.000000 0.000000 1647.000000 1.000000
v -1178.886108 -218.750000 1647.000000 1.000000
v -1132.000000 0.000000 1647.000000 1.000000
v -1178.886108 218.750000 1647.000000 1.000000
v -1178.886108 218.750000 1647.000000 1.000000
v -1132.000000 0.000000 1647.000000 1.000000
v -1087.520386 166.000000 1647.000000 1.000000
v -1178.886108 218.750000 1647.000000 1.000000
v -1087.520386 166.000000 1647.000000 1.000000
v -1018.750000 378.886108 1647.000000 1.000000
v -1018.750000 378.886108 1647.000000 1.000000
v -1087.520386 166.000000 1647.000000 1.000000
v -966.000000 287.520386 1647.000000 1.000000
v -1018.750000 378.886108 1647.000000 1.000000
v -966.000000 287.520386 1647.000000 1.000000
v -800.000000 437.500000 1647.000000 1.000000
v -512.479614 -166.000000 1647.000000 1.000000
v -581.250000 -378.886108 1647.000000 1.000000
v -421.113892 -218.750000 1647.000000 1.000000
v -512.479614 -166.000000 1647.000000 1.000000
v -421.113892 -218.750000 1647.000000 1.000000
v -468.000000 -0.000000 1647.000000 1.000000
v -1178.886108 -218.750000 1647.000000 1.000000
v -1178.886108 218.750000 1647.000000 1.000000
v -1237.500000 0.000000 1647.000000 1.000000
v -1018.750000 378.886108 1647.000000 1.000000
v -1018.750000 378.886108 1617.000000 1.000000
v -1178.886108 218.750000 1617.000000 1.000000
v -1018.750000 378.886108 1647.000000 1.000000
v -1178.886108 218.750000 1617.000000 1.000000
v -1178.886108 218.750000 1647.000000 1.000000
v -1237.500000 0.000000 1647.000000 1.000000
v -1178.886108 218.750000 1647.000000 1.000000
v -1178.886108 218.750000 1617.000000 1.000000
v -1237.500000 0.000000 1647.000000 1.000000
v -1178.886108 218.750000 1617.000000 1.000000
v -1237.500000 0.000000 1617.000000 1.000000
v -1018.750000 -378.886108 1647.000000 1.000000
v -1178.886108 -218.750000 1647.000000 1.000000
v -1178.886108 -218.750000 1617.000000 1.000000
v -1018.750000 -378.886108 1647.000000 1.000000
v -1178.886108 -218.750000 1617.000000 1.000000
v -1018.750000 -378.886108 1617.000000 1.000000
v -1246.000000 -540.000000 0.000000 1.000000
v -1188.000000 -600.000000 0.000000 1.000000
v -1188.000000 -519.615173 300.000000 1.000000
v -1246.000000 -540.000000 0.000000 1.000000
v -1188.000000 -519.615173 300.000000 1.000000
v -1246.000000 -467.653687 270.000000 1.000000
v -1246.000000 -467.653687 270.000000 1.000000
v -1188.000000 -519.615173 300.000000 1.000000
v -1188.000000 -300.000000 519.615173 1.000000
v -1246.000000 -467.653687 270.000000 1.000000
v -1188.000000 -300.000000 519.615173 1.000000
v -1246.000000 -270.000000 467.653687 1.000000
v -1188.000000 -300.000000 519.615173 1.000000
v -1188.000000 -260.398102 530.226624 1.000000
v -1246.000000 -270.000000 467.653687 1.000000
v -1246.000000 -270.000000 467.653687 1.000000
v -1188.000000 -260.398102 530.226624 1.000000
v -1212.898071 -235.500000 511.141296 1.000000
v -1246.000000 -270.000000 467.653687 1.000000
v -1212.898071 -235.500000 511.141296 1.000000
v -1246.000000 -140.000000 502.487091 1.000000
v -1246.000000 -140.000000 502.487091 1.000000
v -1212.898071 -235.500000 511.141296 1.000000
v -1238.487183 -140.000000 510.258911 1.000000
v -1178.886108 -218.750000 1647.000000 1.000000
v -1237.500000 0.000000 1647.000000 1.000000
v -1237.500000 0.000000 1617.000000 1.000000
v -1178.886108 -218.750000 1647.000000 1.000000
v -1237.500000 0.000000 1617.000000 1.000000
v -1178.886108 -218.750000 1617.000000 1.000000
v -1246.000000 270.000000 467.653687 1.000000
v -1246.000000 140.000000 502.487091 1.000000
v -1238.487183 140.000000 510.258911 1.000000
v -1246.000000 270.000000 467.653687 1.000000
v -1238.487183 140.000000 510.258911 1.000000
v -1212.898071 235.500000 511.141296 1.000000
v -1246.000000 270.000000 467.653687 1.000000
v -1212.898071 235.500000 511.141296 1.000000
v -1188.000000 260.398102 530.226624 1.000000
v -1246.000000 270.000000 467.653687 1.000000
v -1188.000000 260.398102 530.226624 1.000000
v -1188.000000 300.000000 519.615173 1.000000
v -1246.000000 467.653687 270.000000 1.000000
v -1246.000000 270.000000 467.653687 1.000000
v -1188.000000 300.000000 519.615173 1.000000
v -1246.000000 467.653687 270.000000 1.000000
v -1188.000000 300.000000 519.615173 1.000000
v -1188.000000 519.615173 300.000000 1.000000
v -1188.000000 600.000000 0.000000 1.000000
v -1246.000000 540.000000 -0.000000 1.000000
v -1246.000000 467.653687 270.000000 1.000000
v -1188.000000 600.000000 0.000000 1.000000
v -1246.000000 467.653687 270.000000 1.000000
v -1188.000000 519.615173 300.000000 1.000000
v -1246.000000 540.000000 -0.000000 1.000000
v -1188.000000 600.000000 0.000000 1.000000
v -1188.000000 519.615173 -300.000000 1.000000
v -1246.000000 540.000000 -0.000000 1.000000
v -1188.000000 519.615173 -300.000000 1.000000
v -1232.218994 480.000000 -277.128113 1.000000
v -1246.000000 540.000000 -0.000000 1.000000
v -1232.218994 480.000000 -277.128113 1.000000
v -1240.000000 480.000000 -247.087494 1.000000
v -1246.000000 540.000000 -0.000000 1.000000
v -1240.000000 480.000000 -247.087494 1.000000
v -1240.000000 473.029114 -273.103485 1.000000
v -1246.000000 540.000000 -0.000000 1.000000
v -1240.000000 473.029114 -273.103485 1.000000
v -1246.000000 467.653687 -270.000000 1.000000
v -1188.000000 480.000000 -339.615204 1.000000
v -1232.218994 480.000000 -277.128113 1.000000
v -1188.000000 519.615173 -300.000000 1.000000
v -1240.000000 273.103485 -473.029114 1.000000
v -1246.000000 270.000000 -467.653687 1.000000
v -1246.000000 467.653687 -270.000000 1.000000
v -1240.000000 273.103485 -473.029114 1.000000
v -1246.000000 467.653687 -270.000000 1.000000
v -1240.000000 473.029114 -273.103485 1.000000
v -1240.000000 0.000000 -546.206909 1.000000
v -1246.000000 0.000000 -540.000000 1.000000
v -1246.000000 270.000000 -467.653687 1.000000
v -1240.000000 0.000000 -546.206909 1.000000
v -1246.000000 270.000000 -467.653687 1.000000
v -1240.000000 273.103485 -473.029114 1.000000
v -1240.000000 0.000000 -546.206909 1.000000
v -1240.000000 -273.103485 -473.029114 1.000000
v -1246.000000 -270.000000 -467.653687 1.000000
v -1240.000000 0.000000 -546.206909 1.000000
v -1246.000000 -270.000000 -467.653687 1.000000
v -1246.000000 0.000000 -540.000000 1.000000
v -1188.000000 -480.000000 -339.615204 1.000000
v -1188.000000 -519.615173 -300.000000 1.000000
v -1232.218994 -480.000000 -277.128113 1.000000
v -1240.000000 -273.103485 -473.029114 1.000000
v -1240.000000 -473.029114 -273.103485 1.000000
v -1246.000000 -467.653687 -270.000000 1.000000
v -1240.000000 -273.103485 -473.029114 1.000000
v -1246.000000 -467.653687 -270.000000 1.000000
v -1246.000000 -270.000000 -467.653687 1.000000
v -1240.000000 -480.000000 -247.087494 1.000000
v -1232.218994 -480.000000 -277.128113 1.000000
v -1188.000000 -519.615173 -300.000000 1.000000
v -1240.000000 -480.000000 -247.087494 1.000000
v -1188.000000 -519.615173 -300.000000 1.000000
v -1246.000000 -540.000000 0.000000 1.000000
v -1240.000000 -480.000000 -247.087494 1.000000
v -1246.000000 -540.000000 0.000000 1.000000
v -1246.000000 -467.653687 -270.000000 1.000000
v -1240.000000 -480.000000 -247.087494 1.000000
v -1246.000000 -467.653687 -270.000000 1.000000
v -1240.000000 -473.029114 -273.103485 1.000000
v -1246.000000 -540.000000 0.000000 1.000000
v -1188.000000 -519.615173 -300.000000 1.000000
v -1188.000000 -600.000000 0.000000 1.000000
v -1240.000000 480.000000 -620.000000 1.000000
v -1240.000000 -480.000000 -620.000000 1.000000
v -1240.000000 0.000000 -546.206909 1.000000
v -1240.000000 480.000000 -620.000000 1.000000
v -1240.000000 0.000000 -546.206909 1.000000
v -1240.000000 273.103485 -473.029114 1.000000
v -1240.000000 480.000000 -620.000000 1.000000
v -1240.000000 273.103485 -473.029114 1.000000
v -1240.000000 473.029114 -273.103485 1.000000
v -1240.000000 480.000000 -620.000000 1.000000
v -1240.000000 473.029114 -273.103485 1.000000
v -1240.000000 480.000000 -247.087494 1.000000
v -1240.000000 -480.000000 -620.000000 1.000000
v -1240.000000 -480.000000 -247.087494 1.000000
v -1240.000000 -473.029114 -273.103485 1.000000
v -1240.000000 -480.000000 -620.000000 1.000000
v -1240.000000 -473.029114 -273.103485 1.000000
v -1240.000000 -273.103485 -473.029114 1.000000
v -1240.000000 -480.000000 -620.000000 1.000000
v -1240.000000 -273.103485 -473.029114 1.000000
v -1240.000000 0.000000 -546.206909 1.000000
v -1094.000000 -480.000000 -240.193405 1.000000
v -1107.781006 -480.000000 -277.128113 1.000000
v -1040.000000 -480.000000 -223.923004 1.000000
v -1040.000000 -480.000000 -223.923004 1.000000
v -1107.781006 -480.000000 -277.128113 1.000000
v -1152.000000 -480.000000 -351.627594 1.000000
v -1040.000000 -480.000000 -223.923004 1.000000
v -1152.000000 -480.000000 -351.627594 1.000000
v -1240.000000 -480.000000 -620.000000 1.000000
v -1240.000000 -480.000000 -620.000000 1.000000
v -1152.000000 -480.000000 -351.627594 1.000000
v -1188.000000 -480.000000 -351.627594 1.000000
v -1240.000000 -480.000000 -620.000000 1.000000
v -1188.000000 -480.000000 -351.627594 1.000000
v -1232.218994 -480.000000 -277.128113 1.000000
v -1232.218994 -480.000000 -277.128113 1.000000
v -1188.000000 -480.000000 -351.627594 1.000000
v -1188.000000 -480.000000 -339.615204 1.000000
v -1040.000000 -480.000000 -223.923004 1.000000
v -1240.000000 -480.000000 -620.000000 1.000000
v -1040.000000 -480.000000 -620.000000 1.000000
v -1094.000000 -480.000000 -240.193405 1.000000
v -1040.000000 -480.000000 -223.923004 1.000000
v -1094.000000 -480.000000 -223.923004 1.000000
v -1240.000000 -480.000000 -620.000000 1.000000
v -1232.218994 -480.000000 -277.128113 1.000000
v -1240.000000 -480.000000 -247.087494 1.000000
v -1428.000000 -173.205093 -100.000000 1.000000
v -1428.000000 -200.000000 0.000000 1.000000
v -1428.000000 -173.205093 100.000000 1.000000
v -1428.000000 -173.205093 -100.000000 1.000000
v -1428.000000 -173.205093 100.000000 1.000000
v -1428.000000 -123.205101 150.000000 1.000000
v -1428.000000 -173.205093 -100.000000 1.000000
v -1428.000000 -123.205101 150.000000 1.000000
v -1428.000000 123.205101 150.000000 1.000000
v -1428.000000 -173.205093 -100.000000 1.000000
v -1428.000000 123.205101 150.000000 1.000000
v -1428.000000 173.205093 100.000000 1.000000
v -1428.000000 -173.205093 -100.000000 1.000000
v -1428.000000 173.205093 100.000000 1.000000
v -1428.000000 200.000000 -0.000000 1.000000
v -1428.000000 -173.205093 -100.000000 1.000000
v -1428.000000 200.000000 -0.000000 1.000000
v -1428.000000 173.205093 -100.000000 1.000000
v -1428.000000 -173.205093 -100.000000 1.000000
v -1428.000000 173.205093 -100.000000 1.000000
v -1428.000000 123.205101 -150.000000 1.000000
v -1428.000000 -173.205093 -100.000000 1.000000
v -1428.000000 123.205101 -150.000000 1.000000
v -1428.000000 -123.205101 -150.000000 1.000000
v -1455.000000 -300.000000 -258.000000 1.000000
v -1455.000000 -300.000000 -150.000000 1.000000
v -1455.000000 300.000000 -150.000000 1.000000
v -1455.000000 -300.000000 -258.000000 1.000000
v -1455.000000 300.000000 -150.000000 1.000000
v -1455.000000 300.000000 -258.000000 1.000000
v -1455.000000 -300.000000 150.000000 1.000000
v -1455.000000 -300.000000 258.000000 1.000000
v -1455.000000 300.000000 258.000000 1.000000
v -1455.000000 -300.000000 150.000000 1.000000
v -1455.000000 300.000000 258.000000 1.000000
v -1455.000000 300.000000 150.000000 1.000000
v -1384.000000 -108.253197 622.500000 1.000000
v -1581.000000 -108.253197 622.500000 1.000000
v -1581.000000 -125.000000 560.000000 1.000000
v -1384.000000 -108.253197 622.500000 1.000000
v -1581.000000 -125.000000 560.000000 1.000000
v -1384.000000 -125.000000 560.000000 1.000000
v -1581.000000 -62.500000 451.746796 1.000000
v -1384.000000 -62.500000 451.746796 1.000000
v -1384.000000 -108.253197 497.500000 1.000000
v -1581.000000 -62.500000 451.746796 1.000000
v -1384.000000 -108.253197 497.500000 1.000000
v -1581.000000 -108.253197 497.500000 1.000000
v -1581.000000 -108.253197 497.500000 1.000000
v -1384.000000 -108.253197 497.500000 1.000000
v -1384.000000 -125.000000 560.000000 1.000000
v -1581.000000 -108.253197 497.500000 1.000000
v -1384.000000 -125.000000 560.000000 1.000000
v -1581.000000 -125.000000 560.000000 1.000000
v -1581.000000 108.253197 497.500000 1.000000
v -1384.000000 108.253197 497.500000 1.000000
v -1384.000000 62.500000 451.746796 1.000000
v -1581.000000 108.253197 497.500000 1.000000
v -1384.000000 62.500000 451.746796 1.000000
v -1581.000000 62.500000 451.746796 1.000000
v -1384.000000 -62.500000 451.746796 1.000000
v -1581.000000 -62.500000 451.746796 1.000000
v -1581.000000 -0.000000 435.000000 1.000000
v -1384.000000 -62.500000 451.746796 1.000000
v -1581.000000 -0.000000 435.000000 1.000000
v -1384.000000 0.000000 435.000000 1.000000
v -1581.000000 -108.253197 622.500000 1.000000
v -1384.000000 -108.253197 622.500000 1.000000
v -1384.000000 -62.500000 668.253174 1.000000
v -1581.000000 -108.253197 622.500000 1.000000
v -1384.000000 -62.500000 668.253174 1.000000
v -1581.000000 -62.500000 668.253174 1.000000
v -1581.000000 -62.500000 668.253174 1.000000
v -1384.000000 -62.500000 668.253174 1.000000
v -1384.000000 0.000000 685.000000 1.000000
v -1581.000000 -62.500000 668.253174 1.000000
v -1384.000000 0.000000 685.000000 1.000000
v -1581.000000 0.000000 685.000000 1.000000
v -1384.000000 62.500000 668.253174 1.000000
v -1581.000000 62.500000 668.253174 1.000000
v -1581.000000 0.000000 685.000000 1.000000
v -1384.000000 62.500000 668.253174 1.000000
v -1581.000000 0.000000 685.000000 1.000000
v -1384.000000 0.000000 685.000000 1.000000
v -1581.000000 -108.253197 497.500000 1.000000
v -1581.000000 -125.000000 560.000000 1.000000
v -1581.000000 -108.253197 622.500000 1.000000
v -1581.000000 -108.253197 497.500000 1.000000
v -1581.000000 -108.253197 622.500000 1.000000
v -1581.000000 -62.500000 668.253174 1.000000
v -1581.000000 -108.253197 497.500000 1.000000
v -1581.000000 -62.500000 668.253174 1.000000
v -1581.000000 0.000000 685.000000 1.000000
v -1581.000000 -108.253197 497.500000 1.000000
v -1581.000000 0.000000 685.000000 1.000000
v -1581.000000 62.500000 668.253174 1.000000
v -1581.000000 -108.253197 497.500000 1.000000
v -1581.000000 62.500000 668.253174 1.000000
v -1581.000000 108.253197 622.500000 1.000000
v -1581.000000 -108.253197 497.500000 1.000000
v -1581.000000 108.253197 622.500000 1.000000
v -1581.000000 125.000000 560.000000 1.000000
v -1581.000000 -108.253197 497.500000 1.000000
v -1581.000000 125.000000 560.000000 1.000000
v -1581.000000 108.253197 497.500000 1.000000
v -1581.000000 -108.253197 497.500000 1.000000
v -1581.000000 108.253197 497.500000 1.000000
v -1581.000000 62.500000 451.746796 1.000000
v -1581.000000 -108.253197 497.500000 1.000000
v -1581.000000 62.500000 451.746796 1.000000
v -1581.000000 -0.000000 435.000000 1.000000
v -1581.000000 -108.253197 497.500000 1.000000
v -1581.000000 -0.000000 435.000000 1.000000
v -1581.000000 -62.500000 451.746796 1.000000
v -1328.000000 480.000000 -0.000000 1.000000
v -1428.000000 200.000000 -0.000000 1.000000
v -1428.000000 173.205093 100.000000 1.000000
v -1328.000000 480.000000 -0.000000 1.000000
v -1428.000000 173.205093 100.000000 1.000000
v -1392.285767 259.807587 150.000000 1.000000
v -1328.000000 480.000000 -0.000000 1.000000
v -1392.285767 259.807587 150.000000 1.000000
v -1377.931274 300.000000 150.000000 1.000000
v -1328.000000 480.000000 -0.000000 1.000000
v -1377.931274 300.000000 150.000000 1.000000
v -1375.710693 300.000000 173.205093 1.000000
v -1328.000000 480.000000 -0.000000 1.000000
v -1375.710693 300.000000 173.205093 1.000000
v -1328.000000 415.692200 240.000000 1.000000
v -1428.000000 173.205093 100.000000 1.000000
v -1428.000000 123.205101 150.000000 1.000000
v -1392.285767 259.807587 150.000000 1.000000
v -1353.541260 300.000000 258.000000 1.000000
v -1393.031128 148.956406 258.000000 1.000000
v -1328.000000 240.000000 415.692200 1.000000
v -1353.541260 300.000000 258.000000 1.000000
v -1328.000000 240.000000 415.692200 1.000000
v -1328.000000 415.692200 240.000000 1.000000
v -1353.541260 300.000000 258.000000 1.000000
v -1328.000000 415.692200 240.000000 1.000000
v -1375.710693 300.000000 173.205093 1.000000
v -1407.285767 -0.000000 258.000000 1.000000
v -1384.000000 -0.000000 323.200012 1.000000
v -1393.031128 148.956406 258.000000 1.000000
v -1393.031128 148.956406 258.000000 1.000000
v -1384.000000 -0.000000 323.200012 1.000000
v -1384.000000 140.000000 285.687103 1.000000
v -1393.031128 148.956406 258.000000 1.000000
v -1384.000000 140.000000 285.687103 1.000000
v -1328.000000 240.000000 415.692200 1.000000
v -1328.000000 240.000000 415.692200 1.000000
v -1384.000000 140.000000 285.687103 1.000000
v -1328.000000 140.000000 442.487091 1.000000
v -1384.000000 140.000000 560.000000 1.000000
v -1238.487183 140.000000 560.000000 1.000000
v -1238.487183 140.000000 510.258911 1.000000
v -1384.000000 140.000000 560.000000 1.000000
v -1238.487183 140.000000 510.258911 1.000000
v -1246.000000 140.000000 502.487091 1.000000
v -1384.000000 140.000000 560.000000 1.000000
v -1246.000000 140.000000 502.487091 1.000000
v -1328.000000 140.000000 442.487091 1.000000
v -1384.000000 140.000000 560.000000 1.000000
v -1328.000000 140.000000 442.487091 1.000000
v -1384.000000 140.000000 285.687103 1.000000
v -1581.000000 62.500000 451.746796 1.000000
v -1384.000000 62.500000 451.746796 1.000000
v -1384.000000 0.000000 435.000000 1.000000
v -1581.000000 62.500000 451.746796 1.000000
v -1384.000000 0.000000 435.000000 1.000000
v -1581.000000 -0.000000 435.000000 1.000000
v -1455.000000 300.000000 258.000000 1.000000
v -1353.541260 300.000000 258.000000 1.000000
v -1375.710693 300.000000 173.205093 1.000000
v -1455.000000 300.000000 258.000000 1.000000
v -1375.710693 300.000000 173.205093 1.000000
v -1377.931274 300.000000 150.000000 1.000000
v -1455.000000 300.000000 258.000000 1.000000
v -1377.931274 300.000000 150.000000 1.000000
v -1455.000000 300.000000 150.000000 1.000000
v -1238.487183 140.000000 560.000000 1.000000
v -1384.000000 140.000000 560.000000 1.000000
v -1384.000000 121.243599 630.000000 1.000000
v -1238.487183 140.000000 560.000000 1.000000
v -1384.000000 121.243599 630.000000 1.000000
v -1243.513062 121.243599 630.000000 1.000000
v -1384.000000 70.000000 681.243530 1.000000
v -1257.243652 70.000000 681.243530 1.000000
v -1243.513062 121.243599 630.000000 1.000000
v -1384.000000 70.000000 681.243530 1.000000
v -1243.513062 121.243599 630.000000 1.000000
v -1384.000000 121.243599 630.000000 1.000000
v -1385.000000 27.500000 980.000000 1.000000
v -1385.000000 -27.500000 980.000000 1.000000
v -1268.631470 -27.500000 980.000000 1.000000
v -1385.000000 27.500000 980.000000 1.000000
v -1268.631470 -27.500000 980.000000 1.000000
v -1276.000122 0.000000 980.000000 1.000000
v -1385.000000 27.500000 980.000000 1.000000
v -1276.000122 0.000000 980.000000 1.000000
v -1268.631470 27.500000 980.000000 1.000000
v -1268.631470 27.500000 830.000000 1.000000
v -1385.000000 27.500000 830.000000 1.000000
v -1385.000000 27.500000 980.000000 1.000000
v -1268.631470 27.500000 830.000000 1.000000
v -1385.000000 27.500000 980.000000 1.000000
v -1268.631470 27.500000 980.000000 1.000000
v -1385.000000 27.500000 830.000000 1.000000
v -1268.631470 27.500000 830.000000 1.000000
v -1276.000122 0.000000 830.000000 1.000000
v -1385.000000 27.500000 830.000000 1.000000
v -1276.000122 0.000000 830.000000 1.000000
v -1268.631470 -27.500000 830.000000 1.000000
v -1385.000000 27.500000 830.000000 1.000000
v -1268.631470 -27.500000 830.000000 1.000000
v -1385.000000 -27.500000 830.000000 1.000000
v -1581.000000 108.253197 622.500000 1.000000
v -1384.000000 108.253197 622.500000 1.000000
v -1384.000000 125.000000 560.000000 1.000000
v -1581.000000 108.253197 622.500000 1.000000
v -1384.000000 125.000000 560.000000 1.000000
v -1581.000000 125.000000 560.000000 1.000000
v -1384.000000 108.253197 497.500000 1.000000
v -1581.000000 108.253197 497.500000 1.000000
v -1581.000000 125.000000 560.000000 1.000000
v -1384.000000 108.253197 497.500000 1.000000
v -1581.000000 125.000000 560.000000 1.000000
v -1384.000000 125.000000 560.000000 1.000000
v -1384.000000 108.253197 622.500000 1.000000
v -1581.000000 108.253197 622.500000 1.000000
v -1581.000000 62.500000 668.253174 1.000000
v -1384.000000 108.253197 622.500000 1.000000
v -1581.000000 62.500000 668.253174 1.000000
v -1384.000000 62.500000 668.253174 1.000000
v -1385.000000 27.500000 830.000000 1.000000
v -1385.000000 -27.500000 830.000000 1.000000
v -1385.000000 -27.500000 980.000000 1.000000
v -1385.000000 27.500000 830.000000 1.000000
v -1385.000000 -27.500000 980.000000 1.000000
v -1385.000000 27.500000 980.000000 1.000000
v -1384.000000 -140.000000 285.687103 1.000000
v -1384.000000 -0.000000 323.200012 1.000000
v -1407.285767 -0.000000 258.000000 1.000000
v -1384.000000 -140.000000 285.687103 1.000000
v -1407.285767 -0.000000 258.000000 1.000000
v -1393.031128 -148.956406 258.000000 1.000000
v -1384.000000 -140.000000 285.687103 1.000000
v -1393.031128 -148.956406 258.000000 1.000000
v -1328.000000 -240.000000 415.692200 1.000000
v -1384.000000 -140.000000 285.687103 1.000000
v -1328.000000 -240.000000 415.692200 1.000000
v -1328.000000 -140.000000 442.487091 1.000000
v -1353.541260 -300.000000 258.000000 1.000000
v -1375.710693 -300.000000 173.205093 1.000000
v -1328.000000 -415.692200 240.000000 1.000000
v -1353.541260 -300.000000 258.000000 1.000000
v -1328.000000 -415.692200 240.000000 1.000000
v -1328.000000 -240.000000 415.692200 1.000000
v -1353.541260 -300.000000 258.000000 1.000000
v -1328.000000 -240.000000 415.692200 1.000000
v -1393.031128 -148.956406 258.000000 1.000000
v -1428.000000 -173.205093 100.000000 1.000000
v -1392.285767 -259.807587 150.000000 1.000000
v -1428.000000 -123.205101 150.000000 1.000000
v -1328.000000 -480.000000 0.000000 1.000000
v -1328.000000 -415.692200 240.000000 1.000000
v -1375.710693 -300.000000 173.205093 1.000000
v -1328.000000 -480.000000 0.000000 1.000000
v -1375.710693 -300.000000 173.205093 1.000000
v -1377.931274 -300.000000 150.000000 1.000000
v -1328.000000 -480.000000 0.000000 1.000000
v -1377.931274 -300.000000 150.000000 1.000000
v -1392.285767 -259.807587 150.000000 1.000000
v -1328.000000 -480.000000 0.000000 1.000000
v -1392.285767 -259.807587 150.000000 1.000000
v -1428.000000 -173.205093 100.000000 1.000000
v -1328.000000 -480.000000 0.000000 1.000000
v -1428.000000 -173.205093 100.000000 1.000000
v -1428.000000 -200.000000 0.000000 1.000000
v -1377.931274 300.000000 150.000000 1.000000
v -1392.285767 259.807587 150.000000 1.000000
v -1455.000000 300.000000 150.000000 1.000000
v -1455.000000 300.000000 150.000000 1.000000
v -1392.285767 259.807587 150.000000 1.000000
v -1428.000000 123.205101 150.000000 1.000000
v -1455.000000 300.000000 150.000000 1.000000
v -1428.000000 123.205101 150.000000 1.000000
v -1455.000000 -300.000000 150.000000 1.000000
v -1455.000000 -300.000000 150.000000 1.000000
v -1428.000000 123.205101 150.000000 1.000000
v -1428.000000 -123.205101 150.000000 1.000000
v -1455.000000 -300.000000 150.000000 1.000000
v -1428.000000 -123.205101 150.000000 1.000000
v -1392.285767 -259.807587 150.000000 1.000000
v -1455.000000 -300.000000 150.000000 1.000000
v -1392.285767 -259.807587 150.000000 1.000000
v -1377.931274 -300.000000 150.000000 1.000000
v -1375.710693 -300.000000 173.205093 1.000000
v -1353.541260 -300.000000 258.000000 1.000000
v -1455.000000 -300.000000 258.000000 1.000000
v -1375.710693 -300.000000 173.205093 1.000000
v -1455.000000 -300.000000 258.000000 1.000000
v -1455.000000 -300.000000 150.000000 1.000000
v -1375.710693 -300.000000 173.205093 1.000000
v -1455.000000 -300.000000 150.000000 1.000000
v -1377.931274 -300.000000 150.000000 1.000000
v -1455.000000 300.000000 258.000000 1.000000
v -1455.000000 -300.000000 258.000000 1.000000
v -1393.031128 -148.956406 258.000000 1.000000
v -1455.000000 300.000000 258.000000 1.000000
v -1393.031128 -148.956406 258.000000 1.000000
v -1407.285767 -0.000000 258.000000 1.000000
v -1455.000000 300.000000 258.000000 1.000000
v -1407.285767 -0.000000 258.000000 1.000000
v -1393.031128 148.956406 258.000000 1.000000
v -1455.000000 300.000000 258.000000 1.000000
v -1393.031128 148.956406 258.000000 1.000000
v -1353.541260 300.000000 258.000000 1.000000
v -1393.031128 -148.956406 258.000000 1.000000
v -1455.000000 -300.000000 258.000000 1.000000
v -1353.541260 -300.000000 258.000000 1.000000
v -1384.000000 140.000000 560.000000 1.000000
v -1384.000000 125.000000 560.000000 1.000000
v -1384.000000 121.243599 630.000000 1.000000
v -1384.000000 121.243599 630.000000 1.000000
v -1384.000000 125.000000 560.000000 1.000000
v -1384.000000 108.253197 622.500000 1.000000
v -1384.000000 121.243599 630.000000 1.000000
v -1384.000000 108.253197 622.500000 1.000000
v -1384.000000 70.000000 681.243530 1.000000
v -1384.000000 70.000000 681.243530 1.000000
v -1384.000000 108.253197 622.500000 1.000000
v -1384.000000 62.500000 668.253174 1.000000
v -1384.000000 70.000000 681.243530 1.000000
v -1384.000000 62.500000 668.253174 1.000000
v -1384.000000 0.000000 700.000000 1.000000
v -1384.000000 0.000000 700.000000 1.000000
v -1384.000000 62.500000 668.253174 1.000000
v -1384.000000 0.000000 685.000000 1.000000
v -1384.000000 0.000000 700.000000 1.000000
v -1384.000000 0.000000 685.000000 1.000000
v -1384.000000 -62.500000 668.253174 1.000000
v -1384.000000 0.000000 700.000000 1.000000
v -1384.000000 -62.500000 668.253174 1.000000
v -1384.000000 -70.000000 681.243530 1.000000
v -1384.000000 -70.000000 681.243530 1.000000
v -1384.000000 -62.500000 668.253174 1.000000
v -1384.000000 -108.253197 622.500000 1.000000
v -1384.000000 -70.000000 681.243530 1.000000
v -1384.000000 -108.253197 622.500000 1.000000
v -1384.000000 -121.243599 630.000000 1.000000
v -1384.000000 -121.243599 630.000000 1.000000
v -1384.000000 -108.253197 622.500000 1.000000
v -1384.000000 -125.000000 560.000000 1.000000
v -1384.000000 -121.243599 630.000000 1.000000
v -1384.000000 -125.000000 560.000000 1.000000
v -1384.000000 -140.000000 560.000000 1.000000
v -1384.000000 140.000000 285.687103 1.000000
v -1384.000000 -0.000000 323.200012 1.000000
v -1384.000000 0.000000 435.000000 1.000000
v -1384.000000 140.000000 285.687103 1.000000
v -1384.000000 0.000000 435.000000 1.000000
v -1384.000000 62.500000 451.746796 1.000000
v -1384.000000 140.000000 285.687103 1.000000
v -1384.000000 62.500000 451.746796 1.000000
v -1384.000000 108.253197 497.500000 1.000000
v -1384.000000 140.000000 285.687103 1.000000
v -1384.000000 108.253197 497.500000 1.000000
v -1384.000000 125.000000 560.000000 1.000000
v -1384.000000 140.000000 285.687103 1.000000
v -1384.000000 125.000000 560.000000 1.000000
v -1384.000000 140.000000 560.000000 1.000000
v -1384.000000 -140.000000 560.000000 1.000000
v -1384.000000 -125.000000 560.000000 1.000000
v -1384.000000 -140.000000 285.687103 1.000000
v -1384.000000 -140.000000 285.687103 1.000000
v -1384.000000 -125.000000 560.000000 1.000000
v -1384.000000 -108.253197 497.500000 1.000000
v -1384.000000 -140.000000 285.687103 1.000000
v -1384.000000 -108.253197 497.500000 1.000000
v -1384.000000 -0.000000 323.200012 1.000000
v -1384.000000 -0.000000 323.200012 1.000000
v -1384.000000 -108.253197 497.500000 1.000000
v -1384.000000 -62.500000 451.746796 1.000000
v -1384.000000 -0.000000 323.200012 1.000000
v -1384.000000 -62.500000 451.746796 1.000000
v -1384.000000 0.000000 435.000000 1.000000
v -1384.000000 -140.000000 560.000000 1.000000
v -1384.000000 -140.000000 285.687103 1.000000
v -1328.000000 -140.000000 442.487091 1.000000
v -1384.000000 -140.000000 560.000000 1.000000
v -1328.000000 -140.000000 442.487091 1.000000
v -1246.000000 -140.000000 502.487091 1.000000
v -1384.000000 -140.000000 560.000000 1.000000
v -1246.000000 -140.000000 502.487091 1.000000
v -1238.487183 -140.000000 510.258911 1.000000
v -1384.000000 -140.000000 560.000000 1.000000
v -1238.487183 -140.000000 510.258911 1.000000
v -1238.487183 -140.000000 560.000000 1.000000
v -1243.513062 -121.243599 630.000000 1.000000
v -1384.000000 -121.243599 630.000000 1.000000
v -1384.000000 -140.000000 560.000000 1.000000
v -1243.513062 -121.243599 630.000000 1.000000
v -1384.000000 -140.000000 560.000000 1.000000
v -1238.487183 -140.000000 560.000000 1.000000
v -1384.000000 -121.243599 630.000000 1.000000
v -1243.513062 -121.243599 630.000000 1.000000
v -1257.243652 -70.000000 681.243530 1.000000
v -1384.000000 -121.243599 630.000000 1.000000
v -1257.243652 -70.000000 681.243530 1.000000
v -1384.000000 -70.000000 681.243530 1.000000
v -1257.243652 -70.000000 681.243530 1.000000
v -1276.000122 0.000000 700.000000 1.000000
v -1384.000000 0.000000 700.000000 1.000000
v -1257.243652 -70.000000 681.243530 1.000000
v -1384.000000 0.000000 700.000000 1.000000
v -1384.000000 -70.000000 681.243530 1.000000
v -1385.000000 -27.500000 830.000000 1.000000
v -1268.631470 -27.500000 830.000000 1.000000
v -1268.631470 -27.500000 980.000000 1.000000
v -1385.000000 -27.500000 830.000000 1.000000
v -1268.631470 -27.500000 980.000000 1.000000
v -1385.000000 -27.500000 980.000000 1.000000
v -1428.000000 -173.205093 -100.000000 1.000000
v -1392.285767 -259.807587 -150.000000 1.000000
v -1428.000000 -200.000000 0.000000 1.000000
v -1428.000000 -200.000000 0.000000 1.000000
v -1392.285767 -259.807587 -150.000000 1.000000
v -1377.931274 -300.000000 -150.000000 1.000000
v -1428.000000 -200.000000 0.000000 1.000000
v -1377.931274 -300.000000 -150.000000 1.000000
v -1328.000000 -415.692200 -240.000000 1.000000
v -1328.000000 -415.692200 -240.000000 1.000000
v -1377.931274 -300.000000 -150.000000 1.000000
v -1375.710693 -300.000000 -173.205093 1.000000
v -1428.000000 -200.000000 0.000000 1.000000
v -1328.000000 -415.692200 -240.000000 1.000000
v -1328.000000 -480.000000 0.000000 1.000000
v -1353.541260 -300.000000 -258.000000 1.000000
v -1393.031128 -148.956406 -258.000000 1.000000
v -1328.000000 -240.000000 -415.692200 1.000000
v -1353.541260 -300.000000 -258.000000 1.000000
v -1328.000000 -240.000000 -415.692200 1.000000
v -1328.000000 -415.692200 -240.000000 1.000000
v -1353.541260 -300.000000 -258.000000 1.000000
v -1328.000000 -415.692200 -240.000000 1.000000
v -1375.710693 -300.000000 -173.205093 1.000000
v -1428.000000 -123.205101 -150.000000 1.000000
v -1392.285767 -259.807587 -150.000000 1.000000
v -1428.000000 -173.205093 -100.000000 1.000000
v -1328.000000 0.000000 -480.000000 1.000000
v -1328.000000 -240.000000 -415.692200 1.000000
v -1393.031128 -148.956406 -258.000000 1.000000
v -1328.000000 0.000000 -480.000000 1.000000
v -1393.031128 -148.956406 -258.000000 1.000000
v -1407.285767 0.000000 -258.000000 1.000000
v -1455.000000 -300.000000 -258.000000 1.000000
v -1353.541260 -300.000000 -258.000000 1.000000
v -1375.710693 -300.000000 -173.205093 1.000000
v -1455.000000 -300.000000 -258.000000 1.000000
v -1375.710693 -300.000000 -173.205093 1.000000
v -1377.931274 -300.000000 -150.000000 1.000000
v -1455.000000 -300.000000 -258.000000 1.000000
v -1377.931274 -300.000000 -150.000000 1.000000
v -1455.000000 -300.000000 -150.000000 1.000000
v -1328.000000 240.000000 -415.692200 1.000000
v -1328.000000 0.000000 -480.000000 1.000000
v -1407.285767 0.000000 -258.000000 1.000000
v -1328.000000 240.000000 -415.692200 1.000000
v -1407.285767 0.000000 -258.000000 1.000000
v -1393.031128 148.956406 -258.000000 1.000000
v -1353.541260 300.000000 -258.000000 1.000000
v -1375.710693 300.000000 -173.205093 1.000000
v -1328.000000 415.692200 -240.000000 1.000000
v -1353.541260 300.000000 -258.000000 1.000000
v -1328.000000 415.692200 -240.000000 1.000000
v -1328.000000 240.000000 -415.692200 1.000000
v -1353.541260 300.000000 -258.000000 1.000000
v -1328.000000 240.000000 -415.692200 1.000000
v -1393.031128 148.956406 -258.000000 1.000000
v -1392.285767 259.807587 -150.000000 1.000000
v -1428.000000 123.205101 -150.000000 1.000000
v -1428.000000 173.205093 -100.000000 1.000000
v -1328.000000 480.000000 -0.000000 1.000000
v -1328.000000 415.692200 -240.000000 1.000000
v -1375.710693 300.000000 -173.205093 1.000000
v -1328.000000 480.000000 -0.000000 1.000000
v -1375.710693 300.000000 -173.205093 1.000000
v -1377.931274 300.000000 -150.000000 1.000000
v -1328.000000 480.000000 -0.000000 1.000000
v -1377.931274 300.000000 -150.000000 1.000000
v -1392.285767 259.807587 -150.000000 1.000000
v -1328.000000 480.000000 -0.000000 1.000000
v -1392.285767 259.807587 -150.000000 1.000000
v -1428.000000 200.000000 -0.000000 1.000000
v -1428.000000 200.000000 -0.000000 1.000000
v -1392.285767 259.807587 -150.000000 1.000000
v -1428.000000 173.205093 -100.000000 1.000000
v -1377.931274 -300.000000 -150.000000 1.000000
v -1392.285767 -259.807587 -150.000000 1.000000
v -1455.000000 -300.000000 -150.000000 1.000000
v -1455.000000 -300.000000 -150.000000 1.000000
v -1392.285767 -259.807587 -150.000000 1.000000
v -1428.000000 -123.205101 -150.000000 1.000000
v -1455.000000 -300.000000 -150.000000 1.000000
v -1428.000000 -123.205101 -150.000000 1.000000
v -1455.000000 300.000000 -150.000000 1.000000
v -1455.000000 300.000000 -150.000000 1.000000
v -1428.000000 -123.205101 -150.000000 1.000000
v -1428.000000 123.205101 -150.000000 1.000000
v -1455.000000 300.000000 -150.000000 1.000000
v -1428.000000 123.205101 -150.000000 1.000000
v -1392.285767 259.807587 -150.000000 1.000000
v -1455.000000 300.000000 -150.000000 1.000000
v -1392.285767 259.807587 -150.000000 1.000000
v -1377.931274 300.000000 -150.000000 1.000000
v -1455.000000 300.000000 -150.000000 1.000000
v -1377.931274 300.000000 -150.000000 1.000000
v -1375.710693 300.000000 -173.205093 1.000000
v -1455.000000 300.000000 -150.000000 1.000000
v -1375.710693 300.000000 -173.205093 1.000000
v -1353.541260 300.000000 -258.000000 1.000000
v -1455.000000 300.000000 -150.000000 1.000000
v -1353.541260 300.000000 -258.000000 1.000000
v -1455.000000 300.000000 -258.000000 1.000000
v -1455.000000 -300.000000 -258.000000 1.000000
v -1455.000000 300.000000 -258.000000 1.000000
v -1393.031128 148.956406 -258.000000 1.000000
v -1455.000000 -300.000000 -258.000000 1.000000
v -1393.031128 148.956406 -258.000000 1.000000
v -1407.285767 0.000000 -258.000000 1.000000
v -1455.000000 -300.000000 -258.000000 1.000000
v -1407.285767 0.000000 -258.000000 1.000000
v -1393.031128 -148.956406 -258.000000 1.000000
v -1455.000000 -300.000000 -258.000000 1.000000
v -1393.031128 -148.956406 -258.000000 1.000000
v -1353.541260 -300.000000 -258.000000 1.000000
v -1393.031128 148.956406 -258.000000 1.000000
v -1455.000000 300.000000 -258.000000 1.000000
v -1353.541260 300.000000 -258.000000 1.000000
v -1246.000000 467.653687 270.000000 1.000000
v -1246.000000 540.000000 -0.000000 1.000000
v -1328.000000 480.000000 -0.000000 1.000000
v -1246.000000 467.653687 270.000000 1.000000
v -1328.000000 480.000000 -0.000000 1.000000
v -1328.000000 415.692200 240.000000 1.000000
v -1328.000000 415.692200 240.000000 1.000000
v -1328.000000 240.000000 415.692200 1.000000
v -1246.000000 270.000000 467.653687 1.000000
v -1328.000000 415.692200 240.000000 1.000000
v -1246.000000 270.000000 467.653687 1.000000
v -1246.000000 467.653687 270.000000 1.000000
v -1246.000000 140.000000 502.487091 1.000000
v -1246.000000 270.000000 467.653687 1.000000
v -1328.000000 240.000000 415.692200 1.000000
v -1246.000000 140.000000 502.487091 1.000000
v -1328.000000 240.000000 415.692200 1.000000
v -1328.000000 140.000000 442.487091 1.000000
v -1276.000122 0.000000 700.000000 1.000000
v -1257.243652 70.000000 681.243530 1.000000
v -1384.000000 70.000000 681.243530 1.000000
v -1276.000122 0.000000 700.000000 1.000000
v -1384.000000 70.000000 681.243530 1.000000
v -1384.000000 0.000000 700.000000 1.000000
v -1238.487183 140.000000 560.000000 1.000000
v -1243.513062 121.243599 630.000000 1.000000
v -1212.898071 235.500000 1095.000000 1.000000
v -1212.898071 235.500000 1095.000000 1.000000
v -1243.513062 121.243599 630.000000 1.000000
v -1257.243652 70.000000 681.243530 1.000000
v -1212.898071 235.500000 1095.000000 1.000000
v -1257.243652 70.000000 681.243530 1.000000
v -1268.631470 27.500000 830.000000 1.000000
v -1268.631470 27.500000 830.000000 1.000000
v -1257.243652 70.000000 681.243530 1.000000
v -1276.000122 0.000000 700.000000 1.000000
v -1268.631470 27.500000 830.000000 1.000000
v -1276.000122 0.000000 700.000000 1.000000
v -1276.000122 0.000000 830.000000 1.000000
v -1238.487183 140.000000 510.258911 1.000000
v -1238.487183 140.000000 560.000000 1.000000
v -1212.898071 235.500000 1095.000000 1.000000
v -1238.487183 140.000000 510.258911 1.000000
v -1212.898071 235.500000 1095.000000 1.000000
v -1212.898071 235.500000 511.141296 1.000000
v -1268.631470 27.500000 980.000000 1.000000
v -1276.000122 0.000000 980.000000 1.000000
v -1276.000122 0.000000 1095.000000 1.000000
v -1268.631470 27.500000 980.000000 1.000000
v -1276.000122 0.000000 1095.000000 1.000000
v -1212.898071 235.500000 1095.000000 1.000000
v -1268.631470 27.500000 980.000000 1.000000
v -1212.898071 235.500000 1095.000000 1.000000
v -1268.631470 27.500000 830.000000 1.000000
v -1246.000000 -270.000000 467.653687 1.000000
v -1246.000000 -140.000000 502.487091 1.000000
v -1328.000000 -140.000000 442.487091 1.000000
v -1246.000000 -270.000000 467.653687 1.000000
v -1328.000000 -140.000000 442.487091 1.000000
v -1328.000000 -240.000000 415.692200 1.000000
v -1328.000000 -240.000000 415.692200 1.000000
v -1328.000000 -415.692200 240.000000 1.000000
v -1246.000000 -467.653687 270.000000 1.000000
v -1328.000000 -240.000000 415.692200 1.000000
v -1246.000000 -467.653687 270.000000 1.000000
v -1246.000000 -270.000000 467.653687 1.000000
v -1328.000000 -415.692200 240.000000 1.000000
v -1328.000000 -480.000000 0.000000 1.000000
v -1246.000000 -540.000000 0.000000 1.000000
v -1328.000000 -415.692200 240.000000 1.000000
v -1246.000000 -540.000000 0.000000 1.000000
v -1246.000000 -467.653687 270.000000 1.000000
v -1276.000122 0.000000 830.000000 1.000000
v -1276.000122 0.000000 700.000000 1.000000
v -1268.631470 -27.500000 830.000000 1.000000
v -1268.631470 -27.500000 830.000000 1.000000
v -1276.000122 0.000000 700.000000 1.000000
v -1257.243652 -70.000000 681.243530 1.000000
v -1268.631470 -27.500000 830.000000 1.000000
v -1257.243652 -70.000000 681.243530 1.000000
v -1268.631470 -27.500000 980.000000 1.000000
v -1268.631470 -27.500000 980.000000 1.000000
v -1257.243652 -70.000000 681.243530 1.000000
v -1243.513062 -121.243599 630.000000 1.000000
v -1268.631470 -27.500000 980.000000 1.000000
v -1243.513062 -121.243599 630.000000 1.000000
v -1276.000122 0.000000 1095.000000 1.000000
v -1276.000122 0.000000 1095.000000 1.000000
v -1243.513062 -121.243599 630.000000 1.000000
v -1238.487183 -140.000000 560.000000 1.000000
v -1276.000122 0.000000 1095.000000 1.000000
v -1238.487183 -140.000000 560.000000 1.000000
v -1212.898071 -235.500000 511.141296 1.000000
v -1212.898071 -235.500000 511.141296 1.000000
v -1238.487183 -140.000000 560.000000 1.000000
v -1238.487183 -140.000000 510.258911 1.000000
v -1276.000122 0.000000 1095.000000 1.000000
v -1212.898071 -235.500000 511.141296 1.000000
v -1212.898071 -235.500000 1095.000000 1.000000
v -1268.631470 -27.500000 980.000000 1.000000
v -1276.000122 0.000000 1095.000000 1.000000
v -1276.000122 0.000000 980.000000 1.000000
v -1328.000000 -480.000000 0.000000 1.000000
v -1328.000000 -415.692200 -240.000000 1.000000
v -1246.000000 -467.653687 -270.000000 1.000000
v -1328.000000 -480.000000 0.000000 1.000000
v -1246.000000 -467.653687 -270.000000 1.000000
v -1246.000000 -540.000000 0.000000 1.000000
v -1328.000000 -415.692200 -240.000000 1.000000
v -1328.000000 -240.000000 -415.692200 1.000000
v -1246.000000 -270.000000 -467.653687 1.000000
v -1328.000000 -415.692200 -240.000000 1.000000
v -1246.000000 -270.000000 -467.653687 1.000000
v -1246.000000 -467.653687 -270.000000 1.000000
v -1246.000000 0.000000 -540.000000 1.000000
v -1246.000000 -270.000000 -467.653687 1.000000
v -1328.000000 -240.000000 -415.692200 1.000000
v -1246.000000 0.000000 -540.000000 1.000000
v -1328.000000 -240.000000 -415.692200 1.000000
v -1328.000000 0.000000 -480.000000 1.000000
v -1246.000000 270.000000 -467.653687 1.000000
v -1246.000000 0.000000 -540.000000 1.000000
v -1328.000000 0.000000 -480.000000 1.000000
v -1246.000000 270.000000 -467.653687 1.000000
v -1328.000000 0.000000 -480.000000 1.000000
v -1328.000000 240.000000 -415.692200 1.000000
v -1328.000000 240.000000 -415.692200 1.000000
v -1328.000000 415.692200 -240.000000 1.000000
v -1246.000000 467.653687 -270.000000 1.000000
v -1328.000000 240.000000 -415.692200 1.000000
v -1246.000000 467.653687 -270.000000 1.000000
v -1246.000000 270.000000 -467.653687 1.000000
v -1328.000000 415.692200 -240.000000 1.000000
v -1328.000000 480.000000 -0.000000 1.000000
v -1246.000000 540.000000 -0.000000 1.000000
v -1328.000000 415.692200 -240.000000 1.000000
v -1246.000000 540.000000 -0.000000 1.000000
v -1246.000000 467.653687 -270.000000 1.000000
v -1094.000000 521.599976 139.762299 1.000000
v -1094.000000 540.000000 -0.000000 1.000000
v -1152.000000 600.000000 0.000000 1.000000
v -1094.000000 521.599976 139.762299 1.000000
v -1152.000000 600.000000 0.000000 1.000000
v -1152.000000 579.555481 155.291397 1.000000
v -1094.000000 467.653687 270.000000 1.000000
v -1094.000000 521.599976 139.762299 1.000000
v -1152.000000 579.555481 155.291397 1.000000
v -1094.000000 467.653687 270.000000 1.000000
v -1152.000000 579.555481 155.291397 1.000000
v -1152.000000 519.615173 300.000000 1.000000
v -1094.000000 381.837708 381.837708 1.000000
v -1094.000000 467.653687 270.000000 1.000000
v -1152.000000 519.615173 300.000000 1.000000
v -1094.000000 381.837708 381.837708 1.000000
v -1152.000000 519.615173 300.000000 1.000000
v -1152.000000 424.264099 424.264099 1.000000
v -1152.000000 300.000000 519.615173 1.000000
v -1149.625977 298.772095 517.488403 1.000000
v -1094.000000 354.398102 402.892792 1.000000
v -1152.000000 300.000000 519.615173 1.000000
v -1094.000000 354.398102 402.892792 1.000000
v -1094.000000 381.837708 381.837708 1.000000
v -1152.000000 300.000000 519.615173 1.000000
v -1094.000000 381.837708 381.837708 1.000000
v -1152.000000 424.264099 424.264099 1.000000
v -1152.000000 300.000000 519.615173 1.000000
v -1152.000000 296.398102 521.107178 1.000000
v -1149.625977 298.772095 517.488403 1.000000
v -1145.000000 0.000000 1160.000000 1.000000
v -1098.778809 172.500000 1160.000000 1.000000
v -1098.778809 172.500000 1130.000000 1.000000
v -1145.000000 0.000000 1160.000000 1.000000
v -1098.778809 172.500000 1130.000000 1.000000
v -1145.000000 0.000000 1130.000000 1.000000
v -1152.000000 -296.398102 521.107178 1.000000
v -1152.000000 -300.000000 519.615173 1.000000
v -1149.625977 -298.772095 517.488403 1.000000
v -1152.000000 -300.000000 519.615173 1.000000
v -1152.000000 -424.264099 424.264099 1.000000
v -1094.000000 -381.837708 381.837708 1.000000
v -1152.000000 -300.000000 519.615173 1.000000
v -1094.000000 -381.837708 381.837708 1.000000
v -1094.000000 -354.398102 402.892792 1.000000
v -1152.000000 -300.000000 519.615173 1.000000
v -1094.000000 -354.398102 402.892792 1.000000
v -1149.625977 -298.772095 517.488403 1.000000
v -1152.000000 -519.615173 300.000000 1.000000
v -1094.000000 -467.653687 270.000000 1.000000
v -1094.000000 -381.837708 381.837708 1.000000
v -1152.000000 -519.615173 300.000000 1.000000
v -1094.000000 -381.837708 381.837708 1.000000
v -1152.000000 -424.264099 424.264099 1.000000
v -1152.000000 -579.555481 155.291397 1.000000
v -1094.000000 -521.599976 139.762299 1.000000
v -1094.000000 -467.653687 270.000000 1.000000
v -1152.000000 -579.555481 155.291397 1.000000
v -1094.000000 -467.653687 270.000000 1.000000
v -1152.000000 -519.615173 300.000000 1.000000
v -1152.000000 -600.000000 0.000000 1.000000
v -1094.000000 -540.000000 0.000000 1.000000
v -1094.000000 -521.599976 139.762299 1.000000
v -1152.000000 -600.000000 0.000000 1.000000
v -1094.000000 -521.599976 139.762299 1.000000
v -1152.000000 -579.555481 155.291397 1.000000
v -1145.000000 0.000000 1130.000000 1.000000
v -1098.778809 -172.500000 1130.000000 1.000000
v -1098.778809 -172.500000 1160.000000 1.000000
v -1145.000000 0.000000 1130.000000 1.000000
v -1098.778809 -172.500000 1160.000000 1.000000
v -1145.000000 0.000000 1160.000000 1.000000
v -1152.000000 -600.000000 0.000000 1.000000
v -1152.000000 -579.555481 -155.291397 1.000000
v -1094.000000 -521.599976 -139.762299 1.000000
v -1152.000000 -600.000000 0.000000 1.000000
v -1094.000000 -521.599976 -139.762299 1.000000
v -1094.000000 -540.000000 0.000000 1.000000
v -1152.000000 -579.555481 -155.291397 1.000000
v -1152.000000 -519.615173 -300.000000 1.000000
v -1107.781006 -480.000000 -277.128113 1.000000
v -1152.000000 -579.555481 -155.291397 1.000000
v -1107.781006 -480.000000 -277.128113 1.000000
v -1094.000000 -480.000000 -240.193405 1.000000
v -1152.000000 -579.555481 -155.291397 1.000000
v -1094.000000 -480.000000 -240.193405 1.000000
v -1094.000000 -521.599976 -139.762299 1.000000
v -1152.000000 -519.615173 -300.000000 1.000000
v -1152.000000 -480.000000 -351.627594 1.000000
v -1107.781006 -480.000000 -277.128113 1.000000
v -1107.781006 480.000000 -277.128113 1.000000
v -1152.000000 480.000000 -351.627594 1.000000
v -1152.000000 519.615173 -300.000000 1.000000
v -1152.000000 519.615173 -300.000000 1.000000
v -1152.000000 579.555481 -155.291397 1.000000
v -1094.000000 521.599976 -139.762299 1.000000
v -1152.000000 519.615173 -300.000000 1.000000
v -1094.000000 521.599976 -139.762299 1.000000
v -1094.000000 480.000000 -240.193405 1.000000
v -1152.000000 519.615173 -300.000000 1.000000
v -1094.000000 480.000000 -240.193405 1.000000
v -1107.781006 480.000000 -277.128113 1.000000
v -1094.000000 521.599976 -139.762299 1.000000
v -1152.000000 579.555481 -155.291397 1.000000
v -1152.000000 600.000000 0.000000 1.000000
v -1094.000000 521.599976 -139.762299 1.000000
v -1152.000000 600.000000 0.000000 1.000000
v -1094.000000 540.000000 -0.000000 1.000000

vn 0.000000 -0.996200 0.086900
vn 0.000000 -0.996200 0.086900
vn 0.000000 -0.996200 0.086900
vn 0.000000 -0.984800 0.173900
vn 0.000000 -0.984800 0.173900
vn 0.000000 -0.984800 0.173900
vn 0.000000 -0.906200 -0.422800
vn 0.000000 -0.906200 -0.422800
vn 0.000000 -0.906200 -0.422800
vn 0.000000 -0.939800 -0.341800
vn 0.000000 -0.939800 -0.341800
vn 0.000000 -0.939800 -0.341800
vn 0.000000 -0.984800 -0.173900
vn 0.000000 -0.984800 -0.173900
vn 0.000000 -0.984800 -0.173900
vn 0.000000 -0.996200 -0.086900
vn 0.000000 -0.996200 -0.086900
vn 0.000000 -0.996200 -0.086900
vn 0.000000 -0.341800 -0.939800
vn 0.000000 -0.341800 -0.939800
vn 0.000000 -0.341800 -0.939800
vn 0.000000 -0.422800 -0.906200
vn 0.000000 -0.422800 -0.906200
vn 0.000000 -0.422800 -0.906200
vn 0.000000 -0.573400 -0.819300
vn 0.000000 -0.573400 -0.819300
vn 0.000000 -0.573400 -0.819300
vn 0.000000 -0.643000 -0.765900
vn 0.000000 -0.643000 -0.765900
vn 0.000000 -0.643000 -0.765900
vn 0.000000 -0.765900 -0.643000
vn 0.000000 -0.765900 -0.643000
vn 0.000000 -0.765900 -0.643000
vn 0.000000 -0.819300 -0.573400
vn 0.000000 -0.819300 -0.573400
vn 0.000000 -0.819300 -0.573400
vn 0.000000 0.939800 -0.341800
vn 0.000000 0.939800 -0.341800
vn 0.000000 0.939800 -0.341800
vn 0.000000 0.906200 -0.422800
vn 0.000000 0.906200 -0.422800
vn 0.000000 0.906200 -0.422800
vn 0.000000 0.216200 -0.976300
vn 0.000000 0.216200 -0.976300
vn 0.000000 0.216200 -0.976300
vn 0.000000 0.173400 -0.984900
vn 0.000000 0.173400 -0.984900
vn 0.000000 0.173400 -0.984900
vn 0.000000 -0.216200 -0.976300
vn 0.000000 -0.216200 -0.976300
vn 0.000000 -0.216200 -0.976300
vn 0.000000 -0.173400 -0.984900
vn 0.000000 -0.173400 -0.984900
vn 0.000000 -0.173400 -0.984900
vn 0.000000 0.819300 -0.573400
vn 0.000000 0.819300 -0.573400
vn 0.000000 0.819300 -0.573400
vn 0.000000 0.765900 -0.643000
vn 0.000000 0.765900 -0.643000
vn 0.000000 0.765900 -0.643000
vn 0.000000 0.643000 -0.765900
vn 0.000000 0.643000 -0.765900
vn 0.000000 0.643000 -0.765900
vn 0.000000 0.573400 -0.819300
vn 0.000000 0.573400 -0.819300
vn 0.000000 0.573400 -0.819300
vn 0.000000 0.422800 -0.906200
vn 0.000000 0.422800 -0.906200
vn 0.000000 0.422800 -0.906200
vn 0.000000 0.341800 -0.939800
vn 0.000000 0.341800 -0.939800
vn 0.000000 0.341800 -0.939800
vn 0.000000 -0.939800 0.341800
vn 0.000000 -0.939800 0.341800
vn 0.000000 -0.939800 0.341800
vn 0.000000 -0.906200 0.422800
vn 0.000000 -0.906200 0.422800
vn 0.000000 -0.906200 0.422800
vn 0.000000 0.984800 0.173900
vn 0.000000 0.984800 0.173900
vn 0.000000 0.984800 0.173900
vn 0.000000 0.996200 0.086900
vn 0.000000 0.996200 0.086900
vn 0.000000 0.996200 0.086900
vn 0.000000 0.996200 -0.086900
vn 0.000000 0.996200 -0.086900
vn 0.000000 0.996200 -0.086900
vn 0.000000 0.984800 -0.173900
vn 0.000000 0.984800 -0.173900
vn 0.000000 0.984800 -0.173900
vn 0.000000 0.819000 0.573800
vn 0.000000 0.819000 0.573800
vn 0.000000 0.819000 0.573800
vn 0.000000 0.843300 0.537500
vn 0.000000 0.843300 0.537500
vn 0.000000 0.843300 0.537500
vn 0.000000 0.906200 0.422800
vn 0.000000 0.906200 0.422800
vn 0.000000 0.906200 0.422800
vn 0.000000 0.939800 0.341800
vn 0.000000 0.939800 0.341800
vn 0.000000 0.939800 0.341800
vn 0.000000 -0.843300 0.537500
vn 0.000000 -0.843300 0.537500
vn 0.000000 -0.843300 0.537500
vn 0.000000 -0.819000 0.573800
vn 0.000000 -0.819000 0.573800
vn 0.000000 -0.819000 0.573800
vn -0.343700 0.939100 0.000000
vn -0.343700 0.939100 0.000000
vn -0.343700 0.939100 0.000000
vn -0.171900 0.985100 0.000000
vn -0.171900 0.985100 0.000000
vn -0.171900 0.985100 0.000000
vn -0.343700 -0.939100 0.000000
vn -0.343700 -0.939100 0.000000
vn -0.343700 -0.939100 0.000000
vn -0.171900 -0.985100 0.000000
vn -0.171900 -0.985100 0.000000
vn -0.171900 -0.985100 0.000000
vn -0.343700 0.939100 0.000000
vn -0.343700 0.939100 0.000000
vn -0.343700 0.939100 0.000000
vn -0.171900 0.985100 0.000000
vn -0.171900 0.985100 0.000000
vn -0.171900 0.985100 0.000000
vn -0.343700 -0.939100 0.000000
vn -0.343700 -0.939100 0.000000
vn -0.343700 -0.939100 0.000000
vn -0.171900 -0.985100 0.000000
vn -0.171900 -0.985100 0.000000
vn -0.171900 -0.985100 0.000000
vn -0.171900 0.985100 0.000000
vn -0.171900 0.985100 0.000000
vn -0.171900 0.985100 0.000000
vn -0.343700 0.939100 0.000000
vn -0.343700 0.939100 0.000000
vn -0.343700 0.939100 0.000000
vn -0.171900 -0.985100 0.000000
vn -0.171900 -0.985100 0.000000
vn -0.171900 -0.985100 0.000000
vn -0.343700 -0.939100 0.000000
vn -0.343700 -0.939100 0.000000
vn -0.343700 -0.939100 0.000000
vn -0.343700 0.939100 0.000000
vn -0.343700 0.939100 0.000000
vn -0.343700 0.939100 0.000000
vn -0.171900 0.985100 0.000000
vn -0.171900 0.985100 0.000000
vn -0.171900 0.985100 0.000000
vn -0.171900 -0.985100 0.000000
vn -0.171900 -0.985100 0.000000
vn -0.171900 -0.985100 0.000000
vn -0.343700 -0.939100 0.000000
vn -0.343700 -0.939100 0.000000
vn -0.343700 -0.939100 0.000000
vn 0.343700 -0.939100 0.000000
vn 0.343700 -0.939100 0.000000
vn 0.343700 -0.939100 0.000000
vn 0.171900 -0.985100 0.000000
vn 0.171900 -0.985100 0.000000
vn 0.171900 -0.985100 0.000000
vn 0.343700 0.939100 0.000000
vn 0.343700 0.939100 0.000000
vn 0.343700 0.939100 0.000000
vn 0.171900 0.985100 0.000000
vn 0.171900 0.985100 0.000000
vn 0.171900 0.985100 0.000000
vn 0.721600 0.689700 0.060200
vn 0.721600 0.689700 0.060200
vn 0.721600 0.689700 0.060200
vn 0.721600 0.681700 0.120400
vn 0.721600 0.681700 0.120400
vn 0.721600 0.681700 0.120400
vn 0.721600 0.650600 0.236600
vn 0.721600 0.650600 0.236600
vn 0.721600 0.650600 0.236600
vn 0.721600 0.627400 0.292700
vn 0.721600 0.627400 0.292700
vn 0.721600 0.627400 0.292700
vn 0.718700 0.586400 0.373800
vn 0.718700 0.586400 0.373800
vn 0.718700 0.586400 0.373800
vn 0.717700 0.570300 0.399600
vn 0.717700 0.570300 0.399600
vn 0.717700 0.570300 0.399600
vn 0.718700 -0.586400 0.373800
vn 0.718700 -0.586400 0.373800
vn 0.718700 -0.586400 0.373800
vn 0.717700 -0.570300 0.399600
vn 0.717700 -0.570300 0.399600
vn 0.717700 -0.570300 0.399600
vn 0.721600 -0.627400 0.292700
vn 0.721600 -0.627400 0.292700
vn 0.721600 -0.627400 0.292700
vn 0.721600 -0.650600 0.236600
vn 0.721600 -0.650600 0.236600
vn 0.721600 -0.650600 0.236600
vn 0.721600 -0.689700 0.060200
vn 0.721600 -0.689700 0.060200
vn 0.721600 -0.689700 0.060200
vn 0.721600 -0.681700 0.120400
vn 0.721600 -0.681700 0.120400
vn 0.721600 -0.681700 0.120400
vn 0.721600 -0.681700 -0.120400
vn 0.721600 -0.681700 -0.120400
vn 0.721600 -0.681700 -0.120400
vn 0.721600 -0.689700 -0.060200
vn 0.721600 -0.689700 -0.060200
vn 0.721600 -0.689700 -0.060200
vn 0.721600 -0.627400 -0.292700
vn 0.721600 -0.627400 -0.292700
vn 0.721600 -0.627400 -0.292700
vn 0.721600 -0.650600 -0.236600
vn 0.721600 -0.650600 -0.236600
vn 0.721600 -0.650600 -0.236600
vn 0.721600 -0.530200 -0.445100
vn 0.721600 -0.530200 -0.445100
vn 0.721600 -0.530200 -0.445100
vn 0.721600 -0.567200 -0.396900
vn 0.721600 -0.567200 -0.396900
vn 0.721600 -0.567200 -0.396900
vn 0.721600 -0.445100 -0.530200
vn 0.721600 -0.445100 -0.530200
vn 0.721600 -0.445100 -0.530200
vn 0.721600 -0.396900 -0.567200
vn 0.721600 -0.396900 -0.567200
vn 0.721600 -0.396900 -0.567200
vn 0.721600 -0.292700 -0.627400
vn 0.721600 -0.292700 -0.627400
vn 0.721600 -0.292700 -0.627400
vn 0.721600 -0.236600 -0.650600
vn 0.721600 -0.236600 -0.650600
vn 0.721600 -0.236600 -0.650600
vn 0.718700 -0.150400 -0.678900
vn 0.718700 -0.150400 -0.678900
vn 0.718700 -0.150400 -0.678900
vn 0.717700 -0.120700 -0.685900
vn 0.717700 -0.120700 -0.685900
vn 0.717700 -0.120700 -0.685900
vn 0.717700 0.120700 -0.685900
vn 0.717700 0.120700 -0.685900
vn 0.717700 0.120700 -0.685900
vn 0.718700 0.150400 -0.678900
vn 0.718700 0.150400 -0.678900
vn 0.718700 0.150400 -0.678900
vn 0.721600 0.236600 -0.650600
vn 0.721600 0.236600 -0.650600
vn 0.721600 0.236600 -0.650600
vn 0.721600 0.292700 -0.627400
vn 0.721600 0.292700 -0.627400
vn 0.721600 0.292700 -0.627400
vn 0.721600 0.396900 -0.567200
vn 0.721600 0.396900 -0.567200
vn 0.721600 0.396900 -0.567200
vn 0.721600 0.445100 -0.530200
vn 0.721600 0.445100 -0.530200
vn 0.721600 0.445100 -0.530200
vn 0.721600 0.530200 -0.445100
vn 0.721600 0.530200 -0.445100
vn 0.721600 0.530200 -0.445100
vn 0.721600 0.567200 -0.396900
vn 0.721600 0.567200 -0.396900
vn 0.721600 0.567200 -0.396900
vn 0.721600 0.627400 -0.292700
vn 0.721600 0.627400 -0.292700
vn 0.721600 0.627400 -0.292700
vn 0.721600 0.650600 -0.236600
vn 0.721600 0.650600 -0.236600
vn 0.721600 0.650600 -0.236600
vn 0.721600 0.681700 -0.120400
vn 0.721600 0.681700 -0.120400
vn 0.721600 0.681700 -0.120400
vn 0.721600 0.689700 -0.060200
vn 0.721600 0.689700 -0.060200
vn 0.721600 0.689700 -0.060200
vn 0.000000 -0.996200 0.086900
vn 0.000000 -0.996200 0.086900
vn 0.000000 -0.996200 0.086900
vn 0.000000 -0.984800 0.173900
vn 0.000000 -0.984800 0.173900
vn 0.000000 -0.984800 0.173900
vn 0.000000 -0.906200 -0.422800
vn 0.000000 -0.906200 -0.422800
vn 0.000000 -0.906200 -0.422800
vn 0.000000 -0.939800 -0.341800
vn 0.000000 -0.939800 -0.341800
vn 0.000000 -0.939800 -0.341800
vn 0.000000 -0.984800 -0.173900
vn 0.000000 -0.984800 -0.173900
vn 0.000000 -0.984800 -0.173900
vn 0.000000 -0.996200 -0.086900
vn 0.000000 -0.996200 -0.086900
vn 0.000000 -0.996200 -0.086900
vn 0.000000 -0.341800 -0.939800
vn 0.000000 -0.341800 -0.939800
vn 0.000000 -0.341800 -0.939800
vn 0.000000 -0.422800 -0.906200
vn 0.000000 -0.422800 -0.906200
vn 0.000000 -0.422800 -0.906200
vn 0.000000 -0.573400 -0.819300
vn 0.000000 -0.573400 -0.819300
vn 0.000000 -0.573400 -0.819300
vn 0.000000 -0.643000 -0.765900
vn 0.000000 -0.643000 -0.765900
vn 0.000000 -0.643000 -0.765900
vn 0.000000 -0.765900 -0.643000
vn 0.000000 -0.765900 -0.643000
vn 0.000000 -0.765900 -0.643000
vn 0.000000 -0.819300 -0.573400
vn 0.000000 -0.819300 -0.573400
vn 0.000000 -0.819300 -0.573400
vn 0.000000 0.939800 -0.341800
vn 0.000000 0.939800 -0.341800
vn 0.000000 0.939800 -0.341800
vn 0.000000 0.906200 -0.422800
vn 0.000000 0.906200 -0.422800
vn 0.000000 0.906200 -0.422800
vn 0.000000 0.216200 -0.976300
vn 0.000000 0.216200 -0.976300
vn 0.000000 0.216200 -0.976300
vn 0.000000 0.173400 -0.984900
vn 0.000000 0.173400 -0.984900
vn 0.000000 0.173400 -0.984900
vn 0.000000 -0.173400 -0.984900
vn 0.000000 -0.173400 -0.984900
vn 0.000000 -0.173400 -0.984900
vn 0.000000 -0.216200 -0.976300
vn 0.000000 -0.216200 -0.976300
vn 0.000000 -0.216200 -0.976300
vn 0.000000 0.819300 -0.573400
vn 0.000000 0.819300 -0.573400
vn 0.000000 0.819300 -0.573400
vn 0.000000 0.765900 -0.643000
vn 0.000000 0.765900 -0.643000
vn 0.000000 0.765900 -0.643000
vn 0.000000 0.643000 -0.765900
vn 0.000000 0.643000 -0.765900
vn 0.000000 0.643000 -0.765900
vn 0.000000 0.573400 -0.819300
vn 0.000000 0.573400 -0.819300
vn 0.000000 0.573400 -0.819300
vn 0.000000 0.422800 -0.906200
vn 0.000000 0.422800 -0.906200
vn 0.000000 0.422800 -0.906200
vn 0.000000 0.341800 -0.939800
vn 0.000000 0.341800 -0.939800
vn 0.000000 0.341800 -0.939800
vn 0.000000 -0.887100 0.461600
vn 0.000000 -0.887100 0.461600
vn 0.000000 -0.887100 0.461600
vn 0.000000 -0.923900 0.382700
vn 0.000000 -0.923900 0.382700
vn 0.000000 -0.923900 0.382700
vn 0.000000 -0.923900 0.382700
vn 0.000000 -0.923900 0.382700
vn 0.000000 -0.923900 0.382700
vn 0.000000 -0.887100 0.461600
vn 0.000000 -0.887100 0.461600
vn 0.000000 -0.887100 0.461600
vn 0.000000 -0.939800 0.341800
vn 0.000000 -0.939800 0.341800
vn 0.000000 -0.939800 0.341800
vn 0.000000 0.984800 0.173900
vn 0.000000 0.984800 0.173900
vn 0.000000 0.984800 0.173900
vn 0.000000 0.996200 0.086900
vn 0.000000 0.996200 0.086900
vn 0.000000 0.996200 0.086900
vn 0.000000 0.996200 -0.086900
vn 0.000000 0.996200 -0.086900
vn 0.000000 0.996200 -0.086900
vn 0.000000 0.984800 -0.173900
vn 0.000000 0.984800 -0.173900
vn 0.000000 0.984800 -0.173900
vn -0.421000 -0.907100 0.000000
vn -0.421000 -0.907100 0.000000
vn -0.421000 -0.907100 0.000000
vn -0.339900 -0.940500 0.000000
vn -0.339900 -0.940500 0.000000
vn -0.339900 -0.940500 0.000000
vn -0.339900 -0.940500 0.000000
vn -0.339900 -0.940500 0.000000
vn -0.339900 -0.940500 0.000000
vn -0.339900 -0.940500 0.000000
vn -0.339900 -0.940500 0.000000
vn -0.339900 -0.940500 0.000000
vn -0.339900 -0.940500 0.000000
vn -0.339900 -0.940500 0.000000
vn -0.339900 -0.940500 0.000000
vn -0.339900 -0.940500 0.000000
vn -0.339900 -0.940500 0.000000
vn -0.339900 -0.940500 0.000000
vn -0.258800 -0.965900 0.000000
vn -0.258800 -0.965900 0.000000
vn -0.258800 -0.965900 0.000000
vn -0.171900 -0.985100 0.000000
vn -0.171900 -0.985100 0.000000
vn -0.171900 -0.985100 0.000000
vn 0.000000 0.843300 0.537500
vn 0.000000 0.843300 0.537500
vn 0.000000 0.843300 0.537500
vn 0.000000 0.843300 0.537500
vn 0.000000 0.843300 0.537500
vn 0.000000 0.843300 0.537500
vn 0.000000 0.906200 0.422800
vn 0.000000 0.906200 0.422800
vn 0.000000 0.906200 0.422800
vn 0.000000 0.923900 0.382700
vn 0.000000 0.923900 0.382700
vn 0.000000 0.923900 0.382700
vn 0.000000 0.923900 0.382700
vn 0.000000 0.923900 0.382700
vn 0.000000 0.923900 0.382700
vn 0.000000 0.906200 0.422800
vn 0.000000 0.906200 0.422800
vn 0.000000 0.906200 0.422800
vn 0.000000 0.939800 0.341800
vn 0.000000 0.939800 0.341800
vn 0.000000 0.939800 0.341800
vn -0.089000 0.996000 0.000000
vn -0.089000 0.996000 0.000000
vn -0.089000 0.996000 0.000000
vn -0.175800 0.984400 0.000000
vn -0.175800 0.984400 0.000000
vn -0.175800 0.984400 0.000000
vn -0.175800 0.984400 0.000000
vn -0.175800 0.984400 0.000000
vn -0.175800 0.984400 0.000000
vn -0.175800 0.984400 0.000000
vn -0.175800 0.984400 0.000000
vn -0.175800 0.984400 0.000000
vn -0.258800 0.965900 0.000000
vn -0.258800 0.965900 0.000000
vn -0.258800 0.965900 0.000000
vn -0.421000 0.907100 0.000000
vn -0.421000 0.907100 0.000000
vn -0.421000 0.907100 0.000000
vn -0.339900 0.940500 0.000000
vn -0.339900 0.940500 0.000000
vn -0.339900 0.940500 0.000000
vn -0.339900 0.940500 0.000000
vn -0.339900 0.940500 0.000000
vn -0.339900 0.940500 0.000000
vn 0.000000 -0.843300 0.537500
vn 0.000000 -0.843300 0.537500
vn 0.000000 -0.843300 0.537500
vn 0.000000 -0.843300 0.537500
vn 0.000000 -0.843300 0.537500
vn 0.000000 -0.843300 0.537500
vn 0.000000 -0.996200 0.086900
vn 0.000000 -0.996200 0.086900
vn 0.000000 -0.996200 0.086900
vn 0.000000 -0.984800 0.173900
vn 0.000000 -0.984800 0.173900
vn 0.000000 -0.984800 0.173900
vn 0.000000 -0.906200 -0.422800
vn 0.000000 -0.906200 -0.422800
vn 0.000000 -0.906200 -0.422800
vn 0.000000 -0.939800 -0.341800
vn 0.000000 -0.939800 -0.341800
vn 0.000000 -0.939800 -0.341800
vn 0.000000 -0.984800 -0.173900
vn 0.000000 -0.984800 -0.173900
vn 0.000000 -0.984800 -0.173900
vn 0.000000 -0.996200 -0.086900
vn 0.000000 -0.996200 -0.086900
vn 0.000000 -0.996200 -0.086900
vn 0.000000 -0.341800 -0.939800
vn 0.000000 -0.341800 -0.939800
vn 0.000000 -0.341800 -0.939800
vn 0.000000 -0.422800 -0.906200
vn 0.000000 -0.422800 -0.906200
vn 0.000000 -0.422800 -0.906200
vn 0.000000 -0.573400 -0.819300
vn 0.000000 -0.573400 -0.819300
vn 0.000000 -0.573400 -0.819300
vn 0.000000 -0.643000 -0.765900
vn 0.000000 -0.643000 -0.765900
vn 0.000000 -0.643000 -0.765900
vn 0.000000 -0.765900 -0.643000
vn 0.000000 -0.765900 -0.643000
vn 0.000000 -0.765900 -0.643000
vn 0.000000 -0.819300 -0.573400
vn 0.000000 -0.819300 -0.573400
vn 0.000000 -0.819300 -0.573400
vn 0.000000 0.939800 -0.341800
vn 0.000000 0.939800 -0.341800
vn 0.000000 0.939800 -0.341800
vn 0.000000 0.906200 -0.422800
vn 0.000000 0.906200 -0.422800
vn 0.000000 0.906200 -0.422800
vn 0.000000 0.216200 -0.976300
vn 0.000000 0.216200 -0.976300
vn 0.000000 0.216200 -0.976300
vn 0.000000 0.173400 -0.984900
vn 0.000000 0.173400 -0.984900
vn 0.000000 0.173400 -0.984900
vn 0.000000 -0.173400 -0.984900
vn 0.000000 -0.173400 -0.984900
vn 0.000000 -0.173400 -0.984900
vn 0.000000 -0.216200 -0.976300
vn 0.000000 -0.216200 -0.976300
vn 0.000000 -0.216200 -0.976300
vn 0.000000 0.000000 -1.000000
vn 0.000000 0.000000 -1.000000
vn 0.000000 0.000000 -1.000000
vn 0.000000 0.000000 -1.000000
vn 0.000000 0.000000 -1.000000
vn 0.000000 0.000000 -1.000000
vn 0.000000 -1.000000 0.000000
vn 0.000000 -1.000000 0.000000
vn 0.000000 -1.000000 0.000000
vn 0.000000 -1.000000 0.000000
vn 0.000000 -1.000000 0.000000
vn 0.000000 -1.000000 0.000000
vn 0.000000 -1.000000 0.000000
vn 0.000000 -1.000000 0.000000
vn 0.000000 -1.000000 0.000000
vn 0.000000 -1.000000 0.000000
vn 0.000000 -1.000000 0.000000
vn 0.000000 -1.000000 0.000000
vn 0.000000 -1.000000 0.000000
vn 0.000000 -1.000000 0.000000
vn 0.000000 -1.000000 0.000000
vn 0.000000 -1.000000 0.000000
vn 0.000000 -1.000000 0.000000
vn 0.000000 -1.000000 0.000000
vn 0.000000 -1.000000 0.000000
vn 0.000000 -1.000000 0.000000
vn 0.000000 -1.000000 0.000000
vn 0.000000 -1.000000 0.000000
vn 0.000000 -1.000000 0.000000
vn 0.000000 -1.000000 0.000000
vn 0.000000 -1.000000 0.000000
vn 0.000000 -1.000000 0.000000
vn 0.000000 -1.000000 0.000000
vn 0.000000 -1.000000 0.000000
vn 0.000000 -1.000000 0.000000
vn 0.000000 -1.000000 0.000000
vn 0.000000 -1.000000 0.000000
vn 0.000000 -1.000000 0.000000
vn 0.000000 -1.000000 0.000000
vn 0.000000 1.000000 0.000000
vn 0.000000 1.000000 0.000000
vn 0.000000 1.000000 0.000000
vn 0.000000 1.000000 0.000000
vn 0.000000 1.000000 0.000000
vn 0.000000 1.000000 0.000000
vn 0.000000 1.000000 0.000000
vn 0.000000 1.000000 0.000000
vn 0.000000 1.000000 0.000000
vn 0.000000 1.000000 0.000000
vn 0.000000 1.000000 0.000000
vn 0.000000 1.000000 0.000000
vn 0.000000 1.000000 0.000000
vn 0.000000 1.000000 0.000000
vn 0.000000 1.000000 0.000000
vn 0.000000 1.000000 0.000000
vn 0.000000 1.000000 0.000000
vn 0.000000 1.000000 0.000000
vn 0.000000 1.000000 0.000000
vn 0.000000 1.000000 0.000000
vn 0.000000 1.000000 0.000000
vn 0.000000 1.000000 0.000000
vn 0.000000 1.000000 0.000000
vn 0.000000 1.000000 0.000000
vn 0.000000 1.000000 0.000000
vn 0.000000 1.000000 0.000000
vn 0.000000 1.000000 0.000000
vn 0.000000 1.000000 0.000000
vn 0.000000 1.000000 0.000000
vn 0.000000 1.000000 0.000000
vn 0.000000 1.000000 0.000000
vn 0.000000 1.000000 0.000000
vn 0.000000 1.000000 0.000000
vn 0.000000 0.819300 -0.573400
vn 0.000000 0.819300 -0.573400
vn 0.000000 0.819300 -0.573400
vn 0.000000 0.765900 -0.643000
vn 0.000000 0.765900 -0.643000
vn 0.000000 0.765900 -0.643000
vn 0.000000 0.643000 -0.765900
vn 0.000000 0.643000 -0.765900
vn 0.000000 0.643000 -0.765900
vn 0.000000 0.573400 -0.819300
vn 0.000000 0.573400 -0.819300
vn 0.000000 0.573400 -0.819300
vn 0.000000 0.422800 -0.906200
vn 0.000000 0.422800 -0.906200
vn 0.000000 0.422800 -0.906200
vn 0.000000 0.341800 -0.939800
vn 0.000000 0.341800 -0.939800
vn 0.000000 0.341800 -0.939800
vn 0.000000 -0.939800 0.341800
vn 0.000000 -0.939800 0.341800
vn 0.000000 -0.939800 0.341800
vn 0.000000 -0.906200 0.422800
vn 0.000000 -0.906200 0.422800
vn 0.000000 -0.906200 0.422800
vn 0.000000 0.984800 0.173900
vn 0.000000 0.984800 0.173900
vn 0.000000 0.984800 0.173900
vn 0.000000 0.996200 0.086900
vn 0.000000 0.996200 0.086900
vn 0.000000 0.996200 0.086900
vn 0.000000 0.996200 -0.086900
vn 0.000000 0.996200 -0.086900
vn 0.000000 0.996200 -0.086900
vn 0.000000 0.984800 -0.173900
vn 0.000000 0.984800 -0.173900
vn 0.000000 0.984800 -0.173900
vn 0.000000 0.819000 0.573800
vn 0.000000 0.819000 0.573800
vn 0.000000 0.819000 0.573800
vn 0.000000 0.843300 0.537500
vn 0.000000 0.843300 0.537500
vn 0.000000 0.843300 0.537500
vn 0.000000 0.906200 0.422800
vn 0.000000 0.906200 0.422800
vn 0.000000 0.906200 0.422800
vn 0.000000 0.939800 0.341800
vn 0.000000 0.939800 0.341800
vn 0.000000 0.939800 0.341800
vn 0.258800 0.965900 0.000000
vn 0.258800 0.965900 0.000000
vn 0.258800 0.965900 0.000000
vn 0.175800 0.984400 0.000000
vn 0.175800 0.984400 0.000000
vn 0.175800 0.984400 0.000000
vn 0.175800 0.984400 0.000000
vn 0.175800 0.984400 0.000000
vn 0.175800 0.984400 0.000000
vn 0.175800 0.984400 0.000000
vn 0.175800 0.984400 0.000000
vn 0.175800 0.984400 0.000000
vn 0.089000 0.996000 0.000000
vn 0.089000 0.996000 0.000000
vn 0.089000 0.996000 0.000000
vn 0.339900 0.940500 0.000000
vn 0.339900 0.940500 0.000000
vn 0.339900 0.940500 0.000000
vn 0.421000 0.907100 0.000000
vn 0.421000 0.907100 0.000000
vn 0.421000 0.907100 0.000000
vn 0.000000 -0.843300 0.537500
vn 0.000000 -0.843300 0.537500
vn 0.000000 -0.843300 0.537500
vn 0.000000 -0.819000 0.573800
vn 0.000000 -0.819000 0.573800
vn 0.000000 -0.819000 0.573800
vn 0.089000 -0.996000 0.000000
vn 0.089000 -0.996000 0.000000
vn 0.089000 -0.996000 0.000000
vn 0.175800 -0.984400 0.000000
vn 0.175800 -0.984400 0.000000
vn 0.175800 -0.984400 0.000000
vn 0.175800 -0.984400 0.000000
vn 0.175800 -0.984400 0.000000
vn 0.175800 -0.984400 0.000000
vn 0.175800 -0.984400 0.000000
vn 0.175800 -0.984400 0.000000
vn 0.175800 -0.984400 0.000000
vn 0.175800 -0.984400 0.000000
vn 0.175800 -0.984400 0.000000
vn 0.175800 -0.984400 0.000000
vn 0.258800 -0.965900 0.000000
vn 0.258800 -0.965900 0.000000
vn 0.258800 -0.965900 0.000000
vn 0.343700 -0.939100 0.000000
vn 0.343700 -0.939100 0.000000
vn 0.343700 -0.939100 0.000000
vn 0.343700 0.939100 0.000000
vn 0.343700 0.939100 0.000000
vn 0.343700 0.939100 0.000000
vn 0.171900 0.985100 0.000000
vn 0.171900 0.985100 0.000000
vn 0.171900 0.985100 0.000000
vn 0.767200 0.641400 0.000000
vn 0.767200 0.641400 0.000000
vn 0.767200 0.641400 0.000000
vn 0.641400 0.767200 0.000000
vn 0.641400 0.767200 0.000000
vn 0.641400 0.767200 0.000000
vn 0.171900 -0.985100 0.000000
vn 0.171900 -0.985100 0.000000
vn 0.171900 -0.985100 0.000000
vn 0.343700 -0.939100 0.000000
vn 0.343700 -0.939100 0.000000
vn 0.343700 -0.939100 0.000000
vn 0.641400 -0.767200 0.000000
vn 0.641400 -0.767200 0.000000
vn 0.641400 -0.767200 0.000000
vn 0.767200 -0.641400 0.000000
vn 0.767200 -0.641400 0.000000
vn 0.767200 -0.641400 0.000000
vn 0.343700 0.939100 0.000000
vn 0.343700 0.939100 0.000000
vn 0.343700 0.939100 0.000000
vn 0.171900 0.985100 0.000000
vn 0.171900 0.985100 0.000000
vn 0.171900 0.985100 0.000000
vn 0.343700 -0.939100 0.000000
vn 0.343700 -0.939100 0.000000
vn 0.343700 -0.939100 0.000000
vn 0.171900 -0.985100 0.000000
vn 0.171900 -0.985100 0.000000
vn 0.171900 -0.985100 0.000000
vn 0.343700 0.939100 0.000000
vn 0.343700 0.939100 0.000000
vn 0.343700 0.939100 0.000000
vn 0.171900 0.985100 0.000000
vn 0.171900 0.985100 0.000000
vn 0.171900 0.985100 0.000000
vn 0.767200 0.641400 0.000000
vn 0.767200 0.641400 0.000000
vn 0.767200 0.641400 0.000000
vn 0.641400 0.767200 0.000000
vn 0.641400 0.767200 0.000000
vn 0.641400 0.767200 0.000000
vn 0.171900 -0.985100 0.000000
vn 0.171900 -0.985100 0.000000
vn 0.171900 -0.985100 0.000000
vn 0.343700 -0.939100 0.000000
vn 0.343700 -0.939100 0.000000
vn 0.343700 -0.939100 0.000000
vn 0.641400 -0.767200 0.000000
vn 0.641400 -0.767200 0.000000
vn 0.641400 -0.767200 0.000000
vn 0.767200 -0.641400 0.000000
vn 0.767200 -0.641400 0.000000
vn 0.767200 -0.641400 0.000000
vn 0.343700 0.939100 0.000000
vn 0.343700 0.939100 0.000000
vn 0.343700 0.939100 0.000000
vn 0.171900 0.985100 0.000000
vn 0.171900 0.985100 0.000000
vn 0.171900 0.985100 0.000000
vn 0.171900 -0.985100 0.000000
vn 0.171900 -0.985100 0.000000
vn 0.171900 -0.985100 0.000000
vn 0.343700 -0.939100 0.000000
vn 0.343700 -0.939100 0.000000
vn 0.343700 -0.939100 0.000000
vn -0.767200 -0.641400 0.000000
vn -0.767200 -0.641400 0.000000
vn -0.767200 -0.641400 0.000000
vn -0.641400 -0.767200 0.000000
vn -0.641400 -0.767200 0.000000
vn -0.641400 -0.767200 0.000000
vn -0.171900 0.985100 0.000000
vn -0.171900 0.985100 0.000000
vn -0.171900 0.985100 0.000000
vn -0.343700 0.939100 0.000000
vn -0.343700 0.939100 0.000000
vn -0.343700 0.939100 0.000000
vn -0.641400 0.767200 0.000000
vn -0.641400 0.767200 0.000000
vn -0.641400 0.767200 0.000000
vn -0.767200 0.641400 0.000000
vn -0.767200 0.641400 0.000000
vn -0.767200 0.641400 0.000000
vn 0.000000 0.000000 1.000000
vn 0.000000 0.000000 1.000000
vn 0.000000 0.000000 1.000000
vn 0.000000 0.000000 1.000000
vn 0.000000 0.000000 1.000000
vn 0.000000 0.000000 1.000000
vn 0.000000 0.000000 1.000000
vn 0.000000 0.000000 1.000000
vn 0.000000 0.000000 1.000000
vn 0.000000 0.000000 1.000000
vn 0.000000 0.000000 1.000000
vn 0.000000 0.000000 1.000000
vn 0.000000 0.000000 1.000000
vn 0.000000 0.000000 1.000000
vn 0.000000 0.000000 1.000000
vn 0.000000 0.000000 1.000000
vn 0.000000 0.000000 1.000000
vn 0.000000 0.000000 1.000000
vn 0.000000 0.000000 1.000000
vn 0.000000 0.000000 1.000000
vn 0.000000 0.000000 1.000000
vn 0.000000 0.000000 1.000000
vn 0.000000 0.000000 1.000000
vn 0.000000 0.000000 1.000000
vn 0.000000 0.000000 1.000000
vn 0.000000 0.000000 1.000000
vn 0.000000 0.000000 1.000000
vn 0.000000 0.000000 1.000000
vn 0.000000 0.000000 1.000000
vn 0.000000 0.000000 1.000000
vn -0.343700 -0.939100 0.000000
vn -0.343700 -0.939100 0.000000
vn -0.343700 -0.939100 0.000000
vn -0.171900 -0.985100 0.000000
vn -0.171900 -0.985100 0.000000
vn -0.171900 -0.985100 0.000000
vn 0.721600 0.689700 0.060200
vn 0.721600 0.689700 0.060200
vn 0.721600 0.689700 0.060200
vn 0.721600 0.681700 0.120400
vn 0.721600 0.681700 0.120400
vn 0.721600 0.681700 0.120400
vn 0.721600 0.650600 0.236600
vn 0.721600 0.650600 0.236600
vn 0.721600 0.650600 0.236600
vn 0.721600 0.627400 0.292700
vn 0.721600 0.627400 0.292700
vn 0.721600 0.627400 0.292700
vn 0.718700 0.586400 0.373800
vn 0.718700 0.586400 0.373800
vn 0.718700 0.586400 0.373800
vn 0.717700 0.570300 0.399600
vn 0.717700 0.570300 0.399600
vn 0.717700 0.570300 0.399600
vn 0.767200 0.641400 0.000000
vn 0.767200 0.641400 0.000000
vn 0.767200 0.641400 0.000000
vn 0.641400 0.767200 0.000000
vn 0.641400 0.767200 0.000000
vn 0.641400 0.767200 0.000000
vn 0.641400 0.767200 0.000000
vn 0.641400 0.767200 0.000000
vn 0.641400 0.767200 0.000000
vn 0.767200 0.641400 0.000000
vn 0.767200 0.641400 0.000000
vn 0.767200 0.641400 0.000000
vn 0.717700 -0.570300 0.399600
vn 0.717700 -0.570300 0.399600
vn 0.717700 -0.570300 0.399600
vn 0.718700 -0.586400 0.373800
vn 0.718700 -0.586400 0.373800
vn 0.718700 -0.586400 0.373800
vn 0.721600 -0.650600 0.236600
vn 0.721600 -0.650600 0.236600
vn 0.721600 -0.650600 0.236600
vn 0.721600 -0.627400 0.292700
vn 0.721600 -0.627400 0.292700
vn 0.721600 -0.627400 0.292700
vn 0.721600 -0.689700 0.060200
vn 0.721600 -0.689700 0.060200
vn 0.721600 -0.689700 0.060200
vn 0.721600 -0.681700 0.120400
vn 0.721600 -0.681700 0.120400
vn 0.721600 -0.681700 0.120400
vn 0.641400 -0.767200 0.000000
vn 0.641400 -0.767200 0.000000
vn 0.641400 -0.767200 0.000000
vn 0.767200 -0.641400 0.000000
vn 0.767200 -0.641400 0.000000
vn 0.767200 -0.641400 0.000000
vn 0.641400 -0.767200 0.000000
vn 0.641400 -0.767200 0.000000
vn 0.641400 -0.767200 0.000000
vn 0.767200 -0.641400 0.000000
vn 0.767200 -0.641400 0.000000
vn 0.767200 -0.641400 0.000000
vn 0.721600 -0.681700 -0.120400
vn 0.721600 -0.681700 -0.120400
vn 0.721600 -0.681700 -0.120400
vn 0.721600 -0.689700 -0.060200
vn 0.721600 -0.689700 -0.060200
vn 0.721600 -0.689700 -0.060200
vn 0.721600 -0.627400 -0.292700
vn 0.721600 -0.627400 -0.292700
vn 0.721600 -0.627400 -0.292700
vn 0.721600 -0.650600 -0.236600
vn 0.721600 -0.650600 -0.236600
vn 0.721600 -0.650600 -0.236600
vn 0.721600 -0.530200 -0.445100
vn 0.721600 -0.530200 -0.445100
vn 0.721600 -0.530200 -0.445100
vn 0.721600 -0.567200 -0.396900
vn 0.721600 -0.567200 -0.396900
vn 0.721600 -0.567200 -0.396900
vn 0.721600 -0.445100 -0.530200
vn 0.721600 -0.445100 -0.530200
vn 0.721600 -0.445100 -0.530200
vn 0.721600 -0.396900 -0.567200
vn 0.721600 -0.396900 -0.567200
vn 0.721600 -0.396900 -0.567200
vn 0.721600 -0.292700 -0.627400
vn 0.721600 -0.292700 -0.627400
vn 0.721600 -0.292700 -0.627400
vn 0.721600 -0.236600 -0.650600
vn 0.721600 -0.236600 -0.650600
vn 0.721600 -0.236600 -0.650600
vn 0.718700 -0.150400 -0.678900
vn 0.718700 -0.150400 -0.678900
vn 0.718700 -0.150400 -0.678900
vn 0.717700 -0.120700 -0.685900
vn 0.717700 -0.120700 -0.685900
vn 0.717700 -0.120700 -0.685900
vn 0.717700 0.120700 -0.685900
vn 0.717700 0.120700 -0.685900
vn 0.717700 0.120700 -0.685900
vn 0.718700 0.150400 -0.678900
vn 0.718700 0.150400 -0.678900
vn 0.718700 0.150400 -0.678900
vn 0.721600 0.236600 -0.650600
vn 0.721600 0.236600 -0.650600
vn 0.721600 0.236600 -0.650600
vn 0.721600 0.292700 -0.627400
vn 0.721600 0.292700 -0.627400
vn 0.721600 0.292700 -0.627400
vn 0.721600 0.396900 -0.567200
vn 0.721600 0.396900 -0.567200
vn 0.721600 0.396900 -0.567200
vn 0.721600 0.445100 -0.530200
vn 0.721600 0.445100 -0.530200
vn 0.721600 0.445100 -0.530200
vn 0.721600 0.530200 -0.445100
vn 0.721600 0.530200 -0.445100
vn 0.721600 0.530200 -0.445100
vn 0.721600 0.567200 -0.396900
vn 0.721600 0.567200 -0.396900
vn 0.721600 0.567200 -0.396900
vn 0.721600 0.627400 -0.292700
vn 0.721600 0.627400 -0.292700
vn 0.721600 0.627400 -0.292700
vn 0.721600 0.650600 -0.236600
vn 0.721600 0.650600 -0.236600
vn 0.721600 0.650600 -0.236600
vn 0.721600 0.681700 -0.120400
vn 0.721600 0.681700 -0.120400
vn 0.721600 0.681700 -0.120400
vn 0.721600 0.689700 -0.060200
vn 0.721600 0.689700 -0.060200
vn 0.721600 0.689700 -0.060200
vn 0.000000 -0.996200 0.086900
vn 0.000000 -0.996200 0.086900
vn 0.000000 -0.996200 0.086900
vn 0.000000 -0.984800 0.173900
vn 0.000000 -0.984800 0.173900
vn 0.000000 -0.984800 0.173900
vn 0.000000 -0.939600 -0.342300
vn 0.000000 -0.939600 -0.342300
vn 0.000000 -0.939600 -0.342300
vn 0.000000 -0.953600 -0.300900
vn 0.000000 -0.953600 -0.300900
vn 0.000000 -0.953600 -0.300900
vn 0.000000 -0.923900 -0.382700
vn 0.000000 -0.923900 -0.382700
vn 0.000000 -0.923900 -0.382700
vn 0.000000 -0.887100 -0.461600
vn 0.000000 -0.887100 -0.461600
vn 0.000000 -0.887100 -0.461600
vn 0.000000 -0.984800 -0.173900
vn 0.000000 -0.984800 -0.173900
vn 0.000000 -0.984800 -0.173900
vn 0.000000 -0.996200 -0.086900
vn 0.000000 -0.996200 -0.086900
vn 0.000000 -0.996200 -0.086900
vn -1.000000 0.000000 0.000000
vn -1.000000 0.000000 0.000000
vn -1.000000 0.000000 0.000000
vn -1.000000 0.000000 0.000000
vn -1.000000 0.000000 0.000000
vn -1.000000 0.000000 0.000000
vn -1.000000 0.000000 0.000000
vn -1.000000 0.000000 0.000000
vn -1.000000 0.000000 0.000000
vn -1.000000 0.000000 0.000000
vn -1.000000 0.000000 0.000000
vn -1.000000 0.000000 0.000000
vn -1.000000 0.000000 0.000000
vn -1.000000 0.000000 0.000000
vn -1.000000 0.000000 0.000000
vn -1.000000 0.000000 0.000000
vn -1.000000 0.000000 0.000000
vn -1.000000 0.000000 0.000000
vn -1.000000 0.000000 0.000000
vn -1.000000 0.000000 0.000000
vn -1.000000 0.000000 0.000000
vn -1.000000 0.000000 0.000000
vn -1.000000 0.000000 0.000000
vn -1.000000 0.000000 0.000000
vn -1.000000 0.000000 0.000000
vn -1.000000 0.000000 0.000000
vn -1.000000 0.000000 0.000000
vn -1.000000 0.000000 0.000000
vn -1.000000 0.000000 0.000000
vn -1.000000 0.000000 0.000000
vn -1.000000 0.000000 0.000000
vn -1.000000 0.000000 0.000000
vn -1.000000 0.000000 0.000000
vn -1.000000 0.000000 0.000000
vn -1.000000 0.000000 0.000000
vn -1.000000 0.000000 0.000000
vn -1.000000 0.000000 0.000000
vn -1.000000 0.000000 0.000000
vn -1.000000 0.000000 0.000000
vn -1.000000 0.000000 0.000000
vn -1.000000 0.000000 0.000000
vn -1.000000 0.000000 0.000000
vn 0.000000 -0.341800 -0.939800
vn 0.000000 -0.341800 -0.939800
vn 0.000000 -0.341800 -0.939800
vn 0.000000 -0.422800 -0.906200
vn 0.000000 -0.422800 -0.906200
vn 0.000000 -0.422800 -0.906200
vn 0.000000 -0.573400 -0.819300
vn 0.000000 -0.573400 -0.819300
vn 0.000000 -0.573400 -0.819300
vn 0.000000 -0.643000 -0.765900
vn 0.000000 -0.643000 -0.765900
vn 0.000000 -0.643000 -0.765900
vn 0.000000 -0.765900 -0.643000
vn 0.000000 -0.765900 -0.643000
vn 0.000000 -0.765900 -0.643000
vn 0.000000 -0.819300 -0.573400
vn 0.000000 -0.819300 -0.573400
vn 0.000000 -0.819300 -0.573400
vn 0.000000 0.953600 -0.300900
vn 0.000000 0.953600 -0.300900
vn 0.000000 0.953600 -0.300900
vn 0.000000 0.939600 -0.342300
vn 0.000000 0.939600 -0.342300
vn 0.000000 0.939600 -0.342300
vn 0.000000 0.923900 -0.382700
vn 0.000000 0.923900 -0.382700
vn 0.000000 0.923900 -0.382700
vn 0.000000 0.906200 -0.422800
vn 0.000000 0.906200 -0.422800
vn 0.000000 0.906200 -0.422800
vn 0.000000 0.216200 -0.976300
vn 0.000000 0.216200 -0.976300
vn 0.000000 0.216200 -0.976300
vn 0.000000 0.173400 -0.984900
vn 0.000000 0.173400 -0.984900
vn 0.000000 0.173400 -0.984900
vn 0.000000 -0.173400 -0.984900
vn 0.000000 -0.173400 -0.984900
vn 0.000000 -0.173400 -0.984900
vn 0.000000 -0.216200 -0.976300
vn 0.000000 -0.216200 -0.976300
vn 0.000000 -0.216200 -0.976300
vn 0.000000 0.819300 -0.573400
vn 0.000000 0.819300 -0.573400
vn 0.000000 0.819300 -0.573400
vn 0.000000 0.765900 -0.643000
vn 0.000000 0.765900 -0.643000
vn 0.000000 0.765900 -0.643000
vn 0.000000 0.643000 -0.765900
vn 0.000000 0.643000 -0.765900
vn 0.000000 0.643000 -0.765900
vn 0.000000 0.573400 -0.819300
vn 0.000000 0.573400 -0.819300
vn 0.000000 0.573400 -0.819300
vn 0.000000 0.422800 -0.906200
vn 0.000000 0.422800 -0.906200
vn 0.000000 0.422800 -0.906200
vn 0.000000 0.341800 -0.939800
vn 0.000000 0.341800 -0.939800
vn 0.000000 0.341800 -0.939800
vn 0.000000 -0.939800 0.341800
vn 0.000000 -0.939800 0.341800
vn 0.000000 -0.939800 0.341800
vn 0.000000 -0.906200 0.422800
vn 0.000000 -0.906200 0.422800
vn 0.000000 -0.906200 0.422800
vn 0.000000 0.984800 0.173900
vn 0.000000 0.984800 0.173900
vn 0.000000 0.984800 0.173900
vn 0.000000 0.996200 0.086900
vn 0.000000 0.996200 0.086900
vn 0.000000 0.996200 0.086900
vn 0.000000 0.984800 -0.173900
vn 0.000000 0.984800 -0.173900
vn 0.000000 0.984800 -0.173900
vn 0.000000 0.996200 -0.086900
vn 0.000000 0.996200 -0.086900
vn 0.000000 0.996200 -0.086900
vn 0.000000 0.675400 0.737400
vn 0.000000 0.675400 0.737400
vn 0.000000 0.675400 0.737400
vn 0.000000 0.843300 0.537500
vn 0.000000 0.843300 0.537500
vn 0.000000 0.843300 0.537500
vn 0.000000 0.819000 0.573800
vn 0.000000 0.819000 0.573800
vn 0.000000 0.819000 0.573800
vn 0.000000 0.793400 0.608800
vn 0.000000 0.793400 0.608800
vn 0.000000 0.793400 0.608800
vn 0.000000 0.765900 0.643000
vn 0.000000 0.765900 0.643000
vn 0.000000 0.765900 0.643000
vn 0.000000 0.906200 0.422800
vn 0.000000 0.906200 0.422800
vn 0.000000 0.906200 0.422800
vn 0.000000 0.939800 0.341800
vn 0.000000 0.939800 0.341800
vn 0.000000 0.939800 0.341800
vn 0.000000 -0.737400 0.675400
vn 0.000000 -0.737400 0.675400
vn 0.000000 -0.737400 0.675400
vn 0.000000 -0.793400 0.608800
vn 0.000000 -0.793400 0.608800
vn 0.000000 -0.793400 0.608800
vn 0.000000 -0.819300 0.573400
vn 0.000000 -0.819300 0.573400
vn 0.000000 -0.819300 0.573400
vn 0.000000 -0.675400 0.737400
vn 0.000000 -0.675400 0.737400
vn 0.000000 -0.675400 0.737400
vn 0.939100 0.343700 0.000000
vn 0.939100 0.343700 0.000000
vn 0.939100 0.343700 0.000000
vn 0.985100 0.171900 0.000000
vn 0.985100 0.171900 0.000000
vn 0.985100 0.171900 0.000000
vn 0.985100 -0.171900 0.000000
vn 0.985100 -0.171900 0.000000
vn 0.985100 -0.171900 0.000000
vn 0.939100 -0.343700 0.000000
vn 0.939100 -0.343700 0.000000
vn 0.939100 -0.343700 0.000000
vn 0.985100 0.171900 0.000000
vn 0.985100 0.171900 0.000000
vn 0.985100 0.171900 0.000000
vn 0.939100 0.343700 0.000000
vn 0.939100 0.343700 0.000000
vn 0.939100 0.343700 0.000000
vn 0.985100 -0.171900 0.000000
vn 0.985100 -0.171900 0.000000
vn 0.985100 -0.171900 0.000000
vn 0.939100 -0.343700 0.000000
vn 0.939100 -0.343700 0.000000
vn 0.939100 -0.343700 0.000000
vn 0.939100 0.343700 0.000000
vn 0.939100 0.343700 0.000000
vn 0.939100 0.343700 0.000000
vn 0.985100 0.171900 0.000000
vn 0.985100 0.171900 0.000000
vn 0.985100 0.171900 0.000000
vn 0.985100 -0.171900 0.000000
vn 0.985100 -0.171900 0.000000
vn 0.985100 -0.171900 0.000000
vn 0.939100 -0.343700 0.000000
vn 0.939100 -0.343700 0.000000
vn 0.939100 -0.343700 0.000000
vn -0.985100 0.171900 0.000000
vn -0.985100 0.171900 0.000000
vn -0.985100 0.171900 0.000000
vn -0.939100 0.343700 0.000000
vn -0.939100 0.343700 0.000000
vn -0.939100 0.343700 0.000000
vn -0.939100 -0.343700 0.000000
vn -0.939100 -0.343700 0.000000
vn -0.939100 -0.343700 0.000000
vn -0.985100 -0.171900 0.000000
vn -0.985100 -0.171900 0.000000
vn -0.985100 -0.171900 0.000000
vn 0.000000 -0.996200 0.086900
vn 0.000000 -0.996200 0.086900
vn 0.000000 -0.996200 0.086900
vn 0.000000 -0.984800 0.173900
vn 0.000000 -0.984800 0.173900
vn 0.000000 -0.984800 0.173900
vn 0.000000 -0.939800 -0.341800
vn 0.000000 -0.939800 -0.341800
vn 0.000000 -0.939800 -0.341800
vn 0.000000 -0.906200 -0.422800
vn 0.000000 -0.906200 -0.422800
vn 0.000000 -0.906200 -0.422800
vn 0.000000 -0.984800 -0.173900
vn 0.000000 -0.984800 -0.173900
vn 0.000000 -0.984800 -0.173900
vn 0.000000 -0.996200 -0.086900
vn 0.000000 -0.996200 -0.086900
vn 0.000000 -0.996200 -0.086900
vn 0.000000 0.000000 -1.000000
vn 0.000000 0.000000 -1.000000
vn 0.000000 0.000000 -1.000000
vn 0.000000 0.000000 -1.000000
vn 0.000000 0.000000 -1.000000
vn 0.000000 0.000000 -1.000000
vn 0.000000 -0.819000 -0.573800
vn 0.000000 -0.819000 -0.573800
vn 0.000000 -0.819000 -0.573800
vn 0.000000 -0.843300 -0.537500
vn 0.000000 -0.843300 -0.537500
vn 0.000000 -0.843300 -0.537500
vn 0.000000 -1.000000 0.000000
vn 0.000000 -1.000000 0.000000
vn 0.000000 -1.000000 0.000000
vn 0.000000 -1.000000 0.000000
vn 0.000000 -1.000000 0.000000
vn 0.000000 -1.000000 0.000000
vn 0.000000 -1.000000 0.000000
vn 0.000000 -1.000000 0.000000
vn 0.000000 -1.000000 0.000000
vn 0.000000 -1.000000 0.000000
vn 0.000000 -1.000000 0.000000
vn 0.000000 -1.000000 0.000000
vn 0.000000 -1.000000 0.000000
vn 0.000000 -1.000000 0.000000
vn 0.000000 -1.000000 0.000000
vn 0.000000 -1.000000 0.000000
vn 0.000000 -1.000000 0.000000
vn 0.000000 -1.000000 0.000000
vn 0.000000 -1.000000 0.000000
vn 0.000000 -1.000000 0.000000
vn 0.000000 -1.000000 0.000000
vn 0.000000 -1.000000 0.000000
vn 0.000000 -1.000000 0.000000
vn 0.000000 -1.000000 0.000000
vn 0.000000 0.906200 -0.422800
vn 0.000000 0.906200 -0.422800
vn 0.000000 0.906200 -0.422800
vn 0.000000 0.939800 -0.341800
vn 0.000000 0.939800 -0.341800
vn 0.000000 0.939800 -0.341800
vn 0.000000 0.843300 -0.537500
vn 0.000000 0.843300 -0.537500
vn 0.000000 0.843300 -0.537500
vn 0.000000 0.819000 -0.573800
vn 0.000000 0.819000 -0.573800
vn 0.000000 0.819000 -0.573800
vn 0.000000 -0.939800 0.341800
vn 0.000000 -0.939800 0.341800
vn 0.000000 -0.939800 0.341800
vn 0.000000 -0.906200 0.422800
vn 0.000000 -0.906200 0.422800
vn 0.000000 -0.906200 0.422800
vn 0.000000 0.984800 0.173900
vn 0.000000 0.984800 0.173900
vn 0.000000 0.984800 0.173900
vn 0.000000 0.996200 0.086900
vn 0.000000 0.996200 0.086900
vn 0.000000 0.996200 0.086900
vn 0.000000 0.996200 -0.086900
vn 0.000000 0.996200 -0.086900
vn 0.000000 0.996200 -0.086900
vn 0.000000 0.984800 -0.173900
vn 0.000000 0.984800 -0.173900
vn 0.000000 0.984800 -0.173900
vn 0.000000 0.573400 0.819300
vn 0.000000 0.573400 0.819300
vn 0.000000 0.573400 0.819300
vn 0.000000 0.643000 0.765900
vn 0.000000 0.643000 0.765900
vn 0.000000 0.643000 0.765900
vn 0.000000 0.765900 0.643000
vn 0.000000 0.765900 0.643000
vn 0.000000 0.765900 0.643000
vn 0.000000 0.819300 0.573400
vn 0.000000 0.819300 0.573400
vn 0.000000 0.819300 0.573400
vn 0.000000 0.906200 0.422800
vn 0.000000 0.906200 0.422800
vn 0.000000 0.906200 0.422800
vn 0.000000 0.939800 0.341800
vn 0.000000 0.939800 0.341800
vn 0.000000 0.939800 0.341800
vn 0.000000 -0.819300 0.573400
vn 0.000000 -0.819300 0.573400
vn 0.000000 -0.819300 0.573400
vn 0.000000 -0.765900 0.643000
vn 0.000000 -0.765900 0.643000
vn 0.000000 -0.765900 0.643000
vn 0.000000 0.216200 0.976300
vn 0.000000 0.216200 0.976300
vn 0.000000 0.216200 0.976300
vn 0.000000 0.461600 0.887100
vn 0.000000 0.461600 0.887100
vn 0.000000 0.461600 0.887100
vn 0.000000 0.422400 0.906400
vn 0.000000 0.422400 0.906400
vn 0.000000 0.422400 0.906400
vn 0.000000 0.382700 0.923900
vn 0.000000 0.382700 0.923900
vn 0.000000 0.382700 0.923900
vn 0.000000 0.341800 0.939800
vn 0.000000 0.341800 0.939800
vn 0.000000 0.341800 0.939800
vn 0.767200 0.641400 0.000000
vn 0.767200 0.641400 0.000000
vn 0.767200 0.641400 0.000000
vn 0.707100 0.707100 0.000000
vn 0.707100 0.707100 0.000000
vn 0.707100 0.707100 0.000000
vn 0.644500 0.764600 0.000000
vn 0.644500 0.764600 0.000000
vn 0.644500 0.764600 0.000000
vn 0.644500 0.764600 0.000000
vn 0.644500 0.764600 0.000000
vn 0.644500 0.764600 0.000000
vn 0.644500 0.764600 0.000000
vn 0.644500 0.764600 0.000000
vn 0.644500 0.764600 0.000000
vn 0.575100 0.818100 0.000000
vn 0.575100 0.818100 0.000000
vn 0.575100 0.818100 0.000000
vn 0.000000 -0.643000 0.765900
vn 0.000000 -0.643000 0.765900
vn 0.000000 -0.643000 0.765900
vn 0.000000 -0.573400 0.819300
vn 0.000000 -0.573400 0.819300
vn 0.000000 -0.573400 0.819300
vn 0.000000 -0.341800 0.939800
vn 0.000000 -0.341800 0.939800
vn 0.000000 -0.341800 0.939800
vn 0.000000 -0.382700 0.923900
vn 0.000000 -0.382700 0.923900
vn 0.000000 -0.382700 0.923900
vn 0.000000 -0.422400 0.906400
vn 0.000000 -0.422400 0.906400
vn 0.000000 -0.422400 0.906400
vn 0.000000 -0.461600 0.887100
vn 0.000000 -0.461600 0.887100
vn 0.000000 -0.461600 0.887100
vn 0.000000 -0.216200 0.976300
vn 0.000000 -0.216200 0.976300
vn 0.000000 -0.216200 0.976300
vn 0.965900 -0.258800 0.000000
vn 0.965900 -0.258800 0.000000
vn 0.965900 -0.258800 0.000000
vn 0.984400 -0.175800 0.000000
vn 0.984400 -0.175800 0.000000
vn 0.984400 -0.175800 0.000000
vn 0.984400 -0.175800 0.000000
vn 0.984400 -0.175800 0.000000
vn 0.984400 -0.175800 0.000000
vn 0.984400 -0.175800 0.000000
vn 0.984400 -0.175800 0.000000
vn 0.984400 -0.175800 0.000000
vn 0.984400 -0.175800 0.000000
vn 0.984400 -0.175800 0.000000
vn 0.984400 -0.175800 0.000000
vn 0.996000 -0.089000 0.000000
vn 0.996000 -0.089000 0.000000
vn 0.996000 -0.089000 0.000000
vn 0.907100 -0.421000 0.000000
vn 0.907100 -0.421000 0.000000
vn 0.907100 -0.421000 0.000000
vn 0.641400 -0.767200 0.000000
vn 0.641400 -0.767200 0.000000
vn 0.641400 -0.767200 0.000000
vn 0.707100 -0.707100 0.000000
vn 0.707100 -0.707100 0.000000
vn 0.707100 -0.707100 0.000000
vn 0.764600 -0.644500 0.000000
vn 0.764600 -0.644500 0.000000
vn 0.764600 -0.644500 0.000000
vn 0.764600 -0.644500 0.000000
vn 0.764600 -0.644500 0.000000
vn 0.764600 -0.644500 0.000000
vn 0.764600 -0.644500 0.000000
vn 0.764600 -0.644500 0.000000
vn 0.764600 -0.644500 0.000000
vn 0.818100 -0.575100 0.000000
vn 0.818100 -0.575100 0.000000
vn 0.818100 -0.575100 0.000000
vn 0.985100 0.171900 0.000000
vn 0.985100 0.171900 0.000000
vn 0.985100 0.171900 0.000000
vn 0.939100 0.343700 0.000000
vn 0.939100 0.343700 0.000000
vn 0.939100 0.343700 0.000000
vn 0.985100 -0.171900 0.000000
vn 0.985100 -0.171900 0.000000
vn 0.985100 -0.171900 0.000000
vn 0.939100 -0.343700 0.000000
vn 0.939100 -0.343700 0.000000
vn 0.939100 -0.343700 0.000000
vn 0.721600 0.689700 0.060200
vn 0.721600 0.689700 0.060200
vn 0.721600 0.689700 0.060200
vn 0.721600 0.681700 0.120400
vn 0.721600 0.681700 0.120400
vn 0.721600 0.681700 0.120400
vn 0.721600 0.650600 0.236600
vn 0.721600 0.650600 0.236600
vn 0.721600 0.650600 0.236600
vn 0.721600 0.627400 0.292700
vn 0.721600 0.627400 0.292700
vn 0.721600 0.627400 0.292700
vn 0.721600 0.567200 0.396900
vn 0.721600 0.567200 0.396900
vn 0.721600 0.567200 0.396900
vn 0.721600 0.530200 0.445100
vn 0.721600 0.530200 0.445100
vn 0.721600 0.530200 0.445100
vn 0.721600 0.396900 0.567200
vn 0.721600 0.396900 0.567200
vn 0.721600 0.396900 0.567200
vn 0.721600 0.445100 0.530200
vn 0.721600 0.445100 0.530200
vn 0.721600 0.445100 0.530200
vn 0.718700 0.209200 0.663100
vn 0.718700 0.209200 0.663100
vn 0.718700 0.209200 0.663100
vn 0.720000 0.265600 0.641200
vn 0.720000 0.265600 0.641200
vn 0.720000 0.265600 0.641200
vn 0.721600 0.292700 0.627400
vn 0.721600 0.292700 0.627400
vn 0.721600 0.292700 0.627400
vn 0.718700 0.150400 0.678900
vn 0.718700 0.150400 0.678900
vn 0.718700 0.150400 0.678900
vn 0.717700 0.120700 0.685900
vn 0.717700 0.120700 0.685900
vn 0.717700 0.120700 0.685900
vn 0.716000 0.091100 0.692100
vn 0.716000 0.091100 0.692100
vn 0.716000 0.091100 0.692100
vn 0.000000 1.000000 0.000000
vn 0.000000 1.000000 0.000000
vn 0.000000 1.000000 0.000000
vn 0.000000 1.000000 0.000000
vn 0.000000 1.000000 0.000000
vn 0.000000 1.000000 0.000000
vn 0.000000 1.000000 0.000000
vn 0.000000 1.000000 0.000000
vn 0.000000 1.000000 0.000000
vn 0.000000 1.000000 0.000000
vn 0.000000 1.000000 0.000000
vn 0.000000 1.000000 0.000000
vn 0.985100 0.171900 0.000000
vn 0.985100 0.171900 0.000000
vn 0.985100 0.171900 0.000000
vn 0.965900 0.258800 0.000000
vn 0.965900 0.258800 0.000000
vn 0.965900 0.258800 0.000000
vn 0.940500 0.339900 0.000000
vn 0.940500 0.339900 0.000000
vn 0.940500 0.339900 0.000000
vn 0.940500 0.339900 0.000000
vn 0.940500 0.339900 0.000000
vn 0.940500 0.339900 0.000000
vn 0.940500 0.339900 0.000000
vn 0.940500 0.339900 0.000000
vn 0.940500 0.339900 0.000000
vn 0.940500 0.339900 0.000000
vn 0.940500 0.339900 0.000000
vn 0.940500 0.339900 0.000000
vn 0.907100 0.421000 0.000000
vn 0.907100 0.421000 0.000000
vn 0.907100 0.421000 0.000000
vn 0.718700 -0.150400 0.678900
vn 0.718700 -0.150400 0.678900
vn 0.718700 -0.150400 0.678900
vn 0.717700 -0.120700 0.685900
vn 0.717700 -0.120700 0.685900
vn 0.717700 -0.120700 0.685900
vn 0.717700 -0.120700 0.685900
vn 0.717700 -0.120700 0.685900
vn 0.717700 -0.120700 0.685900
vn 0.721600 -0.236600 0.650600
vn 0.721600 -0.236600 0.650600
vn 0.721600 -0.236600 0.650600
vn 0.721600 -0.292700 0.627400
vn 0.721600 -0.292700 0.627400
vn 0.721600 -0.292700 0.627400
vn 0.720000 -0.265600 0.641200
vn 0.720000 -0.265600 0.641200
vn 0.720000 -0.265600 0.641200
vn 0.721600 -0.445100 0.530200
vn 0.721600 -0.445100 0.530200
vn 0.721600 -0.445100 0.530200
vn 0.721600 -0.396900 0.567200
vn 0.721600 -0.396900 0.567200
vn 0.721600 -0.396900 0.567200
vn 0.721600 -0.567200 0.396900
vn 0.721600 -0.567200 0.396900
vn 0.721600 -0.567200 0.396900
vn 0.721600 -0.530200 0.445100
vn 0.721600 -0.530200 0.445100
vn 0.721600 -0.530200 0.445100
vn 0.721600 -0.650600 0.236600
vn 0.721600 -0.650600 0.236600
vn 0.721600 -0.650600 0.236600
vn 0.721600 -0.627400 0.292700
vn 0.721600 -0.627400 0.292700
vn 0.721600 -0.627400 0.292700
vn 0.721600 -0.689700 0.060200
vn 0.721600 -0.689700 0.060200
vn 0.721600 -0.689700 0.060200
vn 0.721600 -0.681700 0.120400
vn 0.721600 -0.681700 0.120400
vn 0.721600 -0.681700 0.120400
vn 0.721600 -0.681700 -0.120400
vn 0.721600 -0.681700 -0.120400
vn 0.721600 -0.681700 -0.120400
vn 0.721600 -0.689700 -0.060200
vn 0.721600 -0.689700 -0.060200
vn 0.721600 -0.689700 -0.060200
vn 0.721600 -0.627400 -0.292700
vn 0.721600 -0.627400 -0.292700
vn 0.721600 -0.627400 -0.292700
vn 0.720000 -0.641200 -0.265600
vn 0.720000 -0.641200 -0.265600
vn 0.720000 -0.641200 -0.265600
vn 0.718700 -0.663100 -0.209200
vn 0.718700 -0.663100 -0.209200
vn 0.718700 -0.663100 -0.209200
vn 0.718700 -0.586400 -0.373800
vn 0.718700 -0.586400 -0.373800
vn 0.718700 -0.586400 -0.373800
vn 0.718700 0.586400 -0.373800
vn 0.718700 0.586400 -0.373800
vn 0.718700 0.586400 -0.373800
vn 0.721600 0.650600 -0.236600
vn 0.721600 0.650600 -0.236600
vn 0.721600 0.650600 -0.236600
vn 0.720000 0.641200 -0.265600
vn 0.720000 0.641200 -0.265600
vn 0.720000 0.641200 -0.265600
vn 0.718700 0.616900 -0.320900
vn 0.718700 0.616900 -0.320900
vn 0.718700 0.616900 -0.320900
vn 0.721600 0.681700 -0.120400
vn 0.721600 0.681700 -0.120400
vn 0.721600 0.681700 -0.120400
vn 0.721600 0.689700 -0.060200
vn 0.721600 0.689700 -0.060200
vn 0.721600 0.689700 -0.060200
vn 0.000000 1.000000 0.000000
vn 0.000000 1.000000 0.000000
vn 0.000000 1.000000 0.000000
vn 0.000000 1.000000 0.000000
vn 0.000000 1.000000 0.000000
vn 0.000000 1.000000 0.000000
vn 0.000000 1.000000 0.000000
vn 0.000000 1.000000 0.000000
vn 0.000000 1.000000 0.000000
vn 0.000000 1.000000 0.000000
vn 0.000000 1.000000 0.000000
vn 0.000000 1.000000 0.000000
vn 0.000000 1.000000 0.000000
vn 0.000000 1.000000 0.000000
vn 0.000000 1.000000 0.000000
vn 0.000000 1.000000 0.000000
vn 0.000000 1.000000 0.000000
vn 0.000000 1.000000 0.000000
vn 0.000000 1.000000 0.000000
vn 0.000000 1.000000 0.000000
vn 0.000000 1.000000 0.000000
vn 0.000000 1.000000 0.000000
vn 0.000000 1.000000 0.000000
vn 0.000000 1.000000 0.000000
vn 0.000000 -0.996200 0.086900
vn 0.000000 -0.996200 0.086900
vn 0.000000 -0.996200 0.086900
vn 0.000000 -0.984800 0.173900
vn 0.000000 -0.984800 0.173900
vn 0.000000 -0.984800 0.173900
vn 0.000000 -0.953600 -0.300900
vn 0.000000 -0.953600 -0.300900
vn 0.000000 -0.953600 -0.300900
vn 0.000000 -0.939600 -0.342300
vn 0.000000 -0.939600 -0.342300
vn 0.000000 -0.939600 -0.342300
vn 0.000000 -0.923900 -0.382700
vn 0.000000 -0.923900 -0.382700
vn 0.000000 -0.923900 -0.382700
vn 0.000000 -0.906200 -0.422800
vn 0.000000 -0.906200 -0.422800
vn 0.000000 -0.906200 -0.422800
vn 0.000000 -0.984800 -0.173900
vn 0.000000 -0.984800 -0.173900
vn 0.000000 -0.984800 -0.173900
vn 0.000000 -0.996200 -0.086900
vn 0.000000 -0.996200 -0.086900
vn 0.000000 -0.996200 -0.086900
vn 1.000000 0.000000 0.000000
vn 1.000000 0.000000 0.000000
vn 1.000000 0.000000 0.000000
vn 1.000000 0.000000 0.000000
vn 1.000000 0.000000 0.000000
vn 1.000000 0.000000 0.000000
vn 1.000000 0.000000 0.000000
vn 1.000000 0.000000 0.000000
vn 1.000000 0.000000 0.000000
vn 1.000000 0.000000 0.000000
vn 1.000000 0.000000 0.000000
vn 1.000000 0.000000 0.000000
vn 1.000000 0.000000 0.000000
vn 1.000000 0.000000 0.000000
vn 1.000000 0.000000 0.000000
vn 1.000000 0.000000 0.000000
vn 1.000000 0.000000 0.000000
vn 1.000000 0.000000 0.000000
vn 1.000000 0.000000 0.000000
vn 1.000000 0.000000 0.000000
vn 1.000000 0.000000 0.000000
vn 1.000000 0.000000 0.000000
vn 1.000000 0.000000 0.000000
vn 1.000000 0.000000 0.000000
vn 1.000000 0.000000 0.000000
vn 1.000000 0.000000 0.000000
vn 1.000000 0.000000 0.000000
vn 1.000000 0.000000 0.000000
vn 1.000000 0.000000 0.000000
vn 1.000000 0.000000 0.000000
vn 1.000000 0.000000 0.000000
vn 1.000000 0.000000 0.000000
vn 1.000000 0.000000 0.000000
vn 1.000000 0.000000 0.000000
vn 1.000000 0.000000 0.000000
vn 1.000000 0.000000 0.000000
vn 1.000000 0.000000 0.000000
vn 1.000000 0.000000 0.000000
vn 1.000000 0.000000 0.000000
vn 1.000000 0.000000 0.000000
vn 1.000000 0.000000 0.000000
vn 1.000000 0.000000 0.000000
vn 0.000000 -0.422800 -0.906200
vn 0.000000 -0.422800 -0.906200
vn 0.000000 -0.422800 -0.906200
vn 0.000000 -0.341800 -0.939800
vn 0.000000 -0.341800 -0.939800
vn 0.000000 -0.341800 -0.939800
vn 0.000000 -0.643000 -0.765900
vn 0.000000 -0.643000 -0.765900
vn 0.000000 -0.643000 -0.765900
vn 0.000000 -0.573400 -0.819300
vn 0.000000 -0.573400 -0.819300
vn 0.000000 -0.573400 -0.819300
vn 0.000000 -0.819300 -0.573400
vn 0.000000 -0.819300 -0.573400
vn 0.000000 -0.819300 -0.573400
vn 0.000000 -0.765900 -0.643000
vn 0.000000 -0.765900 -0.643000
vn 0.000000 -0.765900 -0.643000
vn 0.000000 0.939600 -0.342300
vn 0.000000 0.939600 -0.342300
vn 0.000000 0.939600 -0.342300
vn 0.000000 0.953600 -0.300900
vn 0.000000 0.953600 -0.300900
vn 0.000000 0.953600 -0.300900
vn 0.000000 0.923900 -0.382700
vn 0.000000 0.923900 -0.382700
vn 0.000000 0.923900 -0.382700
vn 0.000000 0.887100 -0.461600
vn 0.000000 0.887100 -0.461600
vn 0.000000 0.887100 -0.461600
vn 0.000000 0.173400 -0.984900
vn 0.000000 0.173400 -0.984900
vn 0.000000 0.173400 -0.984900
vn 0.000000 0.216200 -0.976300
vn 0.000000 0.216200 -0.976300
vn 0.000000 0.216200 -0.976300
vn 0.000000 -0.216200 -0.976300
vn 0.000000 -0.216200 -0.976300
vn 0.000000 -0.216200 -0.976300
vn 0.000000 -0.173400 -0.984900
vn 0.000000 -0.173400 -0.984900
vn 0.000000 -0.173400 -0.984900
vn 0.000000 0.765900 -0.643000
vn 0.000000 0.765900 -0.643000
vn 0.000000 0.765900 -0.643000
vn 0.000000 0.819300 -0.573400
vn 0.000000 0.819300 -0.573400
vn 0.000000 0.819300 -0.573400
vn 0.000000 0.573400 -0.819300
vn 0.000000 0.573400 -0.819300
vn 0.000000 0.573400 -0.819300
vn 0.000000 0.643000 -0.765900
vn 0.000000 0.643000 -0.765900
vn 0.000000 0.643000 -0.765900
vn 0.000000 0.341800 -0.939800
vn 0.000000 0.341800 -0.939800
vn 0.000000 0.341800 -0.939800
vn 0.000000 0.422800 -0.906200
vn 0.000000 0.422800 -0.906200
vn 0.000000 0.422800 -0.906200
vn 0.000000 -0.939800 0.341800
vn 0.000000 -0.939800 0.341800
vn 0.000000 -0.939800 0.341800
vn 0.000000 -0.906200 0.422800
vn 0.000000 -0.906200 0.422800
vn 0.000000 -0.906200 0.422800
vn 0.000000 0.984800 0.173900
vn 0.000000 0.984800 0.173900
vn 0.000000 0.984800 0.173900
vn 0.000000 0.996200 0.086900
vn 0.000000 0.996200 0.086900
vn 0.000000 0.996200 0.086900
vn 0.000000 0.984800 -0.173900
vn 0.000000 0.984800 -0.173900
vn 0.000000 0.984800 -0.173900
vn 0.000000 0.996200 -0.086900
vn 0.000000 0.996200 -0.086900
vn 0.000000 0.996200 -0.086900
vn 0.000000 0.573400 0.819300
vn 0.000000 0.573400 0.819300
vn 0.000000 0.573400 0.819300
vn 0.000000 0.643000 0.765900
vn 0.000000 0.643000 0.765900
vn 0.000000 0.643000 0.765900
vn 0.000000 0.765900 0.643000
vn 0.000000 0.765900 0.643000
vn 0.000000 0.765900 0.643000
vn 0.000000 0.819300 0.573400
vn 0.000000 0.819300 0.573400
vn 0.000000 0.819300 0.573400
vn 0.000000 0.906200 0.422800
vn 0.000000 0.906200 0.422800
vn 0.000000 0.906200 0.422800
vn 0.000000 0.939800 0.341800
vn 0.000000 0.939800 0.341800
vn 0.000000 0.939800 0.341800
vn 0.000000 -0.819300 0.573400
vn 0.000000 -0.819300 0.573400
vn 0.000000 -0.819300 0.573400
vn 0.000000 -0.765900 0.643000
vn 0.000000 -0.765900 0.643000
vn 0.000000 -0.765900 0.643000
vn 0.000000 0.422400 0.906400
vn 0.000000 0.422400 0.906400
vn 0.000000 0.422400 0.906400
vn 0.000000 0.461600 0.887100
vn 0.000000 0.461600 0.887100
vn 0.000000 0.461600 0.887100
vn 0.000000 -0.643000 0.765900
vn 0.000000 -0.643000 0.765900
vn 0.000000 -0.643000 0.765900
vn 0.000000 -0.573400 0.819300
vn 0.000000 -0.573400 0.819300
vn 0.000000 -0.573400 0.819300
vn 0.000000 -0.461600 0.887100
vn 0.000000 -0.461600 0.887100
vn 0.000000 -0.461600 0.887100
vn 0.000000 -0.422400 0.906400
vn 0.000000 -0.422400 0.906400
vn 0.000000 -0.422400 0.906400
vn 0.000000 -0.996200 0.086900
vn 0.000000 -0.996200 0.086900
vn 0.000000 -0.996200 0.086900
vn 0.000000 -0.984800 0.173900
vn 0.000000 -0.984800 0.173900
vn 0.000000 -0.984800 0.173900
vn 0.000000 -0.906200 -0.422800
vn 0.000000 -0.906200 -0.422800
vn 0.000000 -0.906200 -0.422800
vn 0.000000 -0.939800 -0.341800
vn 0.000000 -0.939800 -0.341800
vn 0.000000 -0.939800 -0.341800
vn 0.000000 -0.984800 -0.173900
vn 0.000000 -0.984800 -0.173900
vn 0.000000 -0.984800 -0.173900
vn 0.000000 -0.996200 -0.086900
vn 0.000000 -0.996200 -0.086900
vn 0.000000 -0.996200 -0.086900
vn 0.000000 -0.341800 -0.939800
vn 0.000000 -0.341800 -0.939800
vn 0.000000 -0.341800 -0.939800
vn 0.000000 -0.422800 -0.906200
vn 0.000000 -0.422800 -0.906200
vn 0.000000 -0.422800 -0.906200
vn 0.000000 -0.573400 -0.819300
vn 0.000000 -0.573400 -0.819300
vn 0.000000 -0.573400 -0.819300
vn 0.000000 -0.643000 -0.765900
vn 0.000000 -0.643000 -0.765900
vn 0.000000 -0.643000 -0.765900
vn 0.000000 -0.765900 -0.643000
vn 0.000000 -0.765900 -0.643000
vn 0.000000 -0.765900 -0.643000
vn 0.000000 -0.819300 -0.573400
vn 0.000000 -0.819300 -0.573400
vn 0.000000 -0.819300 -0.573400
vn 0.000000 0.939800 -0.341800
vn 0.000000 0.939800 -0.341800
vn 0.000000 0.939800 -0.341800
vn 0.000000 0.906200 -0.422800
vn 0.000000 0.906200 -0.422800
vn 0.000000 0.906200 -0.422800
vn 0.000000 0.216200 -0.976300
vn 0.000000 0.216200 -0.976300
vn 0.000000 0.216200 -0.976300
vn 0.000000 0.173400 -0.984900
vn 0.000000 0.173400 -0.984900
vn 0.000000 0.173400 -0.984900
vn 0.000000 -0.173400 -0.984900
vn 0.000000 -0.173400 -0.984900
vn 0.000000 -0.173400 -0.984900
vn 0.000000 -0.216200 -0.976300
vn 0.000000 -0.216200 -0.976300
vn 0.000000 -0.216200 -0.976300
vn 0.000000 0.819300 -0.573400
vn 0.000000 0.819300 -0.573400
vn 0.000000 0.819300 -0.573400
vn 0.000000 0.765900 -0.643000
vn 0.000000 0.765900 -0.643000
vn 0.000000 0.765900 -0.643000
vn 0.000000 0.643000 -0.765900
vn 0.000000 0.643000 -0.765900
vn 0.000000 0.643000 -0.765900
vn 0.000000 0.573400 -0.819300
vn 0.000000 0.573400 -0.819300
vn 0.000000 0.573400 -0.819300
vn 0.000000 0.422800 -0.906200
vn 0.000000 0.422800 -0.906200
vn 0.000000 0.422800 -0.906200
vn 0.000000 0.341800 -0.939800
vn 0.000000 0.341800 -0.939800
vn 0.000000 0.341800 -0.939800
vn 0.000000 -0.939800 0.341800
vn 0.000000 -0.939800 0.341800
vn 0.000000 -0.939800 0.341800
vn 0.000000 -0.906200 0.422800
vn 0.000000 -0.906200 0.422800
vn 0.000000 -0.906200 0.422800
vn 0.000000 0.984800 0.173900
vn 0.000000 0.984800 0.173900
vn 0.000000 0.984800 0.173900
vn 0.000000 0.996200 0.086900
vn 0.000000 0.996200 0.086900
vn 0.000000 0.996200 0.086900
vn 0.000000 0.996200 -0.086900
vn 0.000000 0.996200 -0.086900
vn 0.000000 0.996200 -0.086900
vn 0.000000 0.984800 -0.173900
vn 0.000000 0.984800 -0.173900
vn 0.000000 0.984800 -0.173900
vn 0.000000 0.573400 0.819300
vn 0.000000 0.573400 0.819300
vn 0.000000 0.573400 0.819300
vn 0.000000 0.643000 0.765900
vn 0.000000 0.643000 0.765900
vn 0.000000 0.643000 0.765900
vn 0.000000 0.765900 0.643000
vn 0.000000 0.765900 0.643000
vn 0.000000 0.765900 0.643000
vn 0.000000 0.819300 0.573400
vn 0.000000 0.819300 0.573400
vn 0.000000 0.819300 0.573400
vn 0.000000 0.906200 0.422800
vn 0.000000 0.906200 0.422800
vn 0.000000 0.906200 0.422800
vn 0.000000 0.939800 0.341800
vn 0.000000 0.939800 0.341800
vn 0.000000 0.939800 0.341800
vn 0.000000 -0.819300 0.573400
vn 0.000000 -0.819300 0.573400
vn 0.000000 -0.819300 0.573400
vn 0.000000 -0.765900 0.643000
vn 0.000000 -0.765900 0.643000
vn 0.000000 -0.765900 0.643000
vn 0.000000 0.173400 0.984900
vn 0.000000 0.173400 0.984900
vn 0.000000 0.173400 0.984900
vn 0.000000 0.216200 0.976300
vn 0.000000 0.216200 0.976300
vn 0.000000 0.216200 0.976300
vn 0.000000 0.422800 0.906200
vn 0.000000 0.422800 0.906200
vn 0.000000 0.422800 0.906200
vn 0.000000 0.341800 0.939800
vn 0.000000 0.341800 0.939800
vn 0.000000 0.341800 0.939800
vn 0.000000 -0.643000 0.765900
vn 0.000000 -0.643000 0.765900
vn 0.000000 -0.643000 0.765900
vn 0.000000 -0.573400 0.819300
vn 0.000000 -0.573400 0.819300
vn 0.000000 -0.573400 0.819300
vn 0.000000 -0.422800 0.906200
vn 0.000000 -0.422800 0.906200
vn 0.000000 -0.422800 0.906200
vn 0.000000 -0.341800 0.939800
vn 0.000000 -0.341800 0.939800
vn 0.000000 -0.341800 0.939800
vn 0.000000 -0.216200 0.976300
vn 0.000000 -0.216200 0.976300
vn 0.000000 -0.216200 0.976300
vn 0.000000 -0.173400 0.984900
vn 0.000000 -0.173400 0.984900
vn 0.000000 -0.173400 0.984900
vn 0.721600 0.689700 0.060200
vn 0.721600 0.689700 0.060200
vn 0.721600 0.689700 0.060200
vn 0.721600 0.681700 0.120400
vn 0.721600 0.681700 0.120400
vn 0.721600 0.681700 0.120400
vn 0.721600 0.650600 0.236600
vn 0.721600 0.650600 0.236600
vn 0.721600 0.650600 0.236600
vn 0.721600 0.627400 0.292700
vn 0.721600 0.627400 0.292700
vn 0.721600 0.627400 0.292700
vn 0.721600 0.567200 0.396900
vn 0.721600 0.567200 0.396900
vn 0.721600 0.567200 0.396900
vn 0.721600 0.530200 0.445100
vn 0.721600 0.530200 0.445100
vn 0.721600 0.530200 0.445100
vn 0.721600 0.396900 0.567200
vn 0.721600 0.396900 0.567200
vn 0.721600 0.396900 0.567200
vn 0.721600 0.445100 0.530200
vn 0.721600 0.445100 0.530200
vn 0.721600 0.445100 0.530200
vn 0.721600 0.236600 0.650600
vn 0.721600 0.236600 0.650600
vn 0.721600 0.236600 0.650600
vn 0.720000 0.265600 0.641200
vn 0.720000 0.265600 0.641200
vn 0.720000 0.265600 0.641200
vn 0.718700 0.320900 0.616900
vn 0.718700 0.320900 0.616900
vn 0.718700 0.320900 0.616900
vn 0.717700 0.120700 0.685900
vn 0.717700 0.120700 0.685900
vn 0.717700 0.120700 0.685900
vn 0.718700 0.150400 0.678900
vn 0.718700 0.150400 0.678900
vn 0.718700 0.150400 0.678900
vn 0.000000 1.000000 0.000000
vn 0.000000 1.000000 0.000000
vn 0.000000 1.000000 0.000000
vn 0.000000 1.000000 0.000000
vn 0.000000 1.000000 0.000000
vn 0.000000 1.000000 0.000000
vn 0.000000 1.000000 0.000000
vn 0.000000 1.000000 0.000000
vn 0.000000 1.000000 0.000000
vn 0.000000 1.000000 0.000000
vn 0.000000 1.000000 0.000000
vn 0.000000 1.000000 0.000000
vn 0.718700 -0.150400 0.678900
vn 0.718700 -0.150400 0.678900
vn 0.718700 -0.150400 0.678900
vn 0.717700 -0.120700 0.685900
vn 0.717700 -0.120700 0.685900
vn 0.717700 -0.120700 0.685900
vn 0.721600 -0.292700 0.627400
vn 0.721600 -0.292700 0.627400
vn 0.721600 -0.292700 0.627400
vn 0.720000 -0.265600 0.641200
vn 0.720000 -0.265600 0.641200
vn 0.720000 -0.265600 0.641200
vn 0.718700 -0.209200 0.663100
vn 0.718700 -0.209200 0.663100
vn 0.718700 -0.209200 0.663100
vn 0.721600 -0.445100 0.530200
vn 0.721600 -0.445100 0.530200
vn 0.721600 -0.445100 0.530200
vn 0.721600 -0.396900 0.567200
vn 0.721600 -0.396900 0.567200
vn 0.721600 -0.396900 0.567200
vn 0.721600 -0.567200 0.396900
vn 0.721600 -0.567200 0.396900
vn 0.721600 -0.567200 0.396900
vn 0.721600 -0.530200 0.445100
vn 0.721600 -0.530200 0.445100
vn 0.721600 -0.530200 0.445100
vn 0.721600 -0.650600 0.236600
vn 0.721600 -0.650600 0.236600
vn 0.721600 -0.650600 0.236600
vn 0.721600 -0.627400 0.292700
vn 0.721600 -0.627400 0.292700
vn 0.721600 -0.627400 0.292700
vn 0.721600 -0.689700 0.060200
vn 0.721600 -0.689700 0.060200
vn 0.721600 -0.689700 0.060200
vn 0.721600 -0.681700 0.120400
vn 0.721600 -0.681700 0.120400
vn 0.721600 -0.681700 0.120400
vn 0.721600 -0.681700 -0.120400
vn 0.721600 -0.681700 -0.120400
vn 0.721600 -0.681700 -0.120400
vn 0.721600 -0.689700 -0.060200
vn 0.721600 -0.689700 -0.060200
vn 0.721600 -0.689700 -0.060200
vn 0.721600 -0.627400 -0.292700
vn 0.721600 -0.627400 -0.292700
vn 0.721600 -0.627400 -0.292700
vn 0.721600 -0.650600 -0.236600
vn 0.721600 -0.650600 -0.236600
vn 0.721600 -0.650600 -0.236600
vn 0.721600 -0.530200 -0.445100
vn 0.721600 -0.530200 -0.445100
vn 0.721600 -0.530200 -0.445100
vn 0.721600 -0.567200 -0.396900
vn 0.721600 -0.567200 -0.396900
vn 0.721600 -0.567200 -0.396900
vn 0.721600 -0.445100 -0.530200
vn 0.721600 -0.445100 -0.530200
vn 0.721600 -0.445100 -0.530200
vn 0.721600 -0.396900 -0.567200
vn 0.721600 -0.396900 -0.567200
vn 0.721600 -0.396900 -0.567200
vn 0.721600 -0.292700 -0.627400
vn 0.721600 -0.292700 -0.627400
vn 0.721600 -0.292700 -0.627400
vn 0.721600 -0.236600 -0.650600
vn 0.721600 -0.236600 -0.650600
vn 0.721600 -0.236600 -0.650600
vn 0.718700 -0.150400 -0.678900
vn 0.718700 -0.150400 -0.678900
vn 0.718700 -0.150400 -0.678900
vn 0.717700 -0.120700 -0.685900
vn 0.717700 -0.120700 -0.685900
vn 0.717700 -0.120700 -0.685900
vn 0.717700 0.120700 -0.685900
vn 0.717700 0.120700 -0.685900
vn 0.717700 0.120700 -0.685900
vn 0.718700 0.150400 -0.678900
vn 0.718700 0.150400 -0.678900
vn 0.718700 0.150400 -0.678900
vn 0.721600 0.236600 -0.650600
vn 0.721600 0.236600 -0.650600
vn 0.721600 0.236600 -0.650600
vn 0.721600 0.292700 -0.627400
vn 0.721600 0.292700 -0.627400
vn 0.721600 0.292700 -0.627400
vn 0.721600 0.396900 -0.567200
vn 0.721600 0.396900 -0.567200
vn 0.721600 0.396900 -0.567200
vn 0.721600 0.445100 -0.530200
vn 0.721600 0.445100 -0.530200
vn 0.721600 0.445100 -0.530200
vn 0.721600 0.530200 -0.445100
vn 0.721600 0.530200 -0.445100
vn 0.721600 0.530200 -0.445100
vn 0.721600 0.567200 -0.396900
vn 0.721600 0.567200 -0.396900
vn 0.721600 0.567200 -0.396900
vn 0.721600 0.627400 -0.292700
vn 0.721600 0.627400 -0.292700
vn 0.721600 0.627400 -0.292700
vn 0.721600 0.650600 -0.236600
vn 0.721600 0.650600 -0.236600
vn 0.721600 0.650600 -0.236600
vn 0.721600 0.681700 -0.120400
vn 0.721600 0.681700 -0.120400
vn 0.721600 0.681700 -0.120400
vn 0.721600 0.689700 -0.060200
vn 0.721600 0.689700 -0.060200
vn 0.721600 0.689700 -0.060200
vn 0.000000 -0.996200 0.086900
vn 0.000000 -0.996200 0.086900
vn 0.000000 -0.996200 0.086900
vn 0.000000 -0.984800 0.173900
vn 0.000000 -0.984800 0.173900
vn 0.000000 -0.984800 0.173900
vn 0.000000 -0.906200 -0.422800
vn 0.000000 -0.906200 -0.422800
vn 0.000000 -0.906200 -0.422800
vn 0.000000 -0.939800 -0.341800
vn 0.000000 -0.939800 -0.341800
vn 0.000000 -0.939800 -0.341800
vn 0.000000 -0.984800 -0.173900
vn 0.000000 -0.984800 -0.173900
vn 0.000000 -0.984800 -0.173900
vn 0.000000 -0.996200 -0.086900
vn 0.000000 -0.996200 -0.086900
vn 0.000000 -0.996200 -0.086900
vn 0.000000 -0.341800 -0.939800
vn 0.000000 -0.341800 -0.939800
vn 0.000000 -0.341800 -0.939800
vn 0.000000 -0.422800 -0.906200
vn 0.000000 -0.422800 -0.906200
vn 0.000000 -0.422800 -0.906200
vn 0.000000 -0.573400 -0.819300
vn 0.000000 -0.573400 -0.819300
vn 0.000000 -0.573400 -0.819300
vn 0.000000 -0.643000 -0.765900
vn 0.000000 -0.643000 -0.765900
vn 0.000000 -0.643000 -0.765900
vn 0.000000 -0.765900 -0.643000
vn 0.000000 -0.765900 -0.643000
vn 0.000000 -0.765900 -0.643000
vn 0.000000 -0.819300 -0.573400
vn 0.000000 -0.819300 -0.573400
vn 0.000000 -0.819300 -0.573400
vn 0.000000 0.939800 -0.341800
vn 0.000000 0.939800 -0.341800
vn 0.000000 0.939800 -0.341800
vn 0.000000 0.906200 -0.422800
vn 0.000000 0.906200 -0.422800
vn 0.000000 0.906200 -0.422800
vn 0.000000 0.216200 -0.976300
vn 0.000000 0.216200 -0.976300
vn 0.000000 0.216200 -0.976300
vn 0.000000 0.173400 -0.984900
vn 0.000000 0.173400 -0.984900
vn 0.000000 0.173400 -0.984900
vn 0.000000 -0.173400 -0.984900
vn 0.000000 -0.173400 -0.984900
vn 0.000000 -0.173400 -0.984900
vn 0.000000 -0.216200 -0.976300
vn 0.000000 -0.216200 -0.976300
vn 0.000000 -0.216200 -0.976300
vn 0.000000 0.819300 -0.573400
vn 0.000000 0.819300 -0.573400
vn 0.000000 0.819300 -0.573400
vn 0.000000 0.765900 -0.643000
vn 0.000000 0.765900 -0.643000
vn 0.000000 0.765900 -0.643000
vn 0.000000 0.643000 -0.765900
vn 0.000000 0.643000 -0.765900
vn 0.000000 0.643000 -0.765900
vn 0.000000 0.573400 -0.819300
vn 0.000000 0.573400 -0.819300
vn 0.000000 0.573400 -0.819300
vn 0.000000 0.422800 -0.906200
vn 0.000000 0.422800 -0.906200
vn 0.000000 0.422800 -0.906200
vn 0.000000 0.341800 -0.939800
vn 0.000000 0.341800 -0.939800
vn 0.000000 0.341800 -0.939800
vn 0.000000 -0.939800 0.341800
vn 0.000000 -0.939800 0.341800
vn 0.000000 -0.939800 0.341800
vn 0.000000 -0.906200 0.422800
vn 0.000000 -0.906200 0.422800
vn 0.000000 -0.906200 0.422800
vn 0.000000 0.984800 0.173900
vn 0.000000 0.984800 0.173900
vn 0.000000 0.984800 0.173900
vn 0.000000 0.996200 0.086900
vn 0.000000 0.996200 0.086900
vn 0.000000 0.996200 0.086900
vn 0.000000 0.996200 -0.086900
vn 0.000000 0.996200 -0.086900
vn 0.000000 0.996200 -0.086900
vn 0.000000 0.984800 -0.173900
vn 0.000000 0.984800 -0.173900
vn 0.000000 0.984800 -0.173900
vn 0.000000 0.573400 0.819300
vn 0.000000 0.573400 0.819300
vn 0.000000 0.573400 0.819300
vn 0.000000 0.643000 0.765900
vn 0.000000 0.643000 0.765900
vn 0.000000 0.643000 0.765900
vn 0.000000 0.765900 0.643000
vn 0.000000 0.765900 0.643000
vn 0.000000 0.765900 0.643000
vn 0.000000 0.819300 0.573400
vn 0.000000 0.819300 0.573400
vn 0.000000 0.819300 0.573400
vn 0.000000 0.906200 0.422800
vn 0.000000 0.906200 0.422800
vn 0.000000 0.906200 0.422800
vn 0.000000 0.939800 0.341800
vn 0.000000 0.939800 0.341800
vn 0.000000 0.939800 0.341800
vn 0.000000 -0.819300 0.573400
vn 0.000000 -0.819300 0.573400
vn 0.000000 -0.819300 0.573400
vn 0.000000 -0.765900 0.643000
vn 0.000000 -0.765900 0.643000
vn 0.000000 -0.765900 0.643000
vn 0.000000 0.422400 0.906400
vn 0.000000 0.422400 0.906400
vn 0.000000 0.422400 0.906400
vn 0.000000 0.461600 0.887100
vn 0.000000 0.461600 0.887100
vn 0.000000 0.461600 0.887100
vn 0.000000 -0.643000 0.765900
vn 0.000000 -0.643000 0.765900
vn 0.000000 -0.643000 0.765900
vn 0.000000 -0.573400 0.819300
vn 0.000000 -0.573400 0.819300
vn 0.000000 -0.573400 0.819300
vn 0.000000 -0.461600 0.887100
vn 0.000000 -0.461600 0.887100
vn 0.000000 -0.461600 0.887100
vn 0.000000 -0.422400 0.906400
vn 0.000000 -0.422400 0.906400
vn 0.000000 -0.422400 0.906400
vn 0.000000 -0.996200 0.086900
vn 0.000000 -0.996200 0.086900
vn 0.000000 -0.996200 0.086900
vn 0.000000 -0.984800 0.173900
vn 0.000000 -0.984800 0.173900
vn 0.000000 -0.984800 0.173900
vn 0.000000 -0.906200 -0.422800
vn 0.000000 -0.906200 -0.422800
vn 0.000000 -0.906200 -0.422800
vn 0.000000 -0.939800 -0.341800
vn 0.000000 -0.939800 -0.341800
vn 0.000000 -0.939800 -0.341800
vn 0.000000 -0.984800 -0.173900
vn 0.000000 -0.984800 -0.173900
vn 0.000000 -0.984800 -0.173900
vn 0.000000 -0.996200 -0.086900
vn 0.000000 -0.996200 -0.086900
vn 0.000000 -0.996200 -0.086900
vn 0.000000 -0.341800 -0.939800
vn 0.000000 -0.341800 -0.939800
vn 0.000000 -0.341800 -0.939800
vn 0.000000 -0.422800 -0.906200
vn 0.000000 -0.422800 -0.906200
vn 0.000000 -0.422800 -0.906200
vn 0.000000 -0.573400 -0.819300
vn 0.000000 -0.573400 -0.819300
vn 0.000000 -0.573400 -0.819300
vn 0.000000 -0.643000 -0.765900
vn 0.000000 -0.643000 -0.765900
vn 0.000000 -0.643000 -0.765900
vn 0.000000 -0.765900 -0.643000
vn 0.000000 -0.765900 -0.643000
vn 0.000000 -0.765900 -0.643000
vn 0.000000 -0.819300 -0.573400
vn 0.000000 -0.819300 -0.573400
vn 0.000000 -0.819300 -0.573400
vn 0.000000 0.939800 -0.341800
vn 0.000000 0.939800 -0.341800
vn 0.000000 0.939800 -0.341800
vn 0.000000 0.906200 -0.422800
vn 0.000000 0.906200 -0.422800
vn 0.000000 0.906200 -0.422800
vn 0.000000 0.216200 -0.976300
vn 0.000000 0.216200 -0.976300
vn 0.000000 0.216200 -0.976300
vn 0.000000 0.173400 -0.984900
vn 0.000000 0.173400 -0.984900
vn 0.000000 0.173400 -0.984900
vn 0.000000 -0.173400 -0.984900
vn 0.000000 -0.173400 -0.984900
vn 0.000000 -0.173400 -0.984900
vn 0.000000 -0.216200 -0.976300
vn 0.000000 -0.216200 -0.976300
vn 0.000000 -0.216200 -0.976300
vn 0.000000 0.000000 -1.000000
vn 0.000000 0.000000 -1.000000
vn 0.000000 0.000000 -1.000000
vn 0.000000 0.000000 -1.000000
vn 0.000000 0.000000 -1.000000
vn 0.000000 0.000000 -1.000000
vn 0.000000 -1.000000 0.000000
vn 0.000000 -1.000000 0.000000
vn 0.000000 -1.000000 0.000000
vn 0.000000 -1.000000 0.000000
vn 0.000000 -1.000000 0.000000
vn 0.000000 -1.000000 0.000000
vn 0.000000 -1.000000 0.000000
vn 0.000000 -1.000000 0.000000
vn 0.000000 -1.000000 0.000000
vn 0.000000 -1.000000 0.000000
vn 0.000000 -1.000000 0.000000
vn 0.000000 -1.000000 0.000000
vn 0.000000 -1.000000 0.000000
vn 0.000000 -1.000000 0.000000
vn 0.000000 -1.000000 0.000000
vn 0.000000 -1.000000 0.000000
vn 0.000000 -1.000000 0.000000
vn 0.000000 -1.000000 0.000000
vn 0.000000 -1.000000 0.000000
vn 0.000000 -1.000000 0.000000
vn 0.000000 -1.000000 0.000000
vn 0.000000 -1.000000 0.000000
vn 0.000000 -1.000000 0.000000
vn 0.000000 -1.000000 0.000000
vn 0.000000 -1.000000 0.000000
vn 0.000000 -1.000000 0.000000
vn 0.000000 -1.000000 0.000000
vn 0.000000 -1.000000 0.000000
vn 0.000000 -1.000000 0.000000
vn 0.000000 -1.000000 0.000000
vn 0.000000 1.000000 0.000000
vn 0.000000 1.000000 0.000000
vn 0.000000 1.000000 0.000000
vn 0.000000 1.000000 0.000000
vn 0.000000 1.000000 0.000000
vn 0.000000 1.000000 0.000000
vn 0.000000 1.000000 0.000000
vn 0.000000 1.000000 0.000000
vn 0.000000 1.000000 0.000000
vn 0.000000 1.000000 0.000000
vn 0.000000 1.000000 0.000000
vn 0.000000 1.000000 0.000000
vn 0.000000 1.000000 0.000000
vn 0.000000 1.000000 0.000000
vn 0.000000 1.000000 0.000000
vn 0.000000 1.000000 0.000000
vn 0.000000 1.000000 0.000000
vn 0.000000 1.000000 0.000000
vn 0.000000 1.000000 0.000000
vn 0.000000 1.000000 0.000000
vn 0.000000 1.000000 0.000000
vn 0.000000 1.000000 0.000000
vn 0.000000 1.000000 0.000000
vn 0.000000 1.000000 0.000000
vn 0.000000 1.000000 0.000000
vn 0.000000 1.000000 0.000000
vn 0.000000 1.000000 0.000000
vn 0.000000 1.000000 0.000000
vn 0.000000 1.000000 0.000000
vn 0.000000 1.000000 0.000000
vn 0.000000 0.819300 -0.573400
vn 0.000000 0.819300 -0.573400
vn 0.000000 0.819300 -0.573400
vn 0.000000 0.765900 -0.643000
vn 0.000000 0.765900 -0.643000
vn 0.000000 0.765900 -0.643000
vn 0.000000 0.643000 -0.765900
vn 0.000000 0.643000 -0.765900
vn 0.000000 0.643000 -0.765900
vn 0.000000 0.573400 -0.819300
vn 0.000000 0.573400 -0.819300
vn 0.000000 0.573400 -0.819300
vn 0.000000 0.422800 -0.906200
vn 0.000000 0.422800 -0.906200
vn 0.000000 0.422800 -0.906200
vn 0.000000 0.341800 -0.939800
vn 0.000000 0.341800 -0.939800
vn 0.000000 0.341800 -0.939800
vn 0.000000 -0.939800 0.341800
vn 0.000000 -0.939800 0.341800
vn 0.000000 -0.939800 0.341800
vn 0.000000 -0.906200 0.422800
vn 0.000000 -0.906200 0.422800
vn 0.000000 -0.906200 0.422800
vn 0.000000 0.984800 0.173900
vn 0.000000 0.984800 0.173900
vn 0.000000 0.984800 0.173900
vn 0.000000 0.996200 0.086900
vn 0.000000 0.996200 0.086900
vn 0.000000 0.996200 0.086900
vn 0.000000 0.996200 -0.086900
vn 0.000000 0.996200 -0.086900
vn 0.000000 0.996200 -0.086900
vn 0.000000 0.984800 -0.173900
vn 0.000000 0.984800 -0.173900
vn 0.000000 0.984800 -0.173900
vn 0.000000 0.573400 0.819300
vn 0.000000 0.573400 0.819300
vn 0.000000 0.573400 0.819300
vn 0.000000 0.643000 0.765900
vn 0.000000 0.643000 0.765900
vn 0.000000 0.643000 0.765900
vn 0.000000 0.765900 0.643000
vn 0.000000 0.765900 0.643000
vn 0.000000 0.765900 0.643000
vn 0.000000 0.819300 0.573400
vn 0.000000 0.819300 0.573400
vn 0.000000 0.819300 0.573400
vn 0.000000 0.906200 0.422800
vn 0.000000 0.906200 0.422800
vn 0.000000 0.906200 0.422800
vn 0.000000 0.939800 0.341800
vn 0.000000 0.939800 0.341800
vn 0.000000 0.939800 0.341800
vn 0.000000 -0.819300 0.573400
vn 0.000000 -0.819300 0.573400
vn 0.000000 -0.819300 0.573400
vn 0.000000 -0.765900 0.643000
vn 0.000000 -0.765900 0.643000
vn 0.000000 -0.765900 0.643000
vn 0.000000 0.173400 0.984900
vn 0.000000 0.173400 0.984900
vn 0.000000 0.173400 0.984900
vn 0.000000 0.216200 0.976300
vn 0.000000 0.216200 0.976300
vn 0.000000 0.216200 0.976300
vn 0.000000 0.341800 0.939800
vn 0.000000 0.341800 0.939800
vn 0.000000 0.341800 0.939800
vn 0.000000 0.422800 0.906200
vn 0.000000 0.422800 0.906200
vn 0.000000 0.422800 0.906200
vn 0.000000 0.965900 0.258800
vn 0.000000 0.965900 0.258800
vn 0.000000 0.965900 0.258800
vn 0.000000 0.940500 0.339900
vn 0.000000 0.940500 0.339900
vn 0.000000 0.940500 0.339900
vn 0.000000 0.940500 0.339900
vn 0.000000 0.940500 0.339900
vn 0.000000 0.940500 0.339900
vn 0.000000 0.907100 0.421000
vn 0.000000 0.907100 0.421000
vn 0.000000 0.907100 0.421000
vn 0.000000 0.940500 0.339900
vn 0.000000 0.940500 0.339900
vn 0.000000 0.940500 0.339900
vn 0.000000 0.965900 0.258800
vn 0.000000 0.965900 0.258800
vn 0.000000 0.965900 0.258800
vn 0.000000 0.965900 0.258800
vn 0.000000 0.965900 0.258800
vn 0.000000 0.965900 0.258800
vn 0.000000 0.965900 0.258800
vn 0.000000 0.965900 0.258800
vn 0.000000 0.965900 0.258800
vn 0.000000 0.940500 0.339900
vn 0.000000 0.940500 0.339900
vn 0.000000 0.940500 0.339900
vn 0.000000 0.940500 0.339900
vn 0.000000 0.940500 0.339900
vn 0.000000 0.940500 0.339900
vn 0.000000 0.965900 0.258800
vn 0.000000 0.965900 0.258800
vn 0.000000 0.965900 0.258800
vn 0.000000 0.965900 0.258800
vn 0.000000 0.965900 0.258800
vn 0.000000 0.965900 0.258800
vn 0.000000 0.767200 0.641400
vn 0.000000 0.767200 0.641400
vn 0.000000 0.767200 0.641400
vn 0.000000 0.641400 0.767200
vn 0.000000 0.641400 0.767200
vn 0.000000 0.641400 0.767200
vn 0.000000 -0.643000 0.765900
vn 0.000000 -0.643000 0.765900
vn 0.000000 -0.643000 0.765900
vn 0.000000 -0.573400 0.819300
vn 0.000000 -0.573400 0.819300
vn 0.000000 -0.573400 0.819300
vn 0.000000 -0.422800 0.906200
vn 0.000000 -0.422800 0.906200
vn 0.000000 -0.422800 0.906200
vn 0.000000 -0.341800 0.939800
vn 0.000000 -0.341800 0.939800
vn 0.000000 -0.341800 0.939800
vn 0.000000 -0.216200 0.976300
vn 0.000000 -0.216200 0.976300
vn 0.000000 -0.216200 0.976300
vn 0.000000 -0.173400 0.984900
vn 0.000000 -0.173400 0.984900
vn 0.000000 -0.173400 0.984900
vn 0.000000 0.171900 0.985100
vn 0.000000 0.171900 0.985100
vn 0.000000 0.171900 0.985100
vn 0.000000 0.343700 0.939100
vn 0.000000 0.343700 0.939100
vn 0.000000 0.343700 0.939100
vn 0.721600 0.689700 0.060200
vn 0.721600 0.689700 0.060200
vn 0.721600 0.689700 0.060200
vn 0.721600 0.681700 0.120400
vn 0.721600 0.681700 0.120400
vn 0.721600 0.681700 0.120400
vn 0.721600 0.650600 0.236600
vn 0.721600 0.650600 0.236600
vn 0.721600 0.650600 0.236600
vn 0.721600 0.627400 0.292700
vn 0.721600 0.627400 0.292700
vn 0.721600 0.627400 0.292700
vn 0.721600 0.567200 0.396900
vn 0.721600 0.567200 0.396900
vn 0.721600 0.567200 0.396900
vn 0.721600 0.530200 0.445100
vn 0.721600 0.530200 0.445100
vn 0.721600 0.530200 0.445100
vn 0.721600 0.396900 0.567200
vn 0.721600 0.396900 0.567200
vn 0.721600 0.396900 0.567200
vn 0.721600 0.445100 0.530200
vn 0.721600 0.445100 0.530200
vn 0.721600 0.445100 0.530200
vn 0.718700 0.209200 0.663100
vn 0.718700 0.209200 0.663100
vn 0.718700 0.209200 0.663100
vn 0.720000 0.265600 0.641200
vn 0.720000 0.265600 0.641200
vn 0.720000 0.265600 0.641200
vn 0.721600 0.292700 0.627400
vn 0.721600 0.292700 0.627400
vn 0.721600 0.292700 0.627400
vn 0.717700 0.120700 0.685900
vn 0.717700 0.120700 0.685900
vn 0.717700 0.120700 0.685900
vn 0.718700 0.150400 0.678900
vn 0.718700 0.150400 0.678900
vn 0.718700 0.150400 0.678900
vn 0.000000 1.000000 0.000000
vn 0.000000 1.000000 0.000000
vn 0.000000 1.000000 0.000000
vn 0.000000 1.000000 0.000000
vn 0.000000 1.000000 0.000000
vn 0.000000 1.000000 0.000000
vn 0.000000 1.000000 0.000000
vn 0.000000 1.000000 0.000000
vn 0.000000 1.000000 0.000000
vn 0.000000 1.000000 0.000000
vn 0.000000 1.000000 0.000000
vn 0.000000 1.000000 0.000000
vn 0.718700 -0.150400 0.678900
vn 0.718700 -0.150400 0.678900
vn 0.718700 -0.150400 0.678900
vn 0.717700 -0.120700 0.685900
vn 0.717700 -0.120700 0.685900
vn 0.717700 -0.120700 0.685900
vn 0.721600 -0.292700 0.627400
vn 0.721600 -0.292700 0.627400
vn 0.721600 -0.292700 0.627400
vn 0.720000 -0.265600 0.641200
vn 0.720000 -0.265600 0.641200
vn 0.720000 -0.265600 0.641200
vn 0.718700 -0.209200 0.663100
vn 0.718700 -0.209200 0.663100
vn 0.718700 -0.209200 0.663100
vn 0.721600 -0.445100 0.530200
vn 0.721600 -0.445100 0.530200
vn 0.721600 -0.445100 0.530200
vn 0.721600 -0.396900 0.567200
vn 0.721600 -0.396900 0.567200
vn 0.721600 -0.396900 0.567200
vn 0.721600 -0.567200 0.396900
vn 0.721600 -0.567200 0.396900
vn 0.721600 -0.567200 0.396900
vn 0.721600 -0.530200 0.445100
vn 0.721600 -0.530200 0.445100
vn 0.721600 -0.530200 0.445100
vn 0.721600 -0.650600 0.236600
vn 0.721600 -0.650600 0.236600
vn 0.721600 -0.650600 0.236600
vn 0.721600 -0.627400 0.292700
vn 0.721600 -0.627400 0.292700
vn 0.721600 -0.627400 0.292700
vn 0.721600 -0.689700 0.060200
vn 0.721600 -0.689700 0.060200
vn 0.721600 -0.689700 0.060200
vn 0.721600 -0.681700 0.120400
vn 0.721600 -0.681700 0.120400
vn 0.721600 -0.681700 0.120400
vn 0.721600 -0.681700 -0.120400
vn 0.721600 -0.681700 -0.120400
vn 0.721600 -0.681700 -0.120400
vn 0.721600 -0.689700 -0.060200
vn 0.721600 -0.689700 -0.060200
vn 0.721600 -0.689700 -0.060200
vn 0.721600 -0.627400 -0.292700
vn 0.721600 -0.627400 -0.292700
vn 0.721600 -0.627400 -0.292700
vn 0.721600 -0.650600 -0.236600
vn 0.721600 -0.650600 -0.236600
vn 0.721600 -0.650600 -0.236600
vn 0.721600 -0.530200 -0.445100
vn 0.721600 -0.530200 -0.445100
vn 0.721600 -0.530200 -0.445100
vn 0.721600 -0.567200 -0.396900
vn 0.721600 -0.567200 -0.396900
vn 0.721600 -0.567200 -0.396900
vn 0.721600 -0.445100 -0.530200
vn 0.721600 -0.445100 -0.530200
vn 0.721600 -0.445100 -0.530200
vn 0.721600 -0.396900 -0.567200
vn 0.721600 -0.396900 -0.567200
vn 0.721600 -0.396900 -0.567200
vn 0.721600 -0.292700 -0.627400
vn 0.721600 -0.292700 -0.627400
vn 0.721600 -0.292700 -0.627400
vn 0.721600 -0.236600 -0.650600
vn 0.721600 -0.236600 -0.650600
vn 0.721600 -0.236600 -0.650600
vn 0.718700 -0.150400 -0.678900
vn 0.718700 -0.150400 -0.678900
vn 0.718700 -0.150400 -0.678900
vn 0.717700 -0.120700 -0.685900
vn 0.717700 -0.120700 -0.685900
vn 0.717700 -0.120700 -0.685900
vn 0.717700 0.120700 -0.685900
vn 0.717700 0.120700 -0.685900
vn 0.717700 0.120700 -0.685900
vn 0.718700 0.150400 -0.678900
vn 0.718700 0.150400 -0.678900
vn 0.718700 0.150400 -0.678900
vn 0.721600 0.236600 -0.650600
vn 0.721600 0.236600 -0.650600
vn 0.721600 0.236600 -0.650600
vn 0.721600 0.292700 -0.627400
vn 0.721600 0.292700 -0.627400
vn 0.721600 0.292700 -0.627400
vn 0.721600 0.396900 -0.567200
vn 0.721600 0.396900 -0.567200
vn 0.721600 0.396900 -0.567200
vn 0.721600 0.445100 -0.530200
vn 0.721600 0.445100 -0.530200
vn 0.721600 0.445100 -0.530200
vn 0.721600 0.530200 -0.445100
vn 0.721600 0.530200 -0.445100
vn 0.721600 0.530200 -0.445100
vn 0.721600 0.567200 -0.396900
vn 0.721600 0.567200 -0.396900
vn 0.721600 0.567200 -0.396900
vn 0.721600 0.627400 -0.292700
vn 0.721600 0.627400 -0.292700
vn 0.721600 0.627400 -0.292700
vn 0.721600 0.650600 -0.236600
vn 0.721600 0.650600 -0.236600
vn 0.721600 0.650600 -0.236600
vn 0.721600 0.681700 -0.120400
vn 0.721600 0.681700 -0.120400
vn 0.721600 0.681700 -0.120400
vn 0.721600 0.689700 -0.060200
vn 0.721600 0.689700 -0.060200
vn 0.721600 0.689700 -0.060200
vn 0.000000 -0.996200 0.086900
vn 0.000000 -0.996200 0.086900
vn 0.000000 -0.996200 0.086900
vn 0.000000 -0.984800 0.173900
vn 0.000000 -0.984800 0.173900
vn 0.000000 -0.984800 0.173900
vn 0.000000 -0.939600 -0.342300
vn 0.000000 -0.939600 -0.342300
vn 0.000000 -0.939600 -0.342300
vn 0.000000 -0.953600 -0.300900
vn 0.000000 -0.953600 -0.300900
vn 0.000000 -0.953600 -0.300900
vn 0.000000 -0.923900 -0.382700
vn 0.000000 -0.923900 -0.382700
vn 0.000000 -0.923900 -0.382700
vn 0.000000 -0.887100 -0.461600
vn 0.000000 -0.887100 -0.461600
vn 0.000000 -0.887100 -0.461600
vn 0.000000 -0.984800 -0.173900
vn 0.000000 -0.984800 -0.173900
vn 0.000000 -0.984800 -0.173900
vn 0.000000 -0.996200 -0.086900
vn 0.000000 -0.996200 -0.086900
vn 0.000000 -0.996200 -0.086900
vn -1.000000 0.000000 0.000000
vn -1.000000 0.000000 0.000000
vn -1.000000 0.000000 0.000000
vn -1.000000 0.000000 0.000000
vn -1.000000 0.000000 0.000000
vn -1.000000 0.000000 0.000000
vn -1.000000 0.000000 0.000000
vn -1.000000 0.000000 0.000000
vn -1.000000 0.000000 0.000000
vn -1.000000 0.000000 0.000000
vn -1.000000 0.000000 0.000000
vn -1.000000 0.000000 0.000000
vn -1.000000 0.000000 0.000000
vn -1.000000 0.000000 0.000000
vn -1.000000 0.000000 0.000000
vn -1.000000 0.000000 0.000000
vn -1.000000 0.000000 0.000000
vn -1.000000 0.000000 0.000000
vn -1.000000 0.000000 0.000000
vn -1.000000 0.000000 0.000000
vn -1.000000 0.000000 0.000000
vn -1.000000 0.000000 0.000000
vn -1.000000 0.000000 0.000000
vn -1.000000 0.000000 0.000000
vn -1.000000 0.000000 0.000000
vn -1.000000 0.000000 0.000000
vn -1.000000 0.000000 0.000000
vn -1.000000 0.000000 0.000000
vn -1.000000 0.000000 0.000000
vn -1.000000 0.000000 0.000000
vn -1.000000 0.000000 0.000000
vn -1.000000 0.000000 0.000000
vn -1.000000 0.000000 0.000000
vn -1.000000 0.000000 0.000000
vn -1.000000 0.000000 0.000000
vn -1.000000 0.000000 0.000000
vn -1.000000 0.000000 0.000000
vn -1.000000 0.000000 0.000000
vn -1.000000 0.000000 0.000000
vn -1.000000 0.000000 0.000000
vn -1.000000 0.000000 0.000000
vn -1.000000 0.000000 0.000000
vn 0.000000 -0.341800 -0.939800
vn 0.000000 -0.341800 -0.939800
vn 0.000000 -0.341800 -0.939800
vn 0.000000 -0.422800 -0.906200
vn 0.000000 -0.422800 -0.906200
vn 0.000000 -0.422800 -0.906200
vn 0.000000 -0.573400 -0.819300
vn 0.000000 -0.573400 -0.819300
vn 0.000000 -0.573400 -0.819300
vn 0.000000 -0.643000 -0.765900
vn 0.000000 -0.643000 -0.765900
vn 0.000000 -0.643000 -0.765900
vn 0.000000 -0.765900 -0.643000
vn 0.000000 -0.765900 -0.643000
vn 0.000000 -0.765900 -0.643000
vn 0.000000 -0.819300 -0.573400
vn 0.000000 -0.819300 -0.573400
vn 0.000000 -0.819300 -0.573400
vn 0.000000 0.953600 -0.300900
vn 0.000000 0.953600 -0.300900
vn 0.000000 0.953600 -0.300900
vn 0.000000 0.939600 -0.342300
vn 0.000000 0.939600 -0.342300
vn 0.000000 0.939600 -0.342300
vn 0.000000 0.923900 -0.382700
vn 0.000000 0.923900 -0.382700
vn 0.000000 0.923900 -0.382700
vn 0.000000 0.906200 -0.422800
vn 0.000000 0.906200 -0.422800
vn 0.000000 0.906200 -0.422800
vn 0.000000 0.216200 -0.976300
vn 0.000000 0.216200 -0.976300
vn 0.000000 0.216200 -0.976300
vn 0.000000 0.173400 -0.984900
vn 0.000000 0.173400 -0.984900
vn 0.000000 0.173400 -0.984900
vn 0.000000 -0.173400 -0.984900
vn 0.000000 -0.173400 -0.984900
vn 0.000000 -0.173400 -0.984900
vn 0.000000 -0.216200 -0.976300
vn 0.000000 -0.216200 -0.976300
vn 0.000000 -0.216200 -0.976300
vn 0.000000 0.819300 -0.573400
vn 0.000000 0.819300 -0.573400
vn 0.000000 0.819300 -0.573400
vn 0.000000 0.765900 -0.643000
vn 0.000000 0.765900 -0.643000
vn 0.000000 0.765900 -0.643000
vn 0.000000 0.643000 -0.765900
vn 0.000000 0.643000 -0.765900
vn 0.000000 0.643000 -0.765900
vn 0.000000 0.573400 -0.819300
vn 0.000000 0.573400 -0.819300
vn 0.000000 0.573400 -0.819300
vn 0.000000 0.422800 -0.906200
vn 0.000000 0.422800 -0.906200
vn 0.000000 0.422800 -0.906200
vn 0.000000 0.341800 -0.939800
vn 0.000000 0.341800 -0.939800
vn 0.000000 0.341800 -0.939800
vn 0.000000 -0.939800 0.341800
vn 0.000000 -0.939800 0.341800
vn 0.000000 -0.939800 0.341800
vn 0.000000 -0.906200 0.422800
vn 0.000000 -0.906200 0.422800
vn 0.000000 -0.906200 0.422800
vn 0.000000 0.984800 0.173900
vn 0.000000 0.984800 0.173900
vn 0.000000 0.984800 0.173900
vn 0.000000 0.996200 0.086900
vn 0.000000 0.996200 0.086900
vn 0.000000 0.996200 0.086900
vn 0.000000 0.984800 -0.173900
vn 0.000000 0.984800 -0.173900
vn 0.000000 0.984800 -0.173900
vn 0.000000 0.996200 -0.086900
vn 0.000000 0.996200 -0.086900
vn 0.000000 0.996200 -0.086900
vn 0.000000 0.573400 0.819300
vn 0.000000 0.573400 0.819300
vn 0.000000 0.573400 0.819300
vn 0.000000 0.643000 0.765900
vn 0.000000 0.643000 0.765900
vn 0.000000 0.643000 0.765900
vn 0.000000 0.765900 0.643000
vn 0.000000 0.765900 0.643000
vn 0.000000 0.765900 0.643000
vn 0.000000 0.819300 0.573400
vn 0.000000 0.819300 0.573400
vn 0.000000 0.819300 0.573400
vn 0.000000 0.906200 0.422800
vn 0.000000 0.906200 0.422800
vn 0.000000 0.906200 0.422800
vn 0.000000 0.939800 0.341800
vn 0.000000 0.939800 0.341800
vn 0.000000 0.939800 0.341800
vn 0.000000 -0.819300 0.573400
vn 0.000000 -0.819300 0.573400
vn 0.000000 -0.819300 0.573400
vn 0.000000 -0.765900 0.643000
vn 0.000000 -0.765900 0.643000
vn 0.000000 -0.765900 0.643000
vn 0.000000 0.422400 0.906400
vn 0.000000 0.422400 0.906400
vn 0.000000 0.422400 0.906400
vn 0.000000 0.461600 0.887100
vn 0.000000 0.461600 0.887100
vn 0.000000 0.461600 0.887100
vn 0.000000 -0.643000 0.765900
vn 0.000000 -0.643000 0.765900
vn 0.000000 -0.643000 0.765900
vn 0.000000 -0.573400 0.819300
vn 0.000000 -0.573400 0.819300
vn 0.000000 -0.573400 0.819300
vn 0.000000 -0.461600 0.887100
vn 0.000000 -0.461600 0.887100
vn 0.000000 -0.461600 0.887100
vn 0.000000 -0.422400 0.906400
vn 0.000000 -0.422400 0.906400
vn 0.000000 -0.422400 0.906400
vn 0.000000 -0.996200 0.086900
vn 0.000000 -0.996200 0.086900
vn 0.000000 -0.996200 0.086900
vn 0.000000 -0.984800 0.173900
vn 0.000000 -0.984800 0.173900
vn 0.000000 -0.984800 0.173900
vn 0.000000 -0.939800 -0.341800
vn 0.000000 -0.939800 -0.341800
vn 0.000000 -0.939800 -0.341800
vn 0.000000 -0.906200 -0.422800
vn 0.000000 -0.906200 -0.422800
vn 0.000000 -0.906200 -0.422800
vn 0.000000 -0.984800 -0.173900
vn 0.000000 -0.984800 -0.173900
vn 0.000000 -0.984800 -0.173900
vn 0.000000 -0.996200 -0.086900
vn 0.000000 -0.996200 -0.086900
vn 0.000000 -0.996200 -0.086900
vn 0.000000 0.000000 -1.000000
vn 0.000000 0.000000 -1.000000
vn 0.000000 0.000000 -1.000000
vn 0.000000 0.000000 -1.000000
vn 0.000000 0.000000 -1.000000
vn 0.000000 0.000000 -1.000000
vn 0.000000 -0.819000 -0.573800
vn 0.000000 -0.819000 -0.573800
vn 0.000000 -0.819000 -0.573800
vn 0.000000 -0.843300 -0.537500
vn 0.000000 -0.843300 -0.537500
vn 0.000000 -0.843300 -0.537500
vn 0.000000 -1.000000 0.000000
vn 0.000000 -1.000000 0.000000
vn 0.000000 -1.000000 0.000000
vn 0.000000 -1.000000 0.000000
vn 0.000000 -1.000000 0.000000
vn 0.000000 -1.000000 0.000000
vn 0.000000 -1.000000 0.000000
vn 0.000000 -1.000000 0.000000
vn 0.000000 -1.000000 0.000000
vn 0.000000 -1.000000 0.000000
vn 0.000000 -1.000000 0.000000
vn 0.000000 -1.000000 0.000000
vn 0.000000 -1.000000 0.000000
vn 0.000000 -1.000000 0.000000
vn 0.000000 -1.000000 0.000000
vn 0.000000 -1.000000 0.000000
vn 0.000000 -1.000000 0.000000
vn 0.000000 -1.000000 0.000000
vn 0.000000 -1.000000 0.000000
vn 0.000000 -1.000000 0.000000
vn 0.000000 -1.000000 0.000000
vn 0.000000 -1.000000 0.000000
vn 0.000000 -1.000000 0.000000
vn 0.000000 -1.000000 0.000000
vn 0.000000 0.906200 -0.422800
vn 0.000000 0.906200 -0.422800
vn 0.000000 0.906200 -0.422800
vn 0.000000 0.939800 -0.341800
vn 0.000000 0.939800 -0.341800
vn 0.000000 0.939800 -0.341800
vn 0.000000 0.843300 -0.537500
vn 0.000000 0.843300 -0.537500
vn 0.000000 0.843300 -0.537500
vn 0.000000 0.819000 -0.573800
vn 0.000000 0.819000 -0.573800
vn 0.000000 0.819000 -0.573800
vn 0.000000 -0.939800 0.341800
vn 0.000000 -0.939800 0.341800
vn 0.000000 -0.939800 0.341800
vn 0.000000 -0.906200 0.422800
vn 0.000000 -0.906200 0.422800
vn 0.000000 -0.906200 0.422800
vn 0.000000 0.984800 0.173900
vn 0.000000 0.984800 0.173900
vn 0.000000 0.984800 0.173900
vn 0.000000 0.996200 0.086900
vn 0.000000 0.996200 0.086900
vn 0.000000 0.996200 0.086900
vn 0.000000 0.996200 -0.086900
vn 0.000000 0.996200 -0.086900
vn 0.000000 0.996200 -0.086900
vn 0.000000 0.984800 -0.173900
vn 0.000000 0.984800 -0.173900
vn 0.000000 0.984800 -0.173900
vn 0.000000 0.573400 0.819300
vn 0.000000 0.573400 0.819300
vn 0.000000 0.573400 0.819300
vn 0.000000 0.643000 0.765900
vn 0.000000 0.643000 0.765900
vn 0.000000 0.643000 0.765900
vn 0.000000 0.765900 0.643000
vn 0.000000 0.765900 0.643000
vn 0.000000 0.765900 0.643000
vn 0.000000 0.819300 0.573400
vn 0.000000 0.819300 0.573400
vn 0.000000 0.819300 0.573400
vn 0.000000 0.906200 0.422800
vn 0.000000 0.906200 0.422800
vn 0.000000 0.906200 0.422800
vn 0.000000 0.939800 0.341800
vn 0.000000 0.939800 0.341800
vn 0.000000 0.939800 0.341800
vn 0.000000 -0.819300 0.573400
vn 0.000000 -0.819300 0.573400
vn 0.000000 -0.819300 0.573400
vn 0.000000 -0.765900 0.643000
vn 0.000000 -0.765900 0.643000
vn 0.000000 -0.765900 0.643000
vn 0.000000 0.216200 0.976300
vn 0.000000 0.216200 0.976300
vn 0.000000 0.216200 0.976300
vn 0.000000 0.341800 0.939800
vn 0.000000 0.341800 0.939800
vn 0.000000 0.341800 0.939800
vn 0.000000 0.382700 0.923900
vn 0.000000 0.382700 0.923900
vn 0.000000 0.382700 0.923900
vn 0.000000 0.422400 0.906400
vn 0.000000 0.422400 0.906400
vn 0.000000 0.422400 0.906400
vn 0.000000 0.461600 0.887100
vn 0.000000 0.461600 0.887100
vn 0.000000 0.461600 0.887100
vn -0.907100 0.421000 0.000000
vn -0.907100 0.421000 0.000000
vn -0.907100 0.421000 0.000000
vn -0.940500 0.339900 0.000000
vn -0.940500 0.339900 0.000000
vn -0.940500 0.339900 0.000000
vn -0.940500 0.339900 0.000000
vn -0.940500 0.339900 0.000000
vn -0.940500 0.339900 0.000000
vn -0.940500 0.339900 0.000000
vn -0.940500 0.339900 0.000000
vn -0.940500 0.339900 0.000000
vn -0.940500 0.339900 0.000000
vn -0.940500 0.339900 0.000000
vn -0.940500 0.339900 0.000000
vn -0.965900 0.258800 0.000000
vn -0.965900 0.258800 0.000000
vn -0.965900 0.258800 0.000000
vn -0.996000 0.089000 0.000000
vn -0.996000 0.089000 0.000000
vn -0.996000 0.089000 0.000000
vn 0.000000 -0.573400 0.819300
vn 0.000000 -0.573400 0.819300
vn 0.000000 -0.573400 0.819300
vn 0.000000 -0.643000 0.765900
vn 0.000000 -0.643000 0.765900
vn 0.000000 -0.643000 0.765900
vn 0.000000 -0.461600 0.887100
vn 0.000000 -0.461600 0.887100
vn 0.000000 -0.461600 0.887100
vn 0.000000 -0.422400 0.906400
vn 0.000000 -0.422400 0.906400
vn 0.000000 -0.422400 0.906400
vn 0.000000 -0.382700 0.923900
vn 0.000000 -0.382700 0.923900
vn 0.000000 -0.382700 0.923900
vn 0.000000 -0.341800 0.939800
vn 0.000000 -0.341800 0.939800
vn 0.000000 -0.341800 0.939800
vn 0.000000 -0.216200 0.976300
vn 0.000000 -0.216200 0.976300
vn 0.000000 -0.216200 0.976300
vn -0.985100 -0.171900 0.000000
vn -0.985100 -0.171900 0.000000
vn -0.985100 -0.171900 0.000000
vn -0.939100 -0.343700 0.000000
vn -0.939100 -0.343700 0.000000
vn -0.939100 -0.343700 0.000000
vn -0.985100 0.171900 0.000000
vn -0.985100 0.171900 0.000000
vn -0.985100 0.171900 0.000000
vn -0.939100 0.343700 0.000000
vn -0.939100 0.343700 0.000000
vn -0.939100 0.343700 0.000000
vn 0.721600 0.689700 0.060200
vn 0.721600 0.689700 0.060200
vn 0.721600 0.689700 0.060200
vn 0.721600 0.681700 0.120400
vn 0.721600 0.681700 0.120400
vn 0.721600 0.681700 0.120400
vn 0.721600 0.650600 0.236600
vn 0.721600 0.650600 0.236600
vn 0.721600 0.650600 0.236600
vn 0.721600 0.627400 0.292700
vn 0.721600 0.627400 0.292700
vn 0.721600 0.627400 0.292700
vn 0.721600 0.567200 0.396900
vn 0.721600 0.567200 0.396900
vn 0.721600 0.567200 0.396900
vn 0.721600 0.530200 0.445100
vn 0.721600 0.530200 0.445100
vn 0.721600 0.530200 0.445100
vn 0.718700 0.373800 0.586400
vn 0.718700 0.373800 0.586400
vn 0.718700 0.373800 0.586400
vn 0.720000 0.422500 0.550600
vn 0.720000 0.422500 0.550600
vn 0.720000 0.422500 0.550600
vn 0.721600 0.445100 0.530200
vn 0.721600 0.445100 0.530200
vn 0.721600 0.445100 0.530200
vn 0.718700 0.320900 0.616900
vn 0.718700 0.320900 0.616900
vn 0.718700 0.320900 0.616900
vn -0.939100 0.343700 0.000000
vn -0.939100 0.343700 0.000000
vn -0.939100 0.343700 0.000000
vn -0.985100 0.171900 0.000000
vn -0.985100 0.171900 0.000000
vn -0.985100 0.171900 0.000000
vn 0.718700 -0.320900 0.616900
vn 0.718700 -0.320900 0.616900
vn 0.718700 -0.320900 0.616900
vn 0.721600 -0.445100 0.530200
vn 0.721600 -0.445100 0.530200
vn 0.721600 -0.445100 0.530200
vn 0.720000 -0.422500 0.550600
vn 0.720000 -0.422500 0.550600
vn 0.720000 -0.422500 0.550600
vn 0.718700 -0.373800 0.586400
vn 0.718700 -0.373800 0.586400
vn 0.718700 -0.373800 0.586400
vn 0.721600 -0.567200 0.396900
vn 0.721600 -0.567200 0.396900
vn 0.721600 -0.567200 0.396900
vn 0.721600 -0.530200 0.445100
vn 0.721600 -0.530200 0.445100
vn 0.721600 -0.530200 0.445100
vn 0.721600 -0.650600 0.236600
vn 0.721600 -0.650600 0.236600
vn 0.721600 -0.650600 0.236600
vn 0.721600 -0.627400 0.292700
vn 0.721600 -0.627400 0.292700
vn 0.721600 -0.627400 0.292700
vn 0.721600 -0.689700 0.060200
vn 0.721600 -0.689700 0.060200
vn 0.721600 -0.689700 0.060200
vn 0.721600 -0.681700 0.120400
vn 0.721600 -0.681700 0.120400
vn 0.721600 -0.681700 0.120400
vn -0.985100 -0.171900 0.000000
vn -0.985100 -0.171900 0.000000
vn -0.985100 -0.171900 0.000000
vn -0.939100 -0.343700 0.000000
vn -0.939100 -0.343700 0.000000
vn -0.939100 -0.343700 0.000000
vn 0.721600 -0.681700 -0.120400
vn 0.721600 -0.681700 -0.120400
vn 0.721600 -0.681700 -0.120400
vn 0.721600 -0.689700 -0.060200
vn 0.721600 -0.689700 -0.060200
vn 0.721600 -0.689700 -0.060200
vn 0.721600 -0.627400 -0.292700
vn 0.721600 -0.627400 -0.292700
vn 0.721600 -0.627400 -0.292700
vn 0.720000 -0.641200 -0.265600
vn 0.720000 -0.641200 -0.265600
vn 0.720000 -0.641200 -0.265600
vn 0.718700 -0.663100 -0.209200
vn 0.718700 -0.663100 -0.209200
vn 0.718700 -0.663100 -0.209200
vn 0.718700 -0.586400 -0.373800
vn 0.718700 -0.586400 -0.373800
vn 0.718700 -0.586400 -0.373800
vn 0.718700 0.586400 -0.373800
vn 0.718700 0.586400 -0.373800
vn 0.718700 0.586400 -0.373800
vn 0.721600 0.650600 -0.236600
vn 0.721600 0.650600 -0.236600
vn 0.721600 0.650600 -0.236600
vn 0.720000 0.641200 -0.265600
vn 0.720000 0.641200 -0.265600
vn 0.720000 0.641200 -0.265600
vn 0.718700 0.616900 -0.320900
vn 0.718700 0.616900 -0.320900
vn 0.718700 0.616900 -0.320900
vn 0.721600 0.681700 -0.120400
vn 0.721600 0.681700 -0.120400
vn 0.721600 0.681700 -0.120400
vn 0.721600 0.689700 -0.060200
vn 0.721600 0.689700 -0.060200
vn 0.721600 0.689700 -0.060200
vn 0.000000 1.000000 0.000000
vn 0.000000 1.000000 0.000000
vn 0.000000 1.000000 0.000000
vn 0.000000 1.000000 0.000000
vn 0.000000 1.000000 0.000000
vn 0.000000 1.000000 0.000000
vn 0.000000 1.000000 0.000000
vn 0.000000 1.000000 0.000000
vn 0.000000 1.000000 0.000000
vn 0.000000 1.000000 0.000000
vn 0.000000 1.000000 0.000000
vn 0.000000 1.000000 0.000000
vn 0.000000 1.000000 0.000000
vn 0.000000 1.000000 0.000000
vn 0.000000 1.000000 0.000000
vn 0.000000 1.000000 0.000000
vn 0.000000 1.000000 0.000000
vn 0.000000 1.000000 0.000000
vn 0.000000 1.000000 0.000000
vn 0.000000 1.000000 0.000000
vn 0.000000 1.000000 0.000000
vn 0.000000 1.000000 0.000000
vn 0.000000 1.000000 0.000000
vn 0.000000 1.000000 0.000000
vn 0.000000 -0.996200 0.086900
vn 0.000000 -0.996200 0.086900
vn 0.000000 -0.996200 0.086900
vn 0.000000 -0.984800 0.173900
vn 0.000000 -0.984800 0.173900
vn 0.000000 -0.984800 0.173900
vn 0.000000 -0.953600 -0.300900
vn 0.000000 -0.953600 -0.300900
vn 0.000000 -0.953600 -0.300900
vn 0.000000 -0.939600 -0.342300
vn 0.000000 -0.939600 -0.342300
vn 0.000000 -0.939600 -0.342300
vn 0.000000 -0.923900 -0.382700
vn 0.000000 -0.923900 -0.382700
vn 0.000000 -0.923900 -0.382700
vn 0.000000 -0.906200 -0.422800
vn 0.000000 -0.906200 -0.422800
vn 0.000000 -0.906200 -0.422800
vn 0.000000 -0.984800 -0.173900
vn 0.000000 -0.984800 -0.173900
vn 0.000000 -0.984800 -0.173900
vn 0.000000 -0.996200 -0.086900
vn 0.000000 -0.996200 -0.086900
vn 0.000000 -0.996200 -0.086900
vn 1.000000 0.000000 0.000000
vn 1.000000 0.000000 0.000000
vn 1.000000 0.000000 0.000000
vn 1.000000 0.000000 0.000000
vn 1.000000 0.000000 0.000000
vn 1.000000 0.000000 0.000000
vn 1.000000 0.000000 0.000000
vn 1.000000 0.000000 0.000000
vn 1.000000 0.000000 0.000000
vn 1.000000 0.000000 0.000000
vn 1.000000 0.000000 0.000000
vn 1.000000 0.000000 0.000000
vn 1.000000 0.000000 0.000000
vn 1.000000 0.000000 0.000000
vn 1.000000 0.000000 0.000000
vn 1.000000 0.000000 0.000000
vn 1.000000 0.000000 0.000000
vn 1.000000 0.000000 0.000000
vn 1.000000 0.000000 0.000000
vn 1.000000 0.000000 0.000000
vn 1.000000 0.000000 0.000000
vn 1.000000 0.000000 0.000000
vn 1.000000 0.000000 0.000000
vn 1.000000 0.000000 0.000000
vn 1.000000 0.000000 0.000000
vn 1.000000 0.000000 0.000000
vn 1.000000 0.000000 0.000000
vn 1.000000 0.000000 0.000000
vn 1.000000 0.000000 0.000000
vn 1.000000 0.000000 0.000000
vn 1.000000 0.000000 0.000000
vn 1.000000 0.000000 0.000000
vn 1.000000 0.000000 0.000000
vn 1.000000 0.000000 0.000000
vn 1.000000 0.000000 0.000000
vn 1.000000 0.000000 0.000000
vn 1.000000 0.000000 0.000000
vn 1.000000 0.000000 0.000000
vn 1.000000 0.000000 0.000000
vn 1.000000 0.000000 0.000000
vn 1.000000 0.000000 0.000000
vn 1.000000 0.000000 0.000000
vn 0.000000 -0.422800 -0.906200
vn 0.000000 -0.422800 -0.906200
vn 0.000000 -0.422800 -0.906200
vn 0.000000 -0.341800 -0.939800
vn 0.000000 -0.341800 -0.939800
vn 0.000000 -0.341800 -0.939800
vn 0.000000 -0.643000 -0.765900
vn 0.000000 -0.643000 -0.765900
vn 0.000000 -0.643000 -0.765900
vn 0.000000 -0.573400 -0.819300
vn 0.000000 -0.573400 -0.819300
vn 0.000000 -0.573400 -0.819300
vn 0.000000 -0.819300 -0.573400
vn 0.000000 -0.819300 -0.573400
vn 0.000000 -0.819300 -0.573400
vn 0.000000 -0.765900 -0.643000
vn 0.000000 -0.765900 -0.643000
vn 0.000000 -0.765900 -0.643000
vn 0.000000 0.939600 -0.342300
vn 0.000000 0.939600 -0.342300
vn 0.000000 0.939600 -0.342300
vn 0.000000 0.953600 -0.300900
vn 0.000000 0.953600 -0.300900
vn 0.000000 0.953600 -0.300900
vn 0.000000 0.923900 -0.382700
vn 0.000000 0.923900 -0.382700
vn 0.000000 0.923900 -0.382700
vn 0.000000 0.887100 -0.461600
vn 0.000000 0.887100 -0.461600
vn 0.000000 0.887100 -0.461600
vn 0.000000 0.173400 -0.984900
vn 0.000000 0.173400 -0.984900
vn 0.000000 0.173400 -0.984900
vn 0.000000 0.216200 -0.976300
vn 0.000000 0.216200 -0.976300
vn 0.000000 0.216200 -0.976300
vn 0.000000 -0.173400 -0.984900
vn 0.000000 -0.173400 -0.984900
vn 0.000000 -0.173400 -0.984900
vn 0.000000 -0.216200 -0.976300
vn 0.000000 -0.216200 -0.976300
vn 0.000000 -0.216200 -0.976300
vn 0.000000 0.765900 -0.643000
vn 0.000000 0.765900 -0.643000
vn 0.000000 0.765900 -0.643000
vn 0.000000 0.819300 -0.573400
vn 0.000000 0.819300 -0.573400
vn 0.000000 0.819300 -0.573400
vn 0.000000 0.573400 -0.819300
vn 0.000000 0.573400 -0.819300
vn 0.000000 0.573400 -0.819300
vn 0.000000 0.643000 -0.765900
vn 0.000000 0.643000 -0.765900
vn 0.000000 0.643000 -0.765900
vn 0.000000 0.341800 -0.939800
vn 0.000000 0.341800 -0.939800
vn 0.000000 0.341800 -0.939800
vn 0.000000 0.422800 -0.906200
vn 0.000000 0.422800 -0.906200
vn 0.000000 0.422800 -0.906200
vn 0.000000 -0.906200 0.422800
vn 0.000000 -0.906200 0.422800
vn 0.000000 -0.906200 0.422800
vn 0.000000 -0.939800 0.341800
vn 0.000000 -0.939800 0.341800
vn 0.000000 -0.939800 0.341800
vn 0.000000 0.984800 0.173900
vn 0.000000 0.984800 0.173900
vn 0.000000 0.984800 0.173900
vn 0.000000 0.996200 0.086900
vn 0.000000 0.996200 0.086900
vn 0.000000 0.996200 0.086900
vn 0.000000 0.984800 -0.173900
vn 0.000000 0.984800 -0.173900
vn 0.000000 0.984800 -0.173900
vn 0.000000 0.996200 -0.086900
vn 0.000000 0.996200 -0.086900
vn 0.000000 0.996200 -0.086900
vn 0.000000 0.675400 0.737400
vn 0.000000 0.675400 0.737400
vn 0.000000 0.675400 0.737400
vn 0.000000 0.737400 0.675400
vn 0.000000 0.737400 0.675400
vn 0.000000 0.737400 0.675400
vn 0.000000 0.793400 0.608800
vn 0.000000 0.793400 0.608800
vn 0.000000 0.793400 0.608800
vn 0.000000 0.819300 0.573400
vn 0.000000 0.819300 0.573400
vn 0.000000 0.819300 0.573400
vn 0.000000 0.906200 0.422800
vn 0.000000 0.906200 0.422800
vn 0.000000 0.906200 0.422800
vn 0.000000 0.939800 0.341800
vn 0.000000 0.939800 0.341800
vn 0.000000 0.939800 0.341800
vn -0.575100 0.818100 0.000000
vn -0.575100 0.818100 0.000000
vn -0.575100 0.818100 0.000000
vn -0.644500 0.764600 0.000000
vn -0.644500 0.764600 0.000000
vn -0.644500 0.764600 0.000000
vn -0.644500 0.764600 0.000000
vn -0.644500 0.764600 0.000000
vn -0.644500 0.764600 0.000000
vn -0.644500 0.764600 0.000000
vn -0.644500 0.764600 0.000000
vn -0.644500 0.764600 0.000000
vn -0.707100 0.707100 0.000000
vn -0.707100 0.707100 0.000000
vn -0.707100 0.707100 0.000000
vn -0.767200 0.641400 0.000000
vn -0.767200 0.641400 0.000000
vn -0.767200 0.641400 0.000000
vn 0.000000 -0.843300 0.537500
vn 0.000000 -0.843300 0.537500
vn 0.000000 -0.843300 0.537500
vn 0.000000 -0.819000 0.573800
vn 0.000000 -0.819000 0.573800
vn 0.000000 -0.819000 0.573800
vn 0.000000 -0.793400 0.608800
vn 0.000000 -0.793400 0.608800
vn 0.000000 -0.793400 0.608800
vn 0.000000 -0.765900 0.643000
vn 0.000000 -0.765900 0.643000
vn 0.000000 -0.765900 0.643000
vn -0.767200 -0.641400 0.000000
vn -0.767200 -0.641400 0.000000
vn -0.767200 -0.641400 0.000000
vn -0.707100 -0.707100 0.000000
vn -0.707100 -0.707100 0.000000
vn -0.707100 -0.707100 0.000000
vn -0.644500 -0.764600 0.000000
vn -0.644500 -0.764600 0.000000
vn -0.644500 -0.764600 0.000000
vn -0.644500 -0.764600 0.000000
vn -0.644500 -0.764600 0.000000
vn -0.644500 -0.764600 0.000000
vn -0.644500 -0.764600 0.000000
vn -0.644500 -0.764600 0.000000
vn -0.644500 -0.764600 0.000000
vn -0.575100 -0.818100 0.000000
vn -0.575100 -0.818100 0.000000
vn -0.575100 -0.818100 0.000000
vn 0.000000 -0.675400 0.737400
vn 0.000000 -0.675400 0.737400
vn 0.000000 -0.675400 0.737400
vn -0.939100 -0.343700 0.000000
vn -0.939100 -0.343700 0.000000
vn -0.939100 -0.343700 0.000000
vn -0.985100 -0.171900 0.000000
vn -0.985100 -0.171900 0.000000
vn -0.985100 -0.171900 0.000000
vn -0.985100 0.171900 0.000000
vn -0.985100 0.171900 0.000000
vn -0.985100 0.171900 0.000000
vn -0.939100 0.343700 0.000000
vn -0.939100 0.343700 0.000000
vn -0.939100 0.343700 0.000000
vn -0.641400 -0.767200 0.000000
vn -0.641400 -0.767200 0.000000
vn -0.641400 -0.767200 0.000000
vn -0.767200 -0.641400 0.000000
vn -0.767200 -0.641400 0.000000
vn -0.767200 -0.641400 0.000000
vn -0.641400 0.767200 0.000000
vn -0.641400 0.767200 0.000000
vn -0.641400 0.767200 0.000000
vn -0.767200 0.641400 0.000000
vn -0.767200 0.641400 0.000000
vn -0.767200 0.641400 0.000000
vn -0.939100 -0.343700 0.000000
vn -0.939100 -0.343700 0.000000
vn -0.939100 -0.343700 0.000000
vn -0.985100 -0.171900 0.000000
vn -0.985100 -0.171900 0.000000
vn -0.985100 -0.171900 0.000000
vn -0.985100 0.171900 0.000000
vn -0.985100 0.171900 0.000000
vn -0.985100 0.171900 0.000000
vn -0.939100 0.343700 0.000000
vn -0.939100 0.343700 0.000000
vn -0.939100 0.343700 0.000000
vn -0.641400 -0.767200 0.000000
vn -0.641400 -0.767200 0.000000
vn -0.641400 -0.767200 0.000000
vn -0.767200 -0.641400 0.000000
vn -0.767200 -0.641400 0.000000
vn -0.767200 -0.641400 0.000000
vn -0.641400 0.767200 0.000000
vn -0.641400 0.767200 0.000000
vn -0.641400 0.767200 0.000000
vn -0.767200 0.641400 0.000000
vn -0.767200 0.641400 0.000000
vn -0.767200 0.641400 0.000000
vn 0.985100 -0.171900 0.000000
vn 0.985100 -0.171900 0.000000
vn 0.985100 -0.171900 0.000000
vn 0.939100 -0.343700 0.000000
vn 0.939100 -0.343700 0.000000
vn 0.939100 -0.343700 0.000000
vn 0.939100 0.343700 0.000000
vn 0.939100 0.343700 0.000000
vn 0.939100 0.343700 0.000000
vn 0.985100 0.171900 0.000000
vn 0.985100 0.171900 0.000000
vn 0.985100 0.171900 0.000000
vn 0.000000 -0.996200 0.086900
vn 0.000000 -0.996200 0.086900
vn 0.000000 -0.996200 0.086900
vn 0.000000 -0.984800 0.173900
vn 0.000000 -0.984800 0.173900
vn 0.000000 -0.984800 0.173900
vn 0.000000 -0.906200 -0.422800
vn 0.000000 -0.906200 -0.422800
vn 0.000000 -0.906200 -0.422800
vn 0.000000 -0.939800 -0.341800
vn 0.000000 -0.939800 -0.341800
vn 0.000000 -0.939800 -0.341800
vn 0.000000 -0.984800 -0.173900
vn 0.000000 -0.984800 -0.173900
vn 0.000000 -0.984800 -0.173900
vn 0.000000 -0.996200 -0.086900
vn 0.000000 -0.996200 -0.086900
vn 0.000000 -0.996200 -0.086900
vn 0.000000 -0.341800 -0.939800
vn 0.000000 -0.341800 -0.939800
vn 0.000000 -0.341800 -0.939800
vn 0.000000 -0.422800 -0.906200
vn 0.000000 -0.422800 -0.906200
vn 0.000000 -0.422800 -0.906200
vn 0.000000 -0.573400 -0.819300
vn 0.000000 -0.573400 -0.819300
vn 0.000000 -0.573400 -0.819300
vn 0.000000 -0.643000 -0.765900
vn 0.000000 -0.643000 -0.765900
vn 0.000000 -0.643000 -0.765900
vn 0.000000 -0.765900 -0.643000
vn 0.000000 -0.765900 -0.643000
vn 0.000000 -0.765900 -0.643000
vn 0.000000 -0.819300 -0.573400
vn 0.000000 -0.819300 -0.573400
vn 0.000000 -0.819300 -0.573400
vn 0.000000 0.939800 -0.341800
vn 0.000000 0.939800 -0.341800
vn 0.000000 0.939800 -0.341800
vn 0.000000 0.906200 -0.422800
vn 0.000000 0.906200 -0.422800
vn 0.000000 0.906200 -0.422800
vn 0.000000 0.216200 -0.976300
vn 0.000000 0.216200 -0.976300
vn 0.000000 0.216200 -0.976300
vn 0.000000 0.173400 -0.984900
vn 0.000000 0.173400 -0.984900
vn 0.000000 0.173400 -0.984900
vn 0.000000 -0.173400 -0.984900
vn 0.000000 -0.173400 -0.984900
vn 0.000000 -0.173400 -0.984900
vn 0.000000 -0.216200 -0.976300
vn 0.000000 -0.216200 -0.976300
vn 0.000000 -0.216200 -0.976300
vn 0.000000 0.819300 -0.573400
vn 0.000000 0.819300 -0.573400
vn 0.000000 0.819300 -0.573400
vn 0.000000 0.765900 -0.643000
vn 0.000000 0.765900 -0.643000
vn 0.000000 0.765900 -0.643000
vn 0.000000 0.643000 -0.765900
vn 0.000000 0.643000 -0.765900
vn 0.000000 0.643000 -0.765900
vn 0.000000 0.573400 -0.819300
vn 0.000000 0.573400 -0.819300
vn 0.000000 0.573400 -0.819300
vn 0.000000 0.422800 -0.906200
vn 0.000000 0.422800 -0.906200
vn 0.000000 0.422800 -0.906200
vn 0.000000 0.341800 -0.939800
vn 0.000000 0.341800 -0.939800
vn 0.000000 0.341800 -0.939800
vn 0.000000 -0.939800 0.341800
vn 0.000000 -0.939800 0.341800
vn 0.000000 -0.939800 0.341800
vn 0.000000 -0.906200 0.422800
vn 0.000000 -0.906200 0.422800
vn 0.000000 -0.906200 0.422800
vn 0.000000 0.984800 0.173900
vn 0.000000 0.984800 0.173900
vn 0.000000 0.984800 0.173900
vn 0.000000 0.996200 0.086900
vn 0.000000 0.996200 0.086900
vn 0.000000 0.996200 0.086900
vn 0.000000 0.996200 -0.086900
vn 0.000000 0.996200 -0.086900
vn 0.000000 0.996200 -0.086900
vn 0.000000 0.984800 -0.173900
vn 0.000000 0.984800 -0.173900
vn 0.000000 0.984800 -0.173900
vn 0.000000 0.819000 0.573800
vn 0.000000 0.819000 0.573800
vn 0.000000 0.819000 0.573800
vn 0.000000 0.843300 0.537500
vn 0.000000 0.843300 0.537500
vn 0.000000 0.843300 0.537500
vn 0.000000 0.906200 0.422800
vn 0.000000 0.906200 0.422800
vn 0.000000 0.906200 0.422800
vn 0.000000 0.939800 0.341800
vn 0.000000 0.939800 0.341800
vn 0.000000 0.939800 0.341800
vn 0.000000 -0.843300 0.537500
vn 0.000000 -0.843300 0.537500
vn 0.000000 -0.843300 0.537500
vn 0.000000 -0.819000 0.573800
vn 0.000000 -0.819000 0.573800
vn 0.000000 -0.819000 0.573800
vn -0.343700 -0.939100 0.000000
vn -0.343700 -0.939100 0.000000
vn -0.343700 -0.939100 0.000000
vn -0.171900 -0.985100 0.000000
vn -0.171900 -0.985100 0.000000
vn -0.171900 -0.985100 0.000000
vn -0.641400 -0.767200 0.000000
vn -0.641400 -0.767200 0.000000
vn -0.641400 -0.767200 0.000000
vn -0.767200 -0.641400 0.000000
vn -0.767200 -0.641400 0.000000
vn -0.767200 -0.641400 0.000000
vn -0.171900 0.985100 0.000000
vn -0.171900 0.985100 0.000000
vn -0.171900 0.985100 0.000000
vn -0.343700 0.939100 0.000000
vn -0.343700 0.939100 0.000000
vn -0.343700 0.939100 0.000000
vn -0.641400 0.767200 0.000000
vn -0.641400 0.767200 0.000000
vn -0.641400 0.767200 0.000000
vn -0.767200 0.641400 0.000000
vn -0.767200 0.641400 0.000000
vn -0.767200 0.641400 0.000000
vn -0.343700 -0.939100 0.000000
vn -0.343700 -0.939100 0.000000
vn -0.343700 -0.939100 0.000000
vn -0.171900 -0.985100 0.000000
vn -0.171900 -0.985100 0.000000
vn -0.171900 -0.985100 0.000000
vn -0.343700 0.939100 0.000000
vn -0.343700 0.939100 0.000000
vn -0.343700 0.939100 0.000000
vn -0.171900 0.985100 0.000000
vn -0.171900 0.985100 0.000000
vn -0.171900 0.985100 0.000000
vn -0.343700 -0.939100 0.000000
vn -0.343700 -0.939100 0.000000
vn -0.343700 -0.939100 0.000000
vn -0.171900 -0.985100 0.000000
vn -0.171900 -0.985100 0.000000
vn -0.171900 -0.985100 0.000000
vn -0.767200 -0.641400 0.000000
vn -0.767200 -0.641400 0.000000
vn -0.767200 -0.641400 0.000000
vn -0.641400 -0.767200 0.000000
vn -0.641400 -0.767200 0.000000
vn -0.641400 -0.767200 0.000000
vn -0.171900 0.985100 0.000000
vn -0.171900 0.985100 0.000000
vn -0.171900 0.985100 0.000000
vn -0.343700 0.939100 0.000000
vn -0.343700 0.939100 0.000000
vn -0.343700 0.939100 0.000000
vn -0.767200 0.641400 0.000000
vn -0.767200 0.641400 0.000000
vn -0.767200 0.641400 0.000000
vn -0.641400 0.767200 0.000000
vn -0.641400 0.767200 0.000000
vn -0.641400 0.767200 0.000000
vn -0.343700 -0.939100 0.000000
vn -0.343700 -0.939100 0.000000
vn -0.343700 -0.939100 0.000000
vn -0.171900 -0.985100 0.000000
vn -0.171900 -0.985100 0.000000
vn -0.171900 -0.985100 0.000000
vn -0.343700 0.939100 0.000000
vn -0.343700 0.939100 0.000000
vn -0.343700 0.939100 0.000000
vn -0.171900 0.985100 0.000000
vn -0.171900 0.985100 0.000000
vn -0.171900 0.985100 0.000000
vn 0.767200 0.641400 0.000000
vn 0.767200 0.641400 0.000000
vn 0.767200 0.641400 0.000000
vn 0.641400 0.767200 0.000000
vn 0.641400 0.767200 0.000000
vn 0.641400 0.767200 0.000000
vn 0.343700 -0.939100 0.000000
vn 0.343700 -0.939100 0.000000
vn 0.343700 -0.939100 0.000000
vn 0.171900 -0.985100 0.000000
vn 0.171900 -0.985100 0.000000
vn 0.171900 -0.985100 0.000000
vn 0.641400 -0.767200 0.000000
vn 0.641400 -0.767200 0.000000
vn 0.641400 -0.767200 0.000000
vn 0.767200 -0.641400 0.000000
vn 0.767200 -0.641400 0.000000
vn 0.767200 -0.641400 0.000000
vn 0.171900 0.985100 0.000000
vn 0.171900 0.985100 0.000000
vn 0.171900 0.985100 0.000000
vn 0.343700 0.939100 0.000000
vn 0.343700 0.939100 0.000000
vn 0.343700 0.939100 0.000000
vn 0.721600 0.689700 0.060200
vn 0.721600 0.689700 0.060200
vn 0.721600 0.689700 0.060200
vn 0.721600 0.681700 0.120400
vn 0.721600 0.681700 0.120400
vn 0.721600 0.681700 0.120400
vn 0.721600 0.650600 0.236600
vn 0.721600 0.650600 0.236600
vn 0.721600 0.650600 0.236600
vn 0.721600 0.627400 0.292700
vn 0.721600 0.627400 0.292700
vn 0.721600 0.627400 0.292700
vn 0.718700 0.586400 0.373800
vn 0.718700 0.586400 0.373800
vn 0.718700 0.586400 0.373800
vn 0.717700 0.570300 0.399600
vn 0.717700 0.570300 0.399600
vn 0.717700 0.570300 0.399600
vn 0.718700 -0.586400 0.373800
vn 0.718700 -0.586400 0.373800
vn 0.718700 -0.586400 0.373800
vn 0.717700 -0.570300 0.399600
vn 0.717700 -0.570300 0.399600
vn 0.717700 -0.570300 0.399600
vn 0.721600 -0.650600 0.236600
vn 0.721600 -0.650600 0.236600
vn 0.721600 -0.650600 0.236600
vn 0.721600 -0.627400 0.292700
vn 0.721600 -0.627400 0.292700
vn 0.721600 -0.627400 0.292700
vn 0.721600 -0.689700 0.060200
vn 0.721600 -0.689700 0.060200
vn 0.721600 -0.689700 0.060200
vn 0.721600 -0.681700 0.120400
vn 0.721600 -0.681700 0.120400
vn 0.721600 -0.681700 0.120400
vn 0.721600 -0.681700 -0.120400
vn 0.721600 -0.681700 -0.120400
vn 0.721600 -0.681700 -0.120400
vn 0.721600 -0.689700 -0.060200
vn 0.721600 -0.689700 -0.060200
vn 0.721600 -0.689700 -0.060200
vn 0.721600 -0.627400 -0.292700
vn 0.721600 -0.627400 -0.292700
vn 0.721600 -0.627400 -0.292700
vn 0.721600 -0.650600 -0.236600
vn 0.721600 -0.650600 -0.236600
vn 0.721600 -0.650600 -0.236600
vn 0.721600 -0.530200 -0.445100
vn 0.721600 -0.530200 -0.445100
vn 0.721600 -0.530200 -0.445100
vn 0.721600 -0.567200 -0.396900
vn 0.721600 -0.567200 -0.396900
vn 0.721600 -0.567200 -0.396900
vn 0.721600 -0.445100 -0.530200
vn 0.721600 -0.445100 -0.530200
vn 0.721600 -0.445100 -0.530200
vn 0.721600 -0.396900 -0.567200
vn 0.721600 -0.396900 -0.567200
vn 0.721600 -0.396900 -0.567200
vn 0.721600 -0.292700 -0.627400
vn 0.721600 -0.292700 -0.627400
vn 0.721600 -0.292700 -0.627400
vn 0.721600 -0.236600 -0.650600
vn 0.721600 -0.236600 -0.650600
vn 0.721600 -0.236600 -0.650600
vn 0.718700 -0.150400 -0.678900
vn 0.718700 -0.150400 -0.678900
vn 0.718700 -0.150400 -0.678900
vn 0.717700 -0.120700 -0.685900
vn 0.717700 -0.120700 -0.685900
vn 0.717700 -0.120700 -0.685900
vn 0.717700 0.120700 -0.685900
vn 0.717700 0.120700 -0.685900
vn 0.717700 0.120700 -0.685900
vn 0.718700 0.150400 -0.678900
vn 0.718700 0.150400 -0.678900
vn 0.718700 0.150400 -0.678900
vn 0.721600 0.236600 -0.650600
vn 0.721600 0.236600 -0.650600
vn 0.721600 0.236600 -0.650600
vn 0.721600 0.292700 -0.627400
vn 0.721600 0.292700 -0.627400
vn 0.721600 0.292700 -0.627400
vn 0.721600 0.396900 -0.567200
vn 0.721600 0.396900 -0.567200
vn 0.721600 0.396900 -0.567200
vn 0.721600 0.445100 -0.530200
vn 0.721600 0.445100 -0.530200
vn 0.721600 0.445100 -0.530200
vn 0.721600 0.530200 -0.445100
vn 0.721600 0.530200 -0.445100
vn 0.721600 0.530200 -0.445100
vn 0.721600 0.567200 -0.396900
vn 0.721600 0.567200 -0.396900
vn 0.721600 0.567200 -0.396900
vn 0.721600 0.627400 -0.292700
vn 0.721600 0.627400 -0.292700
vn 0.721600 0.627400 -0.292700
vn 0.721600 0.650600 -0.236600
vn 0.721600 0.650600 -0.236600
vn 0.721600 0.650600 -0.236600
vn 0.721600 0.681700 -0.120400
vn 0.721600 0.681700 -0.120400
vn 0.721600 0.681700 -0.120400
vn 0.721600 0.689700 -0.060200
vn 0.721600 0.689700 -0.060200
vn 0.721600 0.689700 -0.060200
vn 0.000000 -0.996200 0.086900
vn 0.000000 -0.996200 0.086900
vn 0.000000 -0.996200 0.086900
vn 0.000000 -0.984800 0.173900
vn 0.000000 -0.984800 0.173900
vn 0.000000 -0.984800 0.173900
vn 0.000000 -0.906200 -0.422800
vn 0.000000 -0.906200 -0.422800
vn 0.000000 -0.906200 -0.422800
vn 0.000000 -0.939800 -0.341800
vn 0.000000 -0.939800 -0.341800
vn 0.000000 -0.939800 -0.341800
vn 0.000000 -0.984800 -0.173900
vn 0.000000 -0.984800 -0.173900
vn 0.000000 -0.984800 -0.173900
vn 0.000000 -0.996200 -0.086900
vn 0.000000 -0.996200 -0.086900
vn 0.000000 -0.996200 -0.086900
vn 0.000000 -0.341800 -0.939800
vn 0.000000 -0.341800 -0.939800
vn 0.000000 -0.341800 -0.939800
vn 0.000000 -0.422800 -0.906200
vn 0.000000 -0.422800 -0.906200
vn 0.000000 -0.422800 -0.906200
vn 0.000000 -0.573400 -0.819300
vn 0.000000 -0.573400 -0.819300
vn 0.000000 -0.573400 -0.819300
vn 0.000000 -0.643000 -0.765900
vn 0.000000 -0.643000 -0.765900
vn 0.000000 -0.643000 -0.765900
vn 0.000000 -0.765900 -0.643000
vn 0.000000 -0.765900 -0.643000
vn 0.000000 -0.765900 -0.643000
vn 0.000000 -0.819300 -0.573400
vn 0.000000 -0.819300 -0.573400
vn 0.000000 -0.819300 -0.573400
vn 0.000000 0.939800 -0.341800
vn 0.000000 0.939800 -0.341800
vn 0.000000 0.939800 -0.341800
vn 0.000000 0.906200 -0.422800
vn 0.000000 0.906200 -0.422800
vn 0.000000 0.906200 -0.422800
vn 0.000000 0.216200 -0.976300
vn 0.000000 0.216200 -0.976300
vn 0.000000 0.216200 -0.976300
vn 0.000000 0.173400 -0.984900
vn 0.000000 0.173400 -0.984900
vn 0.000000 0.173400 -0.984900
vn 0.000000 -0.173400 -0.984900
vn 0.000000 -0.173400 -0.984900
vn 0.000000 -0.173400 -0.984900
vn 0.000000 -0.216200 -0.976300
vn 0.000000 -0.216200 -0.976300
vn 0.000000 -0.216200 -0.976300
vn 0.000000 0.819300 -0.573400
vn 0.000000 0.819300 -0.573400
vn 0.000000 0.819300 -0.573400
vn 0.000000 0.765900 -0.643000
vn 0.000000 0.765900 -0.643000
vn 0.000000 0.765900 -0.643000
vn 0.000000 0.643000 -0.765900
vn 0.000000 0.643000 -0.765900
vn 0.000000 0.643000 -0.765900
vn 0.000000 0.573400 -0.819300
vn 0.000000 0.573400 -0.819300
vn 0.000000 0.573400 -0.819300
vn 0.000000 0.422800 -0.906200
vn 0.000000 0.422800 -0.906200
vn 0.000000 0.422800 -0.906200
vn 0.000000 0.341800 -0.939800
vn 0.000000 0.341800 -0.939800
vn 0.000000 0.341800 -0.939800
vn 0.000000 -0.906200 0.422800
vn 0.000000 -0.906200 0.422800
vn 0.000000 -0.906200 0.422800
vn 0.000000 -0.923900 0.382700
vn 0.000000 -0.923900 0.382700
vn 0.000000 -0.923900 0.382700
vn 0.000000 -0.923900 0.382700
vn 0.000000 -0.923900 0.382700
vn 0.000000 -0.923900 0.382700
vn 0.000000 -0.906200 0.422800
vn 0.000000 -0.906200 0.422800
vn 0.000000 -0.906200 0.422800
vn 0.000000 -0.939800 0.341800
vn 0.000000 -0.939800 0.341800
vn 0.000000 -0.939800 0.341800
vn 0.000000 0.984800 0.173900
vn 0.000000 0.984800 0.173900
vn 0.000000 0.984800 0.173900
vn 0.000000 0.996200 0.086900
vn 0.000000 0.996200 0.086900
vn 0.000000 0.996200 0.086900
vn 0.000000 0.996200 -0.086900
vn 0.000000 0.996200 -0.086900
vn 0.000000 0.996200 -0.086900
vn 0.000000 0.984800 -0.173900
vn 0.000000 0.984800 -0.173900
vn 0.000000 0.984800 -0.173900
vn -0.343700 -0.939100 0.000000
vn -0.343700 -0.939100 0.000000
vn -0.343700 -0.939100 0.000000
vn -0.258800 -0.965900 0.000000
vn -0.258800 -0.965900 0.000000
vn -0.258800 -0.965900 0.000000
vn -0.175800 -0.984400 0.000000
vn -0.175800 -0.984400 0.000000
vn -0.175800 -0.984400 0.000000
vn -0.175800 -0.984400 0.000000
vn -0.175800 -0.984400 0.000000
vn -0.175800 -0.984400 0.000000
vn -0.175800 -0.984400 0.000000
vn -0.175800 -0.984400 0.000000
vn -0.175800 -0.984400 0.000000
vn -0.175800 -0.984400 0.000000
vn -0.175800 -0.984400 0.000000
vn -0.175800 -0.984400 0.000000
vn -0.089000 -0.996000 0.000000
vn -0.089000 -0.996000 0.000000
vn -0.089000 -0.996000 0.000000
vn 0.000000 0.843300 0.537500
vn 0.000000 0.843300 0.537500
vn 0.000000 0.843300 0.537500
vn 0.000000 0.843300 0.537500
vn 0.000000 0.843300 0.537500
vn 0.000000 0.843300 0.537500
vn 0.000000 0.887100 0.461600
vn 0.000000 0.887100 0.461600
vn 0.000000 0.887100 0.461600
vn 0.000000 0.923900 0.382700
vn 0.000000 0.923900 0.382700
vn 0.000000 0.923900 0.382700
vn 0.000000 0.923900 0.382700
vn 0.000000 0.923900 0.382700
vn 0.000000 0.923900 0.382700
vn 0.000000 0.887100 0.461600
vn 0.000000 0.887100 0.461600
vn 0.000000 0.887100 0.461600
vn 0.000000 0.939800 0.341800
vn 0.000000 0.939800 0.341800
vn 0.000000 0.939800 0.341800
vn -0.089000 0.996000 0.000000
vn -0.089000 0.996000 0.000000
vn -0.089000 0.996000 0.000000
vn -0.175800 0.984400 0.000000
vn -0.175800 0.984400 0.000000
vn -0.175800 0.984400 0.000000
vn -0.175800 0.984400 0.000000
vn -0.175800 0.984400 0.000000
vn -0.175800 0.984400 0.000000
vn -0.175800 0.984400 0.000000
vn -0.175800 0.984400 0.000000
vn -0.175800 0.984400 0.000000
vn -0.258800 0.965900 0.000000
vn -0.258800 0.965900 0.000000
vn -0.258800 0.965900 0.000000
vn -0.339900 0.940500 0.000000
vn -0.339900 0.940500 0.000000
vn -0.339900 0.940500 0.000000
vn -0.421000 0.907100 0.000000
vn -0.421000 0.907100 0.000000
vn -0.421000 0.907100 0.000000
vn 0.000000 -0.843300 0.537500
vn 0.000000 -0.843300 0.537500
vn 0.000000 -0.843300 0.537500
vn 0.000000 -0.843300 0.537500
vn 0.000000 -0.843300 0.537500
vn 0.000000 -0.843300 0.537500
vn 0.000000 -0.996200 0.086900
vn 0.000000 -0.996200 0.086900
vn 0.000000 -0.996200 0.086900
vn 0.000000 -0.984800 0.173900
vn 0.000000 -0.984800 0.173900
vn 0.000000 -0.984800 0.173900
vn 0.000000 -0.906200 -0.422800
vn 0.000000 -0.906200 -0.422800
vn 0.000000 -0.906200 -0.422800
vn 0.000000 -0.939800 -0.341800
vn 0.000000 -0.939800 -0.341800
vn 0.000000 -0.939800 -0.341800
vn 0.000000 -0.984800 -0.173900
vn 0.000000 -0.984800 -0.173900
vn 0.000000 -0.984800 -0.173900
vn 0.000000 -0.996200 -0.086900
vn 0.000000 -0.996200 -0.086900
vn 0.000000 -0.996200 -0.086900
vn 0.000000 -0.341800 -0.939800
vn 0.000000 -0.341800 -0.939800
vn 0.000000 -0.341800 -0.939800
vn 0.000000 -0.422800 -0.906200
vn 0.000000 -0.422800 -0.906200
vn 0.000000 -0.422800 -0.906200
vn 0.000000 -0.573400 -0.819300
vn 0.000000 -0.573400 -0.819300
vn 0.000000 -0.573400 -0.819300
vn 0.000000 -0.643000 -0.765900
vn 0.000000 -0.643000 -0.765900
vn 0.000000 -0.643000 -0.765900
vn 0.000000 -0.765900 -0.643000
vn 0.000000 -0.765900 -0.643000
vn 0.000000 -0.765900 -0.643000
vn 0.000000 -0.819300 -0.573400
vn 0.000000 -0.819300 -0.573400
vn 0.000000 -0.819300 -0.573400
vn 0.000000 0.939800 -0.341800
vn 0.000000 0.939800 -0.341800
vn 0.000000 0.939800 -0.341800
vn 0.000000 0.906200 -0.422800
vn 0.000000 0.906200 -0.422800
vn 0.000000 0.906200 -0.422800
vn 0.000000 0.173400 -0.984900
vn 0.000000 0.173400 -0.984900
vn 0.000000 0.173400 -0.984900
vn 0.000000 0.216200 -0.976300
vn 0.000000 0.216200 -0.976300
vn 0.000000 0.216200 -0.976300
vn 0.000000 -0.173400 -0.984900
vn 0.000000 -0.173400 -0.984900
vn 0.000000 -0.173400 -0.984900
vn 0.000000 -0.216200 -0.976300
vn 0.000000 -0.216200 -0.976300
vn 0.000000 -0.216200 -0.976300
vn 0.000000 0.000000 -1.000000
vn 0.000000 0.000000 -1.000000
vn 0.000000 0.000000 -1.000000
vn 0.000000 0.000000 -1.000000
vn 0.000000 0.000000 -1.000000
vn 0.000000 0.000000 -1.000000
vn 0.000000 -1.000000 0.000000
vn 0.000000 -1.000000 0.000000
vn 0.000000 -1.000000 0.000000
vn 0.000000 -1.000000 0.000000
vn 0.000000 -1.000000 0.000000
vn 0.000000 -1.000000 0.000000
vn 0.000000 -1.000000 0.000000
vn 0.000000 -1.000000 0.000000
vn 0.000000 -1.000000 0.000000
vn 0.000000 -1.000000 0.000000
vn 0.000000 -1.000000 0.000000
vn 0.000000 -1.000000 0.000000
vn 0.000000 -1.000000 0.000000
vn 0.000000 -1.000000 0.000000
vn 0.000000 -1.000000 0.000000
vn 0.000000 -1.000000 0.000000
vn 0.000000 -1.000000 0.000000
vn 0.000000 -1.000000 0.000000
vn 0.000000 -1.000000 0.000000
vn 0.000000 -1.000000 0.000000
vn 0.000000 -1.000000 0.000000
vn 0.000000 -1.000000 0.000000
vn 0.000000 -1.000000 0.000000
vn 0.000000 -1.000000 0.000000
vn 0.000000 -1.000000 0.000000
vn 0.000000 -1.000000 0.000000
vn 0.000000 -1.000000 0.000000
vn 0.000000 -1.000000 0.000000
vn 0.000000 -1.000000 0.000000
vn 0.000000 -1.000000 0.000000
vn 0.000000 1.000000 0.000000
vn 0.000000 1.000000 0.000000
vn 0.000000 1.000000 0.000000
vn 0.000000 1.000000 0.000000
vn 0.000000 1.000000 0.000000
vn 0.000000 1.000000 0.000000
vn 0.000000 1.000000 0.000000
vn 0.000000 1.000000 0.000000
vn 0.000000 1.000000 0.000000
vn 0.000000 1.000000 0.000000
vn 0.000000 1.000000 0.000000
vn 0.000000 1.000000 0.000000
vn 0.000000 1.000000 0.000000
vn 0.000000 1.000000 0.000000
vn 0.000000 1.000000 0.000000
vn 0.000000 1.000000 0.000000
vn 0.000000 1.000000 0.000000
vn 0.000000 1.000000 0.000000
vn 0.000000 1.000000 0.000000
vn 0.000000 1.000000 0.000000
vn 0.000000 1.000000 0.000000
vn 0.000000 1.000000 0.000000
vn 0.000000 1.000000 0.000000
vn 0.000000 1.000000 0.000000
vn 0.000000 1.000000 0.000000
vn 0.000000 1.000000 0.000000
vn 0.000000 1.000000 0.000000
vn 0.000000 1.000000 0.000000
vn 0.000000 1.000000 0.000000
vn 0.000000 1.000000 0.000000
vn 0.000000 0.819300 -0.573400
vn 0.000000 0.819300 -0.573400
vn 0.000000 0.819300 -0.573400
vn 0.000000 0.765900 -0.643000
vn 0.000000 0.765900 -0.643000
vn 0.000000 0.765900 -0.643000
vn 0.000000 0.643000 -0.765900
vn 0.000000 0.643000 -0.765900
vn 0.000000 0.643000 -0.765900
vn 0.000000 0.573400 -0.819300
vn 0.000000 0.573400 -0.819300
vn 0.000000 0.573400 -0.819300
vn 0.000000 0.422800 -0.906200
vn 0.000000 0.422800 -0.906200
vn 0.000000 0.422800 -0.906200
vn 0.000000 0.341800 -0.939800
vn 0.000000 0.341800 -0.939800
vn 0.000000 0.341800 -0.939800
vn 0.000000 -0.939800 0.341800
vn 0.000000 -0.939800 0.341800
vn 0.000000 -0.939800 0.341800
vn 0.000000 -0.906200 0.422800
vn 0.000000 -0.906200 0.422800
vn 0.000000 -0.906200 0.422800
vn 0.000000 0.984800 0.173900
vn 0.000000 0.984800 0.173900
vn 0.000000 0.984800 0.173900
vn 0.000000 0.996200 0.086900
vn 0.000000 0.996200 0.086900
vn 0.000000 0.996200 0.086900
vn 0.000000 0.996200 -0.086900
vn 0.000000 0.996200 -0.086900
vn 0.000000 0.996200 -0.086900
vn 0.000000 0.984800 -0.173900
vn 0.000000 0.984800 -0.173900
vn 0.000000 0.984800 -0.173900
vn 0.000000 0.819000 0.573800
vn 0.000000 0.819000 0.573800
vn 0.000000 0.819000 0.573800
vn 0.000000 0.843300 0.537500
vn 0.000000 0.843300 0.537500
vn 0.000000 0.843300 0.537500
vn 0.000000 0.906200 0.422800
vn 0.000000 0.906200 0.422800
vn 0.000000 0.906200 0.422800
vn 0.000000 0.939800 0.341800
vn 0.000000 0.939800 0.341800
vn 0.000000 0.939800 0.341800
vn 0.421000 0.907100 0.000000
vn 0.421000 0.907100 0.000000
vn 0.421000 0.907100 0.000000
vn 0.339900 0.940500 0.000000
vn 0.339900 0.940500 0.000000
vn 0.339900 0.940500 0.000000
vn 0.339900 0.940500 0.000000
vn 0.339900 0.940500 0.000000
vn 0.339900 0.940500 0.000000
vn 0.339900 0.940500 0.000000
vn 0.339900 0.940500 0.000000
vn 0.339900 0.940500 0.000000
vn 0.339900 0.940500 0.000000
vn 0.339900 0.940500 0.000000
vn 0.339900 0.940500 0.000000
vn 0.258800 0.965900 0.000000
vn 0.258800 0.965900 0.000000
vn 0.258800 0.965900 0.000000
vn 0.171900 0.985100 0.000000
vn 0.171900 0.985100 0.000000
vn 0.171900 0.985100 0.000000
vn 0.000000 -0.843300 0.537500
vn 0.000000 -0.843300 0.537500
vn 0.000000 -0.843300 0.537500
vn 0.000000 -0.819000 0.573800
vn 0.000000 -0.819000 0.573800
vn 0.000000 -0.819000 0.573800
vn 0.089000 -0.996000 0.000000
vn 0.089000 -0.996000 0.000000
vn 0.089000 -0.996000 0.000000
vn 0.175800 -0.984400 0.000000
vn 0.175800 -0.984400 0.000000
vn 0.175800 -0.984400 0.000000
vn 0.175800 -0.984400 0.000000
vn 0.175800 -0.984400 0.000000
vn 0.175800 -0.984400 0.000000
vn 0.175800 -0.984400 0.000000
vn 0.175800 -0.984400 0.000000
vn 0.175800 -0.984400 0.000000
vn 0.258800 -0.965900 0.000000
vn 0.258800 -0.965900 0.000000
vn 0.258800 -0.965900 0.000000
vn 0.339900 -0.940500 0.000000
vn 0.339900 -0.940500 0.000000
vn 0.339900 -0.940500 0.000000
vn 0.421000 -0.907100 0.000000
vn 0.421000 -0.907100 0.000000
vn 0.421000 -0.907100 0.000000
vn 0.343700 -0.939100 0.000000
vn 0.343700 -0.939100 0.000000
vn 0.343700 -0.939100 0.000000
vn 0.171900 -0.985100 0.000000
vn 0.171900 -0.985100 0.000000
vn 0.171900 -0.985100 0.000000
vn 0.343700 0.939100 0.000000
vn 0.343700 0.939100 0.000000
vn 0.343700 0.939100 0.000000
vn 0.171900 0.985100 0.000000
vn 0.171900 0.985100 0.000000
vn 0.171900 0.985100 0.000000
vn 0.343700 -0.939100 0.000000
vn 0.343700 -0.939100 0.000000
vn 0.343700 -0.939100 0.000000
vn 0.171900 -0.985100 0.000000
vn 0.171900 -0.985100 0.000000
vn 0.171900 -0.985100 0.000000
vn 0.171900 0.985100 0.000000
vn 0.171900 0.985100 0.000000
vn 0.171900 0.985100 0.000000
vn 0.343700 0.939100 0.000000
vn 0.343700 0.939100 0.000000
vn 0.343700 0.939100 0.000000
vn 0.171900 -0.985100 0.000000
vn 0.171900 -0.985100 0.000000
vn 0.171900 -0.985100 0.000000
vn 0.343700 -0.939100 0.000000
vn 0.343700 -0.939100 0.000000
vn 0.343700 -0.939100 0.000000
vn 0.343700 0.939100 0.000000
vn 0.343700 0.939100 0.000000
vn 0.343700 0.939100 0.000000
vn 0.171900 0.985100 0.000000
vn 0.171900 0.985100 0.000000
vn 0.171900 0.985100 0.000000
vn 0.171900 -0.985100 0.000000
vn 0.171900 -0.985100 0.000000
vn 0.171900 -0.985100 0.000000
vn 0.343700 -0.939100 0.000000
vn 0.343700 -0.939100 0.000000
vn 0.343700 -0.939100 0.000000
vn 0.171900 0.985100 0.000000
vn 0.171900 0.985100 0.000000
vn 0.171900 0.985100 0.000000
vn 0.343700 0.939100 0.000000
vn 0.343700 0.939100 0.000000
vn 0.343700 0.939100 0.000000
vn -0.171900 0.985100 0.000000
vn -0.171900 0.985100 0.000000
vn -0.171900 0.985100 0.000000
vn -0.343700 0.939100 0.000000
vn -0.343700 0.939100 0.000000
vn -0.343700 0.939100 0.000000
vn -0.343700 -0.939100 0.000000
vn -0.343700 -0.939100 0.000000
vn -0.343700 -0.939100 0.000000
vn -0.171900 -0.985100 0.000000
vn -0.171900 -0.985100 0.000000
vn -0.171900 -0.985100 0.000000
vn 0.000000 0.000000 1.000000
vn 0.000000 0.000000 1.000000
vn 0.000000 0.000000 1.000000
vn 0.000000 0.000000 1.000000
vn 0.000000 0.000000 1.000000
vn 0.000000 0.000000 1.000000
vn 0.000000 0.000000 1.000000
vn 0.000000 0.000000 1.000000
vn 0.000000 0.000000 1.000000
vn 0.000000 0.000000 1.000000
vn 0.000000 0.000000 1.000000
vn 0.000000 0.000000 1.000000
vn 0.000000 0.000000 1.000000
vn 0.000000 0.000000 1.000000
vn 0.000000 0.000000 1.000000
vn 0.000000 0.000000 1.000000
vn 0.000000 0.000000 1.000000
vn 0.000000 0.000000 1.000000
vn 0.000000 0.000000 1.000000
vn 0.000000 0.000000 1.000000
vn 0.000000 0.000000 1.000000
vn 0.000000 0.000000 1.000000
vn 0.000000 0.000000 1.000000
vn 0.000000 0.000000 1.000000
vn 0.000000 0.000000 1.000000
vn 0.000000 0.000000 1.000000
vn 0.000000 0.000000 1.000000
vn 0.000000 0.000000 1.000000
vn 0.000000 0.000000 1.000000
vn 0.000000 0.000000 1.000000
vn 0.721600 0.689700 0.060200
vn 0.721600 0.689700 0.060200
vn 0.721600 0.689700 0.060200
vn 0.721600 0.681700 0.120400
vn 0.721600 0.681700 0.120400
vn 0.721600 0.681700 0.120400
vn 0.721600 0.650600 0.236600
vn 0.721600 0.650600 0.236600
vn 0.721600 0.650600 0.236600
vn 0.721600 0.627400 0.292700
vn 0.721600 0.627400 0.292700
vn 0.721600 0.627400 0.292700
vn 0.718700 0.586400 0.373800
vn 0.718700 0.586400 0.373800
vn 0.718700 0.586400 0.373800
vn 0.717700 0.570300 0.399600
vn 0.717700 0.570300 0.399600
vn 0.717700 0.570300 0.399600
vn 0.641400 0.767200 0.000000
vn 0.641400 0.767200 0.000000
vn 0.641400 0.767200 0.000000
vn 0.767200 0.641400 0.000000
vn 0.767200 0.641400 0.000000
vn 0.767200 0.641400 0.000000
vn 0.641400 0.767200 0.000000
vn 0.641400 0.767200 0.000000
vn 0.641400 0.767200 0.000000
vn 0.767200 0.641400 0.000000
vn 0.767200 0.641400 0.000000
vn 0.767200 0.641400 0.000000
vn 0.767200 0.641400 0.000000
vn 0.767200 0.641400 0.000000
vn 0.767200 0.641400 0.000000
vn 0.641400 0.767200 0.000000
vn 0.641400 0.767200 0.000000
vn 0.641400 0.767200 0.000000
vn -0.767200 -0.641400 0.000000
vn -0.767200 -0.641400 0.000000
vn -0.767200 -0.641400 0.000000
vn -0.641400 -0.767200 0.000000
vn -0.641400 -0.767200 0.000000
vn -0.641400 -0.767200 0.000000
vn 0.717700 -0.570300 0.399600
vn 0.717700 -0.570300 0.399600
vn 0.717700 -0.570300 0.399600
vn 0.718700 -0.586400 0.373800
vn 0.718700 -0.586400 0.373800
vn 0.718700 -0.586400 0.373800
vn 0.721600 -0.650600 0.236600
vn 0.721600 -0.650600 0.236600
vn 0.721600 -0.650600 0.236600
vn 0.721600 -0.627400 0.292700
vn 0.721600 -0.627400 0.292700
vn 0.721600 -0.627400 0.292700
vn 0.721600 -0.689700 0.060200
vn 0.721600 -0.689700 0.060200
vn 0.721600 -0.689700 0.060200
vn 0.721600 -0.681700 0.120400
vn 0.721600 -0.681700 0.120400
vn 0.721600 -0.681700 0.120400
vn 0.641400 -0.767200 0.000000
vn 0.641400 -0.767200 0.000000
vn 0.641400 -0.767200 0.000000
vn 0.767200 -0.641400 0.000000
vn 0.767200 -0.641400 0.000000
vn 0.767200 -0.641400 0.000000
vn 0.641400 -0.767200 0.000000
vn 0.641400 -0.767200 0.000000
vn 0.641400 -0.767200 0.000000
vn 0.767200 -0.641400 0.000000
vn 0.767200 -0.641400 0.000000
vn 0.767200 -0.641400 0.000000
vn 0.641400 -0.767200 0.000000
vn 0.641400 -0.767200 0.000000
vn 0.641400 -0.767200 0.000000
vn 0.767200 -0.641400 0.000000
vn 0.767200 -0.641400 0.000000
vn 0.767200 -0.641400 0.000000
vn -0.767200 0.641400 0.000000
vn -0.767200 0.641400 0.000000
vn -0.767200 0.641400 0.000000
vn -0.641400 0.767200 0.000000
vn -0.641400 0.767200 0.000000
vn -0.641400 0.767200 0.000000
vn 0.721600 -0.681700 -0.120400
vn 0.721600 -0.681700 -0.120400
vn 0.721600 -0.681700 -0.120400
vn 0.721600 -0.689700 -0.060200
vn 0.721600 -0.689700 -0.060200
vn 0.721600 -0.689700 -0.060200
vn 0.721600 -0.627400 -0.292700
vn 0.721600 -0.627400 -0.292700
vn 0.721600 -0.627400 -0.292700
vn 0.721600 -0.650600 -0.236600
vn 0.721600 -0.650600 -0.236600
vn 0.721600 -0.650600 -0.236600
vn 0.721600 -0.530200 -0.445100
vn 0.721600 -0.530200 -0.445100
vn 0.721600 -0.530200 -0.445100
vn 0.721600 -0.567200 -0.396900
vn 0.721600 -0.567200 -0.396900
vn 0.721600 -0.567200 -0.396900
vn 0.721600 -0.445100 -0.530200
vn 0.721600 -0.445100 -0.530200
vn 0.721600 -0.445100 -0.530200
vn 0.721600 -0.396900 -0.567200
vn 0.721600 -0.396900 -0.567200
vn 0.721600 -0.396900 -0.567200
vn 0.721600 -0.292700 -0.627400
vn 0.721600 -0.292700 -0.627400
vn 0.721600 -0.292700 -0.627400
vn 0.721600 -0.236600 -0.650600
vn 0.721600 -0.236600 -0.650600
vn 0.721600 -0.236600 -0.650600
vn 0.718700 -0.150400 -0.678900
vn 0.718700 -0.150400 -0.678900
vn 0.718700 -0.150400 -0.678900
vn 0.717700 -0.120700 -0.685900
vn 0.717700 -0.120700 -0.685900
vn 0.717700 -0.120700 -0.685900
vn 0.717700 0.120700 -0.685900
vn 0.717700 0.120700 -0.685900
vn 0.717700 0.120700 -0.685900
vn 0.718700 0.150400 -0.678900
vn 0.718700 0.150400 -0.678900
vn 0.718700 0.150400 -0.678900
vn 0.721600 0.236600 -0.650600
vn 0.721600 0.236600 -0.650600
vn 0.721600 0.236600 -0.650600
vn 0.721600 0.292700 -0.627400
vn 0.721600 0.292700 -0.627400
vn 0.721600 0.292700 -0.627400
vn 0.721600 0.396900 -0.567200
vn 0.721600 0.396900 -0.567200
vn 0.721600 0.396900 -0.567200
vn 0.721600 0.445100 -0.530200
vn 0.721600 0.445100 -0.530200
vn 0.721600 0.445100 -0.530200
vn 0.721600 0.530200 -0.445100
vn 0.721600 0.530200 -0.445100
vn 0.721600 0.530200 -0.445100
vn 0.721600 0.567200 -0.396900
vn 0.721600 0.567200 -0.396900
vn 0.721600 0.567200 -0.396900
vn 0.721600 0.627400 -0.292700
vn 0.721600 0.627400 -0.292700
vn 0.721600 0.627400 -0.292700
vn 0.721600 0.650600 -0.236600
vn 0.721600 0.650600 -0.236600
vn 0.721600 0.650600 -0.236600
vn 0.721600 0.681700 -0.120400
vn 0.721600 0.681700 -0.120400
vn 0.721600 0.681700 -0.120400
vn 0.721600 0.689700 -0.060200
vn 0.721600 0.689700 -0.060200
vn 0.721600 0.689700 -0.060200
vn 0.000000 -0.996200 0.086900
vn 0.000000 -0.996200 0.086900
vn 0.000000 -0.996200 0.086900
vn 0.000000 -0.984800 0.173900
vn 0.000000 -0.984800 0.173900
vn 0.000000 -0.984800 0.173900
vn 0.000000 -0.939600 -0.342300
vn 0.000000 -0.939600 -0.342300
vn 0.000000 -0.939600 -0.342300
vn 0.000000 -0.953600 -0.300900
vn 0.000000 -0.953600 -0.300900
vn 0.000000 -0.953600 -0.300900
vn 0.000000 -0.923900 -0.382700
vn 0.000000 -0.923900 -0.382700
vn 0.000000 -0.923900 -0.382700
vn 0.000000 -0.887100 -0.461600
vn 0.000000 -0.887100 -0.461600
vn 0.000000 -0.887100 -0.461600
vn 0.000000 -0.984800 -0.173900
vn 0.000000 -0.984800 -0.173900
vn 0.000000 -0.984800 -0.173900
vn 0.000000 -0.996200 -0.086900
vn 0.000000 -0.996200 -0.086900
vn 0.000000 -0.996200 -0.086900
vn -1.000000 0.000000 0.000000
vn -1.000000 0.000000 0.000000
vn -1.000000 0.000000 0.000000
vn -1.000000 0.000000 0.000000
vn -1.000000 0.000000 0.000000
vn -1.000000 0.000000 0.000000
vn -1.000000 0.000000 0.000000
vn -1.000000 0.000000 0.000000
vn -1.000000 0.000000 0.000000
vn -1.000000 0.000000 0.000000
vn -1.000000 0.000000 0.000000
vn -1.000000 0.000000 0.000000
vn -1.000000 0.000000 0.000000
vn -1.000000 0.000000 0.000000
vn -1.000000 0.000000 0.000000
vn -1.000000 0.000000 0.000000
vn -1.000000 0.000000 0.000000
vn -1.000000 0.000000 0.000000
vn -1.000000 0.000000 0.000000
vn -1.000000 0.000000 0.000000
vn -1.000000 0.000000 0.000000
vn -1.000000 0.000000 0.000000
vn -1.000000 0.000000 0.000000
vn -1.000000 0.000000 0.000000
vn -1.000000 0.000000 0.000000
vn -1.000000 0.000000 0.000000
vn -1.000000 0.000000 0.000000
vn -1.000000 0.000000 0.000000
vn -1.000000 0.000000 0.000000
vn -1.000000 0.000000 0.000000
vn -1.000000 0.000000 0.000000
vn -1.000000 0.000000 0.000000
vn -1.000000 0.000000 0.000000
vn -1.000000 0.000000 0.000000
vn -1.000000 0.000000 0.000000
vn -1.000000 0.000000 0.000000
vn -1.000000 0.000000 0.000000
vn -1.000000 0.000000 0.000000
vn -1.000000 0.000000 0.000000
vn -1.000000 0.000000 0.000000
vn -1.000000 0.000000 0.000000
vn -1.000000 0.000000 0.000000
vn 0.000000 -0.341800 -0.939800
vn 0.000000 -0.341800 -0.939800
vn 0.000000 -0.341800 -0.939800
vn 0.000000 -0.422800 -0.906200
vn 0.000000 -0.422800 -0.906200
vn 0.000000 -0.422800 -0.906200
vn 0.000000 -0.573400 -0.819300
vn 0.000000 -0.573400 -0.819300
vn 0.000000 -0.573400 -0.819300
vn 0.000000 -0.643000 -0.765900
vn 0.000000 -0.643000 -0.765900
vn 0.000000 -0.643000 -0.765900
vn 0.000000 -0.765900 -0.643000
vn 0.000000 -0.765900 -0.643000
vn 0.000000 -0.765900 -0.643000
vn 0.000000 -0.819300 -0.573400
vn 0.000000 -0.819300 -0.573400
vn 0.000000 -0.819300 -0.573400
vn 0.000000 0.953600 -0.300900
vn 0.000000 0.953600 -0.300900
vn 0.000000 0.953600 -0.300900
vn 0.000000 0.939600 -0.342300
vn 0.000000 0.939600 -0.342300
vn 0.000000 0.939600 -0.342300
vn 0.000000 0.923900 -0.382700
vn 0.000000 0.923900 -0.382700
vn 0.000000 0.923900 -0.382700
vn 0.000000 0.906200 -0.422800
vn 0.000000 0.906200 -0.422800
vn 0.000000 0.906200 -0.422800
vn 0.000000 0.216200 -0.976300
vn 0.000000 0.216200 -0.976300
vn 0.000000 0.216200 -0.976300
vn 0.000000 0.173400 -0.984900
vn 0.000000 0.173400 -0.984900
vn 0.000000 0.173400 -0.984900
vn 0.000000 -0.173400 -0.984900
vn 0.000000 -0.173400 -0.984900
vn 0.000000 -0.173400 -0.984900
vn 0.000000 -0.216200 -0.976300
vn 0.000000 -0.216200 -0.976300
vn 0.000000 -0.216200 -0.976300
vn 0.000000 0.819300 -0.573400
vn 0.000000 0.819300 -0.573400
vn 0.000000 0.819300 -0.573400
vn 0.000000 0.765900 -0.643000
vn 0.000000 0.765900 -0.643000
vn 0.000000 0.765900 -0.643000
vn 0.000000 0.643000 -0.765900
vn 0.000000 0.643000 -0.765900
vn 0.000000 0.643000 -0.765900
vn 0.000000 0.573400 -0.819300
vn 0.000000 0.573400 -0.819300
vn 0.000000 0.573400 -0.819300
vn 0.000000 0.422800 -0.906200
vn 0.000000 0.422800 -0.906200
vn 0.000000 0.422800 -0.906200
vn 0.000000 0.341800 -0.939800
vn 0.000000 0.341800 -0.939800
vn 0.000000 0.341800 -0.939800
vn 0.000000 -0.939800 0.341800
vn 0.000000 -0.939800 0.341800
vn 0.000000 -0.939800 0.341800
vn 0.000000 -0.906200 0.422800
vn 0.000000 -0.906200 0.422800
vn 0.000000 -0.906200 0.422800
vn 0.000000 0.984800 0.173900
vn 0.000000 0.984800 0.173900
vn 0.000000 0.984800 0.173900
vn 0.000000 0.996200 0.086900
vn 0.000000 0.996200 0.086900
vn 0.000000 0.996200 0.086900
vn 0.000000 0.984800 -0.173900
vn 0.000000 0.984800 -0.173900
vn 0.000000 0.984800 -0.173900
vn 0.000000 0.996200 -0.086900
vn 0.000000 0.996200 -0.086900
vn 0.000000 0.996200 -0.086900
vn 0.000000 0.675400 0.737400
vn 0.000000 0.675400 0.737400
vn 0.000000 0.675400 0.737400
vn 0.000000 0.843300 0.537500
vn 0.000000 0.843300 0.537500
vn 0.000000 0.843300 0.537500
vn 0.000000 0.819000 0.573800
vn 0.000000 0.819000 0.573800
vn 0.000000 0.819000 0.573800
vn 0.000000 0.793400 0.608800
vn 0.000000 0.793400 0.608800
vn 0.000000 0.793400 0.608800
vn 0.000000 0.765900 0.643000
vn 0.000000 0.765900 0.643000
vn 0.000000 0.765900 0.643000
vn 0.000000 0.906200 0.422800
vn 0.000000 0.906200 0.422800
vn 0.000000 0.906200 0.422800
vn 0.000000 0.939800 0.341800
vn 0.000000 0.939800 0.341800
vn 0.000000 0.939800 0.341800
vn 0.000000 -0.819000 0.573800
vn 0.000000 -0.819000 0.573800
vn 0.000000 -0.819000 0.573800
vn 0.000000 -0.793400 0.608800
vn 0.000000 -0.793400 0.608800
vn 0.000000 -0.793400 0.608800
vn 0.000000 -0.737400 0.675400
vn 0.000000 -0.737400 0.675400
vn 0.000000 -0.737400 0.675400
vn 0.000000 -0.819300 0.573400
vn 0.000000 -0.819300 0.573400
vn 0.000000 -0.819300 0.573400
vn 0.000000 -0.675400 0.737400
vn 0.000000 -0.675400 0.737400
vn 0.000000 -0.675400 0.737400
vn 0.000000 0.000000 -1.000000
vn 0.000000 0.000000 -1.000000
vn 0.000000 0.000000 -1.000000
vn 0.000000 0.000000 -1.000000
vn 0.000000 0.000000 -1.000000
vn 0.000000 0.000000 -1.000000
vn 0.000000 0.000000 -1.000000
vn 0.000000 0.000000 -1.000000
vn 0.000000 0.000000 -1.000000
vn 0.000000 0.000000 -1.000000
vn 0.000000 0.000000 -1.000000
vn 0.000000 0.000000 -1.000000
vn 0.000000 0.000000 -1.000000
vn 0.000000 0.000000 -1.000000
vn 0.000000 0.000000 -1.000000
vn 0.000000 0.000000 -1.000000
vn 0.000000 0.000000 -1.000000
vn 0.000000 0.000000 -1.000000
vn 0.000000 0.000000 -1.000000
vn 0.000000 0.000000 -1.000000
vn 0.000000 0.000000 -1.000000
vn 0.000000 0.000000 -1.000000
vn 0.000000 0.000000 -1.000000
vn 0.000000 0.000000 -1.000000
vn 0.000000 0.000000 -1.000000
vn 0.000000 0.000000 -1.000000
vn 0.000000 0.000000 -1.000000
vn 0.000000 0.000000 -1.000000
vn 0.000000 0.000000 -1.000000
vn 0.000000 0.000000 -1.000000
vn 0.000000 0.000000 -1.000000
vn 0.000000 0.000000 -1.000000
vn 0.000000 0.000000 -1.000000
vn 0.000000 0.000000 -1.000000
vn 0.000000 0.000000 -1.000000
vn 0.000000 0.000000 -1.000000
vn 0.000000 0.000000 -1.000000
vn 0.000000 0.000000 -1.000000
vn 0.000000 0.000000 -1.000000
vn 0.000000 0.000000 -1.000000
vn 0.000000 0.000000 -1.000000
vn 0.000000 0.000000 -1.000000
vn 0.000000 0.000000 -1.000000
vn 0.000000 0.000000 -1.000000
vn 0.000000 0.000000 -1.000000
vn 0.000000 0.000000 -1.000000
vn 0.000000 0.000000 -1.000000
vn 0.000000 0.000000 -1.000000
vn 0.000000 0.000000 -1.000000
vn 0.000000 0.000000 -1.000000
vn 0.000000 0.000000 -1.000000
vn 0.000000 0.000000 -1.000000
vn 0.000000 0.000000 -1.000000
vn 0.000000 0.000000 -1.000000
vn 0.000000 0.000000 -1.000000
vn 0.000000 0.000000 -1.000000
vn 0.000000 0.000000 -1.000000
vn 0.000000 0.000000 -1.000000
vn 0.000000 0.000000 -1.000000
vn 0.000000 0.000000 -1.000000
vn 0.000000 0.000000 -1.000000
vn 0.000000 0.000000 -1.000000
vn 0.000000 0.000000 -1.000000
vn 0.000000 0.000000 -1.000000
vn 0.000000 0.000000 -1.000000
vn 0.000000 0.000000 -1.000000
vn 0.000000 0.000000 -1.000000
vn 0.000000 0.000000 -1.000000
vn 0.000000 0.000000 -1.000000
vn 0.000000 0.000000 -1.000000
vn 0.000000 0.000000 -1.000000
vn 0.000000 0.000000 -1.000000
vn 0.985100 0.171900 0.000000
vn 0.985100 0.171900 0.000000
vn 0.985100 0.171900 0.000000
vn 0.939100 0.343700 0.000000
vn 0.939100 0.343700 0.000000
vn 0.939100 0.343700 0.000000
vn 0.939100 -0.343700 0.000000
vn 0.939100 -0.343700 0.000000
vn 0.939100 -0.343700 0.000000
vn 0.985100 -0.171900 0.000000
vn 0.985100 -0.171900 0.000000
vn 0.985100 -0.171900 0.000000
vn 0.000000 0.000000 1.000000
vn 0.000000 0.000000 1.000000
vn 0.000000 0.000000 1.000000
vn 0.000000 0.000000 1.000000
vn 0.000000 0.000000 1.000000
vn 0.000000 0.000000 1.000000
vn 0.000000 0.000000 1.000000
vn 0.000000 0.000000 1.000000
vn 0.000000 0.000000 1.000000
vn 0.000000 0.000000 1.000000
vn 0.000000 0.000000 1.000000
vn 0.000000 0.000000 1.000000
vn 0.000000 0.000000 1.000000
vn 0.000000 0.000000 1.000000
vn 0.000000 0.000000 1.000000
vn 0.000000 0.000000 1.000000
vn 0.000000 0.000000 1.000000
vn 0.000000 0.000000 1.000000
vn 0.000000 0.000000 1.000000
vn 0.000000 0.000000 1.000000
vn 0.000000 0.000000 1.000000
vn 0.000000 0.000000 1.000000
vn 0.000000 0.000000 1.000000
vn 0.000000 0.000000 1.000000
vn 0.000000 0.000000 1.000000
vn 0.000000 0.000000 1.000000
vn 0.000000 0.000000 1.000000
vn 0.000000 0.000000 1.000000
vn 0.000000 0.000000 1.000000
vn 0.000000 0.000000 1.000000
vn 0.000000 0.000000 1.000000
vn 0.000000 0.000000 1.000000
vn 0.000000 0.000000 1.000000
vn 0.000000 0.000000 1.000000
vn 0.000000 0.000000 1.000000
vn 0.000000 0.000000 1.000000
vn 0.000000 0.000000 1.000000
vn 0.000000 0.000000 1.000000
vn 0.000000 0.000000 1.000000
vn 0.000000 0.000000 1.000000
vn 0.000000 0.000000 1.000000
vn 0.000000 0.000000 1.000000
vn 0.000000 0.000000 1.000000
vn 0.000000 0.000000 1.000000
vn 0.000000 0.000000 1.000000
vn 0.000000 0.000000 1.000000
vn 0.000000 0.000000 1.000000
vn 0.000000 0.000000 1.000000
vn 0.000000 0.000000 1.000000
vn 0.000000 0.000000 1.000000
vn 0.000000 0.000000 1.000000
vn 0.000000 0.000000 1.000000
vn 0.000000 0.000000 1.000000
vn 0.000000 0.000000 1.000000
vn 0.000000 0.000000 1.000000
vn 0.000000 0.000000 1.000000
vn 0.000000 0.000000 1.000000
vn 0.000000 0.000000 1.000000
vn 0.000000 0.000000 1.000000
vn 0.000000 0.000000 1.000000
vn 0.000000 0.000000 1.000000
vn 0.000000 0.000000 1.000000
vn 0.000000 0.000000 1.000000
vn 0.000000 0.000000 1.000000
vn 0.000000 0.000000 1.000000
vn 0.000000 0.000000 1.000000
vn 0.000000 0.000000 1.000000
vn 0.000000 0.000000 1.000000
vn 0.000000 0.000000 1.000000
vn 0.000000 0.000000 1.000000
vn 0.000000 0.000000 1.000000
vn 0.000000 0.000000 1.000000
vn 0.000000 0.000000 -1.000000
vn 0.000000 0.000000 -1.000000
vn 0.000000 0.000000 -1.000000
vn 0.000000 0.000000 -1.000000
vn 0.000000 0.000000 -1.000000
vn 0.000000 0.000000 -1.000000
vn 0.000000 0.000000 -1.000000
vn 0.000000 0.000000 -1.000000
vn 0.000000 0.000000 -1.000000
vn 0.000000 0.000000 -1.000000
vn 0.000000 0.000000 -1.000000
vn 0.000000 0.000000 -1.000000
vn 0.000000 0.000000 -1.000000
vn 0.000000 0.000000 -1.000000
vn 0.000000 0.000000 -1.000000
vn 0.000000 0.000000 -1.000000
vn 0.000000 0.000000 -1.000000
vn 0.000000 0.000000 -1.000000
vn 0.000000 0.000000 -1.000000
vn 0.000000 0.000000 -1.000000
vn 0.000000 0.000000 -1.000000
vn 0.000000 0.000000 -1.000000
vn 0.000000 0.000000 -1.000000
vn 0.000000 0.000000 -1.000000
vn 0.000000 0.000000 -1.000000
vn 0.000000 0.000000 -1.000000
vn 0.000000 0.000000 -1.000000
vn 0.000000 0.000000 -1.000000
vn 0.000000 0.000000 -1.000000
vn 0.000000 0.000000 -1.000000
vn 0.000000 0.000000 -1.000000
vn 0.000000 0.000000 -1.000000
vn 0.000000 0.000000 -1.000000
vn 0.000000 0.000000 -1.000000
vn 0.000000 0.000000 -1.000000
vn 0.000000 0.000000 -1.000000
vn 0.000000 0.000000 -1.000000
vn 0.000000 0.000000 -1.000000
vn 0.000000 0.000000 -1.000000
vn 0.000000 0.000000 -1.000000
vn 0.000000 0.000000 -1.000000
vn 0.000000 0.000000 -1.000000
vn 0.000000 0.000000 -1.000000
vn 0.000000 0.000000 -1.000000
vn 0.000000 0.000000 -1.000000
vn 0.000000 0.000000 -1.000000
vn 0.000000 0.000000 -1.000000
vn 0.000000 0.000000 -1.000000
vn 0.000000 0.000000 -1.000000
vn 0.000000 0.000000 -1.000000
vn 0.000000 0.000000 -1.000000
vn 0.000000 0.000000 -1.000000
vn 0.000000 0.000000 -1.000000
vn 0.000000 0.000000 -1.000000
vn 0.000000 0.000000 -1.000000
vn 0.000000 0.000000 -1.000000
vn 0.000000 0.000000 -1.000000
vn 0.000000 0.000000 -1.000000
vn 0.000000 0.000000 -1.000000
vn 0.000000 0.000000 -1.000000
vn 0.000000 0.000000 -1.000000
vn 0.000000 0.000000 -1.000000
vn 0.000000 0.000000 -1.000000
vn 0.000000 0.000000 -1.000000
vn 0.000000 0.000000 -1.000000
vn 0.000000 0.000000 -1.000000
vn 0.000000 0.000000 -1.000000
vn 0.000000 0.000000 -1.000000
vn 0.000000 0.000000 -1.000000
vn 0.000000 0.000000 -1.000000
vn 0.000000 0.000000 -1.000000
vn 0.000000 0.000000 -1.000000
vn 0.985100 0.171900 0.000000
vn 0.985100 0.171900 0.000000
vn 0.985100 0.171900 0.000000
vn 0.939100 0.343700 0.000000
vn 0.939100 0.343700 0.000000
vn 0.939100 0.343700 0.000000
vn 0.939100 -0.343700 0.000000
vn 0.939100 -0.343700 0.000000
vn 0.939100 -0.343700 0.000000
vn 0.985100 -0.171900 0.000000
vn 0.985100 -0.171900 0.000000
vn 0.985100 -0.171900 0.000000
vn -0.985100 0.171900 0.000000
vn -0.985100 0.171900 0.000000
vn -0.985100 0.171900 0.000000
vn -0.939100 0.343700 0.000000
vn -0.939100 0.343700 0.000000
vn -0.939100 0.343700 0.000000
vn -0.939100 -0.343700 0.000000
vn -0.939100 -0.343700 0.000000
vn -0.939100 -0.343700 0.000000
vn -0.985100 -0.171900 0.000000
vn -0.985100 -0.171900 0.000000
vn -0.985100 -0.171900 0.000000
vn 0.000000 -0.996200 0.086900
vn 0.000000 -0.996200 0.086900
vn 0.000000 -0.996200 0.086900
vn 0.000000 -0.984800 0.173900
vn 0.000000 -0.984800 0.173900
vn 0.000000 -0.984800 0.173900
vn 0.000000 -0.939800 -0.341800
vn 0.000000 -0.939800 -0.341800
vn 0.000000 -0.939800 -0.341800
vn 0.000000 -0.906200 -0.422800
vn 0.000000 -0.906200 -0.422800
vn 0.000000 -0.906200 -0.422800
vn 0.000000 -0.984800 -0.173900
vn 0.000000 -0.984800 -0.173900
vn 0.000000 -0.984800 -0.173900
vn 0.000000 -0.996200 -0.086900
vn 0.000000 -0.996200 -0.086900
vn 0.000000 -0.996200 -0.086900
vn 0.000000 0.000000 -1.000000
vn 0.000000 0.000000 -1.000000
vn 0.000000 0.000000 -1.000000
vn 0.000000 0.000000 -1.000000
vn 0.000000 0.000000 -1.000000
vn 0.000000 0.000000 -1.000000
vn 0.000000 -0.819000 -0.573800
vn 0.000000 -0.819000 -0.573800
vn 0.000000 -0.819000 -0.573800
vn 0.000000 -0.843300 -0.537500
vn 0.000000 -0.843300 -0.537500
vn 0.000000 -0.843300 -0.537500
vn 0.000000 -1.000000 0.000000
vn 0.000000 -1.000000 0.000000
vn 0.000000 -1.000000 0.000000
vn 0.000000 -1.000000 0.000000
vn 0.000000 -1.000000 0.000000
vn 0.000000 -1.000000 0.000000
vn 0.000000 -1.000000 0.000000
vn 0.000000 -1.000000 0.000000
vn 0.000000 -1.000000 0.000000
vn 0.000000 -1.000000 0.000000
vn 0.000000 -1.000000 0.000000
vn 0.000000 -1.000000 0.000000
vn 0.000000 -1.000000 0.000000
vn 0.000000 -1.000000 0.000000
vn 0.000000 -1.000000 0.000000
vn 0.000000 -1.000000 0.000000
vn 0.000000 -1.000000 0.000000
vn 0.000000 -1.000000 0.000000
vn 0.000000 -1.000000 0.000000
vn 0.000000 -1.000000 0.000000
vn 0.000000 -1.000000 0.000000
vn 0.000000 0.906200 -0.422800
vn 0.000000 0.906200 -0.422800
vn 0.000000 0.906200 -0.422800
vn 0.000000 0.939800 -0.341800
vn 0.000000 0.939800 -0.341800
vn 0.000000 0.939800 -0.341800
vn 0.000000 0.843300 -0.537500
vn 0.000000 0.843300 -0.537500
vn 0.000000 0.843300 -0.537500
vn 0.000000 0.819000 -0.573800
vn 0.000000 0.819000 -0.573800
vn 0.000000 0.819000 -0.573800
vn 0.000000 -0.939800 0.341800
vn 0.000000 -0.939800 0.341800
vn 0.000000 -0.939800 0.341800
vn 0.000000 -0.906200 0.422800
vn 0.000000 -0.906200 0.422800
vn 0.000000 -0.906200 0.422800
vn 0.000000 0.984800 0.173900
vn 0.000000 0.984800 0.173900
vn 0.000000 0.984800 0.173900
vn 0.000000 0.996200 0.086900
vn 0.000000 0.996200 0.086900
vn 0.000000 0.996200 0.086900
vn 0.000000 0.996200 -0.086900
vn 0.000000 0.996200 -0.086900
vn 0.000000 0.996200 -0.086900
vn 0.000000 0.984800 -0.173900
vn 0.000000 0.984800 -0.173900
vn 0.000000 0.984800 -0.173900
vn 0.000000 0.573400 0.819300
vn 0.000000 0.573400 0.819300
vn 0.000000 0.573400 0.819300
vn 0.000000 0.643000 0.765900
vn 0.000000 0.643000 0.765900
vn 0.000000 0.643000 0.765900
vn 0.000000 0.765900 0.643000
vn 0.000000 0.765900 0.643000
vn 0.000000 0.765900 0.643000
vn 0.000000 0.819300 0.573400
vn 0.000000 0.819300 0.573400
vn 0.000000 0.819300 0.573400
vn 0.000000 0.906200 0.422800
vn 0.000000 0.906200 0.422800
vn 0.000000 0.906200 0.422800
vn 0.000000 0.939800 0.341800
vn 0.000000 0.939800 0.341800
vn 0.000000 0.939800 0.341800
vn 0.000000 -0.819300 0.573400
vn 0.000000 -0.819300 0.573400
vn 0.000000 -0.819300 0.573400
vn 0.000000 -0.765900 0.643000
vn 0.000000 -0.765900 0.643000
vn 0.000000 -0.765900 0.643000
vn 0.000000 0.422400 0.906400
vn 0.000000 0.422400 0.906400
vn 0.000000 0.422400 0.906400
vn 0.000000 0.461600 0.887100
vn 0.000000 0.461600 0.887100
vn 0.000000 0.461600 0.887100
vn 0.818100 0.575100 0.000000
vn 0.818100 0.575100 0.000000
vn 0.818100 0.575100 0.000000
vn 0.764600 0.644500 0.000000
vn 0.764600 0.644500 0.000000
vn 0.764600 0.644500 0.000000
vn 0.764600 0.644500 0.000000
vn 0.764600 0.644500 0.000000
vn 0.764600 0.644500 0.000000
vn 0.764600 0.644500 0.000000
vn 0.764600 0.644500 0.000000
vn 0.764600 0.644500 0.000000
vn 0.764600 0.644500 0.000000
vn 0.764600 0.644500 0.000000
vn 0.764600 0.644500 0.000000
vn 0.707100 0.707100 0.000000
vn 0.707100 0.707100 0.000000
vn 0.707100 0.707100 0.000000
vn 0.641400 0.767200 0.000000
vn 0.641400 0.767200 0.000000
vn 0.641400 0.767200 0.000000
vn 0.000000 -0.643000 0.765900
vn 0.000000 -0.643000 0.765900
vn 0.000000 -0.643000 0.765900
vn 0.000000 -0.573400 0.819300
vn 0.000000 -0.573400 0.819300
vn 0.000000 -0.573400 0.819300
vn 0.000000 -0.461600 0.887100
vn 0.000000 -0.461600 0.887100
vn 0.000000 -0.461600 0.887100
vn 0.000000 -0.422400 0.906400
vn 0.000000 -0.422400 0.906400
vn 0.000000 -0.422400 0.906400
vn 0.575100 -0.818100 0.000000
vn 0.575100 -0.818100 0.000000
vn 0.575100 -0.818100 0.000000
vn 0.644500 -0.764600 0.000000
vn 0.644500 -0.764600 0.000000
vn 0.644500 -0.764600 0.000000
vn 0.644500 -0.764600 0.000000
vn 0.644500 -0.764600 0.000000
vn 0.644500 -0.764600 0.000000
vn 0.644500 -0.764600 0.000000
vn 0.644500 -0.764600 0.000000
vn 0.644500 -0.764600 0.000000
vn 0.644500 -0.764600 0.000000
vn 0.644500 -0.764600 0.000000
vn 0.644500 -0.764600 0.000000
vn 0.707100 -0.707100 0.000000
vn 0.707100 -0.707100 0.000000
vn 0.707100 -0.707100 0.000000
vn 0.767200 -0.641400 0.000000
vn 0.767200 -0.641400 0.000000
vn 0.767200 -0.641400 0.000000
vn 0.000000 0.000000 1.000000
vn 0.000000 0.000000 1.000000
vn 0.000000 0.000000 1.000000
vn 0.000000 0.000000 1.000000
vn 0.000000 0.000000 1.000000
vn 0.000000 0.000000 1.000000
vn 0.000000 0.000000 1.000000
vn 0.000000 0.000000 1.000000
vn 0.000000 0.000000 1.000000
vn 0.000000 0.000000 1.000000
vn 0.000000 0.000000 1.000000
vn 0.000000 0.000000 1.000000
vn 0.000000 0.000000 1.000000
vn 0.000000 0.000000 1.000000
vn 0.000000 0.000000 1.000000
vn 0.000000 0.000000 1.000000
vn 0.000000 0.000000 1.000000
vn 0.000000 0.000000 1.000000
vn 0.000000 0.000000 1.000000
vn 0.000000 0.000000 1.000000
vn 0.000000 0.000000 1.000000
vn 0.000000 0.000000 1.000000
vn 0.000000 0.000000 1.000000
vn 0.000000 0.000000 1.000000
vn 0.000000 0.000000 1.000000
vn 0.000000 0.000000 1.000000
vn 0.000000 0.000000 1.000000
vn 0.000000 0.000000 1.000000
vn 0.000000 0.000000 1.000000
vn 0.000000 0.000000 1.000000
vn 0.000000 0.000000 1.000000
vn 0.000000 0.000000 1.000000
vn 0.000000 0.000000 1.000000
vn 0.000000 0.000000 1.000000
vn 0.000000 0.000000 1.000000
vn 0.000000 0.000000 1.000000
vn 0.000000 0.000000 1.000000
vn 0.000000 0.000000 1.000000
vn 0.000000 0.000000 1.000000
vn 0.000000 0.000000 1.000000
vn 0.000000 0.000000 1.000000
vn 0.000000 0.000000 1.000000
vn 0.000000 0.000000 1.000000
vn 0.000000 0.000000 1.000000
vn 0.000000 0.000000 1.000000
vn 0.000000 0.000000 1.000000
vn 0.000000 0.000000 1.000000
vn 0.000000 0.000000 1.000000
vn 0.000000 0.000000 1.000000
vn 0.000000 0.000000 1.000000
vn 0.000000 0.000000 1.000000
vn 0.000000 0.000000 1.000000
vn 0.000000 0.000000 1.000000
vn 0.000000 0.000000 1.000000
vn 0.000000 0.000000 1.000000
vn 0.000000 0.000000 1.000000
vn 0.000000 0.000000 1.000000
vn 0.000000 0.000000 1.000000
vn 0.000000 0.000000 1.000000
vn 0.000000 0.000000 1.000000
vn 0.000000 0.000000 1.000000
vn 0.000000 0.000000 1.000000
vn 0.000000 0.000000 1.000000
vn 0.000000 0.000000 1.000000
vn 0.000000 0.000000 1.000000
vn 0.000000 0.000000 1.000000
vn 0.000000 0.000000 1.000000
vn 0.000000 0.000000 1.000000
vn 0.000000 0.000000 1.000000
vn 0.000000 0.000000 1.000000
vn 0.000000 0.000000 1.000000
vn 0.000000 0.000000 1.000000
vn 0.000000 0.000000 -1.000000
vn 0.000000 0.000000 -1.000000
vn 0.000000 0.000000 -1.000000
vn 0.000000 0.000000 -1.000000
vn 0.000000 0.000000 -1.000000
vn 0.000000 0.000000 -1.000000
vn 0.000000 0.000000 -1.000000
vn 0.000000 0.000000 -1.000000
vn 0.000000 0.000000 -1.000000
vn 0.000000 0.000000 -1.000000
vn 0.000000 0.000000 -1.000000
vn 0.000000 0.000000 -1.000000
vn 0.000000 0.000000 -1.000000
vn 0.000000 0.000000 -1.000000
vn 0.000000 0.000000 -1.000000
vn 0.000000 0.000000 -1.000000
vn 0.000000 0.000000 -1.000000
vn 0.000000 0.000000 -1.000000
vn 0.000000 0.000000 -1.000000
vn 0.000000 0.000000 -1.000000
vn 0.000000 0.000000 -1.000000
vn 0.000000 0.000000 -1.000000
vn 0.000000 0.000000 -1.000000
vn 0.000000 0.000000 -1.000000
vn 0.000000 0.000000 -1.000000
vn 0.000000 0.000000 -1.000000
vn 0.000000 0.000000 -1.000000
vn 0.000000 0.000000 -1.000000
vn 0.000000 0.000000 -1.000000
vn 0.000000 0.000000 -1.000000
vn 0.000000 0.000000 -1.000000
vn 0.000000 0.000000 -1.000000
vn 0.000000 0.000000 -1.000000
vn 0.000000 0.000000 -1.000000
vn 0.000000 0.000000 -1.000000
vn 0.000000 0.000000 -1.000000
vn 0.000000 0.000000 -1.000000
vn 0.000000 0.000000 -1.000000
vn 0.000000 0.000000 -1.000000
vn 0.000000 0.000000 -1.000000
vn 0.000000 0.000000 -1.000000
vn 0.000000 0.000000 -1.000000
vn 0.000000 0.000000 -1.000000
vn 0.000000 0.000000 -1.000000
vn 0.000000 0.000000 -1.000000
vn 0.000000 0.000000 -1.000000
vn 0.000000 0.000000 -1.000000
vn 0.000000 0.000000 -1.000000
vn 0.000000 0.000000 -1.000000
vn 0.000000 0.000000 -1.000000
vn 0.000000 0.000000 -1.000000
vn 0.000000 0.000000 -1.000000
vn 0.000000 0.000000 -1.000000
vn 0.000000 0.000000 -1.000000
vn 0.000000 0.000000 -1.000000
vn 0.000000 0.000000 -1.000000
vn 0.000000 0.000000 -1.000000
vn 0.000000 0.000000 -1.000000
vn 0.000000 0.000000 -1.000000
vn 0.000000 0.000000 -1.000000
vn 0.000000 0.000000 -1.000000
vn 0.000000 0.000000 -1.000000
vn 0.000000 0.000000 -1.000000
vn 0.000000 0.000000 -1.000000
vn 0.000000 0.000000 -1.000000
vn 0.000000 0.000000 -1.000000
vn 0.000000 0.000000 -1.000000
vn 0.000000 0.000000 -1.000000
vn 0.000000 0.000000 -1.000000
vn 0.000000 0.000000 -1.000000
vn 0.000000 0.000000 -1.000000
vn 0.000000 0.000000 -1.000000
vn 0.000000 0.000000 1.000000
vn 0.000000 0.000000 1.000000
vn 0.000000 0.000000 1.000000
vn 0.000000 0.000000 1.000000
vn 0.000000 0.000000 1.000000
vn 0.000000 0.000000 1.000000
vn 0.000000 0.000000 1.000000
vn 0.000000 0.000000 1.000000
vn 0.000000 0.000000 1.000000
vn 0.000000 0.000000 1.000000
vn 0.000000 0.000000 1.000000
vn 0.000000 0.000000 1.000000
vn 0.000000 0.000000 1.000000
vn 0.000000 0.000000 1.000000
vn 0.000000 0.000000 1.000000
vn 0.000000 0.000000 1.000000
vn 0.000000 0.000000 1.000000
vn 0.000000 0.000000 1.000000
vn 0.000000 0.000000 1.000000
vn 0.000000 0.000000 1.000000
vn 0.000000 0.000000 1.000000
vn 0.000000 0.000000 1.000000
vn 0.000000 0.000000 1.000000
vn 0.000000 0.000000 1.000000
vn 0.000000 0.000000 1.000000
vn 0.000000 0.000000 1.000000
vn 0.000000 0.000000 1.000000
vn 0.000000 0.000000 1.000000
vn 0.000000 0.000000 1.000000
vn 0.000000 0.000000 1.000000
vn 0.000000 0.000000 1.000000
vn 0.000000 0.000000 1.000000
vn 0.000000 0.000000 1.000000
vn 0.000000 0.000000 1.000000
vn 0.000000 0.000000 1.000000
vn 0.000000 0.000000 1.000000
vn 0.000000 0.000000 1.000000
vn 0.000000 0.000000 1.000000
vn 0.000000 0.000000 1.000000
vn 0.000000 0.000000 1.000000
vn 0.000000 0.000000 1.000000
vn 0.000000 0.000000 1.000000
vn 0.000000 0.000000 1.000000
vn 0.000000 0.000000 1.000000
vn 0.000000 0.000000 1.000000
vn 0.000000 0.000000 1.000000
vn 0.000000 0.000000 1.000000
vn 0.000000 0.000000 1.000000
vn 0.000000 0.000000 1.000000
vn 0.000000 0.000000 1.000000
vn 0.000000 0.000000 1.000000
vn 0.000000 0.000000 1.000000
vn 0.000000 0.000000 1.000000
vn 0.000000 0.000000 1.000000
vn 0.000000 0.000000 1.000000
vn 0.000000 0.000000 1.000000
vn 0.000000 0.000000 1.000000
vn 0.000000 0.000000 1.000000
vn 0.000000 0.000000 1.000000
vn 0.000000 0.000000 1.000000
vn 0.000000 0.000000 1.000000
vn 0.000000 0.000000 1.000000
vn 0.000000 0.000000 1.000000
vn 0.000000 0.000000 1.000000
vn 0.000000 0.000000 1.000000
vn 0.000000 0.000000 1.000000
vn 0.000000 0.000000 1.000000
vn 0.000000 0.000000 1.000000
vn 0.000000 0.000000 1.000000
vn 0.000000 0.000000 1.000000
vn 0.000000 0.000000 1.000000
vn 0.000000 0.000000 1.000000
vn 0.767200 -0.641400 0.000000
vn 0.767200 -0.641400 0.000000
vn 0.767200 -0.641400 0.000000
vn 0.641400 -0.767200 0.000000
vn 0.641400 -0.767200 0.000000
vn 0.641400 -0.767200 0.000000
vn 0.985100 0.171900 0.000000
vn 0.985100 0.171900 0.000000
vn 0.985100 0.171900 0.000000
vn 0.939100 0.343700 0.000000
vn 0.939100 0.343700 0.000000
vn 0.939100 0.343700 0.000000
vn 0.985100 -0.171900 0.000000
vn 0.985100 -0.171900 0.000000
vn 0.985100 -0.171900 0.000000
vn 0.939100 -0.343700 0.000000
vn 0.939100 -0.343700 0.000000
vn 0.939100 -0.343700 0.000000
vn 0.767200 0.641400 0.000000
vn 0.767200 0.641400 0.000000
vn 0.767200 0.641400 0.000000
vn 0.641400 0.767200 0.000000
vn 0.641400 0.767200 0.000000
vn 0.641400 0.767200 0.000000
vn 1.000000 0.000000 0.000000
vn 1.000000 0.000000 0.000000
vn 1.000000 0.000000 0.000000
vn 1.000000 0.000000 0.000000
vn 1.000000 0.000000 0.000000
vn 1.000000 0.000000 0.000000
vn 1.000000 0.000000 0.000000
vn 1.000000 0.000000 0.000000
vn 1.000000 0.000000 0.000000
vn 1.000000 0.000000 0.000000
vn 1.000000 0.000000 0.000000
vn 1.000000 0.000000 0.000000
vn 1.000000 0.000000 0.000000
vn 1.000000 0.000000 0.000000
vn 1.000000 0.000000 0.000000
vn 1.000000 0.000000 0.000000
vn 1.000000 0.000000 0.000000
vn 1.000000 0.000000 0.000000
vn 1.000000 0.000000 0.000000
vn 1.000000 0.000000 0.000000
vn 1.000000 0.000000 0.000000
vn 1.000000 0.000000 0.000000
vn 1.000000 0.000000 0.000000
vn 1.000000 0.000000 0.000000
vn 1.000000 0.000000 0.000000
vn 1.000000 0.000000 0.000000
vn 1.000000 0.000000 0.000000
vn 1.000000 0.000000 0.000000
vn 1.000000 0.000000 0.000000
vn 1.000000 0.000000 0.000000
vn 1.000000 0.000000 0.000000
vn 1.000000 0.000000 0.000000
vn 1.000000 0.000000 0.000000
vn 1.000000 0.000000 0.000000
vn 1.000000 0.000000 0.000000
vn 1.000000 0.000000 0.000000
vn 0.721600 0.689700 0.060200
vn 0.721600 0.689700 0.060200
vn 0.721600 0.689700 0.060200
vn 0.721600 0.681700 0.120400
vn 0.721600 0.681700 0.120400
vn 0.721600 0.681700 0.120400
vn 0.721600 0.650600 0.236600
vn 0.721600 0.650600 0.236600
vn 0.721600 0.650600 0.236600
vn 0.721600 0.627400 0.292700
vn 0.721600 0.627400 0.292700
vn 0.721600 0.627400 0.292700
vn 0.721600 0.567200 0.396900
vn 0.721600 0.567200 0.396900
vn 0.721600 0.567200 0.396900
vn 0.721600 0.530200 0.445100
vn 0.721600 0.530200 0.445100
vn 0.721600 0.530200 0.445100
vn 0.721600 0.396900 0.567200
vn 0.721600 0.396900 0.567200
vn 0.721600 0.396900 0.567200
vn 0.721600 0.445100 0.530200
vn 0.721600 0.445100 0.530200
vn 0.721600 0.445100 0.530200
vn 0.718700 0.320900 0.616900
vn 0.718700 0.320900 0.616900
vn 0.718700 0.320900 0.616900
vn 0.717700 0.294100 0.631200
vn 0.717700 0.294100 0.631200
vn 0.717700 0.294100 0.631200
vn 0.720000 0.265600 0.641200
vn 0.720000 0.265600 0.641200
vn 0.720000 0.265600 0.641200
vn 0.721600 0.236600 0.650600
vn 0.721600 0.236600 0.650600
vn 0.721600 0.236600 0.650600
vn 0.720000 0.265600 0.641200
vn 0.720000 0.265600 0.641200
vn 0.720000 0.265600 0.641200
vn 0.000000 1.000000 0.000000
vn 0.000000 1.000000 0.000000
vn 0.000000 1.000000 0.000000
vn 0.000000 1.000000 0.000000
vn 0.000000 1.000000 0.000000
vn 0.000000 1.000000 0.000000
vn 0.000000 1.000000 0.000000
vn 0.000000 1.000000 0.000000
vn 0.000000 1.000000 0.000000
vn 0.000000 1.000000 0.000000
vn 0.000000 1.000000 0.000000
vn 0.000000 1.000000 0.000000
vn 0.000000 1.000000 0.000000
vn 0.000000 1.000000 0.000000
vn 0.000000 1.000000 0.000000
vn 0.000000 1.000000 0.000000
vn 0.000000 1.000000 0.000000
vn 0.000000 1.000000 0.000000
vn 0.000000 0.907100 0.421000
vn 0.000000 0.907100 0.421000
vn 0.000000 0.907100 0.421000
vn 0.000000 0.940500 0.339900
vn 0.000000 0.940500 0.339900
vn 0.000000 0.940500 0.339900
vn 0.000000 0.767200 0.641400
vn 0.000000 0.767200 0.641400
vn 0.000000 0.767200 0.641400
vn 0.000000 0.641400 0.767200
vn 0.000000 0.641400 0.767200
vn 0.000000 0.641400 0.767200
vn 0.720000 -0.265600 0.641200
vn 0.720000 -0.265600 0.641200
vn 0.720000 -0.265600 0.641200
vn 0.721600 -0.236600 0.650600
vn 0.721600 -0.236600 0.650600
vn 0.721600 -0.236600 0.650600
vn 0.720000 -0.265600 0.641200
vn 0.720000 -0.265600 0.641200
vn 0.720000 -0.265600 0.641200
vn 0.717700 -0.294100 0.631200
vn 0.717700 -0.294100 0.631200
vn 0.717700 -0.294100 0.631200
vn 0.718700 -0.320900 0.616900
vn 0.718700 -0.320900 0.616900
vn 0.718700 -0.320900 0.616900
vn 0.721600 -0.445100 0.530200
vn 0.721600 -0.445100 0.530200
vn 0.721600 -0.445100 0.530200
vn 0.721600 -0.396900 0.567200
vn 0.721600 -0.396900 0.567200
vn 0.721600 -0.396900 0.567200
vn 0.721600 -0.567200 0.396900
vn 0.721600 -0.567200 0.396900
vn 0.721600 -0.567200 0.396900
vn 0.721600 -0.530200 0.445100
vn 0.721600 -0.530200 0.445100
vn 0.721600 -0.530200 0.445100
vn 0.721600 -0.650600 0.236600
vn 0.721600 -0.650600 0.236600
vn 0.721600 -0.650600 0.236600
vn 0.721600 -0.627400 0.292700
vn 0.721600 -0.627400 0.292700
vn 0.721600 -0.627400 0.292700
vn 0.721600 -0.689700 0.060200
vn 0.721600 -0.689700 0.060200
vn 0.721600 -0.689700 0.060200
vn 0.721600 -0.681700 0.120400
vn 0.721600 -0.681700 0.120400
vn 0.721600 -0.681700 0.120400
vn 0.000000 -1.000000 0.000000
vn 0.000000 -1.000000 0.000000
vn 0.000000 -1.000000 0.000000
vn 0.000000 -1.000000 0.000000
vn 0.000000 -1.000000 0.000000
vn 0.000000 -1.000000 0.000000
vn 0.000000 -1.000000 0.000000
vn 0.000000 -1.000000 0.000000
vn 0.000000 -1.000000 0.000000
vn 0.000000 -1.000000 0.000000
vn 0.000000 -1.000000 0.000000
vn 0.000000 -1.000000 0.000000
vn 0.000000 -1.000000 0.000000
vn 0.000000 -1.000000 0.000000
vn 0.000000 -1.000000 0.000000
vn 0.000000 -1.000000 0.000000
vn 0.000000 -1.000000 0.000000
vn 0.000000 -1.000000 0.000000
vn 0.000000 -0.907100 0.421000
vn 0.000000 -0.907100 0.421000
vn 0.000000 -0.907100 0.421000
vn 0.000000 -0.940500 0.339900
vn 0.000000 -0.940500 0.339900
vn 0.000000 -0.940500 0.339900
vn 0.000000 -0.767200 0.641400
vn 0.000000 -0.767200 0.641400
vn 0.000000 -0.767200 0.641400
vn 0.000000 -0.641400 0.767200
vn 0.000000 -0.641400 0.767200
vn 0.000000 -0.641400 0.767200
vn 0.721600 -0.681700 -0.120400
vn 0.721600 -0.681700 -0.120400
vn 0.721600 -0.681700 -0.120400
vn 0.721600 -0.689700 -0.060200
vn 0.721600 -0.689700 -0.060200
vn 0.721600 -0.689700 -0.060200
vn 0.721600 -0.650600 -0.236600
vn 0.721600 -0.650600 -0.236600
vn 0.721600 -0.650600 -0.236600
vn 0.721600 -0.627400 -0.292700
vn 0.721600 -0.627400 -0.292700
vn 0.721600 -0.627400 -0.292700
vn 0.720000 -0.641200 -0.265600
vn 0.720000 -0.641200 -0.265600
vn 0.720000 -0.641200 -0.265600
vn 0.720000 -0.641200 -0.265600
vn 0.720000 -0.641200 -0.265600
vn 0.720000 -0.641200 -0.265600
vn 0.721600 -0.627400 -0.292700
vn 0.721600 -0.627400 -0.292700
vn 0.721600 -0.627400 -0.292700
vn 0.718700 -0.586400 -0.373800
vn 0.718700 -0.586400 -0.373800
vn 0.718700 -0.586400 -0.373800
vn 0.721600 -0.530200 -0.445100
vn 0.721600 -0.530200 -0.445100
vn 0.721600 -0.530200 -0.445100
vn 0.721600 -0.567200 -0.396900
vn 0.721600 -0.567200 -0.396900
vn 0.721600 -0.567200 -0.396900
vn 0.721600 -0.445100 -0.530200
vn 0.721600 -0.445100 -0.530200
vn 0.721600 -0.445100 -0.530200
vn 0.721600 -0.396900 -0.567200
vn 0.721600 -0.396900 -0.567200
vn 0.721600 -0.396900 -0.567200
vn 0.721600 -0.292700 -0.627400
vn 0.721600 -0.292700 -0.627400
vn 0.721600 -0.292700 -0.627400
vn 0.721600 -0.236600 -0.650600
vn 0.721600 -0.236600 -0.650600
vn 0.721600 -0.236600 -0.650600
vn 0.721600 -0.120400 -0.681700
vn 0.721600 -0.120400 -0.681700
vn 0.721600 -0.120400 -0.681700
vn 0.721600 -0.060200 -0.689700
vn 0.721600 -0.060200 -0.689700
vn 0.721600 -0.060200 -0.689700
vn 0.721600 0.060200 -0.689700
vn 0.721600 0.060200 -0.689700
vn 0.721600 0.060200 -0.689700
vn 0.721600 0.120400 -0.681700
vn 0.721600 0.120400 -0.681700
vn 0.721600 0.120400 -0.681700
vn 0.721600 0.236600 -0.650600
vn 0.721600 0.236600 -0.650600
vn 0.721600 0.236600 -0.650600
vn 0.721600 0.292700 -0.627400
vn 0.721600 0.292700 -0.627400
vn 0.721600 0.292700 -0.627400
vn 0.721600 0.396900 -0.567200
vn 0.721600 0.396900 -0.567200
vn 0.721600 0.396900 -0.567200
vn 0.721600 0.445100 -0.530200
vn 0.721600 0.445100 -0.530200
vn 0.721600 0.445100 -0.530200
vn 0.718700 0.586400 -0.373800
vn 0.718700 0.586400 -0.373800
vn 0.718700 0.586400 -0.373800
vn 0.721600 0.530200 -0.445100
vn 0.721600 0.530200 -0.445100
vn 0.721600 0.530200 -0.445100
vn 0.721600 0.567200 -0.396900
vn 0.721600 0.567200 -0.396900
vn 0.721600 0.567200 -0.396900
vn 0.721600 0.627400 -0.292700
vn 0.721600 0.627400 -0.292700
vn 0.721600 0.627400 -0.292700
vn 0.720000 0.641200 -0.265600
vn 0.720000 0.641200 -0.265600
vn 0.720000 0.641200 -0.265600
vn 0.720000 0.641200 -0.265600
vn 0.720000 0.641200 -0.265600
vn 0.720000 0.641200 -0.265600
vn 0.721600 0.650600 -0.236600
vn 0.721600 0.650600 -0.236600
vn 0.721600 0.650600 -0.236600
vn 0.718700 0.616900 -0.320900
vn 0.718700 0.616900 -0.320900
vn 0.718700 0.616900 -0.320900
vn 0.721600 0.681700 -0.120400
vn 0.721600 0.681700 -0.120400
vn 0.721600 0.681700 -0.120400
vn 0.721600 0.689700 -0.060200
vn 0.721600 0.689700 -0.060200
vn 0.721600 0.689700 -0.060200
vn 1.000000 0.000000 0.000000
vn 1.000000 0.000000 0.000000
vn 1.000000 0.000000 0.000000
vn 1.000000 0.000000 0.000000
vn 1.000000 0.000000 0.000000
vn 1.000000 0.000000 0.000000
vn 1.000000 0.000000 0.000000
vn 1.000000 0.000000 0.000000
vn 1.000000 0.000000 0.000000
vn 1.000000 0.000000 0.000000
vn 1.000000 0.000000 0.000000
vn 1.000000 0.000000 0.000000
vn 1.000000 0.000000 0.000000
vn 1.000000 0.000000 0.000000
vn 1.000000 0.000000 0.000000
vn 1.000000 0.000000 0.000000
vn 1.000000 0.000000 0.000000
vn 1.000000 0.000000 0.000000
vn 1.000000 0.000000 0.000000
vn 1.000000 0.000000 0.000000
vn 1.000000 0.000000 0.000000
vn 1.000000 0.000000 0.000000
vn 1.000000 0.000000 0.000000
vn 1.000000 0.000000 0.000000
vn 1.000000 0.000000 0.000000
vn 1.000000 0.000000 0.000000
vn 1.000000 0.000000 0.000000
vn 1.000000 0.000000 0.000000
vn 1.000000 0.000000 0.000000
vn 1.000000 0.000000 0.000000
vn 1.000000 0.000000 0.000000
vn 1.000000 0.000000 0.000000
vn 1.000000 0.000000 0.000000
vn 0.000000 1.000000 0.000000
vn 0.000000 1.000000 0.000000
vn 0.000000 1.000000 0.000000
vn 0.000000 1.000000 0.000000
vn 0.000000 1.000000 0.000000
vn 0.000000 1.000000 0.000000
vn 0.000000 1.000000 0.000000
vn 0.000000 1.000000 0.000000
vn 0.000000 1.000000 0.000000
vn 0.000000 1.000000 0.000000
vn 0.000000 1.000000 0.000000
vn 0.000000 1.000000 0.000000
vn 0.000000 1.000000 0.000000
vn 0.000000 1.000000 0.000000
vn 0.000000 1.000000 0.000000
vn 0.000000 1.000000 0.000000
vn 0.000000 1.000000 0.000000
vn 0.000000 1.000000 0.000000
vn 0.000000 1.000000 0.000000
vn 0.000000 1.000000 0.000000
vn 0.000000 1.000000 0.000000
vn 0.602300 0.786400 0.137200
vn 0.602300 0.786400 0.137200
vn 0.602300 0.786400 0.137200
vn 0.602300 0.749600 0.274400
vn 0.602300 0.749600 0.274400
vn 0.602300 0.749600 0.274400
vn 0.602300 0.612400 0.512000
vn 0.602300 0.612400 0.512000
vn 0.602300 0.612400 0.512000
vn 0.602300 0.512000 0.612400
vn 0.602300 0.512000 0.612400
vn 0.602300 0.512000 0.612400
vn 0.584500 0.275800 0.763100
vn 0.584500 0.275800 0.763100
vn 0.584500 0.275800 0.763100
vn 0.589000 0.340200 0.733000
vn 0.589000 0.340200 0.733000
vn 0.589000 0.340200 0.733000
vn 0.000000 0.171900 0.985100
vn 0.000000 0.171900 0.985100
vn 0.000000 0.171900 0.985100
vn 0.000000 0.343700 0.939100
vn 0.000000 0.343700 0.939100
vn 0.000000 0.343700 0.939100
vn 0.965900 0.258800 0.000000
vn 0.965900 0.258800 0.000000
vn 0.965900 0.258800 0.000000
vn 0.940500 0.339900 0.000000
vn 0.940500 0.339900 0.000000
vn 0.940500 0.339900 0.000000
vn 0.940500 0.339900 0.000000
vn 0.940500 0.339900 0.000000
vn 0.940500 0.339900 0.000000
vn 0.940500 0.339900 0.000000
vn 0.940500 0.339900 0.000000
vn 0.940500 0.339900 0.000000
vn 0.940500 0.339900 0.000000
vn 0.940500 0.339900 0.000000
vn 0.940500 0.339900 0.000000
vn 0.907100 0.421000 0.000000
vn 0.907100 0.421000 0.000000
vn 0.907100 0.421000 0.000000
vn 0.996000 0.089000 0.000000
vn 0.996000 0.089000 0.000000
vn 0.996000 0.089000 0.000000
vn 0.984400 0.175800 0.000000
vn 0.984400 0.175800 0.000000
vn 0.984400 0.175800 0.000000
vn 0.965900 0.258800 0.000000
vn 0.965900 0.258800 0.000000
vn 0.965900 0.258800 0.000000
vn 0.965900 0.258800 0.000000
vn 0.965900 0.258800 0.000000
vn 0.965900 0.258800 0.000000
vn 0.996000 0.089000 0.000000
vn 0.996000 0.089000 0.000000
vn 0.996000 0.089000 0.000000
vn 0.000000 0.000000 1.000000
vn 0.000000 0.000000 1.000000
vn 0.000000 0.000000 1.000000
vn 0.000000 0.000000 1.000000
vn 0.000000 0.000000 1.000000
vn 0.000000 0.000000 1.000000
vn 0.000000 0.000000 1.000000
vn 0.000000 0.000000 1.000000
vn 0.000000 0.000000 1.000000
vn 0.000000 0.000000 -1.000000
vn 0.000000 0.000000 -1.000000
vn 0.000000 0.000000 -1.000000
vn 0.000000 0.000000 -1.000000
vn 0.000000 0.000000 -1.000000
vn 0.000000 0.000000 -1.000000
vn 0.000000 0.000000 -1.000000
vn 0.000000 0.000000 -1.000000
vn 0.000000 0.000000 -1.000000
vn 0.000000 1.000000 0.000000
vn 0.000000 1.000000 0.000000
vn 0.000000 1.000000 0.000000
vn 0.000000 1.000000 0.000000
vn 0.000000 1.000000 0.000000
vn 0.000000 1.000000 0.000000
vn 0.589000 -0.340200 0.733000
vn 0.589000 -0.340200 0.733000
vn 0.589000 -0.340200 0.733000
vn 0.584500 -0.275800 0.763100
vn 0.584500 -0.275800 0.763100
vn 0.584500 -0.275800 0.763100
vn 0.602300 -0.512000 0.612400
vn 0.602300 -0.512000 0.612400
vn 0.602300 -0.512000 0.612400
vn 0.602300 -0.612400 0.512000
vn 0.602300 -0.612400 0.512000
vn 0.602300 -0.612400 0.512000
vn 0.602300 -0.749600 0.274400
vn 0.602300 -0.749600 0.274400
vn 0.602300 -0.749600 0.274400
vn 0.602300 -0.786400 0.137200
vn 0.602300 -0.786400 0.137200
vn 0.602300 -0.786400 0.137200
vn 0.000000 -0.343700 0.939100
vn 0.000000 -0.343700 0.939100
vn 0.000000 -0.343700 0.939100
vn 0.000000 -0.171900 0.985100
vn 0.000000 -0.171900 0.985100
vn 0.000000 -0.171900 0.985100
vn 0.965900 -0.258800 0.000000
vn 0.965900 -0.258800 0.000000
vn 0.965900 -0.258800 0.000000
vn 0.984400 -0.175800 0.000000
vn 0.984400 -0.175800 0.000000
vn 0.984400 -0.175800 0.000000
vn 0.984400 -0.175800 0.000000
vn 0.984400 -0.175800 0.000000
vn 0.984400 -0.175800 0.000000
vn 0.996000 -0.089000 0.000000
vn 0.996000 -0.089000 0.000000
vn 0.996000 -0.089000 0.000000
vn 0.984400 -0.175800 0.000000
vn 0.984400 -0.175800 0.000000
vn 0.984400 -0.175800 0.000000
vn 0.965900 -0.258800 0.000000
vn 0.965900 -0.258800 0.000000
vn 0.965900 -0.258800 0.000000
vn 0.965900 -0.258800 0.000000
vn 0.965900 -0.258800 0.000000
vn 0.965900 -0.258800 0.000000
vn 0.965900 -0.258800 0.000000
vn 0.965900 -0.258800 0.000000
vn 0.965900 -0.258800 0.000000
vn 0.940500 -0.339900 0.000000
vn 0.940500 -0.339900 0.000000
vn 0.940500 -0.339900 0.000000
vn 0.907100 -0.421000 0.000000
vn 0.907100 -0.421000 0.000000
vn 0.907100 -0.421000 0.000000
vn 0.996000 -0.089000 0.000000
vn 0.996000 -0.089000 0.000000
vn 0.996000 -0.089000 0.000000
vn 0.000000 -1.000000 0.000000
vn 0.000000 -1.000000 0.000000
vn 0.000000 -1.000000 0.000000
vn 0.000000 -1.000000 0.000000
vn 0.000000 -1.000000 0.000000
vn 0.000000 -1.000000 0.000000
vn 0.602300 -0.786400 -0.137200
vn 0.602300 -0.786400 -0.137200
vn 0.602300 -0.786400 -0.137200
vn 0.602300 -0.749600 -0.274400
vn 0.602300 -0.749600 -0.274400
vn 0.602300 -0.749600 -0.274400
vn 0.602300 -0.612400 -0.512000
vn 0.602300 -0.612400 -0.512000
vn 0.602300 -0.612400 -0.512000
vn 0.602300 -0.512000 -0.612400
vn 0.602300 -0.512000 -0.612400
vn 0.602300 -0.512000 -0.612400
vn 0.602300 -0.274400 -0.749600
vn 0.602300 -0.274400 -0.749600
vn 0.602300 -0.274400 -0.749600
vn 0.602300 -0.137200 -0.786400
vn 0.602300 -0.137200 -0.786400
vn 0.602300 -0.137200 -0.786400
vn 0.602300 0.137200 -0.786400
vn 0.602300 0.137200 -0.786400
vn 0.602300 0.137200 -0.786400
vn 0.602300 0.274400 -0.749600
vn 0.602300 0.274400 -0.749600
vn 0.602300 0.274400 -0.749600
vn 0.602300 0.512000 -0.612400
vn 0.602300 0.512000 -0.612400
vn 0.602300 0.512000 -0.612400
vn 0.602300 0.612400 -0.512000
vn 0.602300 0.612400 -0.512000
vn 0.602300 0.612400 -0.512000
vn 0.602300 0.749600 -0.274400
vn 0.602300 0.749600 -0.274400
vn 0.602300 0.749600 -0.274400
vn 0.602300 0.786400 -0.137200
vn 0.602300 0.786400 -0.137200
vn 0.602300 0.786400 -0.137200
vn 1.000000 0.000000 0.000000
vn 1.000000 0.000000 0.000000
vn 1.000000 0.000000 0.000000
vn 1.000000 0.000000 0.000000
vn 1.000000 0.000000 0.000000
vn 1.000000 0.000000 0.000000
vn 1.000000 0.000000 0.000000
vn 1.000000 0.000000 0.000000
vn 1.000000 0.000000 0.000000
vn 1.000000 0.000000 0.000000
vn 1.000000 0.000000 0.000000
vn 1.000000 0.000000 0.000000
vn 1.000000 0.000000 0.000000
vn 1.000000 0.000000 0.000000
vn 1.000000 0.000000 0.000000
vn 1.000000 0.000000 0.000000
vn 1.000000 0.000000 0.000000
vn 1.000000 0.000000 0.000000
vn 1.000000 0.000000 0.000000
vn 1.000000 0.000000 0.000000
vn 1.000000 0.000000 0.000000
vn 1.000000 0.000000 0.000000
vn 1.000000 0.000000 0.000000
vn 1.000000 0.000000 0.000000
vn 0.944900 0.307300 0.112500
vn 0.944900 0.307300 0.112500
vn 0.944900 0.307300 0.112500
vn 0.942900 0.321700 0.086200
vn 0.942900 0.321700 0.086200
vn 0.942900 0.321700 0.086200
vn 0.942900 0.321700 0.086200
vn 0.942900 0.321700 0.086200
vn 0.942900 0.321700 0.086200
vn 0.944900 0.322400 0.056200
vn 0.944900 0.322400 0.056200
vn 0.944900 0.322400 0.056200
vn 0.944900 0.307300 0.112500
vn 0.944900 0.307300 0.112500
vn 0.944900 0.307300 0.112500
vn 0.941300 0.276100 0.194100
vn 0.941300 0.276100 0.194100
vn 0.941300 0.276100 0.194100
vn 0.941300 0.276100 0.194100
vn 0.941300 0.276100 0.194100
vn 0.941300 0.276100 0.194100
vn 0.942900 0.235500 0.235500
vn 0.942900 0.235500 0.235500
vn 0.942900 0.235500 0.235500
vn 0.941300 0.194100 0.276100
vn 0.941300 0.194100 0.276100
vn 0.941300 0.194100 0.276100
vn 0.941300 0.142100 0.306200
vn 0.941300 0.142100 0.306200
vn 0.941300 0.142100 0.306200
vn 0.940000 0.115900 0.320700
vn 0.940000 0.115900 0.320700
vn 0.940000 0.115900 0.320700
vn 0.942900 0.086200 0.321700
vn 0.942900 0.086200 0.321700
vn 0.942900 0.086200 0.321700
vn 0.944900 0.056200 0.322400
vn 0.944900 0.056200 0.322400
vn 0.944900 0.056200 0.322400
vn 0.000000 0.171900 -0.985100
vn 0.000000 0.171900 -0.985100
vn 0.000000 0.171900 -0.985100
vn 0.000000 0.343700 -0.939100
vn 0.000000 0.343700 -0.939100
vn 0.000000 0.343700 -0.939100
vn 0.000000 -0.171900 -0.985100
vn 0.000000 -0.171900 -0.985100
vn 0.000000 -0.171900 -0.985100
vn 0.000000 -0.343700 -0.939100
vn 0.000000 -0.343700 -0.939100
vn 0.000000 -0.343700 -0.939100
vn 0.000000 1.000000 0.000000
vn 0.000000 1.000000 0.000000
vn 0.000000 1.000000 0.000000
vn 0.000000 1.000000 0.000000
vn 0.000000 1.000000 0.000000
vn 0.000000 1.000000 0.000000
vn 0.000000 1.000000 0.000000
vn 0.000000 1.000000 0.000000
vn 0.000000 1.000000 0.000000
vn 0.000000 0.767200 -0.641400
vn 0.000000 0.767200 -0.641400
vn 0.000000 0.767200 -0.641400
vn 0.000000 0.641400 -0.767200
vn 0.000000 0.641400 -0.767200
vn 0.000000 0.641400 -0.767200
vn 0.000000 0.907100 0.421000
vn 0.000000 0.907100 0.421000
vn 0.000000 0.907100 0.421000
vn 0.000000 0.965900 0.258800
vn 0.000000 0.965900 0.258800
vn 0.000000 0.965900 0.258800
vn 0.000000 0.996000 0.089000
vn 0.000000 0.996000 0.089000
vn 0.000000 0.996000 0.089000
vn 0.000000 0.939100 -0.343700
vn 0.000000 0.939100 -0.343700
vn 0.000000 0.939100 -0.343700
vn 0.000000 0.985100 -0.171900
vn 0.000000 0.985100 -0.171900
vn 0.000000 0.985100 -0.171900
vn 0.000000 -0.343700 0.939100
vn 0.000000 -0.343700 0.939100
vn 0.000000 -0.343700 0.939100
vn 0.000000 -0.171900 0.985100
vn 0.000000 -0.171900 0.985100
vn 0.000000 -0.171900 0.985100
vn 0.000000 0.343700 0.939100
vn 0.000000 0.343700 0.939100
vn 0.000000 0.343700 0.939100
vn 0.000000 0.171900 0.985100
vn 0.000000 0.171900 0.985100
vn 0.000000 0.171900 0.985100
vn 0.000000 0.641400 0.767200
vn 0.000000 0.641400 0.767200
vn 0.000000 0.641400 0.767200
vn 0.000000 0.767200 0.641400
vn 0.000000 0.767200 0.641400
vn 0.000000 0.767200 0.641400
vn 1.000000 0.000000 0.000000
vn 1.000000 0.000000 0.000000
vn 1.000000 0.000000 0.000000
vn 1.000000 0.000000 0.000000
vn 1.000000 0.000000 0.000000
vn 1.000000 0.000000 0.000000
vn 0.942900 -0.086200 0.321700
vn 0.942900 -0.086200 0.321700
vn 0.942900 -0.086200 0.321700
vn 0.940000 -0.115900 0.320700
vn 0.940000 -0.115900 0.320700
vn 0.940000 -0.115900 0.320700
vn 0.941300 -0.142100 0.306200
vn 0.941300 -0.142100 0.306200
vn 0.941300 -0.142100 0.306200
vn 0.941300 -0.030000 0.336200
vn 0.941300 -0.030000 0.336200
vn 0.941300 -0.030000 0.336200
vn 0.941300 -0.194100 0.276100
vn 0.941300 -0.194100 0.276100
vn 0.941300 -0.194100 0.276100
vn 0.942900 -0.235500 0.235500
vn 0.942900 -0.235500 0.235500
vn 0.942900 -0.235500 0.235500
vn 0.941300 -0.276100 0.194100
vn 0.941300 -0.276100 0.194100
vn 0.941300 -0.276100 0.194100
vn 0.941300 -0.276100 0.194100
vn 0.941300 -0.276100 0.194100
vn 0.941300 -0.276100 0.194100
vn 0.944900 -0.307300 0.112500
vn 0.944900 -0.307300 0.112500
vn 0.944900 -0.307300 0.112500
vn 0.942900 -0.321700 0.086200
vn 0.942900 -0.321700 0.086200
vn 0.942900 -0.321700 0.086200
vn 0.942900 -0.321700 0.086200
vn 0.942900 -0.321700 0.086200
vn 0.942900 -0.321700 0.086200
vn 0.941300 -0.306200 0.142100
vn 0.941300 -0.306200 0.142100
vn 0.941300 -0.306200 0.142100
vn 0.944900 -0.322400 0.056200
vn 0.944900 -0.322400 0.056200
vn 0.944900 -0.322400 0.056200
vn 0.000000 0.000000 -1.000000
vn 0.000000 0.000000 -1.000000
vn 0.000000 0.000000 -1.000000
vn 0.000000 0.000000 -1.000000
vn 0.000000 0.000000 -1.000000
vn 0.000000 0.000000 -1.000000
vn 0.000000 0.000000 -1.000000
vn 0.000000 0.000000 -1.000000
vn 0.000000 0.000000 -1.000000
vn 0.000000 0.000000 -1.000000
vn 0.000000 0.000000 -1.000000
vn 0.000000 0.000000 -1.000000
vn 0.000000 0.000000 -1.000000
vn 0.000000 0.000000 -1.000000
vn 0.000000 0.000000 -1.000000
vn 0.000000 0.000000 -1.000000
vn 0.000000 0.000000 -1.000000
vn 0.000000 0.000000 -1.000000
vn 0.000000 -1.000000 0.000000
vn 0.000000 -1.000000 0.000000
vn 0.000000 -1.000000 0.000000
vn 0.000000 -1.000000 0.000000
vn 0.000000 -1.000000 0.000000
vn 0.000000 -1.000000 0.000000
vn 0.000000 -1.000000 0.000000
vn 0.000000 -1.000000 0.000000
vn 0.000000 -1.000000 0.000000
vn 0.000000 0.000000 1.000000
vn 0.000000 0.000000 1.000000
vn 0.000000 0.000000 1.000000
vn 0.000000 0.000000 1.000000
vn 0.000000 0.000000 1.000000
vn 0.000000 0.000000 1.000000
vn 0.000000 0.000000 1.000000
vn 0.000000 0.000000 1.000000
vn 0.000000 0.000000 1.000000
vn 0.000000 0.000000 1.000000
vn 0.000000 0.000000 1.000000
vn 0.000000 0.000000 1.000000
vn 0.000000 0.000000 1.000000
vn 0.000000 0.000000 1.000000
vn 0.000000 0.000000 1.000000
vn 1.000000 0.000000 0.000000
vn 1.000000 0.000000 0.000000
vn 1.000000 0.000000 0.000000
vn 1.000000 0.000000 0.000000
vn 1.000000 0.000000 0.000000
vn 1.000000 0.000000 0.000000
vn 1.000000 0.000000 0.000000
vn 1.000000 0.000000 0.000000
vn 1.000000 0.000000 0.000000
vn 1.000000 0.000000 0.000000
vn 1.000000 0.000000 0.000000
vn 1.000000 0.000000 0.000000
vn 1.000000 0.000000 0.000000
vn 1.000000 0.000000 0.000000
vn 1.000000 0.000000 0.000000
vn 1.000000 0.000000 0.000000
vn 1.000000 0.000000 0.000000
vn 1.000000 0.000000 0.000000
vn 1.000000 0.000000 0.000000
vn 1.000000 0.000000 0.000000
vn 1.000000 0.000000 0.000000
vn 1.000000 0.000000 0.000000
vn 1.000000 0.000000 0.000000
vn 1.000000 0.000000 0.000000
vn 1.000000 0.000000 0.000000
vn 1.000000 0.000000 0.000000
vn 1.000000 0.000000 0.000000
vn 1.000000 0.000000 0.000000
vn 1.000000 0.000000 0.000000
vn 1.000000 0.000000 0.000000
vn 1.000000 0.000000 0.000000
vn 1.000000 0.000000 0.000000
vn 1.000000 0.000000 0.000000
vn 1.000000 0.000000 0.000000
vn 1.000000 0.000000 0.000000
vn 1.000000 0.000000 0.000000
vn 1.000000 0.000000 0.000000
vn 1.000000 0.000000 0.000000
vn 1.000000 0.000000 0.000000
vn 1.000000 0.000000 0.000000
vn 1.000000 0.000000 0.000000
vn 1.000000 0.000000 0.000000
vn 1.000000 0.000000 0.000000
vn 1.000000 0.000000 0.000000
vn 1.000000 0.000000 0.000000
vn 1.000000 0.000000 0.000000
vn 1.000000 0.000000 0.000000
vn 1.000000 0.000000 0.000000
vn 1.000000 0.000000 0.000000
vn 1.000000 0.000000 0.000000
vn 1.000000 0.000000 0.000000
vn 1.000000 0.000000 0.000000
vn 1.000000 0.000000 0.000000
vn 1.000000 0.000000 0.000000
vn 1.000000 0.000000 0.000000
vn 1.000000 0.000000 0.000000
vn 1.000000 0.000000 0.000000
vn 1.000000 0.000000 0.000000
vn 1.000000 0.000000 0.000000
vn 1.000000 0.000000 0.000000
vn 1.000000 0.000000 0.000000
vn 1.000000 0.000000 0.000000
vn 1.000000 0.000000 0.000000
vn 1.000000 0.000000 0.000000
vn 1.000000 0.000000 0.000000
vn 1.000000 0.000000 0.000000
vn 1.000000 0.000000 0.000000
vn 1.000000 0.000000 0.000000
vn 1.000000 0.000000 0.000000
vn 1.000000 0.000000 0.000000
vn 1.000000 0.000000 0.000000
vn 1.000000 0.000000 0.000000
vn 0.000000 -0.907100 0.421000
vn 0.000000 -0.907100 0.421000
vn 0.000000 -0.907100 0.421000
vn 0.000000 -0.965900 0.258800
vn 0.000000 -0.965900 0.258800
vn 0.000000 -0.965900 0.258800
vn 0.000000 -0.985100 0.171900
vn 0.000000 -0.985100 0.171900
vn 0.000000 -0.985100 0.171900
vn 0.000000 -0.641400 -0.767200
vn 0.000000 -0.641400 -0.767200
vn 0.000000 -0.641400 -0.767200
vn 0.000000 -0.767200 -0.641400
vn 0.000000 -0.767200 -0.641400
vn 0.000000 -0.767200 -0.641400
vn 0.000000 -0.985100 -0.171900
vn 0.000000 -0.985100 -0.171900
vn 0.000000 -0.985100 -0.171900
vn 0.000000 -0.939100 -0.343700
vn 0.000000 -0.939100 -0.343700
vn 0.000000 -0.939100 -0.343700
vn 0.000000 -0.641400 0.767200
vn 0.000000 -0.641400 0.767200
vn 0.000000 -0.641400 0.767200
vn 0.000000 -0.767200 0.641400
vn 0.000000 -0.767200 0.641400
vn 0.000000 -0.767200 0.641400
vn 0.944900 -0.307300 -0.112500
vn 0.944900 -0.307300 -0.112500
vn 0.944900 -0.307300 -0.112500
vn 0.942900 -0.321700 -0.086200
vn 0.942900 -0.321700 -0.086200
vn 0.942900 -0.321700 -0.086200
vn 0.942900 -0.321700 -0.086200
vn 0.942900 -0.321700 -0.086200
vn 0.942900 -0.321700 -0.086200
vn 0.944900 -0.307300 -0.112500
vn 0.944900 -0.307300 -0.112500
vn 0.944900 -0.307300 -0.112500
vn 0.944900 -0.322400 -0.056200
vn 0.944900 -0.322400 -0.056200
vn 0.944900 -0.322400 -0.056200
vn 0.941300 -0.276100 -0.194100
vn 0.941300 -0.276100 -0.194100
vn 0.941300 -0.276100 -0.194100
vn 0.942900 -0.235500 -0.235500
vn 0.942900 -0.235500 -0.235500
vn 0.942900 -0.235500 -0.235500
vn 0.941300 -0.194100 -0.276100
vn 0.941300 -0.194100 -0.276100
vn 0.941300 -0.194100 -0.276100
vn 0.941300 -0.276100 -0.194100
vn 0.941300 -0.276100 -0.194100
vn 0.941300 -0.276100 -0.194100
vn 0.944900 -0.112500 -0.307300
vn 0.944900 -0.112500 -0.307300
vn 0.944900 -0.112500 -0.307300
vn 0.944900 -0.056200 -0.322400
vn 0.944900 -0.056200 -0.322400
vn 0.944900 -0.056200 -0.322400
vn 0.000000 -1.000000 0.000000
vn 0.000000 -1.000000 0.000000
vn 0.000000 -1.000000 0.000000
vn 0.000000 -1.000000 0.000000
vn 0.000000 -1.000000 0.000000
vn 0.000000 -1.000000 0.000000
vn 0.000000 -1.000000 0.000000
vn 0.000000 -1.000000 0.000000
vn 0.000000 -1.000000 0.000000
vn 0.944900 0.056200 -0.322400
vn 0.944900 0.056200 -0.322400
vn 0.944900 0.056200 -0.322400
vn 0.944900 0.112500 -0.307300
vn 0.944900 0.112500 -0.307300
vn 0.944900 0.112500 -0.307300
vn 0.941300 0.194100 -0.276100
vn 0.941300 0.194100 -0.276100
vn 0.941300 0.194100 -0.276100
vn 0.942900 0.235500 -0.235500
vn 0.942900 0.235500 -0.235500
vn 0.942900 0.235500 -0.235500
vn 0.941300 0.276100 -0.194100
vn 0.941300 0.276100 -0.194100
vn 0.941300 0.276100 -0.194100
vn 0.941300 0.276100 -0.194100
vn 0.941300 0.276100 -0.194100
vn 0.941300 0.276100 -0.194100
vn 0.944900 0.322400 -0.056200
vn 0.944900 0.322400 -0.056200
vn 0.944900 0.322400 -0.056200
vn 0.944900 0.307300 -0.112500
vn 0.944900 0.307300 -0.112500
vn 0.944900 0.307300 -0.112500
vn 0.942900 0.321700 -0.086200
vn 0.942900 0.321700 -0.086200
vn 0.942900 0.321700 -0.086200
vn 0.942900 0.321700 -0.086200
vn 0.942900 0.321700 -0.086200
vn 0.942900 0.321700 -0.086200
vn 0.944900 0.307300 -0.112500
vn 0.944900 0.307300 -0.112500
vn 0.944900 0.307300 -0.112500
vn 0.000000 0.000000 1.000000
vn 0.000000 0.000000 1.000000
vn 0.000000 0.000000 1.000000
vn 0.000000 0.000000 1.000000
vn 0.000000 0.000000 1.000000
vn 0.000000 0.000000 1.000000
vn 0.000000 0.000000 1.000000
vn 0.000000 0.000000 1.000000
vn 0.000000 0.000000 1.000000
vn 0.000000 0.000000 1.000000
vn 0.000000 0.000000 1.000000
vn 0.000000 0.000000 1.000000
vn 0.000000 0.000000 1.000000
vn 0.000000 0.000000 1.000000
vn 0.000000 0.000000 1.000000
vn 0.000000 0.000000 1.000000
vn 0.000000 0.000000 1.000000
vn 0.000000 0.000000 1.000000
vn 0.000000 1.000000 0.000000
vn 0.000000 1.000000 0.000000
vn 0.000000 1.000000 0.000000
vn 0.000000 1.000000 0.000000
vn 0.000000 1.000000 0.000000
vn 0.000000 1.000000 0.000000
vn 0.000000 1.000000 0.000000
vn 0.000000 1.000000 0.000000
vn 0.000000 1.000000 0.000000
vn 0.000000 0.000000 -1.000000
vn 0.000000 0.000000 -1.000000
vn 0.000000 0.000000 -1.000000
vn 0.000000 0.000000 -1.000000
vn 0.000000 0.000000 -1.000000
vn 0.000000 0.000000 -1.000000
vn 0.000000 0.000000 -1.000000
vn 0.000000 0.000000 -1.000000
vn 0.000000 0.000000 -1.000000
vn 0.000000 0.000000 -1.000000
vn 0.000000 0.000000 -1.000000
vn 0.000000 0.000000 -1.000000
vn 0.000000 0.000000 -1.000000
vn 0.000000 0.000000 -1.000000
vn 0.000000 0.000000 -1.000000
vn 1.000000 0.000000 0.000000
vn 1.000000 0.000000 0.000000
vn 1.000000 0.000000 0.000000
vn 1.000000 0.000000 0.000000
vn 1.000000 0.000000 0.000000
vn 1.000000 0.000000 0.000000
vn 1.000000 0.000000 0.000000
vn 1.000000 0.000000 0.000000
vn 1.000000 0.000000 0.000000
vn 1.000000 0.000000 0.000000
vn 1.000000 0.000000 0.000000
vn 1.000000 0.000000 0.000000
vn 1.000000 0.000000 0.000000
vn 1.000000 0.000000 0.000000
vn 1.000000 0.000000 0.000000
vn 1.000000 0.000000 0.000000
vn 1.000000 0.000000 0.000000
vn 1.000000 0.000000 0.000000
vn 1.000000 0.000000 0.000000
vn 1.000000 0.000000 0.000000
vn 1.000000 0.000000 0.000000
vn 1.000000 0.000000 0.000000
vn 1.000000 0.000000 0.000000
vn 1.000000 0.000000 0.000000
vn 1.000000 0.000000 0.000000
vn 1.000000 0.000000 0.000000
vn 1.000000 0.000000 0.000000
vn 1.000000 0.000000 0.000000
vn 1.000000 0.000000 0.000000
vn 1.000000 0.000000 0.000000
vn 1.000000 0.000000 0.000000
vn 1.000000 0.000000 0.000000
vn 1.000000 0.000000 0.000000
vn 1.000000 0.000000 0.000000
vn 1.000000 0.000000 0.000000
vn 1.000000 0.000000 0.000000
vn 1.000000 0.000000 0.000000
vn 1.000000 0.000000 0.000000
vn 1.000000 0.000000 0.000000
vn 1.000000 0.000000 0.000000
vn 1.000000 0.000000 0.000000
vn 1.000000 0.000000 0.000000
vn -0.721600 -0.689700 0.060200
vn -0.721600 -0.689700 0.060200
vn -0.721600 -0.689700 0.060200
vn -0.721600 -0.681700 0.120400
vn -0.721600 -0.681700 0.120400
vn -0.721600 -0.681700 0.120400
vn -0.721600 -0.650600 0.236600
vn -0.721600 -0.650600 0.236600
vn -0.721600 -0.650600 0.236600
vn -0.721600 -0.627400 0.292700
vn -0.721600 -0.627400 0.292700
vn -0.721600 -0.627400 0.292700
vn -0.721600 -0.567200 0.396900
vn -0.721600 -0.567200 0.396900
vn -0.721600 -0.567200 0.396900
vn -0.721600 -0.530200 0.445100
vn -0.721600 -0.530200 0.445100
vn -0.721600 -0.530200 0.445100
vn -0.721600 -0.445100 0.530200
vn -0.721600 -0.445100 0.530200
vn -0.721600 -0.445100 0.530200
vn -0.721600 -0.396900 0.567200
vn -0.721600 -0.396900 0.567200
vn -0.721600 -0.396900 0.567200
vn -0.720000 -0.422500 0.550600
vn -0.720000 -0.422500 0.550600
vn -0.720000 -0.422500 0.550600
vn 0.939100 -0.343700 0.000000
vn 0.939100 -0.343700 0.000000
vn 0.939100 -0.343700 0.000000
vn 0.985100 -0.171900 0.000000
vn 0.985100 -0.171900 0.000000
vn 0.985100 -0.171900 0.000000
vn -0.718700 0.373800 0.586400
vn -0.718700 0.373800 0.586400
vn -0.718700 0.373800 0.586400
vn -0.720000 0.422500 0.550600
vn -0.720000 0.422500 0.550600
vn -0.720000 0.422500 0.550600
vn -0.718700 0.469700 0.512800
vn -0.718700 0.469700 0.512800
vn -0.718700 0.469700 0.512800
vn -0.721600 0.567200 0.396900
vn -0.721600 0.567200 0.396900
vn -0.721600 0.567200 0.396900
vn -0.721600 0.530200 0.445100
vn -0.721600 0.530200 0.445100
vn -0.721600 0.530200 0.445100
vn -0.721600 0.650600 0.236600
vn -0.721600 0.650600 0.236600
vn -0.721600 0.650600 0.236600
vn -0.721600 0.627400 0.292700
vn -0.721600 0.627400 0.292700
vn -0.721600 0.627400 0.292700
vn -0.721600 0.689700 0.060200
vn -0.721600 0.689700 0.060200
vn -0.721600 0.689700 0.060200
vn -0.721600 0.681700 0.120400
vn -0.721600 0.681700 0.120400
vn -0.721600 0.681700 0.120400
vn 0.939100 0.343700 0.000000
vn 0.939100 0.343700 0.000000
vn 0.939100 0.343700 0.000000
vn 0.985100 0.171900 0.000000
vn 0.985100 0.171900 0.000000
vn 0.985100 0.171900 0.000000
vn -0.721600 0.681700 -0.120400
vn -0.721600 0.681700 -0.120400
vn -0.721600 0.681700 -0.120400
vn -0.721600 0.689700 -0.060200
vn -0.721600 0.689700 -0.060200
vn -0.721600 0.689700 -0.060200
vn -0.721600 0.627400 -0.292700
vn -0.721600 0.627400 -0.292700
vn -0.721600 0.627400 -0.292700
vn -0.720000 0.641200 -0.265600
vn -0.720000 0.641200 -0.265600
vn -0.720000 0.641200 -0.265600
vn -0.718700 0.663100 -0.209200
vn -0.718700 0.663100 -0.209200
vn -0.718700 0.663100 -0.209200
vn -0.718700 0.586400 -0.373800
vn -0.718700 0.586400 -0.373800
vn -0.718700 0.586400 -0.373800
vn -0.718700 -0.586400 -0.373800
vn -0.718700 -0.586400 -0.373800
vn -0.718700 -0.586400 -0.373800
vn -0.720000 -0.641200 -0.265600
vn -0.720000 -0.641200 -0.265600
vn -0.720000 -0.641200 -0.265600
vn -0.721600 -0.627400 -0.292700
vn -0.721600 -0.627400 -0.292700
vn -0.721600 -0.627400 -0.292700
vn -0.721600 -0.650600 -0.236600
vn -0.721600 -0.650600 -0.236600
vn -0.721600 -0.650600 -0.236600
vn -0.721600 -0.681700 -0.120400
vn -0.721600 -0.681700 -0.120400
vn -0.721600 -0.681700 -0.120400
vn -0.721600 -0.689700 -0.060200
vn -0.721600 -0.689700 -0.060200
vn -0.721600 -0.689700 -0.060200
vn -0.721600 -0.689700 0.060200
vn -0.721600 -0.689700 0.060200
vn -0.721600 -0.689700 0.060200
vn -0.721600 -0.681700 0.120400
vn -0.721600 -0.681700 0.120400
vn -0.721600 -0.681700 0.120400
vn -0.721600 -0.650600 0.236600
vn -0.721600 -0.650600 0.236600
vn -0.721600 -0.650600 0.236600
vn -0.721600 -0.627400 0.292700
vn -0.721600 -0.627400 0.292700
vn -0.721600 -0.627400 0.292700
vn -0.718700 -0.586400 0.373800
vn -0.718700 -0.586400 0.373800
vn -0.718700 -0.586400 0.373800
vn -0.717700 -0.570300 0.399600
vn -0.717700 -0.570300 0.399600
vn -0.717700 -0.570300 0.399600
vn -0.718700 0.586400 0.373800
vn -0.718700 0.586400 0.373800
vn -0.718700 0.586400 0.373800
vn -0.717700 0.570300 0.399600
vn -0.717700 0.570300 0.399600
vn -0.717700 0.570300 0.399600
vn -0.721600 0.627400 0.292700
vn -0.721600 0.627400 0.292700
vn -0.721600 0.627400 0.292700
vn -0.721600 0.650600 0.236600
vn -0.721600 0.650600 0.236600
vn -0.721600 0.650600 0.236600
vn -0.721600 0.689700 0.060200
vn -0.721600 0.689700 0.060200
vn -0.721600 0.689700 0.060200
vn -0.721600 0.681700 0.120400
vn -0.721600 0.681700 0.120400
vn -0.721600 0.681700 0.120400
vn -0.721600 0.681700 -0.120400
vn -0.721600 0.681700 -0.120400
vn -0.721600 0.681700 -0.120400
vn -0.721600 0.689700 -0.060200
vn -0.721600 0.689700 -0.060200
vn -0.721600 0.689700 -0.060200
vn -0.721600 0.627400 -0.292700
vn -0.721600 0.627400 -0.292700
vn -0.721600 0.627400 -0.292700
vn -0.721600 0.650600 -0.236600
vn -0.721600 0.650600 -0.236600
vn -0.721600 0.650600 -0.236600
vn -0.721600 0.530200 -0.445100
vn -0.721600 0.530200 -0.445100
vn -0.721600 0.530200 -0.445100
vn -0.721600 0.567200 -0.396900
vn -0.721600 0.567200 -0.396900
vn -0.721600 0.567200 -0.396900
vn -0.721600 0.396900 -0.567200
vn -0.721600 0.396900 -0.567200
vn -0.721600 0.396900 -0.567200
vn -0.721600 0.445100 -0.530200
vn -0.721600 0.445100 -0.530200
vn -0.721600 0.445100 -0.530200
vn -0.721600 0.236600 -0.650600
vn -0.721600 0.236600 -0.650600
vn -0.721600 0.236600 -0.650600
vn -0.721600 0.292700 -0.627400
vn -0.721600 0.292700 -0.627400
vn -0.721600 0.292700 -0.627400
vn -0.717700 0.120700 -0.685900
vn -0.717700 0.120700 -0.685900
vn -0.717700 0.120700 -0.685900
vn -0.718700 0.150400 -0.678900
vn -0.718700 0.150400 -0.678900
vn -0.718700 0.150400 -0.678900
vn -0.718700 -0.150400 -0.678900
vn -0.718700 -0.150400 -0.678900
vn -0.718700 -0.150400 -0.678900
vn -0.717700 -0.120700 -0.685900
vn -0.717700 -0.120700 -0.685900
vn -0.717700 -0.120700 -0.685900
vn -0.721600 -0.292700 -0.627400
vn -0.721600 -0.292700 -0.627400
vn -0.721600 -0.292700 -0.627400
vn -0.721600 -0.236600 -0.650600
vn -0.721600 -0.236600 -0.650600
vn -0.721600 -0.236600 -0.650600
vn -0.721600 -0.445100 -0.530200
vn -0.721600 -0.445100 -0.530200
vn -0.721600 -0.445100 -0.530200
vn -0.721600 -0.396900 -0.567200
vn -0.721600 -0.396900 -0.567200
vn -0.721600 -0.396900 -0.567200
vn -0.721600 -0.530200 -0.445100
vn -0.721600 -0.530200 -0.445100
vn -0.721600 -0.530200 -0.445100
vn -0.721600 -0.567200 -0.396900
vn -0.721600 -0.567200 -0.396900
vn -0.721600 -0.567200 -0.396900
vn -0.721600 -0.627400 -0.292700
vn -0.721600 -0.627400 -0.292700
vn -0.721600 -0.627400 -0.292700
vn -0.721600 -0.650600 -0.236600
vn -0.721600 -0.650600 -0.236600
vn -0.721600 -0.650600 -0.236600
vn -0.721600 -0.681700 -0.120400
vn -0.721600 -0.681700 -0.120400
vn -0.721600 -0.681700 -0.120400
vn -0.721600 -0.689700 -0.060200
vn -0.721600 -0.689700 -0.060200
vn -0.721600 -0.689700 -0.060200
vn -0.721600 -0.689700 0.060200
vn -0.721600 -0.689700 0.060200
vn -0.721600 -0.689700 0.060200
vn -0.721600 -0.681700 0.120400
vn -0.721600 -0.681700 0.120400
vn -0.721600 -0.681700 0.120400
vn -0.721600 -0.650600 0.236600
vn -0.721600 -0.650600 0.236600
vn -0.721600 -0.650600 0.236600
vn -0.721600 -0.627400 0.292700
vn -0.721600 -0.627400 0.292700
vn -0.721600 -0.627400 0.292700
vn -0.718700 -0.586400 0.373800
vn -0.718700 -0.586400 0.373800
vn -0.718700 -0.586400 0.373800
vn -0.717700 -0.570300 0.399600
vn -0.717700 -0.570300 0.399600
vn -0.717700 -0.570300 0.399600
vn -0.717700 0.570300 0.399600
vn -0.717700 0.570300 0.399600
vn -0.717700 0.570300 0.399600
vn -0.718700 0.586400 0.373800
vn -0.718700 0.586400 0.373800
vn -0.718700 0.586400 0.373800
vn -0.721600 0.650600 0.236600
vn -0.721600 0.650600 0.236600
vn -0.721600 0.650600 0.236600
vn -0.721600 0.627400 0.292700
vn -0.721600 0.627400 0.292700
vn -0.721600 0.627400 0.292700
vn -0.721600 0.689700 0.060200
vn -0.721600 0.689700 0.060200
vn -0.721600 0.689700 0.060200
vn -0.721600 0.681700 0.120400
vn -0.721600 0.681700 0.120400
vn -0.721600 0.681700 0.120400
vn -0.721600 0.681700 -0.120400
vn -0.721600 0.681700 -0.120400
vn -0.721600 0.681700 -0.120400
vn -0.721600 0.689700 -0.060200
vn -0.721600 0.689700 -0.060200
vn -0.721600 0.689700 -0.060200
vn -0.721600 0.627400 -0.292700
vn -0.721600 0.627400 -0.292700
vn -0.721600 0.627400 -0.292700
vn -0.721600 0.650600 -0.236600
vn -0.721600 0.650600 -0.236600
vn -0.721600 0.650600 -0.236600
vn -0.721600 0.530200 -0.445100
vn -0.721600 0.530200 -0.445100
vn -0.721600 0.530200 -0.445100
vn -0.721600 0.567200 -0.396900
vn -0.721600 0.567200 -0.396900
vn -0.721600 0.567200 -0.396900
vn -0.721600 0.396900 -0.567200
vn -0.721600 0.396900 -0.567200
vn -0.721600 0.396900 -0.567200
vn -0.721600 0.445100 -0.530200
vn -0.721600 0.445100 -0.530200
vn -0.721600 0.445100 -0.530200
vn -0.721600 0.236600 -0.650600
vn -0.721600 0.236600 -0.650600
vn -0.721600 0.236600 -0.650600
vn -0.721600 0.292700 -0.627400
vn -0.721600 0.292700 -0.627400
vn -0.721600 0.292700 -0.627400
vn -0.717700 0.120700 -0.685900
vn -0.717700 0.120700 -0.685900
vn -0.717700 0.120700 -0.685900
vn -0.718700 0.150400 -0.678900
vn -0.718700 0.150400 -0.678900
vn -0.718700 0.150400 -0.678900
vn -0.718700 -0.150400 -0.678900
vn -0.718700 -0.150400 -0.678900
vn -0.718700 -0.150400 -0.678900
vn -0.717700 -0.120700 -0.685900
vn -0.717700 -0.120700 -0.685900
vn -0.717700 -0.120700 -0.685900
vn -0.721600 -0.292700 -0.627400
vn -0.721600 -0.292700 -0.627400
vn -0.721600 -0.292700 -0.627400
vn -0.721600 -0.236600 -0.650600
vn -0.721600 -0.236600 -0.650600
vn -0.721600 -0.236600 -0.650600
vn -0.721600 -0.445100 -0.530200
vn -0.721600 -0.445100 -0.530200
vn -0.721600 -0.445100 -0.530200
vn -0.721600 -0.396900 -0.567200
vn -0.721600 -0.396900 -0.567200
vn -0.721600 -0.396900 -0.567200
vn -0.721600 -0.530200 -0.445100
vn -0.721600 -0.530200 -0.445100
vn -0.721600 -0.530200 -0.445100
vn -0.721600 -0.567200 -0.396900
vn -0.721600 -0.567200 -0.396900
vn -0.721600 -0.567200 -0.396900
vn -0.721600 -0.627400 -0.292700
vn -0.721600 -0.627400 -0.292700
vn -0.721600 -0.627400 -0.292700
vn -0.721600 -0.650600 -0.236600
vn -0.721600 -0.650600 -0.236600
vn -0.721600 -0.650600 -0.236600
vn -0.721600 -0.681700 -0.120400
vn -0.721600 -0.681700 -0.120400
vn -0.721600 -0.681700 -0.120400
vn -0.721600 -0.689700 -0.060200
vn -0.721600 -0.689700 -0.060200
vn -0.721600 -0.689700 -0.060200
vn -0.721600 -0.689700 0.060200
vn -0.721600 -0.689700 0.060200
vn -0.721600 -0.689700 0.060200
vn -0.721600 -0.681700 0.120400
vn -0.721600 -0.681700 0.120400
vn -0.721600 -0.681700 0.120400
vn -0.721600 -0.650600 0.236600
vn -0.721600 -0.650600 0.236600
vn -0.721600 -0.650600 0.236600
vn -0.721600 -0.627400 0.292700
vn -0.721600 -0.627400 0.292700
vn -0.721600 -0.627400 0.292700
vn -0.721600 -0.567200 0.396900
vn -0.721600 -0.567200 0.396900
vn -0.721600 -0.567200 0.396900
vn -0.721600 -0.530200 0.445100
vn -0.721600 -0.530200 0.445100
vn -0.721600 -0.530200 0.445100
vn -0.721600 -0.445100 0.530200
vn -0.721600 -0.445100 0.530200
vn -0.721600 -0.445100 0.530200
vn -0.721600 -0.396900 0.567200
vn -0.721600 -0.396900 0.567200
vn -0.721600 -0.396900 0.567200
vn -0.718700 -0.209200 0.663100
vn -0.718700 -0.209200 0.663100
vn -0.718700 -0.209200 0.663100
vn -0.720000 -0.265600 0.641200
vn -0.720000 -0.265600 0.641200
vn -0.720000 -0.265600 0.641200
vn -0.721600 -0.292700 0.627400
vn -0.721600 -0.292700 0.627400
vn -0.721600 -0.292700 0.627400
vn -0.716000 -0.091100 0.692100
vn -0.716000 -0.091100 0.692100
vn -0.716000 -0.091100 0.692100
vn -0.717700 -0.120700 0.685900
vn -0.717700 -0.120700 0.685900
vn -0.717700 -0.120700 0.685900
vn -0.718700 -0.150400 0.678900
vn -0.718700 -0.150400 0.678900
vn -0.718700 -0.150400 0.678900
vn 0.000000 -1.000000 0.000000
vn 0.000000 -1.000000 0.000000
vn 0.000000 -1.000000 0.000000
vn 0.000000 -1.000000 0.000000
vn 0.000000 -1.000000 0.000000
vn 0.000000 -1.000000 0.000000
vn 0.000000 -1.000000 0.000000
vn 0.000000 -1.000000 0.000000
vn 0.000000 -1.000000 0.000000
vn 0.000000 -1.000000 0.000000
vn 0.000000 -1.000000 0.000000
vn 0.000000 -1.000000 0.000000
vn 0.000000 -0.965900 0.258800
vn 0.000000 -0.965900 0.258800
vn 0.000000 -0.965900 0.258800
vn 0.000000 -0.940500 0.339900
vn 0.000000 -0.940500 0.339900
vn 0.000000 -0.940500 0.339900
vn 0.000000 -0.940500 0.339900
vn 0.000000 -0.940500 0.339900
vn 0.000000 -0.940500 0.339900
vn 0.000000 -0.907100 0.421000
vn 0.000000 -0.907100 0.421000
vn 0.000000 -0.907100 0.421000
vn 0.000000 -0.940500 0.339900
vn 0.000000 -0.940500 0.339900
vn 0.000000 -0.940500 0.339900
vn 0.000000 -0.965900 0.258800
vn 0.000000 -0.965900 0.258800
vn 0.000000 -0.965900 0.258800
vn 0.000000 -0.965900 0.258800
vn 0.000000 -0.965900 0.258800
vn 0.000000 -0.965900 0.258800
vn 0.000000 -0.965900 0.258800
vn 0.000000 -0.965900 0.258800
vn 0.000000 -0.965900 0.258800
vn 0.000000 -0.940500 0.339900
vn 0.000000 -0.940500 0.339900
vn 0.000000 -0.940500 0.339900
vn 0.000000 -0.940500 0.339900
vn 0.000000 -0.940500 0.339900
vn 0.000000 -0.940500 0.339900
vn 0.000000 -0.965900 0.258800
vn 0.000000 -0.965900 0.258800
vn 0.000000 -0.965900 0.258800
vn 0.000000 -0.965900 0.258800
vn 0.000000 -0.965900 0.258800
vn 0.000000 -0.965900 0.258800
vn 0.000000 -0.767200 0.641400
vn 0.000000 -0.767200 0.641400
vn 0.000000 -0.767200 0.641400
vn 0.000000 -0.641400 0.767200
vn 0.000000 -0.641400 0.767200
vn 0.000000 -0.641400 0.767200
vn 0.000000 -0.171900 0.985100
vn 0.000000 -0.171900 0.985100
vn 0.000000 -0.171900 0.985100
vn 0.000000 -0.343700 0.939100
vn 0.000000 -0.343700 0.939100
vn 0.000000 -0.343700 0.939100
vn -0.996000 -0.089000 0.000000
vn -0.996000 -0.089000 0.000000
vn -0.996000 -0.089000 0.000000
vn -0.984400 -0.175800 0.000000
vn -0.984400 -0.175800 0.000000
vn -0.984400 -0.175800 0.000000
vn -0.984400 -0.175800 0.000000
vn -0.984400 -0.175800 0.000000
vn -0.984400 -0.175800 0.000000
vn -0.984400 -0.175800 0.000000
vn -0.984400 -0.175800 0.000000
vn -0.984400 -0.175800 0.000000
vn -0.984400 -0.175800 0.000000
vn -0.984400 -0.175800 0.000000
vn -0.984400 -0.175800 0.000000
vn -0.965900 -0.258800 0.000000
vn -0.965900 -0.258800 0.000000
vn -0.965900 -0.258800 0.000000
vn -0.939100 -0.343700 0.000000
vn -0.939100 -0.343700 0.000000
vn -0.939100 -0.343700 0.000000
vn -0.718700 0.150400 0.678900
vn -0.718700 0.150400 0.678900
vn -0.718700 0.150400 0.678900
vn -0.717700 0.120700 0.685900
vn -0.717700 0.120700 0.685900
vn -0.717700 0.120700 0.685900
vn -0.717700 0.120700 0.685900
vn -0.717700 0.120700 0.685900
vn -0.717700 0.120700 0.685900
vn -0.721600 0.292700 0.627400
vn -0.721600 0.292700 0.627400
vn -0.721600 0.292700 0.627400
vn -0.720000 0.265600 0.641200
vn -0.720000 0.265600 0.641200
vn -0.720000 0.265600 0.641200
vn -0.718700 0.209200 0.663100
vn -0.718700 0.209200 0.663100
vn -0.718700 0.209200 0.663100
vn -0.721600 0.396900 0.567200
vn -0.721600 0.396900 0.567200
vn -0.721600 0.396900 0.567200
vn -0.721600 0.445100 0.530200
vn -0.721600 0.445100 0.530200
vn -0.721600 0.445100 0.530200
vn -0.721600 0.567200 0.396900
vn -0.721600 0.567200 0.396900
vn -0.721600 0.567200 0.396900
vn -0.721600 0.530200 0.445100
vn -0.721600 0.530200 0.445100
vn -0.721600 0.530200 0.445100
vn -0.721600 0.650600 0.236600
vn -0.721600 0.650600 0.236600
vn -0.721600 0.650600 0.236600
vn -0.721600 0.627400 0.292700
vn -0.721600 0.627400 0.292700
vn -0.721600 0.627400 0.292700
vn -0.721600 0.689700 0.060200
vn -0.721600 0.689700 0.060200
vn -0.721600 0.689700 0.060200
vn -0.721600 0.681700 0.120400
vn -0.721600 0.681700 0.120400
vn -0.721600 0.681700 0.120400
vn -0.721600 0.681700 -0.120400
vn -0.721600 0.681700 -0.120400
vn -0.721600 0.681700 -0.120400
vn -0.721600 0.689700 -0.060200
vn -0.721600 0.689700 -0.060200
vn -0.721600 0.689700 -0.060200
vn -0.721600 0.627400 -0.292700
vn -0.721600 0.627400 -0.292700
vn -0.721600 0.627400 -0.292700
vn -0.720000 0.641200 -0.265600
vn -0.720000 0.641200 -0.265600
vn -0.720000 0.641200 -0.265600
vn -0.718700 0.663100 -0.209200
vn -0.718700 0.663100 -0.209200
vn -0.718700 0.663100 -0.209200
vn -0.718700 0.586400 -0.373800
vn -0.718700 0.586400 -0.373800
vn -0.718700 0.586400 -0.373800
vn -0.718700 -0.586400 -0.373800
vn -0.718700 -0.586400 -0.373800
vn -0.718700 -0.586400 -0.373800
vn -0.720000 -0.641200 -0.265600
vn -0.720000 -0.641200 -0.265600
vn -0.720000 -0.641200 -0.265600
vn -0.721600 -0.627400 -0.292700
vn -0.721600 -0.627400 -0.292700
vn -0.721600 -0.627400 -0.292700
vn -0.721600 -0.650600 -0.236600
vn -0.721600 -0.650600 -0.236600
vn -0.721600 -0.650600 -0.236600
vn -0.721600 -0.681700 -0.120400
vn -0.721600 -0.681700 -0.120400
vn -0.721600 -0.681700 -0.120400
vn -0.721600 -0.689700 -0.060200
vn -0.721600 -0.689700 -0.060200
vn -0.721600 -0.689700 -0.060200
vn -0.721600 -0.689700 0.060200
vn -0.721600 -0.689700 0.060200
vn -0.721600 -0.689700 0.060200
vn -0.721600 -0.681700 0.120400
vn -0.721600 -0.681700 0.120400
vn -0.721600 -0.681700 0.120400
vn -0.721600 -0.650600 0.236600
vn -0.721600 -0.650600 0.236600
vn -0.721600 -0.650600 0.236600
vn -0.721600 -0.627400 0.292700
vn -0.721600 -0.627400 0.292700
vn -0.721600 -0.627400 0.292700
vn -0.721600 -0.567200 0.396900
vn -0.721600 -0.567200 0.396900
vn -0.721600 -0.567200 0.396900
vn -0.721600 -0.530200 0.445100
vn -0.721600 -0.530200 0.445100
vn -0.721600 -0.530200 0.445100
vn -0.721600 -0.445100 0.530200
vn -0.721600 -0.445100 0.530200
vn -0.721600 -0.445100 0.530200
vn -0.721600 -0.396900 0.567200
vn -0.721600 -0.396900 0.567200
vn -0.721600 -0.396900 0.567200
vn -0.721600 -0.236600 0.650600
vn -0.721600 -0.236600 0.650600
vn -0.721600 -0.236600 0.650600
vn -0.720000 -0.265600 0.641200
vn -0.720000 -0.265600 0.641200
vn -0.720000 -0.265600 0.641200
vn -0.718700 -0.320900 0.616900
vn -0.718700 -0.320900 0.616900
vn -0.718700 -0.320900 0.616900
vn -0.717700 -0.120700 0.685900
vn -0.717700 -0.120700 0.685900
vn -0.717700 -0.120700 0.685900
vn -0.718700 -0.150400 0.678900
vn -0.718700 -0.150400 0.678900
vn -0.718700 -0.150400 0.678900
vn 0.000000 -1.000000 0.000000
vn 0.000000 -1.000000 0.000000
vn 0.000000 -1.000000 0.000000
vn 0.000000 -1.000000 0.000000
vn 0.000000 -1.000000 0.000000
vn 0.000000 -1.000000 0.000000
vn 0.000000 -1.000000 0.000000
vn 0.000000 -1.000000 0.000000
vn 0.000000 -1.000000 0.000000
vn 0.000000 -1.000000 0.000000
vn 0.000000 -1.000000 0.000000
vn 0.000000 -1.000000 0.000000
vn -0.718700 0.150400 0.678900
vn -0.718700 0.150400 0.678900
vn -0.718700 0.150400 0.678900
vn -0.717700 0.120700 0.685900
vn -0.717700 0.120700 0.685900
vn -0.717700 0.120700 0.685900
vn -0.721600 0.236600 0.650600
vn -0.721600 0.236600 0.650600
vn -0.721600 0.236600 0.650600
vn -0.721600 0.292700 0.627400
vn -0.721600 0.292700 0.627400
vn -0.721600 0.292700 0.627400
vn -0.720000 0.265600 0.641200
vn -0.720000 0.265600 0.641200
vn -0.720000 0.265600 0.641200
vn -0.721600 0.396900 0.567200
vn -0.721600 0.396900 0.567200
vn -0.721600 0.396900 0.567200
vn -0.721600 0.445100 0.530200
vn -0.721600 0.445100 0.530200
vn -0.721600 0.445100 0.530200
vn -0.721600 0.567200 0.396900
vn -0.721600 0.567200 0.396900
vn -0.721600 0.567200 0.396900
vn -0.721600 0.530200 0.445100
vn -0.721600 0.530200 0.445100
vn -0.721600 0.530200 0.445100
vn -0.721600 0.650600 0.236600
vn -0.721600 0.650600 0.236600
vn -0.721600 0.650600 0.236600
vn -0.721600 0.627400 0.292700
vn -0.721600 0.627400 0.292700
vn -0.721600 0.627400 0.292700
vn -0.721600 0.689700 0.060200
vn -0.721600 0.689700 0.060200
vn -0.721600 0.689700 0.060200
vn -0.721600 0.681700 0.120400
vn -0.721600 0.681700 0.120400
vn -0.721600 0.681700 0.120400
vn -0.721600 0.681700 -0.120400
vn -0.721600 0.681700 -0.120400
vn -0.721600 0.681700 -0.120400
vn -0.721600 0.689700 -0.060200
vn -0.721600 0.689700 -0.060200
vn -0.721600 0.689700 -0.060200
vn -0.721600 0.627400 -0.292700
vn -0.721600 0.627400 -0.292700
vn -0.721600 0.627400 -0.292700
vn -0.721600 0.650600 -0.236600
vn -0.721600 0.650600 -0.236600
vn -0.721600 0.650600 -0.236600
vn -0.721600 0.530200 -0.445100
vn -0.721600 0.530200 -0.445100
vn -0.721600 0.530200 -0.445100
vn -0.721600 0.567200 -0.396900
vn -0.721600 0.567200 -0.396900
vn -0.721600 0.567200 -0.396900
vn -0.721600 0.396900 -0.567200
vn -0.721600 0.396900 -0.567200
vn -0.721600 0.396900 -0.567200
vn -0.721600 0.445100 -0.530200
vn -0.721600 0.445100 -0.530200
vn -0.721600 0.445100 -0.530200
vn -0.721600 0.236600 -0.650600
vn -0.721600 0.236600 -0.650600
vn -0.721600 0.236600 -0.650600
vn -0.721600 0.292700 -0.627400
vn -0.721600 0.292700 -0.627400
vn -0.721600 0.292700 -0.627400
vn -0.717700 0.120700 -0.685900
vn -0.717700 0.120700 -0.685900
vn -0.717700 0.120700 -0.685900
vn -0.718700 0.150400 -0.678900
vn -0.718700 0.150400 -0.678900
vn -0.718700 0.150400 -0.678900
vn -0.718700 -0.150400 -0.678900
vn -0.718700 -0.150400 -0.678900
vn -0.718700 -0.150400 -0.678900
vn -0.717700 -0.120700 -0.685900
vn -0.717700 -0.120700 -0.685900
vn -0.717700 -0.120700 -0.685900
vn -0.721600 -0.292700 -0.627400
vn -0.721600 -0.292700 -0.627400
vn -0.721600 -0.292700 -0.627400
vn -0.721600 -0.236600 -0.650600
vn -0.721600 -0.236600 -0.650600
vn -0.721600 -0.236600 -0.650600
vn -0.721600 -0.445100 -0.530200
vn -0.721600 -0.445100 -0.530200
vn -0.721600 -0.445100 -0.530200
vn -0.721600 -0.396900 -0.567200
vn -0.721600 -0.396900 -0.567200
vn -0.721600 -0.396900 -0.567200
vn -0.721600 -0.530200 -0.445100
vn -0.721600 -0.530200 -0.445100
vn -0.721600 -0.530200 -0.445100
vn -0.721600 -0.567200 -0.396900
vn -0.721600 -0.567200 -0.396900
vn -0.721600 -0.567200 -0.396900
vn -0.721600 -0.627400 -0.292700
vn -0.721600 -0.627400 -0.292700
vn -0.721600 -0.627400 -0.292700
vn -0.721600 -0.650600 -0.236600
vn -0.721600 -0.650600 -0.236600
vn -0.721600 -0.650600 -0.236600
vn -0.721600 -0.681700 -0.120400
vn -0.721600 -0.681700 -0.120400
vn -0.721600 -0.681700 -0.120400
vn -0.721600 -0.689700 -0.060200
vn -0.721600 -0.689700 -0.060200
vn -0.721600 -0.689700 -0.060200
vn -0.721600 -0.689700 0.060200
vn -0.721600 -0.689700 0.060200
vn -0.721600 -0.689700 0.060200
vn -0.721600 -0.681700 0.120400
vn -0.721600 -0.681700 0.120400
vn -0.721600 -0.681700 0.120400
vn -0.721600 -0.650600 0.236600
vn -0.721600 -0.650600 0.236600
vn -0.721600 -0.650600 0.236600
vn -0.721600 -0.627400 0.292700
vn -0.721600 -0.627400 0.292700
vn -0.721600 -0.627400 0.292700
vn -0.721600 -0.567200 0.396900
vn -0.721600 -0.567200 0.396900
vn -0.721600 -0.567200 0.396900
vn -0.721600 -0.530200 0.445100
vn -0.721600 -0.530200 0.445100
vn -0.721600 -0.530200 0.445100
vn -0.721600 -0.445100 0.530200
vn -0.721600 -0.445100 0.530200
vn -0.721600 -0.445100 0.530200
vn -0.721600 -0.396900 0.567200
vn -0.721600 -0.396900 0.567200
vn -0.721600 -0.396900 0.567200
vn -0.721600 -0.236600 0.650600
vn -0.721600 -0.236600 0.650600
vn -0.721600 -0.236600 0.650600
vn -0.720000 -0.265600 0.641200
vn -0.720000 -0.265600 0.641200
vn -0.720000 -0.265600 0.641200
vn -0.718700 -0.320900 0.616900
vn -0.718700 -0.320900 0.616900
vn -0.718700 -0.320900 0.616900
vn -0.717700 -0.120700 0.685900
vn -0.717700 -0.120700 0.685900
vn -0.717700 -0.120700 0.685900
vn -0.718700 -0.150400 0.678900
vn -0.718700 -0.150400 0.678900
vn -0.718700 -0.150400 0.678900
vn 0.000000 -1.000000 0.000000
vn 0.000000 -1.000000 0.000000
vn 0.000000 -1.000000 0.000000
vn 0.000000 -1.000000 0.000000
vn 0.000000 -1.000000 0.000000
vn 0.000000 -1.000000 0.000000
vn 0.000000 -1.000000 0.000000
vn 0.000000 -1.000000 0.000000
vn 0.000000 -1.000000 0.000000
vn 0.000000 -1.000000 0.000000
vn 0.000000 -1.000000 0.000000
vn 0.000000 -1.000000 0.000000
vn -0.718700 0.150400 0.678900
vn -0.718700 0.150400 0.678900
vn -0.718700 0.150400 0.678900
vn -0.717700 0.120700 0.685900
vn -0.717700 0.120700 0.685900
vn -0.717700 0.120700 0.685900
vn -0.721600 0.236600 0.650600
vn -0.721600 0.236600 0.650600
vn -0.721600 0.236600 0.650600
vn -0.721600 0.292700 0.627400
vn -0.721600 0.292700 0.627400
vn -0.721600 0.292700 0.627400
vn -0.720000 0.265600 0.641200
vn -0.720000 0.265600 0.641200
vn -0.720000 0.265600 0.641200
vn -0.721600 0.396900 0.567200
vn -0.721600 0.396900 0.567200
vn -0.721600 0.396900 0.567200
vn -0.721600 0.445100 0.530200
vn -0.721600 0.445100 0.530200
vn -0.721600 0.445100 0.530200
vn -0.721600 0.567200 0.396900
vn -0.721600 0.567200 0.396900
vn -0.721600 0.567200 0.396900
vn -0.721600 0.530200 0.445100
vn -0.721600 0.530200 0.445100
vn -0.721600 0.530200 0.445100
vn -0.721600 0.650600 0.236600
vn -0.721600 0.650600 0.236600
vn -0.721600 0.650600 0.236600
vn -0.721600 0.627400 0.292700
vn -0.721600 0.627400 0.292700
vn -0.721600 0.627400 0.292700
vn -0.721600 0.689700 0.060200
vn -0.721600 0.689700 0.060200
vn -0.721600 0.689700 0.060200
vn -0.721600 0.681700 0.120400
vn -0.721600 0.681700 0.120400
vn -0.721600 0.681700 0.120400
vn -0.721600 0.681700 -0.120400
vn -0.721600 0.681700 -0.120400
vn -0.721600 0.681700 -0.120400
vn -0.721600 0.689700 -0.060200
vn -0.721600 0.689700 -0.060200
vn -0.721600 0.689700 -0.060200
vn -0.721600 0.627400 -0.292700
vn -0.721600 0.627400 -0.292700
vn -0.721600 0.627400 -0.292700
vn -0.721600 0.650600 -0.236600
vn -0.721600 0.650600 -0.236600
vn -0.721600 0.650600 -0.236600
vn -0.721600 0.530200 -0.445100
vn -0.721600 0.530200 -0.445100
vn -0.721600 0.530200 -0.445100
vn -0.721600 0.567200 -0.396900
vn -0.721600 0.567200 -0.396900
vn -0.721600 0.567200 -0.396900
vn -0.721600 0.396900 -0.567200
vn -0.721600 0.396900 -0.567200
vn -0.721600 0.396900 -0.567200
vn -0.721600 0.445100 -0.530200
vn -0.721600 0.445100 -0.530200
vn -0.721600 0.445100 -0.530200
vn -0.721600 0.236600 -0.650600
vn -0.721600 0.236600 -0.650600
vn -0.721600 0.236600 -0.650600
vn -0.721600 0.292700 -0.627400
vn -0.721600 0.292700 -0.627400
vn -0.721600 0.292700 -0.627400
vn -0.717700 0.120700 -0.685900
vn -0.717700 0.120700 -0.685900
vn -0.717700 0.120700 -0.685900
vn -0.718700 0.150400 -0.678900
vn -0.718700 0.150400 -0.678900
vn -0.718700 0.150400 -0.678900
vn -0.718700 -0.150400 -0.678900
vn -0.718700 -0.150400 -0.678900
vn -0.718700 -0.150400 -0.678900
vn -0.717700 -0.120700 -0.685900
vn -0.717700 -0.120700 -0.685900
vn -0.717700 -0.120700 -0.685900
vn -0.721600 -0.292700 -0.627400
vn -0.721600 -0.292700 -0.627400
vn -0.721600 -0.292700 -0.627400
vn -0.721600 -0.236600 -0.650600
vn -0.721600 -0.236600 -0.650600
vn -0.721600 -0.236600 -0.650600
vn -0.721600 -0.445100 -0.530200
vn -0.721600 -0.445100 -0.530200
vn -0.721600 -0.445100 -0.530200
vn -0.721600 -0.396900 -0.567200
vn -0.721600 -0.396900 -0.567200
vn -0.721600 -0.396900 -0.567200
vn -0.721600 -0.530200 -0.445100
vn -0.721600 -0.530200 -0.445100
vn -0.721600 -0.530200 -0.445100
vn -0.721600 -0.567200 -0.396900
vn -0.721600 -0.567200 -0.396900
vn -0.721600 -0.567200 -0.396900
vn -0.721600 -0.627400 -0.292700
vn -0.721600 -0.627400 -0.292700
vn -0.721600 -0.627400 -0.292700
vn -0.721600 -0.650600 -0.236600
vn -0.721600 -0.650600 -0.236600
vn -0.721600 -0.650600 -0.236600
vn -0.721600 -0.681700 -0.120400
vn -0.721600 -0.681700 -0.120400
vn -0.721600 -0.681700 -0.120400
vn -0.721600 -0.689700 -0.060200
vn -0.721600 -0.689700 -0.060200
vn -0.721600 -0.689700 -0.060200
vn -0.721600 -0.689700 0.060200
vn -0.721600 -0.689700 0.060200
vn -0.721600 -0.689700 0.060200
vn -0.721600 -0.681700 0.120400
vn -0.721600 -0.681700 0.120400
vn -0.721600 -0.681700 0.120400
vn -0.721600 -0.650600 0.236600
vn -0.721600 -0.650600 0.236600
vn -0.721600 -0.650600 0.236600
vn -0.721600 -0.627400 0.292700
vn -0.721600 -0.627400 0.292700
vn -0.721600 -0.627400 0.292700
vn -0.721600 -0.567200 0.396900
vn -0.721600 -0.567200 0.396900
vn -0.721600 -0.567200 0.396900
vn -0.721600 -0.530200 0.445100
vn -0.721600 -0.530200 0.445100
vn -0.721600 -0.530200 0.445100
vn -0.721600 -0.445100 0.530200
vn -0.721600 -0.445100 0.530200
vn -0.721600 -0.445100 0.530200
vn -0.721600 -0.396900 0.567200
vn -0.721600 -0.396900 0.567200
vn -0.721600 -0.396900 0.567200
vn -0.720000 -0.422500 0.550600
vn -0.720000 -0.422500 0.550600
vn -0.720000 -0.422500 0.550600
vn -0.718700 -0.320900 0.616900
vn -0.718700 -0.320900 0.616900
vn -0.718700 -0.320900 0.616900
vn -0.718700 0.320900 0.616900
vn -0.718700 0.320900 0.616900
vn -0.718700 0.320900 0.616900
vn -0.718700 0.373800 0.586400
vn -0.718700 0.373800 0.586400
vn -0.718700 0.373800 0.586400
vn -0.720000 0.422500 0.550600
vn -0.720000 0.422500 0.550600
vn -0.720000 0.422500 0.550600
vn -0.718700 0.469700 0.512800
vn -0.718700 0.469700 0.512800
vn -0.718700 0.469700 0.512800
vn -0.721600 0.567200 0.396900
vn -0.721600 0.567200 0.396900
vn -0.721600 0.567200 0.396900
vn -0.721600 0.530200 0.445100
vn -0.721600 0.530200 0.445100
vn -0.721600 0.530200 0.445100
vn -0.721600 0.650600 0.236600
vn -0.721600 0.650600 0.236600
vn -0.721600 0.650600 0.236600
vn -0.721600 0.627400 0.292700
vn -0.721600 0.627400 0.292700
vn -0.721600 0.627400 0.292700
vn -0.721600 0.689700 0.060200
vn -0.721600 0.689700 0.060200
vn -0.721600 0.689700 0.060200
vn -0.721600 0.681700 0.120400
vn -0.721600 0.681700 0.120400
vn -0.721600 0.681700 0.120400
vn -0.721600 0.681700 -0.120400
vn -0.721600 0.681700 -0.120400
vn -0.721600 0.681700 -0.120400
vn -0.721600 0.689700 -0.060200
vn -0.721600 0.689700 -0.060200
vn -0.721600 0.689700 -0.060200
vn -0.721600 0.627400 -0.292700
vn -0.721600 0.627400 -0.292700
vn -0.721600 0.627400 -0.292700
vn -0.720000 0.641200 -0.265600
vn -0.720000 0.641200 -0.265600
vn -0.720000 0.641200 -0.265600
vn -0.718700 0.663100 -0.209200
vn -0.718700 0.663100 -0.209200
vn -0.718700 0.663100 -0.209200
vn -0.718700 0.586400 -0.373800
vn -0.718700 0.586400 -0.373800
vn -0.718700 0.586400 -0.373800
vn -0.718700 -0.586400 -0.373800
vn -0.718700 -0.586400 -0.373800
vn -0.718700 -0.586400 -0.373800
vn -0.720000 -0.641200 -0.265600
vn -0.720000 -0.641200 -0.265600
vn -0.720000 -0.641200 -0.265600
vn -0.721600 -0.627400 -0.292700
vn -0.721600 -0.627400 -0.292700
vn -0.721600 -0.627400 -0.292700
vn -0.721600 -0.650600 -0.236600
vn -0.721600 -0.650600 -0.236600
vn -0.721600 -0.650600 -0.236600
vn -0.721600 -0.681700 -0.120400
vn -0.721600 -0.681700 -0.120400
vn -0.721600 -0.681700 -0.120400
vn -0.721600 -0.689700 -0.060200
vn -0.721600 -0.689700 -0.060200
vn -0.721600 -0.689700 -0.060200
vn -0.721600 -0.689700 0.060200
vn -0.721600 -0.689700 0.060200
vn -0.721600 -0.689700 0.060200
vn -0.721600 -0.681700 0.120400
vn -0.721600 -0.681700 0.120400
vn -0.721600 -0.681700 0.120400
vn -0.721600 -0.650600 0.236600
vn -0.721600 -0.650600 0.236600
vn -0.721600 -0.650600 0.236600
vn -0.721600 -0.627400 0.292700
vn -0.721600 -0.627400 0.292700
vn -0.721600 -0.627400 0.292700
vn -0.718700 -0.586400 0.373800
vn -0.718700 -0.586400 0.373800
vn -0.718700 -0.586400 0.373800
vn -0.717700 -0.570300 0.399600
vn -0.717700 -0.570300 0.399600
vn -0.717700 -0.570300 0.399600
vn -0.718700 0.586400 0.373800
vn -0.718700 0.586400 0.373800
vn -0.718700 0.586400 0.373800
vn -0.717700 0.570300 0.399600
vn -0.717700 0.570300 0.399600
vn -0.717700 0.570300 0.399600
vn -0.721600 0.650600 0.236600
vn -0.721600 0.650600 0.236600
vn -0.721600 0.650600 0.236600
vn -0.721600 0.627400 0.292700
vn -0.721600 0.627400 0.292700
vn -0.721600 0.627400 0.292700
vn -0.721600 0.689700 0.060200
vn -0.721600 0.689700 0.060200
vn -0.721600 0.689700 0.060200
vn -0.721600 0.681700 0.120400
vn -0.721600 0.681700 0.120400
vn -0.721600 0.681700 0.120400
vn -0.721600 0.681700 -0.120400
vn -0.721600 0.681700 -0.120400
vn -0.721600 0.681700 -0.120400
vn -0.721600 0.689700 -0.060200
vn -0.721600 0.689700 -0.060200
vn -0.721600 0.689700 -0.060200
vn -0.721600 0.627400 -0.292700
vn -0.721600 0.627400 -0.292700
vn -0.721600 0.627400 -0.292700
vn -0.721600 0.650600 -0.236600
vn -0.721600 0.650600 -0.236600
vn -0.721600 0.650600 -0.236600
vn -0.721600 0.530200 -0.445100
vn -0.721600 0.530200 -0.445100
vn -0.721600 0.530200 -0.445100
vn -0.721600 0.567200 -0.396900
vn -0.721600 0.567200 -0.396900
vn -0.721600 0.567200 -0.396900
vn -0.721600 0.396900 -0.567200
vn -0.721600 0.396900 -0.567200
vn -0.721600 0.396900 -0.567200
vn -0.721600 0.445100 -0.530200
vn -0.721600 0.445100 -0.530200
vn -0.721600 0.445100 -0.530200
vn -0.721600 0.236600 -0.650600
vn -0.721600 0.236600 -0.650600
vn -0.721600 0.236600 -0.650600
vn -0.721600 0.292700 -0.627400
vn -0.721600 0.292700 -0.627400
vn -0.721600 0.292700 -0.627400
vn -0.717700 0.120700 -0.685900
vn -0.717700 0.120700 -0.685900
vn -0.717700 0.120700 -0.685900
vn -0.718700 0.150400 -0.678900
vn -0.718700 0.150400 -0.678900
vn -0.718700 0.150400 -0.678900
vn -0.718700 -0.150400 -0.678900
vn -0.718700 -0.150400 -0.678900
vn -0.718700 -0.150400 -0.678900
vn -0.717700 -0.120700 -0.685900
vn -0.717700 -0.120700 -0.685900
vn -0.717700 -0.120700 -0.685900
vn -0.721600 -0.292700 -0.627400
vn -0.721600 -0.292700 -0.627400
vn -0.721600 -0.292700 -0.627400
vn -0.721600 -0.236600 -0.650600
vn -0.721600 -0.236600 -0.650600
vn -0.721600 -0.236600 -0.650600
vn -0.721600 -0.445100 -0.530200
vn -0.721600 -0.445100 -0.530200
vn -0.721600 -0.445100 -0.530200
vn -0.721600 -0.396900 -0.567200
vn -0.721600 -0.396900 -0.567200
vn -0.721600 -0.396900 -0.567200
vn -0.721600 -0.530200 -0.445100
vn -0.721600 -0.530200 -0.445100
vn -0.721600 -0.530200 -0.445100
vn -0.721600 -0.567200 -0.396900
vn -0.721600 -0.567200 -0.396900
vn -0.721600 -0.567200 -0.396900
vn -0.721600 -0.627400 -0.292700
vn -0.721600 -0.627400 -0.292700
vn -0.721600 -0.627400 -0.292700
vn -0.721600 -0.650600 -0.236600
vn -0.721600 -0.650600 -0.236600
vn -0.721600 -0.650600 -0.236600
vn -0.721600 -0.681700 -0.120400
vn -0.721600 -0.681700 -0.120400
vn -0.721600 -0.681700 -0.120400
vn -0.721600 -0.689700 -0.060200
vn -0.721600 -0.689700 -0.060200
vn -0.721600 -0.689700 -0.060200
vn -1.000000 0.000000 0.000000
vn -1.000000 0.000000 0.000000
vn -1.000000 0.000000 0.000000
vn -1.000000 0.000000 0.000000
vn -1.000000 0.000000 0.000000
vn -1.000000 0.000000 0.000000
vn -1.000000 0.000000 0.000000
vn -1.000000 0.000000 0.000000
vn -1.000000 0.000000 0.000000
vn -1.000000 0.000000 0.000000
vn -1.000000 0.000000 0.000000
vn -1.000000 0.000000 0.000000
vn -1.000000 0.000000 0.000000
vn -1.000000 0.000000 0.000000
vn -1.000000 0.000000 0.000000
vn -1.000000 0.000000 0.000000
vn -1.000000 0.000000 0.000000
vn -1.000000 0.000000 0.000000
vn -1.000000 0.000000 0.000000
vn -1.000000 0.000000 0.000000
vn -1.000000 0.000000 0.000000
vn -1.000000 0.000000 0.000000
vn -1.000000 0.000000 0.000000
vn -1.000000 0.000000 0.000000
vn -1.000000 0.000000 0.000000
vn -1.000000 0.000000 0.000000
vn -1.000000 0.000000 0.000000
vn -1.000000 0.000000 0.000000
vn -1.000000 0.000000 0.000000
vn -1.000000 0.000000 0.000000
vn -1.000000 0.000000 0.000000
vn -1.000000 0.000000 0.000000
vn -1.000000 0.000000 0.000000
vn -1.000000 0.000000 0.000000
vn -1.000000 0.000000 0.000000
vn -1.000000 0.000000 0.000000
vn -0.721600 -0.689700 0.060200
vn -0.721600 -0.689700 0.060200
vn -0.721600 -0.689700 0.060200
vn -0.721600 -0.681700 0.120400
vn -0.721600 -0.681700 0.120400
vn -0.721600 -0.681700 0.120400
vn -0.721600 -0.650600 0.236600
vn -0.721600 -0.650600 0.236600
vn -0.721600 -0.650600 0.236600
vn -0.721600 -0.627400 0.292700
vn -0.721600 -0.627400 0.292700
vn -0.721600 -0.627400 0.292700
vn -0.718700 -0.586400 0.373800
vn -0.718700 -0.586400 0.373800
vn -0.718700 -0.586400 0.373800
vn -0.717700 -0.570300 0.399600
vn -0.717700 -0.570300 0.399600
vn -0.717700 -0.570300 0.399600
vn -0.641400 -0.767200 0.000000
vn -0.641400 -0.767200 0.000000
vn -0.641400 -0.767200 0.000000
vn -0.767200 -0.641400 0.000000
vn -0.767200 -0.641400 0.000000
vn -0.767200 -0.641400 0.000000
vn -0.767200 -0.641400 0.000000
vn -0.767200 -0.641400 0.000000
vn -0.767200 -0.641400 0.000000
vn -0.641400 -0.767200 0.000000
vn -0.641400 -0.767200 0.000000
vn -0.641400 -0.767200 0.000000
vn -0.767200 -0.641400 0.000000
vn -0.767200 -0.641400 0.000000
vn -0.767200 -0.641400 0.000000
vn -0.641400 -0.767200 0.000000
vn -0.641400 -0.767200 0.000000
vn -0.641400 -0.767200 0.000000
vn 0.641400 0.767200 0.000000
vn 0.641400 0.767200 0.000000
vn 0.641400 0.767200 0.000000
vn 0.767200 0.641400 0.000000
vn 0.767200 0.641400 0.000000
vn 0.767200 0.641400 0.000000
vn -0.717700 0.570300 0.399600
vn -0.717700 0.570300 0.399600
vn -0.717700 0.570300 0.399600
vn -0.718700 0.586400 0.373800
vn -0.718700 0.586400 0.373800
vn -0.718700 0.586400 0.373800
vn -0.721600 0.650600 0.236600
vn -0.721600 0.650600 0.236600
vn -0.721600 0.650600 0.236600
vn -0.721600 0.627400 0.292700
vn -0.721600 0.627400 0.292700
vn -0.721600 0.627400 0.292700
vn -0.721600 0.689700 0.060200
vn -0.721600 0.689700 0.060200
vn -0.721600 0.689700 0.060200
vn -0.721600 0.681700 0.120400
vn -0.721600 0.681700 0.120400
vn -0.721600 0.681700 0.120400
vn -0.641400 0.767200 0.000000
vn -0.641400 0.767200 0.000000
vn -0.641400 0.767200 0.000000
vn -0.767200 0.641400 0.000000
vn -0.767200 0.641400 0.000000
vn -0.767200 0.641400 0.000000
vn -0.641400 0.767200 0.000000
vn -0.641400 0.767200 0.000000
vn -0.641400 0.767200 0.000000
vn -0.767200 0.641400 0.000000
vn -0.767200 0.641400 0.000000
vn -0.767200 0.641400 0.000000
vn -0.641400 0.767200 0.000000
vn -0.641400 0.767200 0.000000
vn -0.641400 0.767200 0.000000
vn -0.767200 0.641400 0.000000
vn -0.767200 0.641400 0.000000
vn -0.767200 0.641400 0.000000
vn 0.767200 -0.641400 0.000000
vn 0.767200 -0.641400 0.000000
vn 0.767200 -0.641400 0.000000
vn 0.641400 -0.767200 0.000000
vn 0.641400 -0.767200 0.000000
vn 0.641400 -0.767200 0.000000
vn -0.721600 0.681700 -0.120400
vn -0.721600 0.681700 -0.120400
vn -0.721600 0.681700 -0.120400
vn -0.721600 0.689700 -0.060200
vn -0.721600 0.689700 -0.060200
vn -0.721600 0.689700 -0.060200
vn -0.721600 0.627400 -0.292700
vn -0.721600 0.627400 -0.292700
vn -0.721600 0.627400 -0.292700
vn -0.721600 0.650600 -0.236600
vn -0.721600 0.650600 -0.236600
vn -0.721600 0.650600 -0.236600
vn -0.721600 0.530200 -0.445100
vn -0.721600 0.530200 -0.445100
vn -0.721600 0.530200 -0.445100
vn -0.721600 0.567200 -0.396900
vn -0.721600 0.567200 -0.396900
vn -0.721600 0.567200 -0.396900
vn -0.721600 0.396900 -0.567200
vn -0.721600 0.396900 -0.567200
vn -0.721600 0.396900 -0.567200
vn -0.721600 0.445100 -0.530200
vn -0.721600 0.445100 -0.530200
vn -0.721600 0.445100 -0.530200
vn -0.721600 0.236600 -0.650600
vn -0.721600 0.236600 -0.650600
vn -0.721600 0.236600 -0.650600
vn -0.721600 0.292700 -0.627400
vn -0.721600 0.292700 -0.627400
vn -0.721600 0.292700 -0.627400
vn -0.717700 0.120700 -0.685900
vn -0.717700 0.120700 -0.685900
vn -0.717700 0.120700 -0.685900
vn -0.718700 0.150400 -0.678900
vn -0.718700 0.150400 -0.678900
vn -0.718700 0.150400 -0.678900
vn -0.718700 -0.150400 -0.678900
vn -0.718700 -0.150400 -0.678900
vn -0.718700 -0.150400 -0.678900
vn -0.717700 -0.120700 -0.685900
vn -0.717700 -0.120700 -0.685900
vn -0.717700 -0.120700 -0.685900
vn -0.721600 -0.292700 -0.627400
vn -0.721600 -0.292700 -0.627400
vn -0.721600 -0.292700 -0.627400
vn -0.721600 -0.236600 -0.650600
vn -0.721600 -0.236600 -0.650600
vn -0.721600 -0.236600 -0.650600
vn -0.721600 -0.445100 -0.530200
vn -0.721600 -0.445100 -0.530200
vn -0.721600 -0.445100 -0.530200
vn -0.721600 -0.396900 -0.567200
vn -0.721600 -0.396900 -0.567200
vn -0.721600 -0.396900 -0.567200
vn -0.721600 -0.530200 -0.445100
vn -0.721600 -0.530200 -0.445100
vn -0.721600 -0.530200 -0.445100
vn -0.721600 -0.567200 -0.396900
vn -0.721600 -0.567200 -0.396900
vn -0.721600 -0.567200 -0.396900
vn -0.721600 -0.627400 -0.292700
vn -0.721600 -0.627400 -0.292700
vn -0.721600 -0.627400 -0.292700
vn -0.721600 -0.650600 -0.236600
vn -0.721600 -0.650600 -0.236600
vn -0.721600 -0.650600 -0.236600
vn -0.721600 -0.681700 -0.120400
vn -0.721600 -0.681700 -0.120400
vn -0.721600 -0.681700 -0.120400
vn -0.721600 -0.689700 -0.060200
vn -0.721600 -0.689700 -0.060200
vn -0.721600 -0.689700 -0.060200
vn 1.000000 0.000000 0.000000
vn 1.000000 0.000000 0.000000
vn 1.000000 0.000000 0.000000
vn 1.000000 0.000000 0.000000
vn 1.000000 0.000000 0.000000
vn 1.000000 0.000000 0.000000
vn 1.000000 0.000000 0.000000
vn 1.000000 0.000000 0.000000
vn 1.000000 0.000000 0.000000
vn 1.000000 0.000000 0.000000
vn 1.000000 0.000000 0.000000
vn 1.000000 0.000000 0.000000
vn 1.000000 0.000000 0.000000
vn 1.000000 0.000000 0.000000
vn 1.000000 0.000000 0.000000
vn 1.000000 0.000000 0.000000
vn 1.000000 0.000000 0.000000
vn 1.000000 0.000000 0.000000
vn 1.000000 0.000000 0.000000
vn 1.000000 0.000000 0.000000
vn 1.000000 0.000000 0.000000
vn 1.000000 0.000000 0.000000
vn 1.000000 0.000000 0.000000
vn 1.000000 0.000000 0.000000
vn 1.000000 0.000000 0.000000
vn 1.000000 0.000000 0.000000
vn 1.000000 0.000000 0.000000
vn 1.000000 0.000000 0.000000
vn 1.000000 0.000000 0.000000
vn 1.000000 0.000000 0.000000
vn 0.000000 -0.985100 0.171900
vn 0.000000 -0.985100 0.171900
vn 0.000000 -0.985100 0.171900
vn 0.000000 -0.939100 0.343700
vn 0.000000 -0.939100 0.343700
vn 0.000000 -0.939100 0.343700
vn 0.000000 -0.767200 -0.641400
vn 0.000000 -0.767200 -0.641400
vn 0.000000 -0.767200 -0.641400
vn 0.000000 -0.641400 -0.767200
vn 0.000000 -0.641400 -0.767200
vn 0.000000 -0.641400 -0.767200
vn 0.000000 -0.996000 -0.089000
vn 0.000000 -0.996000 -0.089000
vn 0.000000 -0.996000 -0.089000
vn 0.000000 -0.984400 -0.175800
vn 0.000000 -0.984400 -0.175800
vn 0.000000 -0.984400 -0.175800
vn 0.000000 -0.965900 -0.258800
vn 0.000000 -0.965900 -0.258800
vn 0.000000 -0.965900 -0.258800
vn 0.000000 -0.939100 -0.343700
vn 0.000000 -0.939100 -0.343700
vn 0.000000 -0.939100 -0.343700
vn 1.000000 0.000000 0.000000
vn 1.000000 0.000000 0.000000
vn 1.000000 0.000000 0.000000
vn 1.000000 0.000000 0.000000
vn 1.000000 0.000000 0.000000
vn 1.000000 0.000000 0.000000
vn 1.000000 0.000000 0.000000
vn 1.000000 0.000000 0.000000
vn 1.000000 0.000000 0.000000
vn 1.000000 0.000000 0.000000
vn 1.000000 0.000000 0.000000
vn 1.000000 0.000000 0.000000
vn 1.000000 0.000000 0.000000
vn 1.000000 0.000000 0.000000
vn 1.000000 0.000000 0.000000
vn 1.000000 0.000000 0.000000
vn 1.000000 0.000000 0.000000
vn 1.000000 0.000000 0.000000
vn 1.000000 0.000000 0.000000
vn 1.000000 0.000000 0.000000
vn 1.000000 0.000000 0.000000
vn 1.000000 0.000000 0.000000
vn 1.000000 0.000000 0.000000
vn 1.000000 0.000000 0.000000
vn 1.000000 0.000000 0.000000
vn 1.000000 0.000000 0.000000
vn 1.000000 0.000000 0.000000
vn 1.000000 0.000000 0.000000
vn 1.000000 0.000000 0.000000
vn 1.000000 0.000000 0.000000
vn 0.000000 0.641400 -0.767200
vn 0.000000 0.641400 -0.767200
vn 0.000000 0.641400 -0.767200
vn 0.000000 0.767200 -0.641400
vn 0.000000 0.767200 -0.641400
vn 0.000000 0.767200 -0.641400
vn 0.000000 0.339900 -0.940500
vn 0.000000 0.339900 -0.940500
vn 0.000000 0.339900 -0.940500
vn 0.000000 0.421000 -0.907100
vn 0.000000 0.421000 -0.907100
vn 0.000000 0.421000 -0.907100
vn 0.000000 -0.339900 -0.940500
vn 0.000000 -0.339900 -0.940500
vn 0.000000 -0.339900 -0.940500
vn 0.000000 -0.421000 -0.907100
vn 0.000000 -0.421000 -0.907100
vn 0.000000 -0.421000 -0.907100
vn 0.000000 -0.818100 0.575100
vn 0.000000 -0.818100 0.575100
vn 0.000000 -0.818100 0.575100
vn 0.000000 -0.764600 0.644500
vn 0.000000 -0.764600 0.644500
vn 0.000000 -0.764600 0.644500
vn 0.000000 -0.764600 0.644500
vn 0.000000 -0.764600 0.644500
vn 0.000000 -0.764600 0.644500
vn 0.000000 0.985100 0.171900
vn 0.000000 0.985100 0.171900
vn 0.000000 0.985100 0.171900
vn 0.000000 0.939100 0.343700
vn 0.000000 0.939100 0.343700
vn 0.000000 0.939100 0.343700
vn 0.000000 0.984400 -0.175800
vn 0.000000 0.984400 -0.175800
vn 0.000000 0.984400 -0.175800
vn 0.000000 0.996000 -0.089000
vn 0.000000 0.996000 -0.089000
vn 0.000000 0.996000 -0.089000
vn 0.000000 0.965900 -0.258800
vn 0.000000 0.965900 -0.258800
vn 0.000000 0.965900 -0.258800
vn 0.000000 0.907100 -0.421000
vn 0.000000 0.907100 -0.421000
vn 0.000000 0.907100 -0.421000
vn 0.000000 0.818100 0.575100
vn 0.000000 0.818100 0.575100
vn 0.000000 0.818100 0.575100
vn 0.000000 0.764600 0.644500
vn 0.000000 0.764600 0.644500
vn 0.000000 0.764600 0.644500
vn 0.000000 0.764600 0.644500
vn 0.000000 0.764600 0.644500
vn 0.000000 0.764600 0.644500
vn 0.000000 0.000000 -1.000000
vn 0.000000 0.000000 -1.000000
vn 0.000000 0.000000 -1.000000
vn 0.000000 0.000000 -1.000000
vn 0.000000 0.000000 -1.000000
vn 0.000000 0.000000 -1.000000
vn 0.000000 0.000000 -1.000000
vn 0.000000 0.000000 -1.000000
vn 0.000000 0.000000 -1.000000
vn 0.000000 0.000000 -1.000000
vn 0.000000 0.000000 -1.000000
vn 0.000000 0.000000 -1.000000
vn 0.000000 0.000000 -1.000000
vn 0.000000 0.000000 -1.000000
vn 0.000000 0.000000 -1.000000
vn 0.000000 0.000000 -1.000000
vn 0.000000 0.000000 -1.000000
vn 0.000000 0.000000 -1.000000
vn 0.000000 0.000000 -1.000000
vn 0.000000 0.000000 -1.000000
vn 0.000000 0.000000 -1.000000
vn 0.000000 0.000000 -1.000000
vn 0.000000 0.000000 -1.000000
vn 0.000000 0.000000 -1.000000
vn 0.000000 0.000000 -1.000000
vn 0.000000 0.000000 -1.000000
vn 0.000000 0.000000 -1.000000
vn 0.000000 0.000000 -1.000000
vn 0.000000 0.000000 -1.000000
vn 0.000000 0.000000 -1.000000
vn 0.000000 0.000000 -1.000000
vn 0.000000 0.000000 -1.000000
vn 0.000000 0.000000 -1.000000
vn 0.000000 0.000000 -1.000000
vn 0.000000 0.000000 -1.000000
vn 0.000000 0.000000 -1.000000
vn 0.000000 0.000000 -1.000000
vn 0.000000 0.000000 -1.000000
vn 0.000000 0.000000 -1.000000
vn 0.000000 0.000000 -1.000000
vn 0.000000 0.000000 -1.000000
vn 0.000000 0.000000 -1.000000
vn 0.000000 0.000000 -1.000000
vn 0.000000 0.000000 -1.000000
vn 0.000000 0.000000 -1.000000
vn 0.000000 0.000000 -1.000000
vn 0.000000 0.000000 -1.000000
vn 0.000000 0.000000 -1.000000
vn 0.000000 0.000000 -1.000000
vn 0.000000 0.000000 -1.000000
vn 0.000000 0.000000 -1.000000
vn 0.000000 0.000000 -1.000000
vn 0.000000 0.000000 -1.000000
vn 0.000000 0.000000 -1.000000
vn 0.000000 0.000000 -1.000000
vn 0.000000 0.000000 -1.000000
vn 0.000000 0.000000 -1.000000
vn 0.000000 0.000000 -1.000000
vn 0.000000 0.000000 -1.000000
vn 0.000000 0.000000 -1.000000
vn 0.000000 0.000000 -1.000000
vn 0.000000 0.000000 -1.000000
vn 0.000000 0.000000 -1.000000
vn 0.000000 0.000000 -1.000000
vn 0.000000 0.000000 -1.000000
vn 0.000000 0.000000 -1.000000
vn 0.000000 0.000000 -1.000000
vn 0.000000 0.000000 -1.000000
vn 0.000000 0.000000 -1.000000
vn 0.000000 0.000000 -1.000000
vn 0.000000 0.000000 -1.000000
vn 0.000000 0.000000 -1.000000
vn -0.985100 -0.171900 0.000000
vn -0.985100 -0.171900 0.000000
vn -0.985100 -0.171900 0.000000
vn -0.939100 -0.343700 0.000000
vn -0.939100 -0.343700 0.000000
vn -0.939100 -0.343700 0.000000
vn -0.939100 0.343700 0.000000
vn -0.939100 0.343700 0.000000
vn -0.939100 0.343700 0.000000
vn -0.985100 0.171900 0.000000
vn -0.985100 0.171900 0.000000
vn -0.985100 0.171900 0.000000
vn 0.000000 0.000000 1.000000
vn 0.000000 0.000000 1.000000
vn 0.000000 0.000000 1.000000
vn 0.000000 0.000000 1.000000
vn 0.000000 0.000000 1.000000
vn 0.000000 0.000000 1.000000
vn 0.000000 0.000000 1.000000
vn 0.000000 0.000000 1.000000
vn 0.000000 0.000000 1.000000
vn 0.000000 0.000000 1.000000
vn 0.000000 0.000000 1.000000
vn 0.000000 0.000000 1.000000
vn 0.000000 0.000000 1.000000
vn 0.000000 0.000000 1.000000
vn 0.000000 0.000000 1.000000
vn 0.000000 0.000000 1.000000
vn 0.000000 0.000000 1.000000
vn 0.000000 0.000000 1.000000
vn 0.000000 0.000000 1.000000
vn 0.000000 0.000000 1.000000
vn 0.000000 0.000000 1.000000
vn 0.000000 0.000000 1.000000
vn 0.000000 0.000000 1.000000
vn 0.000000 0.000000 1.000000
vn 0.000000 0.000000 1.000000
vn 0.000000 0.000000 1.000000
vn 0.000000 0.000000 1.000000
vn 0.000000 0.000000 1.000000
vn 0.000000 0.000000 1.000000
vn 0.000000 0.000000 1.000000
vn 0.000000 0.000000 1.000000
vn 0.000000 0.000000 1.000000
vn 0.000000 0.000000 1.000000
vn 0.000000 0.000000 1.000000
vn 0.000000 0.000000 1.000000
vn 0.000000 0.000000 1.000000
vn 0.000000 0.000000 1.000000
vn 0.000000 0.000000 1.000000
vn 0.000000 0.000000 1.000000
vn 0.000000 0.000000 1.000000
vn 0.000000 0.000000 1.000000
vn 0.000000 0.000000 1.000000
vn 0.000000 0.000000 1.000000
vn 0.000000 0.000000 1.000000
vn 0.000000 0.000000 1.000000
vn 0.000000 0.000000 1.000000
vn 0.000000 0.000000 1.000000
vn 0.000000 0.000000 1.000000
vn 0.000000 0.000000 1.000000
vn 0.000000 0.000000 1.000000
vn 0.000000 0.000000 1.000000
vn 0.000000 0.000000 1.000000
vn 0.000000 0.000000 1.000000
vn 0.000000 0.000000 1.000000
vn 0.000000 0.000000 1.000000
vn 0.000000 0.000000 1.000000
vn 0.000000 0.000000 1.000000
vn 0.000000 0.000000 1.000000
vn 0.000000 0.000000 1.000000
vn 0.000000 0.000000 1.000000
vn 0.000000 0.000000 1.000000
vn 0.000000 0.000000 1.000000
vn 0.000000 0.000000 1.000000
vn 0.000000 0.000000 1.000000
vn 0.000000 0.000000 1.000000
vn 0.000000 0.000000 1.000000
vn 0.000000 0.000000 1.000000
vn 0.000000 0.000000 1.000000
vn 0.000000 0.000000 1.000000
vn 0.000000 0.000000 1.000000
vn 0.000000 0.000000 1.000000
vn 0.000000 0.000000 1.000000
vn 0.000000 0.000000 -1.000000
vn 0.000000 0.000000 -1.000000
vn 0.000000 0.000000 -1.000000
vn 0.000000 0.000000 -1.000000
vn 0.000000 0.000000 -1.000000
vn 0.000000 0.000000 -1.000000
vn 0.000000 0.000000 -1.000000
vn 0.000000 0.000000 -1.000000
vn 0.000000 0.000000 -1.000000
vn 0.000000 0.000000 -1.000000
vn 0.000000 0.000000 -1.000000
vn 0.000000 0.000000 -1.000000
vn 0.000000 0.000000 -1.000000
vn 0.000000 0.000000 -1.000000
vn 0.000000 0.000000 -1.000000
vn 0.000000 0.000000 -1.000000
vn 0.000000 0.000000 -1.000000
vn 0.000000 0.000000 -1.000000
vn 0.000000 0.000000 -1.000000
vn 0.000000 0.000000 -1.000000
vn 0.000000 0.000000 -1.000000
vn 0.000000 0.000000 -1.000000
vn 0.000000 0.000000 -1.000000
vn 0.000000 0.000000 -1.000000
vn 0.000000 0.000000 -1.000000
vn 0.000000 0.000000 -1.000000
vn 0.000000 0.000000 -1.000000
vn 0.000000 0.000000 -1.000000
vn 0.000000 0.000000 -1.000000
vn 0.000000 0.000000 -1.000000
vn 0.000000 0.000000 -1.000000
vn 0.000000 0.000000 -1.000000
vn 0.000000 0.000000 -1.000000
vn 0.000000 0.000000 -1.000000
vn 0.000000 0.000000 -1.000000
vn 0.000000 0.000000 -1.000000
vn 0.000000 0.000000 -1.000000
vn 0.000000 0.000000 -1.000000
vn 0.000000 0.000000 -1.000000
vn 0.000000 0.000000 -1.000000
vn 0.000000 0.000000 -1.000000
vn 0.000000 0.000000 -1.000000
vn 0.000000 0.000000 -1.000000
vn 0.000000 0.000000 -1.000000
vn 0.000000 0.000000 -1.000000
vn 0.000000 0.000000 -1.000000
vn 0.000000 0.000000 -1.000000
vn 0.000000 0.000000 -1.000000
vn 0.000000 0.000000 -1.000000
vn 0.000000 0.000000 -1.000000
vn 0.000000 0.000000 -1.000000
vn 0.000000 0.000000 -1.000000
vn 0.000000 0.000000 -1.000000
vn 0.000000 0.000000 -1.000000
vn 0.000000 0.000000 -1.000000
vn 0.000000 0.000000 -1.000000
vn 0.000000 0.000000 -1.000000
vn 0.000000 0.000000 -1.000000
vn 0.000000 0.000000 -1.000000
vn 0.000000 0.000000 -1.000000
vn 0.000000 0.000000 -1.000000
vn 0.000000 0.000000 -1.000000
vn 0.000000 0.000000 -1.000000
vn 0.000000 0.000000 -1.000000
vn 0.000000 0.000000 -1.000000
vn 0.000000 0.000000 -1.000000
vn 0.000000 0.000000 -1.000000
vn 0.000000 0.000000 -1.000000
vn 0.000000 0.000000 -1.000000
vn 0.000000 0.000000 -1.000000
vn 0.000000 0.000000 -1.000000
vn 0.000000 0.000000 -1.000000
vn -0.985100 -0.171900 0.000000
vn -0.985100 -0.171900 0.000000
vn -0.985100 -0.171900 0.000000
vn -0.939100 -0.343700 0.000000
vn -0.939100 -0.343700 0.000000
vn -0.939100 -0.343700 0.000000
vn -0.985100 0.171900 0.000000
vn -0.985100 0.171900 0.000000
vn -0.985100 0.171900 0.000000
vn -0.939100 0.343700 0.000000
vn -0.939100 0.343700 0.000000
vn -0.939100 0.343700 0.000000
vn 0.939100 -0.343700 0.000000
vn 0.939100 -0.343700 0.000000
vn 0.939100 -0.343700 0.000000
vn 0.985100 -0.171900 0.000000
vn 0.985100 -0.171900 0.000000
vn 0.985100 -0.171900 0.000000
vn 0.985100 0.171900 0.000000
vn 0.985100 0.171900 0.000000
vn 0.985100 0.171900 0.000000
vn 0.939100 0.343700 0.000000
vn 0.939100 0.343700 0.000000
vn 0.939100 0.343700 0.000000
vn -1.000000 0.000000 0.000000
vn -1.000000 0.000000 0.000000
vn -1.000000 0.000000 0.000000
vn -1.000000 0.000000 0.000000
vn -1.000000 0.000000 0.000000
vn -1.000000 0.000000 0.000000
vn -1.000000 0.000000 0.000000
vn -1.000000 0.000000 0.000000
vn -1.000000 0.000000 0.000000
vn -1.000000 0.000000 0.000000
vn -1.000000 0.000000 0.000000
vn -1.000000 0.000000 0.000000
vn -1.000000 0.000000 0.000000
vn -1.000000 0.000000 0.000000
vn -1.000000 0.000000 0.000000
vn -1.000000 0.000000 0.000000
vn -1.000000 0.000000 0.000000
vn -1.000000 0.000000 0.000000
vn -1.000000 0.000000 0.000000
vn -1.000000 0.000000 0.000000
vn -1.000000 0.000000 0.000000
vn -1.000000 0.000000 0.000000
vn -1.000000 0.000000 0.000000
vn -1.000000 0.000000 0.000000
vn -1.000000 0.000000 0.000000
vn -1.000000 0.000000 0.000000
vn -1.000000 0.000000 0.000000
vn -1.000000 0.000000 0.000000
vn -1.000000 0.000000 0.000000
vn -1.000000 0.000000 0.000000
vn 0.000000 -0.996200 0.086900
vn 0.000000 -0.996200 0.086900
vn 0.000000 -0.996200 0.086900
vn 0.000000 -0.984800 0.173900
vn 0.000000 -0.984800 0.173900
vn 0.000000 -0.984800 0.173900
vn 0.000000 -0.939800 -0.341800
vn 0.000000 -0.939800 -0.341800
vn 0.000000 -0.939800 -0.341800
vn 0.000000 -0.906200 -0.422800
vn 0.000000 -0.906200 -0.422800
vn 0.000000 -0.906200 -0.422800
vn 0.000000 -0.984800 -0.173900
vn 0.000000 -0.984800 -0.173900
vn 0.000000 -0.984800 -0.173900
vn 0.000000 -0.996200 -0.086900
vn 0.000000 -0.996200 -0.086900
vn 0.000000 -0.996200 -0.086900
vn 0.000000 0.000000 -1.000000
vn 0.000000 0.000000 -1.000000
vn 0.000000 0.000000 -1.000000
vn 0.000000 0.000000 -1.000000
vn 0.000000 0.000000 -1.000000
vn 0.000000 0.000000 -1.000000
vn 0.000000 -0.819000 -0.573800
vn 0.000000 -0.819000 -0.573800
vn 0.000000 -0.819000 -0.573800
vn 0.000000 -0.843300 -0.537500
vn 0.000000 -0.843300 -0.537500
vn 0.000000 -0.843300 -0.537500
vn 0.000000 0.906200 -0.422800
vn 0.000000 0.906200 -0.422800
vn 0.000000 0.906200 -0.422800
vn 0.000000 0.939800 -0.341800
vn 0.000000 0.939800 -0.341800
vn 0.000000 0.939800 -0.341800
vn 0.000000 0.843300 -0.537500
vn 0.000000 0.843300 -0.537500
vn 0.000000 0.843300 -0.537500
vn 0.000000 0.819000 -0.573800
vn 0.000000 0.819000 -0.573800
vn 0.000000 0.819000 -0.573800
vn 0.000000 1.000000 0.000000
vn 0.000000 1.000000 0.000000
vn 0.000000 1.000000 0.000000
vn 0.000000 1.000000 0.000000
vn 0.000000 1.000000 0.000000
vn 0.000000 1.000000 0.000000
vn 0.000000 1.000000 0.000000
vn 0.000000 1.000000 0.000000
vn 0.000000 1.000000 0.000000
vn 0.000000 1.000000 0.000000
vn 0.000000 1.000000 0.000000
vn 0.000000 1.000000 0.000000
vn 0.000000 1.000000 0.000000
vn 0.000000 1.000000 0.000000
vn 0.000000 1.000000 0.000000
vn 0.000000 1.000000 0.000000
vn 0.000000 1.000000 0.000000
vn 0.000000 1.000000 0.000000
vn 0.000000 1.000000 0.000000
vn 0.000000 1.000000 0.000000
vn 0.000000 1.000000 0.000000
vn 0.000000 1.000000 0.000000
vn 0.000000 1.000000 0.000000
vn 0.000000 1.000000 0.000000
vn 0.000000 1.000000 0.000000
vn 0.000000 1.000000 0.000000
vn 0.000000 1.000000 0.000000
vn 0.000000 -0.939800 0.341800
vn 0.000000 -0.939800 0.341800
vn 0.000000 -0.939800 0.341800
vn 0.000000 -0.906200 0.422800
vn 0.000000 -0.906200 0.422800
vn 0.000000 -0.906200 0.422800
vn 0.000000 0.984800 0.173900
vn 0.000000 0.984800 0.173900
vn 0.000000 0.984800 0.173900
vn 0.000000 0.996200 0.086900
vn 0.000000 0.996200 0.086900
vn 0.000000 0.996200 0.086900
vn 0.000000 0.996200 -0.086900
vn 0.000000 0.996200 -0.086900
vn 0.000000 0.996200 -0.086900
vn 0.000000 0.984800 -0.173900
vn 0.000000 0.984800 -0.173900
vn 0.000000 0.984800 -0.173900
vn 0.000000 0.573400 0.819300
vn 0.000000 0.573400 0.819300
vn 0.000000 0.573400 0.819300
vn 0.000000 0.643000 0.765900
vn 0.000000 0.643000 0.765900
vn 0.000000 0.643000 0.765900
vn 0.000000 0.765900 0.643000
vn 0.000000 0.765900 0.643000
vn 0.000000 0.765900 0.643000
vn 0.000000 0.819300 0.573400
vn 0.000000 0.819300 0.573400
vn 0.000000 0.819300 0.573400
vn 0.000000 0.906200 0.422800
vn 0.000000 0.906200 0.422800
vn 0.000000 0.906200 0.422800
vn 0.000000 0.939800 0.341800
vn 0.000000 0.939800 0.341800
vn 0.000000 0.939800 0.341800
vn 0.000000 -0.819300 0.573400
vn 0.000000 -0.819300 0.573400
vn 0.000000 -0.819300 0.573400
vn 0.000000 -0.765900 0.643000
vn 0.000000 -0.765900 0.643000
vn 0.000000 -0.765900 0.643000
vn 0.000000 0.422400 0.906400
vn 0.000000 0.422400 0.906400
vn 0.000000 0.422400 0.906400
vn 0.000000 0.461600 0.887100
vn 0.000000 0.461600 0.887100
vn 0.000000 0.461600 0.887100
vn -0.644500 0.764600 0.000000
vn -0.644500 0.764600 0.000000
vn -0.644500 0.764600 0.000000
vn -0.644500 0.764600 0.000000
vn -0.644500 0.764600 0.000000
vn -0.644500 0.764600 0.000000
vn -0.707100 0.707100 0.000000
vn -0.707100 0.707100 0.000000
vn -0.707100 0.707100 0.000000
vn -0.764600 0.644500 0.000000
vn -0.764600 0.644500 0.000000
vn -0.764600 0.644500 0.000000
vn -0.575100 0.818100 0.000000
vn -0.575100 0.818100 0.000000
vn -0.575100 0.818100 0.000000
vn -0.644500 0.764600 0.000000
vn -0.644500 0.764600 0.000000
vn -0.644500 0.764600 0.000000
vn -0.644500 0.764600 0.000000
vn -0.644500 0.764600 0.000000
vn -0.644500 0.764600 0.000000
vn -0.767200 0.641400 0.000000
vn -0.767200 0.641400 0.000000
vn -0.767200 0.641400 0.000000
vn 0.000000 -0.643000 0.765900
vn 0.000000 -0.643000 0.765900
vn 0.000000 -0.643000 0.765900
vn 0.000000 -0.573400 0.819300
vn 0.000000 -0.573400 0.819300
vn 0.000000 -0.573400 0.819300
vn 0.000000 -0.461600 0.887100
vn 0.000000 -0.461600 0.887100
vn 0.000000 -0.461600 0.887100
vn 0.000000 -0.422400 0.906400
vn 0.000000 -0.422400 0.906400
vn 0.000000 -0.422400 0.906400
vn -0.764600 -0.644500 0.000000
vn -0.764600 -0.644500 0.000000
vn -0.764600 -0.644500 0.000000
vn -0.764600 -0.644500 0.000000
vn -0.764600 -0.644500 0.000000
vn -0.764600 -0.644500 0.000000
vn -0.707100 -0.707100 0.000000
vn -0.707100 -0.707100 0.000000
vn -0.707100 -0.707100 0.000000
vn -0.644500 -0.764600 0.000000
vn -0.644500 -0.764600 0.000000
vn -0.644500 -0.764600 0.000000
vn -0.818100 -0.575100 0.000000
vn -0.818100 -0.575100 0.000000
vn -0.818100 -0.575100 0.000000
vn -0.764600 -0.644500 0.000000
vn -0.764600 -0.644500 0.000000
vn -0.764600 -0.644500 0.000000
vn -0.764600 -0.644500 0.000000
vn -0.764600 -0.644500 0.000000
vn -0.764600 -0.644500 0.000000
vn -0.641400 -0.767200 0.000000
vn -0.641400 -0.767200 0.000000
vn -0.641400 -0.767200 0.000000
vn 0.000000 0.000000 1.000000
vn 0.000000 0.000000 1.000000
vn 0.000000 0.000000 1.000000
vn 0.000000 0.000000 1.000000
vn 0.000000 0.000000 1.000000
vn 0.000000 0.000000 1.000000
vn 0.000000 0.000000 1.000000
vn 0.000000 0.000000 1.000000
vn 0.000000 0.000000 1.000000
vn 0.000000 0.000000 1.000000
vn 0.000000 0.000000 1.000000
vn 0.000000 0.000000 1.000000
vn 0.000000 0.000000 1.000000
vn 0.000000 0.000000 1.000000
vn 0.000000 0.000000 1.000000
vn 0.000000 0.000000 1.000000
vn 0.000000 0.000000 1.000000
vn 0.000000 0.000000 1.000000
vn 0.000000 0.000000 1.000000
vn 0.000000 0.000000 1.000000
vn 0.000000 0.000000 1.000000
vn 0.000000 0.000000 1.000000
vn 0.000000 0.000000 1.000000
vn 0.000000 0.000000 1.000000
vn 0.000000 0.000000 1.000000
vn 0.000000 0.000000 1.000000
vn 0.000000 0.000000 1.000000
vn 0.000000 0.000000 1.000000
vn 0.000000 0.000000 1.000000
vn 0.000000 0.000000 1.000000
vn 0.000000 0.000000 1.000000
vn 0.000000 0.000000 1.000000
vn 0.000000 0.000000 1.000000
vn 0.000000 0.000000 1.000000
vn 0.000000 0.000000 1.000000
vn 0.000000 0.000000 1.000000
vn 0.000000 0.000000 1.000000
vn 0.000000 0.000000 1.000000
vn 0.000000 0.000000 1.000000
vn 0.000000 0.000000 1.000000
vn 0.000000 0.000000 1.000000
vn 0.000000 0.000000 1.000000
vn 0.000000 0.000000 1.000000
vn 0.000000 0.000000 1.000000
vn 0.000000 0.000000 1.000000
vn 0.000000 0.000000 1.000000
vn 0.000000 0.000000 1.000000
vn 0.000000 0.000000 1.000000
vn 0.000000 0.000000 1.000000
vn 0.000000 0.000000 1.000000
vn 0.000000 0.000000 1.000000
vn 0.000000 0.000000 1.000000
vn 0.000000 0.000000 1.000000
vn 0.000000 0.000000 1.000000
vn 0.000000 0.000000 1.000000
vn 0.000000 0.000000 1.000000
vn 0.000000 0.000000 1.000000
vn 0.000000 0.000000 1.000000
vn 0.000000 0.000000 1.000000
vn 0.000000 0.000000 1.000000
vn 0.000000 0.000000 1.000000
vn 0.000000 0.000000 1.000000
vn 0.000000 0.000000 1.000000
vn 0.000000 0.000000 1.000000
vn 0.000000 0.000000 1.000000
vn 0.000000 0.000000 1.000000
vn 0.000000 0.000000 1.000000
vn 0.000000 0.000000 1.000000
vn 0.000000 0.000000 1.000000
vn 0.000000 0.000000 1.000000
vn 0.000000 0.000000 1.000000
vn 0.000000 0.000000 1.000000
vn 0.000000 0.000000 -1.000000
vn 0.000000 0.000000 -1.000000
vn 0.000000 0.000000 -1.000000
vn 0.000000 0.000000 -1.000000
vn 0.000000 0.000000 -1.000000
vn 0.000000 0.000000 -1.000000
vn 0.000000 0.000000 -1.000000
vn 0.000000 0.000000 -1.000000
vn 0.000000 0.000000 -1.000000
vn 0.000000 0.000000 -1.000000
vn 0.000000 0.000000 -1.000000
vn 0.000000 0.000000 -1.000000
vn 0.000000 0.000000 -1.000000
vn 0.000000 0.000000 -1.000000
vn 0.000000 0.000000 -1.000000
vn 0.000000 0.000000 -1.000000
vn 0.000000 0.000000 -1.000000
vn 0.000000 0.000000 -1.000000
vn 0.000000 0.000000 -1.000000
vn 0.000000 0.000000 -1.000000
vn 0.000000 0.000000 -1.000000
vn 0.000000 0.000000 -1.000000
vn 0.000000 0.000000 -1.000000
vn 0.000000 0.000000 -1.000000
vn 0.000000 0.000000 -1.000000
vn 0.000000 0.000000 -1.000000
vn 0.000000 0.000000 -1.000000
vn 0.000000 0.000000 -1.000000
vn 0.000000 0.000000 -1.000000
vn 0.000000 0.000000 -1.000000
vn 0.000000 0.000000 -1.000000
vn 0.000000 0.000000 -1.000000
vn 0.000000 0.000000 -1.000000
vn 0.000000 0.000000 -1.000000
vn 0.000000 0.000000 -1.000000
vn 0.000000 0.000000 -1.000000
vn 0.000000 0.000000 -1.000000
vn 0.000000 0.000000 -1.000000
vn 0.000000 0.000000 -1.000000
vn 0.000000 0.000000 -1.000000
vn 0.000000 0.000000 -1.000000
vn 0.000000 0.000000 -1.000000
vn 0.000000 0.000000 -1.000000
vn 0.000000 0.000000 -1.000000
vn 0.000000 0.000000 -1.000000
vn 0.000000 0.000000 -1.000000
vn 0.000000 0.000000 -1.000000
vn 0.000000 0.000000 -1.000000
vn 0.000000 0.000000 -1.000000
vn 0.000000 0.000000 -1.000000
vn 0.000000 0.000000 -1.000000
vn 0.000000 0.000000 -1.000000
vn 0.000000 0.000000 -1.000000
vn 0.000000 0.000000 -1.000000
vn 0.000000 0.000000 -1.000000
vn 0.000000 0.000000 -1.000000
vn 0.000000 0.000000 -1.000000
vn 0.000000 0.000000 -1.000000
vn 0.000000 0.000000 -1.000000
vn 0.000000 0.000000 -1.000000
vn 0.000000 0.000000 -1.000000
vn 0.000000 0.000000 -1.000000
vn 0.000000 0.000000 -1.000000
vn 0.000000 0.000000 -1.000000
vn 0.000000 0.000000 -1.000000
vn 0.000000 0.000000 -1.000000
vn 0.000000 0.000000 -1.000000
vn 0.000000 0.000000 -1.000000
vn 0.000000 0.000000 -1.000000
vn 0.000000 0.000000 -1.000000
vn 0.000000 0.000000 -1.000000
vn 0.000000 0.000000 -1.000000
vn 0.000000 0.000000 1.000000
vn 0.000000 0.000000 1.000000
vn 0.000000 0.000000 1.000000
vn 0.000000 0.000000 1.000000
vn 0.000000 0.000000 1.000000
vn 0.000000 0.000000 1.000000
vn 0.000000 0.000000 1.000000
vn 0.000000 0.000000 1.000000
vn 0.000000 0.000000 1.000000
vn 0.000000 0.000000 1.000000
vn 0.000000 0.000000 1.000000
vn 0.000000 0.000000 1.000000
vn 0.000000 0.000000 1.000000
vn 0.000000 0.000000 1.000000
vn 0.000000 0.000000 1.000000
vn 0.000000 0.000000 1.000000
vn 0.000000 0.000000 1.000000
vn 0.000000 0.000000 1.000000
vn 0.000000 0.000000 1.000000
vn 0.000000 0.000000 1.000000
vn 0.000000 0.000000 1.000000
vn 0.000000 0.000000 1.000000
vn 0.000000 0.000000 1.000000
vn 0.000000 0.000000 1.000000
vn 0.000000 0.000000 1.000000
vn 0.000000 0.000000 1.000000
vn 0.000000 0.000000 1.000000
vn 0.000000 0.000000 1.000000
vn 0.000000 0.000000 1.000000
vn 0.000000 0.000000 1.000000
vn 0.000000 0.000000 1.000000
vn 0.000000 0.000000 1.000000
vn 0.000000 0.000000 1.000000
vn 0.000000 0.000000 1.000000
vn 0.000000 0.000000 1.000000
vn 0.000000 0.000000 1.000000
vn 0.000000 0.000000 1.000000
vn 0.000000 0.000000 1.000000
vn 0.000000 0.000000 1.000000
vn 0.000000 0.000000 1.000000
vn 0.000000 0.000000 1.000000
vn 0.000000 0.000000 1.000000
vn 0.000000 0.000000 1.000000
vn 0.000000 0.000000 1.000000
vn 0.000000 0.000000 1.000000
vn 0.000000 0.000000 1.000000
vn 0.000000 0.000000 1.000000
vn 0.000000 0.000000 1.000000
vn 0.000000 0.000000 1.000000
vn 0.000000 0.000000 1.000000
vn 0.000000 0.000000 1.000000
vn 0.000000 0.000000 1.000000
vn 0.000000 0.000000 1.000000
vn 0.000000 0.000000 1.000000
vn 0.000000 0.000000 1.000000
vn 0.000000 0.000000 1.000000
vn 0.000000 0.000000 1.000000
vn 0.000000 0.000000 1.000000
vn 0.000000 0.000000 1.000000
vn 0.000000 0.000000 1.000000
vn 0.000000 0.000000 1.000000
vn 0.000000 0.000000 1.000000
vn 0.000000 0.000000 1.000000
vn 0.000000 0.000000 1.000000
vn 0.000000 0.000000 1.000000
vn 0.000000 0.000000 1.000000
vn 0.000000 0.000000 1.000000
vn 0.000000 0.000000 1.000000
vn 0.000000 0.000000 1.000000
vn 0.000000 0.000000 1.000000
vn 0.000000 0.000000 1.000000
vn 0.000000 0.000000 1.000000
vn -0.641400 0.767200 0.000000
vn -0.641400 0.767200 0.000000
vn -0.641400 0.767200 0.000000
vn -0.767200 0.641400 0.000000
vn -0.767200 0.641400 0.000000
vn -0.767200 0.641400 0.000000
vn -0.939100 0.343700 0.000000
vn -0.939100 0.343700 0.000000
vn -0.939100 0.343700 0.000000
vn -0.985100 0.171900 0.000000
vn -0.985100 0.171900 0.000000
vn -0.985100 0.171900 0.000000
vn -0.767200 -0.641400 0.000000
vn -0.767200 -0.641400 0.000000
vn -0.767200 -0.641400 0.000000
vn -0.641400 -0.767200 0.000000
vn -0.641400 -0.767200 0.000000
vn -0.641400 -0.767200 0.000000
vn -0.729600 -0.673700 0.117500
vn -0.729600 -0.673700 0.117500
vn -0.729600 -0.673700 0.117500
vn -0.729600 -0.642200 0.235100
vn -0.729600 -0.642200 0.235100
vn -0.729600 -0.642200 0.235100
vn -0.729600 -0.524700 0.438700
vn -0.729600 -0.524700 0.438700
vn -0.729600 -0.524700 0.438700
vn -0.729600 -0.438700 0.524700
vn -0.729600 -0.438700 0.524700
vn -0.729600 -0.438700 0.524700
vn -0.717600 -0.293200 0.631700
vn -0.717600 -0.293200 0.631700
vn -0.717600 -0.293200 0.631700
vn -0.713500 -0.238200 0.658900
vn -0.713500 -0.238200 0.658900
vn -0.713500 -0.238200 0.658900
vn -0.713500 -0.238200 0.658900
vn -0.713500 -0.238200 0.658900
vn -0.713500 -0.238200 0.658900
vn -0.706800 -0.183100 0.683300
vn -0.706800 -0.183100 0.683300
vn -0.706800 -0.183100 0.683300
vn -0.985100 -0.171900 0.000000
vn -0.985100 -0.171900 0.000000
vn -0.985100 -0.171900 0.000000
vn -0.939100 -0.343700 0.000000
vn -0.939100 -0.343700 0.000000
vn -0.939100 -0.343700 0.000000
vn -0.713500 0.238200 0.658900
vn -0.713500 0.238200 0.658900
vn -0.713500 0.238200 0.658900
vn -0.713500 0.238200 0.658900
vn -0.713500 0.238200 0.658900
vn -0.713500 0.238200 0.658900
vn -0.713500 0.238200 0.658900
vn -0.713500 0.238200 0.658900
vn -0.713500 0.238200 0.658900
vn -0.717600 0.293200 0.631700
vn -0.717600 0.293200 0.631700
vn -0.717600 0.293200 0.631700
vn -0.729600 0.438700 0.524700
vn -0.729600 0.438700 0.524700
vn -0.729600 0.438700 0.524700
vn -0.729600 0.524700 0.438700
vn -0.729600 0.524700 0.438700
vn -0.729600 0.524700 0.438700
vn -0.729600 0.673700 0.117500
vn -0.729600 0.673700 0.117500
vn -0.729600 0.673700 0.117500
vn -0.729600 0.642200 0.235100
vn -0.729600 0.642200 0.235100
vn -0.729600 0.642200 0.235100
vn -0.729600 0.673700 -0.117500
vn -0.729600 0.673700 -0.117500
vn -0.729600 0.673700 -0.117500
vn -0.729600 0.642200 -0.235100
vn -0.729600 0.642200 -0.235100
vn -0.729600 0.642200 -0.235100
vn -0.722800 0.667500 -0.178900
vn -0.722800 0.667500 -0.178900
vn -0.722800 0.667500 -0.178900
vn -0.722800 0.667500 -0.178900
vn -0.722800 0.667500 -0.178900
vn -0.722800 0.667500 -0.178900
vn -0.729600 0.642200 -0.235100
vn -0.729600 0.642200 -0.235100
vn -0.729600 0.642200 -0.235100
vn -0.717600 0.569800 -0.400500
vn -0.717600 0.569800 -0.400500
vn -0.717600 0.569800 -0.400500
vn -0.729600 0.438700 -0.524700
vn -0.729600 0.438700 -0.524700
vn -0.729600 0.438700 -0.524700
vn -0.729600 0.524700 -0.438700
vn -0.729600 0.524700 -0.438700
vn -0.729600 0.524700 -0.438700
vn -0.729600 0.117500 -0.673700
vn -0.729600 0.117500 -0.673700
vn -0.729600 0.117500 -0.673700
vn -0.729600 0.235100 -0.642200
vn -0.729600 0.235100 -0.642200
vn -0.729600 0.235100 -0.642200
vn -0.729600 -0.235100 -0.642200
vn -0.729600 -0.235100 -0.642200
vn -0.729600 -0.235100 -0.642200
vn -0.729600 -0.117500 -0.673700
vn -0.729600 -0.117500 -0.673700
vn -0.729600 -0.117500 -0.673700
vn -0.717600 -0.569800 -0.400500
vn -0.717600 -0.569800 -0.400500
vn -0.717600 -0.569800 -0.400500
vn -0.729600 -0.524700 -0.438700
vn -0.729600 -0.524700 -0.438700
vn -0.729600 -0.524700 -0.438700
vn -0.729600 -0.438700 -0.524700
vn -0.729600 -0.438700 -0.524700
vn -0.729600 -0.438700 -0.524700
vn -0.717600 -0.631700 -0.293200
vn -0.717600 -0.631700 -0.293200
vn -0.717600 -0.631700 -0.293200
vn -0.722800 -0.667500 -0.178900
vn -0.722800 -0.667500 -0.178900
vn -0.722800 -0.667500 -0.178900
vn -0.722800 -0.667500 -0.178900
vn -0.722800 -0.667500 -0.178900
vn -0.722800 -0.667500 -0.178900
vn -0.717600 -0.631700 -0.293200
vn -0.717600 -0.631700 -0.293200
vn -0.717600 -0.631700 -0.293200
vn -0.729600 -0.673700 -0.117500
vn -0.729600 -0.673700 -0.117500
vn -0.729600 -0.673700 -0.117500
vn -1.000000 0.000000 0.000000
vn -1.000000 0.000000 0.000000
vn -1.000000 0.000000 0.000000
vn -1.000000 0.000000 0.000000
vn -1.000000 0.000000 0.000000
vn -1.000000 0.000000 0.000000
vn -1.000000 0.000000 0.000000
vn -1.000000 0.000000 0.000000
vn -1.000000 0.000000 0.000000
vn -1.000000 0.000000 0.000000
vn -1.000000 0.000000 0.000000
vn -1.000000 0.000000 0.000000
vn -1.000000 0.000000 0.000000
vn -1.000000 0.000000 0.000000
vn -1.000000 0.000000 0.000000
vn -1.000000 0.000000 0.000000
vn -1.000000 0.000000 0.000000
vn -1.000000 0.000000 0.000000
vn -1.000000 0.000000 0.000000
vn -1.000000 0.000000 0.000000
vn -1.000000 0.000000 0.000000
vn 0.000000 -1.000000 0.000000
vn 0.000000 -1.000000 0.000000
vn 0.000000 -1.000000 0.000000
vn 0.000000 -1.000000 0.000000
vn 0.000000 -1.000000 0.000000
vn 0.000000 -1.000000 0.000000
vn 0.000000 -1.000000 0.000000
vn 0.000000 -1.000000 0.000000
vn 0.000000 -1.000000 0.000000
vn 0.000000 -1.000000 0.000000
vn 0.000000 -1.000000 0.000000
vn 0.000000 -1.000000 0.000000
vn 0.000000 -1.000000 0.000000
vn 0.000000 -1.000000 0.000000
vn 0.000000 -1.000000 0.000000
vn 0.000000 -1.000000 0.000000
vn 0.000000 -1.000000 0.000000
vn 0.000000 -1.000000 0.000000
vn 0.000000 -1.000000 0.000000
vn 0.000000 -1.000000 0.000000
vn 0.000000 -1.000000 0.000000
vn 0.000000 -1.000000 0.000000
vn 0.000000 -1.000000 0.000000
vn 0.000000 -1.000000 0.000000
vn 0.000000 -1.000000 0.000000
vn 0.000000 -1.000000 0.000000
vn 0.000000 -1.000000 0.000000
vn -1.000000 0.000000 0.000000
vn -1.000000 0.000000 0.000000
vn -1.000000 0.000000 0.000000
vn -1.000000 0.000000 0.000000
vn -1.000000 0.000000 0.000000
vn -1.000000 0.000000 0.000000
vn -1.000000 0.000000 0.000000
vn -1.000000 0.000000 0.000000
vn -1.000000 0.000000 0.000000
vn -1.000000 0.000000 0.000000
vn -1.000000 0.000000 0.000000
vn -1.000000 0.000000 0.000000
vn -1.000000 0.000000 0.000000
vn -1.000000 0.000000 0.000000
vn -1.000000 0.000000 0.000000
vn -1.000000 0.000000 0.000000
vn -1.000000 0.000000 0.000000
vn -1.000000 0.000000 0.000000
vn -1.000000 0.000000 0.000000
vn -1.000000 0.000000 0.000000
vn -1.000000 0.000000 0.000000
vn -1.000000 0.000000 0.000000
vn -1.000000 0.000000 0.000000
vn -1.000000 0.000000 0.000000
vn -1.000000 0.000000 0.000000
vn -1.000000 0.000000 0.000000
vn -1.000000 0.000000 0.000000
vn -1.000000 0.000000 0.000000
vn -1.000000 0.000000 0.000000
vn -1.000000 0.000000 0.000000
vn -1.000000 0.000000 0.000000
vn -1.000000 0.000000 0.000000
vn -1.000000 0.000000 0.000000
vn -1.000000 0.000000 0.000000
vn -1.000000 0.000000 0.000000
vn -1.000000 0.000000 0.000000
vn 0.000000 -0.939100 0.343700
vn 0.000000 -0.939100 0.343700
vn 0.000000 -0.939100 0.343700
vn 0.000000 -0.985100 0.171900
vn 0.000000 -0.985100 0.171900
vn 0.000000 -0.985100 0.171900
vn 0.000000 -0.641400 -0.767200
vn 0.000000 -0.641400 -0.767200
vn 0.000000 -0.641400 -0.767200
vn 0.000000 -0.767200 -0.641400
vn 0.000000 -0.767200 -0.641400
vn 0.000000 -0.767200 -0.641400
vn 0.000000 -0.939100 -0.343700
vn 0.000000 -0.939100 -0.343700
vn 0.000000 -0.939100 -0.343700
vn 0.000000 -0.985100 -0.171900
vn 0.000000 -0.985100 -0.171900
vn 0.000000 -0.985100 -0.171900
vn 0.000000 0.767200 -0.641400
vn 0.000000 0.767200 -0.641400
vn 0.000000 0.767200 -0.641400
vn 0.000000 0.641400 -0.767200
vn 0.000000 0.641400 -0.767200
vn 0.000000 0.641400 -0.767200
vn 0.000000 -0.343700 -0.939100
vn 0.000000 -0.343700 -0.939100
vn 0.000000 -0.343700 -0.939100
vn 0.000000 -0.171900 -0.985100
vn 0.000000 -0.171900 -0.985100
vn 0.000000 -0.171900 -0.985100
vn 0.000000 -0.767200 0.641400
vn 0.000000 -0.767200 0.641400
vn 0.000000 -0.767200 0.641400
vn 0.000000 -0.641400 0.767200
vn 0.000000 -0.641400 0.767200
vn 0.000000 -0.641400 0.767200
vn 0.000000 -0.343700 0.939100
vn 0.000000 -0.343700 0.939100
vn 0.000000 -0.343700 0.939100
vn 0.000000 -0.171900 0.985100
vn 0.000000 -0.171900 0.985100
vn 0.000000 -0.171900 0.985100
vn 0.000000 0.343700 0.939100
vn 0.000000 0.343700 0.939100
vn 0.000000 0.343700 0.939100
vn 0.000000 0.171900 0.985100
vn 0.000000 0.171900 0.985100
vn 0.000000 0.171900 0.985100
vn -1.000000 0.000000 0.000000
vn -1.000000 0.000000 0.000000
vn -1.000000 0.000000 0.000000
vn -1.000000 0.000000 0.000000
vn -1.000000 0.000000 0.000000
vn -1.000000 0.000000 0.000000
vn -1.000000 0.000000 0.000000
vn -1.000000 0.000000 0.000000
vn -1.000000 0.000000 0.000000
vn -1.000000 0.000000 0.000000
vn -1.000000 0.000000 0.000000
vn -1.000000 0.000000 0.000000
vn -1.000000 0.000000 0.000000
vn -1.000000 0.000000 0.000000
vn -1.000000 0.000000 0.000000
vn -1.000000 0.000000 0.000000
vn -1.000000 0.000000 0.000000
vn -1.000000 0.000000 0.000000
vn -1.000000 0.000000 0.000000
vn -1.000000 0.000000 0.000000
vn -1.000000 0.000000 0.000000
vn -1.000000 0.000000 0.000000
vn -1.000000 0.000000 0.000000
vn -1.000000 0.000000 0.000000
vn -1.000000 0.000000 0.000000
vn -1.000000 0.000000 0.000000
vn -1.000000 0.000000 0.000000
vn -1.000000 0.000000 0.000000
vn -1.000000 0.000000 0.000000
vn -1.000000 0.000000 0.000000
vn -0.944900 0.322400 0.056200
vn -0.944900 0.322400 0.056200
vn -0.944900 0.322400 0.056200
vn -0.944900 0.307300 0.112500
vn -0.944900 0.307300 0.112500
vn -0.944900 0.307300 0.112500
vn -0.942900 0.321700 0.086200
vn -0.942900 0.321700 0.086200
vn -0.942900 0.321700 0.086200
vn -0.942900 0.321700 0.086200
vn -0.942900 0.321700 0.086200
vn -0.942900 0.321700 0.086200
vn -0.944900 0.307300 0.112500
vn -0.944900 0.307300 0.112500
vn -0.944900 0.307300 0.112500
vn -0.941300 0.276100 0.194100
vn -0.941300 0.276100 0.194100
vn -0.941300 0.276100 0.194100
vn -0.941300 0.194100 0.276100
vn -0.941300 0.194100 0.276100
vn -0.941300 0.194100 0.276100
vn -0.942900 0.235500 0.235500
vn -0.942900 0.235500 0.235500
vn -0.942900 0.235500 0.235500
vn -0.941300 0.276100 0.194100
vn -0.941300 0.276100 0.194100
vn -0.941300 0.276100 0.194100
vn -0.944900 0.056200 0.322400
vn -0.944900 0.056200 0.322400
vn -0.944900 0.056200 0.322400
vn -0.942900 0.086200 0.321700
vn -0.942900 0.086200 0.321700
vn -0.942900 0.086200 0.321700
vn -0.941300 0.142100 0.306200
vn -0.941300 0.142100 0.306200
vn -0.941300 0.142100 0.306200
vn -0.940000 0.115900 0.320700
vn -0.940000 0.115900 0.320700
vn -0.940000 0.115900 0.320700
vn 0.000000 1.000000 0.000000
vn 0.000000 1.000000 0.000000
vn 0.000000 1.000000 0.000000
vn 0.000000 1.000000 0.000000
vn 0.000000 1.000000 0.000000
vn 0.000000 1.000000 0.000000
vn 0.000000 1.000000 0.000000
vn 0.000000 1.000000 0.000000
vn 0.000000 1.000000 0.000000
vn 0.000000 1.000000 0.000000
vn 0.000000 1.000000 0.000000
vn 0.000000 1.000000 0.000000
vn 0.000000 0.343700 -0.939100
vn 0.000000 0.343700 -0.939100
vn 0.000000 0.343700 -0.939100
vn 0.000000 0.171900 -0.985100
vn 0.000000 0.171900 -0.985100
vn 0.000000 0.171900 -0.985100
vn 0.000000 1.000000 0.000000
vn 0.000000 1.000000 0.000000
vn 0.000000 1.000000 0.000000
vn 0.000000 1.000000 0.000000
vn 0.000000 1.000000 0.000000
vn 0.000000 1.000000 0.000000
vn 0.000000 1.000000 0.000000
vn 0.000000 1.000000 0.000000
vn 0.000000 1.000000 0.000000
vn 0.000000 0.940500 0.339900
vn 0.000000 0.940500 0.339900
vn 0.000000 0.940500 0.339900
vn 0.000000 0.907100 0.421000
vn 0.000000 0.907100 0.421000
vn 0.000000 0.907100 0.421000
vn 0.000000 0.641400 0.767200
vn 0.000000 0.641400 0.767200
vn 0.000000 0.641400 0.767200
vn 0.000000 0.767200 0.641400
vn 0.000000 0.767200 0.641400
vn 0.000000 0.767200 0.641400
vn 0.000000 0.000000 1.000000
vn 0.000000 0.000000 1.000000
vn 0.000000 0.000000 1.000000
vn 0.000000 0.000000 1.000000
vn 0.000000 0.000000 1.000000
vn 0.000000 0.000000 1.000000
vn 0.000000 0.000000 1.000000
vn 0.000000 0.000000 1.000000
vn 0.000000 0.000000 1.000000
vn 0.000000 1.000000 0.000000
vn 0.000000 1.000000 0.000000
vn 0.000000 1.000000 0.000000
vn 0.000000 1.000000 0.000000
vn 0.000000 1.000000 0.000000
vn 0.000000 1.000000 0.000000
vn 0.000000 0.000000 -1.000000
vn 0.000000 0.000000 -1.000000
vn 0.000000 0.000000 -1.000000
vn 0.000000 0.000000 -1.000000
vn 0.000000 0.000000 -1.000000
vn 0.000000 0.000000 -1.000000
vn 0.000000 0.000000 -1.000000
vn 0.000000 0.000000 -1.000000
vn 0.000000 0.000000 -1.000000
vn 0.000000 0.939100 0.343700
vn 0.000000 0.939100 0.343700
vn 0.000000 0.939100 0.343700
vn 0.000000 0.985100 0.171900
vn 0.000000 0.985100 0.171900
vn 0.000000 0.985100 0.171900
vn 0.000000 0.939100 -0.343700
vn 0.000000 0.939100 -0.343700
vn 0.000000 0.939100 -0.343700
vn 0.000000 0.985100 -0.171900
vn 0.000000 0.985100 -0.171900
vn 0.000000 0.985100 -0.171900
vn 0.000000 0.767200 0.641400
vn 0.000000 0.767200 0.641400
vn 0.000000 0.767200 0.641400
vn 0.000000 0.641400 0.767200
vn 0.000000 0.641400 0.767200
vn 0.000000 0.641400 0.767200
vn -1.000000 0.000000 0.000000
vn -1.000000 0.000000 0.000000
vn -1.000000 0.000000 0.000000
vn -1.000000 0.000000 0.000000
vn -1.000000 0.000000 0.000000
vn -1.000000 0.000000 0.000000
vn -0.941300 -0.030000 0.336200
vn -0.941300 -0.030000 0.336200
vn -0.941300 -0.030000 0.336200
vn -0.942900 -0.086200 0.321700
vn -0.942900 -0.086200 0.321700
vn -0.942900 -0.086200 0.321700
vn -0.941300 -0.142100 0.306200
vn -0.941300 -0.142100 0.306200
vn -0.941300 -0.142100 0.306200
vn -0.940000 -0.115900 0.320700
vn -0.940000 -0.115900 0.320700
vn -0.940000 -0.115900 0.320700
vn -0.941300 -0.276100 0.194100
vn -0.941300 -0.276100 0.194100
vn -0.941300 -0.276100 0.194100
vn -0.942900 -0.235500 0.235500
vn -0.942900 -0.235500 0.235500
vn -0.942900 -0.235500 0.235500
vn -0.941300 -0.194100 0.276100
vn -0.941300 -0.194100 0.276100
vn -0.941300 -0.194100 0.276100
vn -0.941300 -0.276100 0.194100
vn -0.941300 -0.276100 0.194100
vn -0.941300 -0.276100 0.194100
vn -0.944900 -0.307300 0.112500
vn -0.944900 -0.307300 0.112500
vn -0.944900 -0.307300 0.112500
vn -0.942900 -0.321700 0.086200
vn -0.942900 -0.321700 0.086200
vn -0.942900 -0.321700 0.086200
vn -0.942900 -0.321700 0.086200
vn -0.942900 -0.321700 0.086200
vn -0.942900 -0.321700 0.086200
vn -0.944900 -0.307300 0.112500
vn -0.944900 -0.307300 0.112500
vn -0.944900 -0.307300 0.112500
vn -0.944900 -0.322400 0.056200
vn -0.944900 -0.322400 0.056200
vn -0.944900 -0.322400 0.056200
vn 0.000000 0.000000 -1.000000
vn 0.000000 0.000000 -1.000000
vn 0.000000 0.000000 -1.000000
vn 0.000000 0.000000 -1.000000
vn 0.000000 0.000000 -1.000000
vn 0.000000 0.000000 -1.000000
vn 0.000000 0.000000 -1.000000
vn 0.000000 0.000000 -1.000000
vn 0.000000 0.000000 -1.000000
vn 0.000000 0.000000 -1.000000
vn 0.000000 0.000000 -1.000000
vn 0.000000 0.000000 -1.000000
vn 0.000000 0.000000 -1.000000
vn 0.000000 0.000000 -1.000000
vn 0.000000 0.000000 -1.000000
vn 0.000000 0.000000 -1.000000
vn 0.000000 0.000000 -1.000000
vn 0.000000 0.000000 -1.000000
vn 0.000000 -1.000000 0.000000
vn 0.000000 -1.000000 0.000000
vn 0.000000 -1.000000 0.000000
vn 0.000000 -1.000000 0.000000
vn 0.000000 -1.000000 0.000000
vn 0.000000 -1.000000 0.000000
vn 0.000000 -1.000000 0.000000
vn 0.000000 -1.000000 0.000000
vn 0.000000 -1.000000 0.000000
vn 0.000000 0.000000 1.000000
vn 0.000000 0.000000 1.000000
vn 0.000000 0.000000 1.000000
vn 0.000000 0.000000 1.000000
vn 0.000000 0.000000 1.000000
vn 0.000000 0.000000 1.000000
vn 0.000000 0.000000 1.000000
vn 0.000000 0.000000 1.000000
vn 0.000000 0.000000 1.000000
vn 0.000000 0.000000 1.000000
vn 0.000000 0.000000 1.000000
vn 0.000000 0.000000 1.000000
vn 0.000000 0.000000 1.000000
vn 0.000000 0.000000 1.000000
vn 0.000000 0.000000 1.000000
vn -1.000000 0.000000 0.000000
vn -1.000000 0.000000 0.000000
vn -1.000000 0.000000 0.000000
vn -1.000000 0.000000 0.000000
vn -1.000000 0.000000 0.000000
vn -1.000000 0.000000 0.000000
vn -1.000000 0.000000 0.000000
vn -1.000000 0.000000 0.000000
vn -1.000000 0.000000 0.000000
vn -1.000000 0.000000 0.000000
vn -1.000000 0.000000 0.000000
vn -1.000000 0.000000 0.000000
vn -1.000000 0.000000 0.000000
vn -1.000000 0.000000 0.000000
vn -1.000000 0.000000 0.000000
vn -1.000000 0.000000 0.000000
vn -1.000000 0.000000 0.000000
vn -1.000000 0.000000 0.000000
vn -1.000000 0.000000 0.000000
vn -1.000000 0.000000 0.000000
vn -1.000000 0.000000 0.000000
vn -1.000000 0.000000 0.000000
vn -1.000000 0.000000 0.000000
vn -1.000000 0.000000 0.000000
vn -1.000000 0.000000 0.000000
vn -1.000000 0.000000 0.000000
vn -1.000000 0.000000 0.000000
vn -1.000000 0.000000 0.000000
vn -1.000000 0.000000 0.000000
vn -1.000000 0.000000 0.000000
vn -1.000000 0.000000 0.000000
vn -1.000000 0.000000 0.000000
vn -1.000000 0.000000 0.000000
vn -1.000000 0.000000 0.000000
vn -1.000000 0.000000 0.000000
vn -1.000000 0.000000 0.000000
vn -1.000000 0.000000 0.000000
vn -1.000000 0.000000 0.000000
vn -1.000000 0.000000 0.000000
vn -1.000000 0.000000 0.000000
vn -1.000000 0.000000 0.000000
vn -1.000000 0.000000 0.000000
vn -1.000000 0.000000 0.000000
vn -1.000000 0.000000 0.000000
vn -1.000000 0.000000 0.000000
vn -1.000000 0.000000 0.000000
vn -1.000000 0.000000 0.000000
vn -1.000000 0.000000 0.000000
vn -1.000000 0.000000 0.000000
vn -1.000000 0.000000 0.000000
vn -1.000000 0.000000 0.000000
vn -1.000000 0.000000 0.000000
vn -1.000000 0.000000 0.000000
vn -1.000000 0.000000 0.000000
vn -1.000000 0.000000 0.000000
vn -1.000000 0.000000 0.000000
vn -1.000000 0.000000 0.000000
vn -1.000000 0.000000 0.000000
vn -1.000000 0.000000 0.000000
vn -1.000000 0.000000 0.000000
vn -1.000000 0.000000 0.000000
vn -1.000000 0.000000 0.000000
vn -1.000000 0.000000 0.000000
vn -1.000000 0.000000 0.000000
vn -1.000000 0.000000 0.000000
vn -1.000000 0.000000 0.000000
vn 0.000000 -1.000000 0.000000
vn 0.000000 -1.000000 0.000000
vn 0.000000 -1.000000 0.000000
vn 0.000000 -1.000000 0.000000
vn 0.000000 -1.000000 0.000000
vn 0.000000 -1.000000 0.000000
vn 0.000000 -1.000000 0.000000
vn 0.000000 -1.000000 0.000000
vn 0.000000 -1.000000 0.000000
vn 0.000000 -1.000000 0.000000
vn 0.000000 -1.000000 0.000000
vn 0.000000 -1.000000 0.000000
vn 0.000000 -0.907100 0.421000
vn 0.000000 -0.907100 0.421000
vn 0.000000 -0.907100 0.421000
vn 0.000000 -0.940500 0.339900
vn 0.000000 -0.940500 0.339900
vn 0.000000 -0.940500 0.339900
vn 0.000000 -0.767200 0.641400
vn 0.000000 -0.767200 0.641400
vn 0.000000 -0.767200 0.641400
vn 0.000000 -0.641400 0.767200
vn 0.000000 -0.641400 0.767200
vn 0.000000 -0.641400 0.767200
vn 0.000000 -0.171900 0.985100
vn 0.000000 -0.171900 0.985100
vn 0.000000 -0.171900 0.985100
vn 0.000000 -0.343700 0.939100
vn 0.000000 -0.343700 0.939100
vn 0.000000 -0.343700 0.939100
vn 0.000000 -1.000000 0.000000
vn 0.000000 -1.000000 0.000000
vn 0.000000 -1.000000 0.000000
vn 0.000000 -1.000000 0.000000
vn 0.000000 -1.000000 0.000000
vn 0.000000 -1.000000 0.000000
vn -0.944900 -0.307300 -0.112500
vn -0.944900 -0.307300 -0.112500
vn -0.944900 -0.307300 -0.112500
vn -0.942900 -0.321700 -0.086200
vn -0.942900 -0.321700 -0.086200
vn -0.942900 -0.321700 -0.086200
vn -0.942900 -0.321700 -0.086200
vn -0.942900 -0.321700 -0.086200
vn -0.942900 -0.321700 -0.086200
vn -0.941300 -0.306200 -0.142100
vn -0.941300 -0.306200 -0.142100
vn -0.941300 -0.306200 -0.142100
vn -0.944900 -0.322400 -0.056200
vn -0.944900 -0.322400 -0.056200
vn -0.944900 -0.322400 -0.056200
vn -0.941300 -0.194100 -0.276100
vn -0.941300 -0.194100 -0.276100
vn -0.941300 -0.194100 -0.276100
vn -0.942900 -0.235500 -0.235500
vn -0.942900 -0.235500 -0.235500
vn -0.942900 -0.235500 -0.235500
vn -0.941300 -0.276100 -0.194100
vn -0.941300 -0.276100 -0.194100
vn -0.941300 -0.276100 -0.194100
vn -0.941300 -0.276100 -0.194100
vn -0.941300 -0.276100 -0.194100
vn -0.941300 -0.276100 -0.194100
vn -0.944900 -0.112500 -0.307300
vn -0.944900 -0.112500 -0.307300
vn -0.944900 -0.112500 -0.307300
vn -0.944900 -0.056200 -0.322400
vn -0.944900 -0.056200 -0.322400
vn -0.944900 -0.056200 -0.322400
vn 0.000000 -1.000000 0.000000
vn 0.000000 -1.000000 0.000000
vn 0.000000 -1.000000 0.000000
vn 0.000000 -1.000000 0.000000
vn 0.000000 -1.000000 0.000000
vn 0.000000 -1.000000 0.000000
vn 0.000000 -1.000000 0.000000
vn 0.000000 -1.000000 0.000000
vn 0.000000 -1.000000 0.000000
vn -0.944900 0.056200 -0.322400
vn -0.944900 0.056200 -0.322400
vn -0.944900 0.056200 -0.322400
vn -0.944900 0.112500 -0.307300
vn -0.944900 0.112500 -0.307300
vn -0.944900 0.112500 -0.307300
vn -0.941300 0.276100 -0.194100
vn -0.941300 0.276100 -0.194100
vn -0.941300 0.276100 -0.194100
vn -0.942900 0.235500 -0.235500
vn -0.942900 0.235500 -0.235500
vn -0.942900 0.235500 -0.235500
vn -0.941300 0.194100 -0.276100
vn -0.941300 0.194100 -0.276100
vn -0.941300 0.194100 -0.276100
vn -0.941300 0.276100 -0.194100
vn -0.941300 0.276100 -0.194100
vn -0.941300 0.276100 -0.194100
vn -0.944900 0.307300 -0.112500
vn -0.944900 0.307300 -0.112500
vn -0.944900 0.307300 -0.112500
vn -0.942900 0.321700 -0.086200
vn -0.942900 0.321700 -0.086200
vn -0.942900 0.321700 -0.086200
vn -0.942900 0.321700 -0.086200
vn -0.942900 0.321700 -0.086200
vn -0.942900 0.321700 -0.086200
vn -0.944900 0.322400 -0.056200
vn -0.944900 0.322400 -0.056200
vn -0.944900 0.322400 -0.056200
vn -0.944900 0.307300 -0.112500
vn -0.944900 0.307300 -0.112500
vn -0.944900 0.307300 -0.112500
vn 0.000000 0.000000 1.000000
vn 0.000000 0.000000 1.000000
vn 0.000000 0.000000 1.000000
vn 0.000000 0.000000 1.000000
vn 0.000000 0.000000 1.000000
vn 0.000000 0.000000 1.000000
vn 0.000000 0.000000 1.000000
vn 0.000000 0.000000 1.000000
vn 0.000000 0.000000 1.000000
vn 0.000000 0.000000 1.000000
vn 0.000000 0.000000 1.000000
vn 0.000000 0.000000 1.000000
vn 0.000000 0.000000 1.000000
vn 0.000000 0.000000 1.000000
vn 0.000000 0.000000 1.000000
vn 0.000000 0.000000 1.000000
vn 0.000000 0.000000 1.000000
vn 0.000000 0.000000 1.000000
vn 0.000000 1.000000 0.000000
vn 0.000000 1.000000 0.000000
vn 0.000000 1.000000 0.000000
vn 0.000000 1.000000 0.000000
vn 0.000000 1.000000 0.000000
vn 0.000000 1.000000 0.000000
vn 0.000000 1.000000 0.000000
vn 0.000000 1.000000 0.000000
vn 0.000000 1.000000 0.000000
vn 0.000000 0.000000 -1.000000
vn 0.000000 0.000000 -1.000000
vn 0.000000 0.000000 -1.000000
vn 0.000000 0.000000 -1.000000
vn 0.000000 0.000000 -1.000000
vn 0.000000 0.000000 -1.000000
vn 0.000000 0.000000 -1.000000
vn 0.000000 0.000000 -1.000000
vn 0.000000 0.000000 -1.000000
vn 0.000000 0.000000 -1.000000
vn 0.000000 0.000000 -1.000000
vn 0.000000 0.000000 -1.000000
vn 0.000000 0.000000 -1.000000
vn 0.000000 0.000000 -1.000000
vn 0.000000 0.000000 -1.000000
vn -0.602300 0.786400 0.137200
vn -0.602300 0.786400 0.137200
vn -0.602300 0.786400 0.137200
vn -0.602300 0.749600 0.274400
vn -0.602300 0.749600 0.274400
vn -0.602300 0.749600 0.274400
vn -0.602300 0.512000 0.612400
vn -0.602300 0.512000 0.612400
vn -0.602300 0.512000 0.612400
vn -0.602300 0.612400 0.512000
vn -0.602300 0.612400 0.512000
vn -0.602300 0.612400 0.512000
vn -0.589000 0.340200 0.733000
vn -0.589000 0.340200 0.733000
vn -0.589000 0.340200 0.733000
vn -0.584500 0.275800 0.763100
vn -0.584500 0.275800 0.763100
vn -0.584500 0.275800 0.763100
vn 0.000000 0.343700 0.939100
vn 0.000000 0.343700 0.939100
vn 0.000000 0.343700 0.939100
vn 0.000000 0.171900 0.985100
vn 0.000000 0.171900 0.985100
vn 0.000000 0.171900 0.985100
vn -0.940500 0.339900 0.000000
vn -0.940500 0.339900 0.000000
vn -0.940500 0.339900 0.000000
vn -0.940500 0.339900 0.000000
vn -0.940500 0.339900 0.000000
vn -0.940500 0.339900 0.000000
vn -0.940500 0.339900 0.000000
vn -0.940500 0.339900 0.000000
vn -0.940500 0.339900 0.000000
vn -0.984400 0.175800 0.000000
vn -0.984400 0.175800 0.000000
vn -0.984400 0.175800 0.000000
vn -0.996000 0.089000 0.000000
vn -0.996000 0.089000 0.000000
vn -0.996000 0.089000 0.000000
vn -0.940500 0.339900 0.000000
vn -0.940500 0.339900 0.000000
vn -0.940500 0.339900 0.000000
vn -0.907100 0.421000 0.000000
vn -0.907100 0.421000 0.000000
vn -0.907100 0.421000 0.000000
vn -0.996000 0.089000 0.000000
vn -0.996000 0.089000 0.000000
vn -0.996000 0.089000 0.000000
vn -0.965900 0.258800 0.000000
vn -0.965900 0.258800 0.000000
vn -0.965900 0.258800 0.000000
vn -0.940500 0.339900 0.000000
vn -0.940500 0.339900 0.000000
vn -0.940500 0.339900 0.000000
vn -0.584500 -0.275800 0.763100
vn -0.584500 -0.275800 0.763100
vn -0.584500 -0.275800 0.763100
vn -0.589000 -0.340200 0.733000
vn -0.589000 -0.340200 0.733000
vn -0.589000 -0.340200 0.733000
vn -0.602300 -0.612400 0.512000
vn -0.602300 -0.612400 0.512000
vn -0.602300 -0.612400 0.512000
vn -0.602300 -0.512000 0.612400
vn -0.602300 -0.512000 0.612400
vn -0.602300 -0.512000 0.612400
vn -0.602300 -0.786400 0.137200
vn -0.602300 -0.786400 0.137200
vn -0.602300 -0.786400 0.137200
vn -0.602300 -0.749600 0.274400
vn -0.602300 -0.749600 0.274400
vn -0.602300 -0.749600 0.274400
vn -0.996000 -0.089000 0.000000
vn -0.996000 -0.089000 0.000000
vn -0.996000 -0.089000 0.000000
vn -0.984400 -0.175800 0.000000
vn -0.984400 -0.175800 0.000000
vn -0.984400 -0.175800 0.000000
vn -0.965900 -0.258800 0.000000
vn -0.965900 -0.258800 0.000000
vn -0.965900 -0.258800 0.000000
vn -0.965900 -0.258800 0.000000
vn -0.965900 -0.258800 0.000000
vn -0.965900 -0.258800 0.000000
vn -0.984400 -0.175800 0.000000
vn -0.984400 -0.175800 0.000000
vn -0.984400 -0.175800 0.000000
vn -0.984400 -0.175800 0.000000
vn -0.984400 -0.175800 0.000000
vn -0.984400 -0.175800 0.000000
vn -0.965900 -0.258800 0.000000
vn -0.965900 -0.258800 0.000000
vn -0.965900 -0.258800 0.000000
vn -0.940500 -0.339900 0.000000
vn -0.940500 -0.339900 0.000000
vn -0.940500 -0.339900 0.000000
vn -0.939100 -0.343700 0.000000
vn -0.939100 -0.343700 0.000000
vn -0.939100 -0.343700 0.000000
vn -0.996000 -0.089000 0.000000
vn -0.996000 -0.089000 0.000000
vn -0.996000 -0.089000 0.000000
vn -0.602300 -0.749600 -0.274400
vn -0.602300 -0.749600 -0.274400
vn -0.602300 -0.749600 -0.274400
vn -0.602300 -0.786400 -0.137200
vn -0.602300 -0.786400 -0.137200
vn -0.602300 -0.786400 -0.137200
vn -0.602300 -0.512000 -0.612400
vn -0.602300 -0.512000 -0.612400
vn -0.602300 -0.512000 -0.612400
vn -0.602300 -0.612400 -0.512000
vn -0.602300 -0.612400 -0.512000
vn -0.602300 -0.612400 -0.512000
vn -0.602300 -0.274400 -0.749600
vn -0.602300 -0.274400 -0.749600
vn -0.602300 -0.274400 -0.749600
vn -0.602300 -0.137200 -0.786400
vn -0.602300 -0.137200 -0.786400
vn -0.602300 -0.137200 -0.786400
vn -0.602300 0.137200 -0.786400
vn -0.602300 0.137200 -0.786400
vn -0.602300 0.137200 -0.786400
vn -0.602300 0.274400 -0.749600
vn -0.602300 0.274400 -0.749600
vn -0.602300 0.274400 -0.749600
vn -0.602300 0.612400 -0.512000
vn -0.602300 0.612400 -0.512000
vn -0.602300 0.612400 -0.512000
vn -0.602300 0.512000 -0.612400
vn -0.602300 0.512000 -0.612400
vn -0.602300 0.512000 -0.612400
vn -0.602300 0.786400 -0.137200
vn -0.602300 0.786400 -0.137200
vn -0.602300 0.786400 -0.137200
vn -0.602300 0.749600 -0.274400
vn -0.602300 0.749600 -0.274400
vn -0.602300 0.749600 -0.274400
vn 0.721600 0.689700 0.060200
vn 0.721600 0.689700 0.060200
vn 0.721600 0.689700 0.060200
vn 0.721600 0.681700 0.120400
vn 0.721600 0.681700 0.120400
vn 0.721600 0.681700 0.120400
vn 0.721600 0.650600 0.236600
vn 0.721600 0.650600 0.236600
vn 0.721600 0.650600 0.236600
vn 0.721600 0.627400 0.292700
vn 0.721600 0.627400 0.292700
vn 0.721600 0.627400 0.292700
vn 0.721600 0.567200 0.396900
vn 0.721600 0.567200 0.396900
vn 0.721600 0.567200 0.396900
vn 0.721600 0.530200 0.445100
vn 0.721600 0.530200 0.445100
vn 0.721600 0.530200 0.445100
vn 0.718700 0.373800 0.586400
vn 0.718700 0.373800 0.586400
vn 0.718700 0.373800 0.586400
vn 0.720000 0.422500 0.550600
vn 0.720000 0.422500 0.550600
vn 0.720000 0.422500 0.550600
vn 0.721600 0.445100 0.530200
vn 0.721600 0.445100 0.530200
vn 0.721600 0.445100 0.530200
vn -0.939100 0.343700 0.000000
vn -0.939100 0.343700 0.000000
vn -0.939100 0.343700 0.000000
vn -0.985100 0.171900 0.000000
vn -0.985100 0.171900 0.000000
vn -0.985100 0.171900 0.000000
vn 0.721600 -0.445100 0.530200
vn 0.721600 -0.445100 0.530200
vn 0.721600 -0.445100 0.530200
vn 0.720000 -0.422500 0.550600
vn 0.720000 -0.422500 0.550600
vn 0.720000 -0.422500 0.550600
vn 0.718700 -0.373800 0.586400
vn 0.718700 -0.373800 0.586400
vn 0.718700 -0.373800 0.586400
vn 0.721600 -0.567200 0.396900
vn 0.721600 -0.567200 0.396900
vn 0.721600 -0.567200 0.396900
vn 0.721600 -0.530200 0.445100
vn 0.721600 -0.530200 0.445100
vn 0.721600 -0.530200 0.445100
vn 0.721600 -0.650600 0.236600
vn 0.721600 -0.650600 0.236600
vn 0.721600 -0.650600 0.236600
vn 0.721600 -0.627400 0.292700
vn 0.721600 -0.627400 0.292700
vn 0.721600 -0.627400 0.292700
vn 0.721600 -0.689700 0.060200
vn 0.721600 -0.689700 0.060200
vn 0.721600 -0.689700 0.060200
vn 0.721600 -0.681700 0.120400
vn 0.721600 -0.681700 0.120400
vn 0.721600 -0.681700 0.120400
vn -0.939100 -0.343700 0.000000
vn -0.939100 -0.343700 0.000000
vn -0.939100 -0.343700 0.000000
vn -0.985100 -0.171900 0.000000
vn -0.985100 -0.171900 0.000000
vn -0.985100 -0.171900 0.000000
vn 0.721600 -0.681700 -0.120400
vn 0.721600 -0.681700 -0.120400
vn 0.721600 -0.681700 -0.120400
vn 0.721600 -0.689700 -0.060200
vn 0.721600 -0.689700 -0.060200
vn 0.721600 -0.689700 -0.060200
vn 0.721600 -0.627400 -0.292700
vn 0.721600 -0.627400 -0.292700
vn 0.721600 -0.627400 -0.292700
vn 0.720000 -0.641200 -0.265600
vn 0.720000 -0.641200 -0.265600
vn 0.720000 -0.641200 -0.265600
vn 0.718700 -0.663100 -0.209200
vn 0.718700 -0.663100 -0.209200
vn 0.718700 -0.663100 -0.209200
vn 0.718700 -0.586400 -0.373800
vn 0.718700 -0.586400 -0.373800
vn 0.718700 -0.586400 -0.373800
vn 0.718700 0.586400 -0.373800
vn 0.718700 0.586400 -0.373800
vn 0.718700 0.586400 -0.373800
vn 0.721600 0.650600 -0.236600
vn 0.721600 0.650600 -0.236600
vn 0.721600 0.650600 -0.236600
vn 0.720000 0.641200 -0.265600
vn 0.720000 0.641200 -0.265600
vn 0.720000 0.641200 -0.265600
vn 0.718700 0.616900 -0.320900
vn 0.718700 0.616900 -0.320900
vn 0.718700 0.616900 -0.320900
vn 0.721600 0.681700 -0.120400
vn 0.721600 0.681700 -0.120400
vn 0.721600 0.681700 -0.120400
vn 0.721600 0.689700 -0.060200
vn 0.721600 0.689700 -0.060200
vn 0.721600 0.689700 -0.060200

f 1//1 2//2 3//3
f 1//4 3//5 4//6
f 5//7 6//8 7//9
f 5//10 7//11 8//12
f 2//13 5//14 8//15
f 2//16 8//17 3//18
f 9//19 10//20 11//21
f 9//22 11//23 12//24
f 13//25 9//26 12//27
f 13//28 12//29 14//30
f 6//31 13//32 14//33
f 6//34 14//35 7//36
f 15//37 16//38 17//39
f 15//40 17//41 18//42
f 19//43 20//44 21//45
f 19//46 21//47 22//48
f 11//49 10//50 23//51
f 11//52 23//53 24//54
f 25//55 15//56 18//57
f 25//58 18//59 26//60
f 27//61 25//62 26//63
f 27//64 26//65 28//66
f 20//67 27//68 28//69
f 20//70 28//71 21//72
f 29//73 1//74 4//75
f 29//76 4//77 30//78
f 31//79 32//80 33//81
f 31//82 33//83 34//84
f 16//85 31//86 34//87
f 16//88 34//89 17//90
f 35//91 36//92 37//93
f 35//94 37//95 38//96
f 32//97 35//98 38//99
f 32//100 38//101 33//102
f 39//103 29//104 30//105
f 39//106 30//107 40//108
f 41//109 42//110 43//111
f 41//112 43//113 44//114
f 45//115 46//116 47//117
f 45//118 47//119 48//120
f 49//121 50//122 51//123
f 49//124 51//125 52//126
f 53//127 54//128 55//129
f 53//130 55//131 56//132
f 57//133 58//134 59//135
f 57//136 59//137 60//138
f 61//139 62//140 63//141
f 61//142 63//143 64//144
f 65//145 66//146 67//147
f 65//148 67//149 68//150
f 69//151 70//152 71//153
f 69//154 71//155 72//156
f 73//157 74//158 75//159
f 73//160 75//161 76//162
f 77//163 78//164 79//165
f 77//166 79//167 80//168
f 81//169 82//170 34//171
f 81//172 34//173 33//174
f 83//175 81//176 33//177
f 83//178 33//179 38//180
f 84//181 83//182 38//183
f 84//184 38//185 37//186
f 30//187 85//188 86//189
f 30//190 86//191 40//192
f 87//193 85//194 30//195
f 87//196 30//197 4//198
f 4//199 3//200 88//201
f 4//202 88//203 87//204
f 3//205 8//206 89//207
f 3//208 89//209 88//210
f 8//211 7//212 90//213
f 8//214 90//215 89//216
f 7//217 14//218 91//219
f 7//220 91//221 90//222
f 91//223 14//224 12//225
f 91//226 12//227 92//228
f 92//229 12//230 11//231
f 92//232 11//233 93//234
f 93//235 11//236 24//237
f 93//238 24//239 94//240
f 95//241 96//242 22//243
f 95//244 22//245 21//246
f 97//247 95//248 21//249
f 97//250 21//251 28//252
f 98//253 97//254 28//255
f 98//256 28//257 26//258
f 98//259 26//260 18//261
f 98//262 18//263 99//264
f 99//265 18//266 17//267
f 99//268 17//269 100//270
f 100//271 17//272 34//273
f 100//274 34//275 82//276
f 87//277 88//278 101//279
f 87//280 101//281 102//282
f 89//283 90//284 103//285
f 89//286 103//287 104//288
f 88//289 89//290 104//291
f 88//292 104//293 101//294
f 92//295 93//296 105//297
f 92//298 105//299 106//300
f 91//301 92//302 106//303
f 91//304 106//305 107//306
f 90//307 91//308 107//309
f 90//310 107//311 103//312
f 99//313 100//314 108//315
f 99//316 108//317 109//318
f 96//319 95//320 110//321
f 96//322 110//323 111//324
f 93//325 94//326 112//327
f 93//328 112//329 105//330
f 98//331 99//332 109//333
f 98//334 109//335 113//336
f 97//337 98//338 113//339
f 97//340 113//341 114//342
f 95//343 97//344 114//345
f 95//346 114//347 110//348
f 115//349 116//350 85//351
f 115//352 85//353 87//354
f 115//355 87//356 117//357
f 115//358 117//359 118//360
f 117//361 87//362 102//363
f 82//364 81//365 119//366
f 82//367 119//368 120//369
f 100//370 82//371 120//372
f 100//373 120//374 108//375
f 121//376 122//377 123//378
f 121//379 123//380 124//381
f 121//382 124//383 39//384
f 121//385 39//386 40//387
f 121//388 40//389 86//390
f 121//391 86//392 116//393
f 121//394 116//395 115//396
f 121//397 115//398 125//399
f 83//400 84//401 126//402
f 127//403 128//404 129//405
f 81//406 83//407 126//408
f 81//409 126//410 130//411
f 81//412 130//413 128//414
f 81//415 128//416 127//417
f 81//418 127//419 119//420
f 131//421 130//422 126//423
f 131//424 126//425 84//426
f 131//427 84//428 37//429
f 131//430 37//431 36//432
f 131//433 36//434 132//435
f 133//436 132//437 36//438
f 133//439 36//440 134//441
f 133//442 134//443 135//444
f 86//445 85//446 116//447
f 136//448 118//449 117//450
f 137//451 138//452 139//453
f 137//454 139//455 140//456
f 141//457 142//458 143//459
f 141//460 143//461 144//462
f 138//463 141//464 144//465
f 138//466 144//467 139//468
f 145//469 146//470 147//471
f 145//472 147//473 148//474
f 149//475 145//476 148//477
f 149//478 148//479 150//480
f 142//481 149//482 150//483
f 142//484 150//485 143//486
f 151//487 152//488 153//489
f 151//490 153//491 154//492
f 155//493 156//494 157//495
f 155//496 157//497 158//498
f 146//499 159//500 160//501
f 146//502 160//503 147//504
f 161//505 162//506 163//507
f 161//508 163//509 164//510
f 159//511 24//512 163//513
f 163//514 24//515 23//516
f 163//517 23//518 165//519
f 165//520 23//521 166//522
f 165//523 166//524 167//525
f 160//526 159//527 163//528
f 160//529 163//530 162//531
f 160//532 162//533 168//534
f 160//535 168//536 169//537
f 24//538 159//539 112//540
f 24//541 112//542 94//543
f 170//544 171//545 158//546
f 158//547 171//548 161//549
f 158//550 161//551 155//552
f 155//553 161//554 22//555
f 155//556 22//557 96//558
f 19//559 22//560 161//561
f 19//562 161//563 164//564
f 19//565 164//566 172//567
f 19//568 172//569 173//570
f 173//571 172//572 174//573
f 155//574 96//575 111//576
f 175//577 151//578 154//579
f 175//580 154//581 176//582
f 177//583 175//584 176//585
f 177//586 176//587 178//588
f 156//589 177//590 178//591
f 156//592 178//593 157//594
f 179//595 137//596 140//597
f 179//598 140//599 180//600
f 181//601 182//602 183//603
f 181//604 183//605 184//606
f 152//607 181//608 184//609
f 152//610 184//611 153//612
f 185//613 186//614 187//615
f 185//616 187//617 188//618
f 182//619 185//620 188//621
f 182//622 188//623 183//624
f 131//625 189//626 187//627
f 131//628 187//629 186//630
f 131//631 186//632 129//633
f 131//634 129//635 128//636
f 131//637 128//638 130//639
f 190//640 191//641 187//642
f 190//643 187//644 189//645
f 192//646 179//647 180//648
f 192//649 180//650 193//651
f 125//652 115//653 118//654
f 125//655 118//656 136//657
f 125//658 136//659 192//660
f 125//661 192//662 193//663
f 125//664 193//665 194//666
f 125//667 194//668 195//669
f 125//670 195//671 196//672
f 44//673 197//674 198//675
f 44//676 198//677 41//678
f 197//679 199//680 200//681
f 197//682 200//683 198//684
f 201//685 45//686 48//687
f 201//688 48//689 202//690
f 203//691 201//692 202//693
f 203//694 202//695 204//696
f 52//697 205//698 206//699
f 52//700 206//701 49//702
f 56//703 207//704 208//705
f 56//706 208//707 53//708
f 58//709 209//710 210//711
f 58//712 210//713 59//714
f 209//715 211//716 212//717
f 209//718 212//719 210//720
f 213//721 63//722 62//723
f 213//724 62//725 214//726
f 215//727 213//728 214//729
f 215//730 214//731 216//732
f 68//733 217//734 218//735
f 68//736 218//737 65//738
f 219//739 71//740 70//741
f 219//742 70//743 220//744
f 221//745 222//746 223//747
f 221//748 223//749 224//750
f 225//751 77//752 80//753
f 225//754 80//755 226//756
f 227//757 225//758 226//759
f 227//760 226//761 228//762
f 78//763 77//764 225//765
f 78//766 225//767 227//768
f 78//769 227//770 229//771
f 78//772 229//773 222//774
f 78//775 222//776 221//777
f 78//778 221//779 76//780
f 78//781 76//782 75//783
f 78//784 75//785 230//786
f 78//787 230//788 231//789
f 78//790 231//791 232//792
f 76//793 221//794 224//795
f 76//796 224//797 73//798
f 233//799 184//800 183//801
f 233//802 183//803 234//804
f 235//805 234//806 183//807
f 235//808 183//809 188//810
f 191//811 235//812 188//813
f 191//814 188//815 187//816
f 205//817 236//818 237//819
f 205//820 237//821 206//822
f 238//823 218//824 217//825
f 238//826 217//827 239//828
f 240//829 194//830 193//831
f 240//832 193//833 180//834
f 140//835 241//836 240//837
f 140//838 240//839 180//840
f 139//841 242//842 241//843
f 139//844 241//845 140//846
f 243//847 208//848 207//849
f 243//850 207//851 244//852
f 245//853 219//854 220//855
f 245//856 220//857 246//858
f 139//859 144//860 247//861
f 139//862 247//863 242//864
f 144//865 143//866 248//867
f 144//868 248//869 247//870
f 143//871 150//872 249//873
f 143//874 249//875 248//876
f 249//877 150//878 148//879
f 249//880 148//881 250//882
f 250//883 148//884 147//885
f 250//886 147//887 251//888
f 251//889 147//890 160//891
f 251//892 160//893 169//894
f 252//895 170//896 158//897
f 252//898 158//899 157//900
f 253//901 252//902 157//903
f 253//904 157//905 178//906
f 254//907 253//908 178//909
f 254//910 178//911 176//912
f 254//913 176//914 154//915
f 254//916 154//917 255//918
f 255//919 154//920 153//921
f 255//922 153//923 256//924
f 256//925 153//926 184//927
f 256//928 184//929 233//930
f 241//931 242//932 257//933
f 241//934 257//935 258//936
f 259//937 260//938 261//939
f 259//940 261//941 247//942
f 259//943 247//944 248//945
f 259//946 248//947 262//948
f 247//949 261//950 257//951
f 247//952 257//953 242//954
f 263//955 264//956 162//957
f 263//958 162//959 161//960
f 263//961 161//962 265//963
f 263//964 265//965 266//966
f 263//967 266//968 267//969
f 263//970 267//971 268//972
f 263//973 268//974 269//975
f 162//976 264//977 270//978
f 162//979 270//980 271//981
f 162//982 271//983 272//984
f 162//985 272//986 168//987
f 264//988 259//989 262//990
f 264//991 262//992 270//993
f 265//994 161//995 171//996
f 250//997 251//998 272//999
f 250//1000 272//1001 271//1002
f 249//1003 250//1004 271//1005
f 249//1006 271//1007 270//1008
f 248//1009 249//1010 270//1011
f 248//1012 270//1013 262//1014
f 256//1015 273//1016 274//1017
f 256//1018 274//1019 269//1020
f 256//1021 269//1022 268//1023
f 256//1024 268//1025 255//1026
f 170//1027 252//1028 265//1029
f 170//1030 265//1031 171//1032
f 251//1033 169//1034 168//1035
f 251//1036 168//1037 272//1038
f 254//1039 255//1040 268//1041
f 254//1042 268//1043 267//1044
f 253//1045 254//1046 267//1047
f 253//1048 267//1049 266//1050
f 252//1051 253//1052 266//1053
f 252//1054 266//1055 265//1056
f 240//1057 241//1058 258//1059
f 240//1060 258//1061 275//1062
f 233//1063 234//1064 276//1065
f 233//1066 276//1067 277//1068
f 273//1069 256//1070 233//1071
f 273//1072 233//1073 277//1074
f 278//1075 279//1076 280//1077
f 281//1078 235//1079 191//1080
f 281//1081 191//1082 190//1083
f 281//1084 190//1085 279//1086
f 281//1087 279//1088 278//1089
f 235//1090 281//1091 276//1092
f 235//1093 276//1094 234//1095
f 282//1096 283//1097 195//1098
f 282//1099 194//1100 240//1101
f 282//1102 240//1103 275//1104
f 284//1105 283//1106 282//1107
f 285//1108 200//1109 199//1110
f 285//1111 199//1112 286//1113
f 204//1114 285//1115 286//1116
f 204//1117 286//1118 203//1119
f 236//1120 287//1121 288//1122
f 236//1123 288//1124 237//1125
f 244//1126 288//1127 287//1128
f 244//1129 287//1130 243//1131
f 289//1132 212//1133 211//1134
f 289//1135 211//1136 290//1137
f 216//1138 289//1139 290//1140
f 216//1141 290//1142 215//1143
f 291//1144 229//1145 227//1146
f 291//1147 227//1148 228//1149
f 223//1150 222//1151 229//1152
f 223//1153 229//1154 291//1155
f 292//1156 293//1157 294//1158
f 292//1159 294//1160 295//1161
f 296//1162 297//1163 298//1164
f 296//1165 298//1166 299//1167
f 293//1168 298//1169 297//1170
f 293//1171 297//1172 294//1173
f 300//1174 264//1175 263//1176
f 300//1177 263//1178 301//1179
f 299//1180 302//1181 303//1182
f 299//1183 303//1184 296//1185
f 304//1186 305//1187 306//1188
f 306//1189 305//1190 303//1191
f 306//1192 303//1193 264//1194
f 264//1195 303//1196 302//1197
f 264//1198 302//1199 259//1200
f 259//1201 302//1202 307//1203
f 259//1204 307//1205 260//1206
f 306//1207 264//1208 300//1209
f 308//1210 309//1211 310//1212
f 308//1213 310//1214 311//1215
f 312//1216 310//1217 309//1218
f 312//1219 309//1220 313//1221
f 314//1222 292//1223 295//1224
f 314//1225 295//1226 315//1227
f 316//1228 317//1229 318//1230
f 316//1231 318//1232 319//1233
f 311//1234 316//1235 319//1236
f 311//1237 319//1238 308//1239
f 320//1240 321//1241 322//1242
f 320//1243 322//1244 323//1245
f 324//1246 323//1247 322//1248
f 324//1249 322//1250 325//1251
f 317//1252 324//1253 325//1254
f 317//1255 325//1256 318//1257
f 326//1258 314//1259 315//1260
f 326//1261 315//1262 327//1263
f 328//1264 329//1265 330//1266
f 321//1267 320//1268 331//1269
f 321//1270 331//1271 332//1272
f 321//1273 332//1274 329//1275
f 321//1276 329//1277 328//1278
f 189//1279 333//1280 332//1281
f 189//1282 332//1283 331//1284
f 189//1285 331//1286 334//1287
f 189//1288 334//1289 280//1290
f 189//1291 280//1292 279//1293
f 189//1294 279//1295 190//1296
f 335//1297 326//1298 327//1299
f 335//1300 327//1301 336//1302
f 336//1303 337//1304 338//1305
f 336//1306 338//1307 339//1308
f 336//1309 339//1310 340//1311
f 336//1312 340//1313 335//1314
f 341//1315 338//1316 337//1317
f 342//1318 343//1319 338//1320
f 342//1321 338//1322 341//1323
f 342//1324 341//1325 344//1326
f 342//1327 344//1328 345//1329
f 342//1330 345//1331 346//1332
f 342//1333 346//1334 347//1335
f 338//1336 343//1337 339//1338
f 343//1339 196//1340 195//1341
f 343//1342 195//1343 283//1344
f 343//1345 283//1346 284//1347
f 343//1348 284//1349 348//1350
f 343//1351 348//1352 340//1353
f 343//1354 340//1355 339//1356
f 239//1357 349//1358 350//1359
f 239//1360 350//1361 238//1362
f 246//1363 350//1364 349//1365
f 246//1366 349//1367 245//1368
f 351//1369 352//1370 319//1371
f 351//1372 319//1373 318//1374
f 353//1375 351//1376 318//1377
f 353//1378 318//1379 325//1380
f 354//1381 353//1382 325//1383
f 354//1384 325//1385 322//1386
f 321//1387 355//1388 354//1389
f 321//1390 354//1391 322//1392
f 328//1393 356//1394 357//1395
f 328//1396 357//1397 355//1398
f 328//1399 355//1400 321//1401
f 358//1402 356//1403 328//1404
f 358//1405 328//1406 330//1407
f 358//1408 330//1409 359//1410
f 360//1411 361//1412 356//1413
f 360//1414 356//1415 358//1416
f 360//1417 358//1418 362//1419
f 356//1420 361//1421 357//1422
f 333//1423 342//1424 347//1425
f 333//1426 347//1427 363//1428
f 333//1429 363//1430 364//1431
f 333//1432 364//1433 359//1434
f 333//1435 359//1436 330//1437
f 333//1438 330//1439 329//1440
f 333//1441 329//1442 332//1443
f 337//1444 365//1445 366//1446
f 337//1447 366//1448 344//1449
f 337//1450 344//1451 341//1452
f 365//1453 337//1454 336//1455
f 365//1456 336//1457 367//1458
f 365//1459 367//1460 368//1461
f 336//1462 327//1463 369//1464
f 336//1465 369//1466 367//1467
f 315//1468 370//1469 369//1470
f 315//1471 369//1472 327//1473
f 295//1474 371//1475 370//1476
f 295//1477 370//1478 315//1479
f 295//1480 294//1481 372//1482
f 295//1483 372//1484 371//1485
f 294//1486 297//1487 373//1488
f 294//1489 373//1490 372//1491
f 297//1492 296//1493 305//1494
f 297//1495 305//1496 304//1497
f 297//1498 304//1499 373//1500
f 296//1501 303//1502 305//1503
f 374//1504 313//1505 309//1506
f 309//1507 308//1508 375//1509
f 309//1510 375//1511 376//1512
f 309//1513 376//1514 374//1515
f 375//1516 308//1517 319//1518
f 375//1519 319//1520 352//1521
f 274//1522 377//1523 269//1524
f 269//1525 377//1526 312//1527
f 269//1528 312//1529 301//1530
f 301//1531 312//1532 313//1533
f 301//1534 313//1535 378//1536
f 378//1537 313//1538 374//1539
f 378//1540 374//1541 376//1542
f 269//1543 301//1544 263//1545
f 371//1546 372//1547 379//1548
f 371//1549 379//1550 380//1551
f 381//1552 373//1553 304//1554
f 381//1555 304//1556 306//1557
f 381//1558 306//1559 382//1560
f 381//1561 382//1562 383//1563
f 373//1564 381//1565 379//1566
f 373//1567 379//1568 372//1569
f 384//1570 385//1571 386//1572
f 384//1573 386//1574 387//1575
f 384//1576 387//1577 388//1578
f 384//1579 388//1580 300//1581
f 384//1582 300//1583 301//1584
f 384//1585 301//1586 389//1587
f 301//1588 378//1589 390//1590
f 301//1591 390//1592 391//1593
f 301//1594 391//1595 392//1596
f 301//1597 392//1598 393//1599
f 301//1600 393//1601 394//1602
f 301//1603 394//1604 389//1605
f 382//1606 306//1607 300//1608
f 382//1609 300//1610 388//1611
f 395//1612 387//1613 386//1614
f 395//1615 386//1616 396//1617
f 397//1618 388//1619 387//1620
f 397//1621 387//1622 395//1623
f 383//1624 382//1625 388//1626
f 383//1627 388//1628 397//1629
f 378//1630 376//1631 375//1632
f 378//1633 375//1634 398//1635
f 378//1636 398//1637 399//1638
f 378//1639 399//1640 390//1641
f 400//1642 394//1643 393//1644
f 400//1645 393//1646 401//1647
f 396//1648 386//1649 385//1650
f 396//1651 385//1652 402//1653
f 403//1654 391//1655 390//1656
f 403//1657 390//1658 399//1659
f 404//1660 392//1661 391//1662
f 404//1663 391//1664 403//1665
f 401//1666 393//1667 392//1668
f 401//1669 392//1670 404//1671
f 370//1672 371//1673 380//1674
f 370//1675 380//1676 405//1677
f 352//1678 351//1679 406//1680
f 352//1681 406//1682 407//1683
f 398//1684 375//1685 352//1686
f 398//1687 352//1688 407//1689
f 354//1690 355//1691 408//1692
f 354//1693 408//1694 409//1695
f 353//1696 354//1697 409//1698
f 353//1699 409//1700 410//1701
f 351//1702 353//1703 410//1704
f 351//1705 410//1706 406//1707
f 369//1708 370//1709 405//1710
f 369//1711 405//1712 411//1713
f 355//1714 357//1715 361//1716
f 355//1717 361//1718 408//1719
f 367//1720 369//1721 411//1722
f 367//1723 411//1724 412//1725
f 368//1726 367//1727 412//1728
f 368//1729 412//1730 413//1731
f 414//1732 415//1733 416//1734
f 414//1735 416//1736 417//1737
f 418//1738 419//1739 420//1740
f 418//1741 420//1742 421//1743
f 415//1744 418//1745 421//1746
f 415//1747 421//1748 416//1749
f 422//1750 423//1751 424//1752
f 422//1753 424//1754 425//1755
f 426//1756 422//1757 425//1758
f 426//1759 425//1760 427//1761
f 419//1762 426//1763 427//1764
f 419//1765 427//1766 420//1767
f 428//1768 429//1769 430//1770
f 428//1771 430//1772 431//1773
f 432//1774 433//1775 434//1776
f 432//1777 434//1778 435//1779
f 423//1780 436//1781 437//1782
f 423//1783 437//1784 424//1785
f 438//1786 428//1787 431//1788
f 438//1789 431//1790 439//1791
f 440//1792 438//1793 439//1794
f 440//1795 439//1796 441//1797
f 433//1798 440//1799 441//1800
f 433//1801 441//1802 434//1803
f 442//1804 414//1805 417//1806
f 442//1807 417//1808 443//1809
f 444//1810 445//1811 446//1812
f 444//1813 446//1814 447//1815
f 429//1816 444//1817 447//1818
f 429//1819 447//1820 430//1821
f 448//1822 449//1823 450//1824
f 448//1825 450//1826 451//1827
f 452//1828 448//1829 451//1830
f 452//1831 451//1832 453//1833
f 445//1834 452//1835 453//1836
f 445//1837 453//1838 446//1839
f 454//1840 442//1841 443//1842
f 454//1843 443//1844 455//1845
f 456//1846 457//1847 458//1848
f 456//1849 458//1850 459//1851
f 459//1852 450//1853 449//1854
f 459//1855 449//1856 456//1857
f 460//1858 454//1859 455//1860
f 460//1861 455//1862 461//1863
f 462//1864 460//1865 461//1866
f 462//1867 461//1868 463//1869
f 464//1870 462//1871 463//1872
f 464//1873 463//1874 465//1875
f 466//1876 467//1877 447//1878
f 466//1879 447//1880 446//1881
f 468//1882 466//1883 446//1884
f 468//1885 446//1886 453//1887
f 469//1888 468//1889 453//1890
f 469//1891 453//1892 451//1893
f 450//1894 470//1895 469//1896
f 450//1897 469//1898 451//1899
f 450//1900 459//1901 471//1902
f 450//1903 471//1904 472//1905
f 450//1906 472//1907 470//1908
f 459//1909 458//1910 473//1911
f 459//1912 473//1913 471//1914
f 474//1915 475//1916 471//1917
f 474//1918 471//1919 473//1920
f 474//1921 473//1922 476//1923
f 471//1924 475//1925 472//1926
f 463//1927 477//1928 478//1929
f 463//1930 478//1931 465//1932
f 463//1933 461//1934 479//1935
f 463//1936 479//1937 480//1938
f 463//1939 480//1940 477//1941
f 461//1942 455//1943 481//1944
f 461//1945 481//1946 479//1947
f 443//1948 482//1949 481//1950
f 443//1951 481//1952 455//1953
f 417//1954 483//1955 482//1956
f 417//1957 482//1958 443//1959
f 416//1960 484//1961 483//1962
f 416//1963 483//1964 417//1965
f 416//1966 421//1967 485//1968
f 416//1969 485//1970 484//1971
f 421//1972 420//1973 486//1974
f 421//1975 486//1976 485//1977
f 420//1978 427//1979 487//1980
f 420//1981 487//1982 486//1983
f 487//1984 427//1985 425//1986
f 487//1987 425//1988 488//1989
f 488//1990 425//1991 424//1992
f 488//1993 424//1994 489//1995
f 489//1996 424//1997 437//1998
f 489//1999 437//2000 490//2001
f 491//2002 435//2003 434//2004
f 491//2005 434//2006 492//2007
f 493//2008 492//2009 434//2010
f 493//2011 434//2012 441//2013
f 494//2014 493//2015 441//2016
f 494//2017 441//2018 439//2019
f 494//2020 439//2021 431//2022
f 494//2023 431//2024 495//2025
f 495//2026 431//2027 430//2028
f 495//2029 430//2030 496//2031
f 496//2032 430//2033 447//2034
f 496//2035 447//2036 467//2037
f 483//2038 484//2039 497//2040
f 483//2041 497//2042 498//2043
f 485//2044 486//2045 499//2046
f 485//2047 499//2048 500//2049
f 484//2050 485//2051 500//2052
f 484//2053 500//2054 497//2055
f 488//2056 489//2057 501//2058
f 488//2059 501//2060 502//2061
f 487//2062 488//2063 502//2064
f 487//2065 502//2066 503//2067
f 486//2068 487//2069 503//2070
f 486//2071 503//2072 499//2073
f 495//2074 496//2075 504//2076
f 495//2077 504//2078 505//2079
f 491//2080 492//2081 506//2082
f 491//2083 506//2084 507//2085
f 489//2086 490//2087 508//2088
f 489//2089 508//2090 501//2091
f 494//2092 495//2093 505//2094
f 494//2095 505//2096 509//2097
f 493//2098 494//2099 509//2100
f 493//2101 509//2102 510//2103
f 492//2104 493//2105 510//2106
f 492//2107 510//2108 506//2109
f 482//2110 483//2111 498//2112
f 482//2113 498//2114 511//2115
f 467//2116 466//2117 512//2118
f 467//2119 512//2120 513//2121
f 496//2122 467//2123 513//2124
f 496//2125 513//2126 504//2127
f 469//2128 470//2129 514//2130
f 469//2131 514//2132 515//2133
f 468//2134 469//2135 515//2136
f 468//2137 515//2138 516//2139
f 466//2140 468//2141 516//2142
f 466//2143 516//2144 512//2145
f 481//2146 482//2147 511//2148
f 481//2149 511//2150 517//2151
f 470//2152 472//2153 475//2154
f 470//2155 475//2156 514//2157
f 479//2158 481//2159 517//2160
f 479//2161 517//2162 518//2163
f 480//2164 479//2165 518//2166
f 480//2167 518//2168 519//2169
f 520//2170 521//2171 522//2172
f 520//2173 522//2174 523//2175
f 524//2176 525//2177 526//2178
f 524//2179 526//2180 527//2181
f 521//2182 524//2183 527//2184
f 521//2185 527//2186 522//2187
f 528//2188 529//2189 530//2190
f 528//2191 530//2192 531//2193
f 532//2194 528//2195 531//2196
f 532//2197 531//2198 533//2199
f 525//2200 532//2201 533//2202
f 525//2203 533//2204 526//2205
f 534//2206 535//2207 536//2208
f 534//2209 536//2210 537//2211
f 538//2212 539//2213 540//2214
f 538//2215 540//2216 541//2217
f 529//2218 542//2219 543//2220
f 529//2221 543//2222 530//2223
f 544//2224 384//2225 389//2226
f 544//2227 389//2228 545//2229
f 402//2230 385//2231 436//2232
f 436//2233 385//2234 384//2235
f 436//2236 384//2237 437//2238
f 437//2239 384//2240 542//2241
f 437//2242 542//2243 508//2244
f 543//2245 542//2246 384//2247
f 543//2248 384//2249 544//2250
f 543//2251 544//2252 546//2253
f 543//2254 546//2255 547//2256
f 437//2257 508//2258 490//2259
f 548//2260 549//2261 541//2262
f 541//2263 549//2264 545//2265
f 541//2266 545//2267 538//2268
f 538//2269 545//2270 435//2271
f 538//2272 435//2273 491//2274
f 432//2275 435//2276 545//2277
f 432//2278 545//2279 389//2280
f 432//2281 389//2282 394//2283
f 432//2284 394//2285 400//2286
f 538//2287 491//2288 507//2289
f 550//2290 534//2291 537//2292
f 550//2293 537//2294 551//2295
f 552//2296 550//2297 551//2298
f 552//2299 551//2300 553//2301
f 539//2302 552//2303 553//2304
f 539//2305 553//2306 540//2307
f 554//2308 520//2309 523//2310
f 554//2311 523//2312 555//2313
f 556//2314 557//2315 558//2316
f 556//2317 558//2318 559//2319
f 535//2320 556//2321 559//2322
f 535//2323 559//2324 536//2325
f 560//2326 561//2327 562//2328
f 560//2329 562//2330 563//2331
f 564//2332 560//2333 563//2334
f 564//2335 563//2336 565//2337
f 557//2338 564//2339 565//2340
f 557//2341 565//2342 558//2343
f 566//2344 554//2345 555//2346
f 566//2347 555//2348 567//2349
f 568//2350 569//2351 570//2352
f 568//2353 570//2354 571//2355
f 561//2356 568//2357 571//2358
f 561//2359 571//2360 562//2361
f 476//2362 458//2363 569//2364
f 569//2365 458//2366 364//2367
f 569//2368 364//2369 570//2370
f 570//2371 364//2372 572//2373
f 570//2374 572//2375 573//2376
f 574//2377 575//2378 570//2379
f 574//2380 570//2381 573//2382
f 457//2383 362//2384 359//2385
f 457//2386 359//2387 364//2388
f 457//2389 364//2390 458//2391
f 359//2392 362//2393 358//2394
f 458//2395 476//2396 473//2397
f 572//2398 364//2399 363//2400
f 572//2401 363//2402 576//2403
f 577//2404 566//2405 567//2406
f 577//2407 567//2408 578//2409
f 579//2410 577//2411 578//2412
f 579//2413 578//2414 580//2415
f 581//2416 579//2417 580//2418
f 581//2419 580//2420 582//2421
f 347//2422 583//2423 576//2424
f 347//2425 576//2426 363//2427
f 584//2428 585//2429 559//2430
f 584//2431 559//2432 558//2433
f 586//2434 584//2435 558//2436
f 586//2437 558//2438 565//2439
f 587//2440 586//2441 565//2442
f 587//2443 565//2444 563//2445
f 562//2446 588//2447 587//2448
f 562//2449 587//2450 563//2451
f 571//2452 589//2453 590//2454
f 571//2455 590//2456 588//2457
f 571//2458 588//2459 562//2460
f 571//2461 570//2462 575//2463
f 571//2464 575//2465 589//2466
f 591//2467 592//2468 589//2469
f 591//2470 589//2471 575//2472
f 591//2473 575//2474 574//2475
f 589//2476 592//2477 590//2478
f 580//2479 593//2480 594//2481
f 580//2482 594//2483 582//2484
f 580//2485 578//2486 595//2487
f 580//2488 595//2489 596//2490
f 580//2491 596//2492 593//2493
f 578//2494 567//2495 597//2496
f 578//2497 597//2498 595//2499
f 555//2500 598//2501 597//2502
f 555//2503 597//2504 567//2505
f 523//2506 599//2507 598//2508
f 523//2509 598//2510 555//2511
f 522//2512 600//2513 599//2514
f 522//2515 599//2516 523//2517
f 522//2518 527//2519 601//2520
f 522//2521 601//2522 600//2523
f 527//2524 526//2525 602//2526
f 527//2527 602//2528 601//2529
f 526//2530 533//2531 603//2532
f 526//2533 603//2534 602//2535
f 603//2536 533//2537 531//2538
f 603//2539 531//2540 604//2541
f 604//2542 531//2543 530//2544
f 604//2545 530//2546 605//2547
f 605//2548 530//2549 543//2550
f 605//2551 543//2552 547//2553
f 606//2554 548//2555 541//2556
f 606//2557 541//2558 540//2559
f 607//2560 606//2561 540//2562
f 607//2563 540//2564 553//2565
f 608//2566 607//2567 553//2568
f 608//2569 553//2570 551//2571
f 608//2572 551//2573 537//2574
f 608//2575 537//2576 609//2577
f 609//2578 537//2579 536//2580
f 609//2581 536//2582 610//2583
f 610//2584 536//2585 559//2586
f 610//2587 559//2588 585//2589
f 599//2590 600//2591 611//2592
f 599//2593 611//2594 612//2595
f 613//2596 614//2597 615//2598
f 613//2599 615//2600 601//2601
f 613//2602 601//2603 602//2604
f 613//2605 602//2606 616//2607
f 601//2608 615//2609 611//2610
f 601//2611 611//2612 600//2613
f 617//2614 618//2615 544//2616
f 617//2617 544//2618 545//2619
f 617//2620 545//2621 619//2622
f 617//2623 619//2624 620//2625
f 617//2626 620//2627 621//2628
f 617//2629 621//2630 622//2631
f 617//2632 622//2633 623//2634
f 544//2635 618//2636 624//2637
f 544//2638 624//2639 625//2640
f 544//2641 625//2642 626//2643
f 544//2644 626//2645 546//2646
f 618//2647 613//2648 616//2649
f 618//2650 616//2651 624//2652
f 619//2653 545//2654 549//2655
f 604//2656 605//2657 626//2658
f 604//2659 626//2660 625//2661
f 603//2662 604//2663 625//2664
f 603//2665 625//2666 624//2667
f 602//2668 603//2669 624//2670
f 602//2671 624//2672 616//2673
f 610//2674 627//2675 628//2676
f 610//2677 628//2678 623//2679
f 610//2680 623//2681 622//2682
f 610//2683 622//2684 609//2685
f 548//2686 606//2687 619//2688
f 548//2689 619//2690 549//2691
f 605//2692 547//2693 546//2694
f 605//2695 546//2696 626//2697
f 608//2698 609//2699 622//2700
f 608//2701 622//2702 621//2703
f 607//2704 608//2705 621//2706
f 607//2707 621//2708 620//2709
f 606//2710 607//2711 620//2712
f 606//2713 620//2714 619//2715
f 598//2716 599//2717 612//2718
f 598//2719 612//2720 629//2721
f 585//2722 584//2723 630//2724
f 585//2725 630//2726 631//2727
f 627//2728 610//2729 585//2730
f 627//2731 585//2732 631//2733
f 587//2734 588//2735 632//2736
f 587//2737 632//2738 633//2739
f 586//2740 587//2741 633//2742
f 586//2743 633//2744 634//2745
f 584//2746 586//2747 634//2748
f 584//2749 634//2750 630//2751
f 597//2752 598//2753 629//2754
f 597//2755 629//2756 635//2757
f 588//2758 590//2759 592//2760
f 588//2761 592//2762 632//2763
f 595//2764 597//2765 635//2766
f 595//2767 635//2768 636//2769
f 596//2770 595//2771 636//2772
f 596//2773 636//2774 637//2775
f 638//2776 639//2777 640//2778
f 638//2779 640//2780 641//2781
f 642//2782 643//2783 644//2784
f 642//2785 644//2786 645//2787
f 639//2788 644//2789 643//2790
f 639//2791 643//2792 640//2793
f 646//2794 618//2795 617//2796
f 646//2797 617//2798 647//2799
f 645//2800 648//2801 649//2802
f 645//2803 649//2804 642//2805
f 650//2806 651//2807 652//2808
f 652//2809 651//2810 649//2811
f 652//2812 649//2813 618//2814
f 618//2815 649//2816 648//2817
f 618//2818 648//2819 613//2820
f 613//2821 648//2822 653//2823
f 613//2824 653//2825 614//2826
f 652//2827 618//2828 646//2829
f 654//2830 655//2831 656//2832
f 654//2833 656//2834 657//2835
f 658//2836 656//2837 655//2838
f 658//2839 655//2840 659//2841
f 660//2842 638//2843 641//2844
f 660//2845 641//2846 661//2847
f 662//2848 663//2849 664//2850
f 662//2851 664//2852 665//2853
f 657//2854 662//2855 665//2856
f 657//2857 665//2858 654//2859
f 666//2860 667//2861 668//2862
f 666//2863 668//2864 669//2865
f 670//2866 666//2867 669//2868
f 670//2869 669//2870 671//2871
f 663//2872 670//2873 671//2874
f 663//2875 671//2876 664//2877
f 672//2878 660//2879 661//2880
f 672//2881 661//2882 673//2883
f 674//2884 675//2885 676//2886
f 667//2887 674//2888 676//2889
f 667//2890 676//2891 677//2892
f 667//2893 677//2894 678//2895
f 667//2896 678//2897 668//2898
f 679//2899 677//2900 676//2901
f 679//2902 676//2903 675//2904
f 679//2905 675//2906 573//2907
f 679//2908 573//2909 572//2910
f 679//2911 572//2912 576//2913
f 679//2914 576//2915 680//2916
f 680//2917 576//2918 583//2919
f 681//2920 682//2921 672//2922
f 681//2923 672//2924 673//2925
f 682//2926 681//2927 683//2928
f 682//2929 683//2930 684//2931
f 682//2932 684//2933 685//2934
f 682//2935 685//2936 686//2937
f 687//2938 686//2939 685//2940
f 688//2941 689//2942 690//2943
f 688//2944 690//2945 691//2946
f 692//2947 690//2948 689//2949
f 692//2950 689//2951 693//2952
f 694//2953 695//2954 665//2955
f 694//2956 665//2957 664//2958
f 696//2959 694//2960 664//2961
f 696//2962 664//2963 671//2964
f 697//2965 696//2966 671//2967
f 697//2968 671//2969 669//2970
f 668//2971 698//2972 699//2973
f 668//2974 699//2975 697//2976
f 668//2977 697//2978 669//2979
f 668//2980 678//2981 698//2982
f 700//2983 701//2984 702//2985
f 700//2986 702//2987 703//2988
f 683//2989 681//2990 704//2991
f 681//2992 673//2993 705//2994
f 681//2995 705//2996 706//2997
f 681//2998 706//2999 704//3000
f 661//3001 707//3002 705//3003
f 661//3004 705//3005 673//3006
f 641//3007 708//3008 707//3009
f 641//3010 707//3011 661//3012
f 641//3013 640//3014 709//3015
f 641//3016 709//3017 708//3018
f 710//3019 700//3020 703//3021
f 710//3022 703//3023 711//3024
f 640//3025 643//3026 712//3027
f 640//3028 712//3029 709//3030
f 643//3031 642//3032 651//3033
f 643//3034 651//3035 650//3036
f 643//3037 650//3038 712//3039
f 642//3040 649//3041 651//3042
f 713//3043 659//3044 655//3045
f 655//3046 654//3047 714//3048
f 655//3049 714//3050 715//3051
f 655//3052 715//3053 713//3054
f 714//3055 654//3056 665//3057
f 714//3058 665//3059 695//3060
f 628//3061 716//3062 623//3063
f 623//3064 716//3065 658//3066
f 623//3067 658//3068 647//3069
f 647//3070 658//3071 659//3072
f 647//3073 659//3074 717//3075
f 717//3076 659//3077 713//3078
f 717//3079 713//3080 715//3081
f 623//3082 647//3083 617//3084
f 708//3085 709//3086 718//3087
f 708//3088 718//3089 719//3090
f 720//3091 712//3092 650//3093
f 720//3094 650//3095 652//3096
f 720//3097 652//3098 721//3099
f 720//3100 721//3101 722//3102
f 712//3103 720//3104 718//3105
f 712//3106 718//3107 709//3108
f 723//3109 724//3110 725//3111
f 723//3112 725//3113 726//3114
f 723//3115 726//3116 727//3117
f 723//3118 727//3119 646//3120
f 723//3121 646//3122 647//3123
f 723//3124 647//3125 728//3126
f 647//3127 717//3128 729//3129
f 647//3130 729//3131 730//3132
f 647//3133 730//3134 731//3135
f 647//3136 731//3137 732//3138
f 647//3139 732//3140 733//3141
f 647//3142 733//3143 728//3144
f 721//3145 652//3146 646//3147
f 721//3148 646//3149 727//3150
f 734//3151 726//3152 725//3153
f 734//3154 725//3155 735//3156
f 736//3157 727//3158 726//3159
f 736//3160 726//3161 734//3162
f 722//3163 721//3164 727//3165
f 722//3166 727//3167 736//3168
f 717//3169 715//3170 714//3171
f 717//3172 714//3173 737//3174
f 717//3175 737//3176 738//3177
f 717//3178 738//3179 729//3180
f 739//3181 733//3182 732//3183
f 739//3184 732//3185 740//3186
f 725//3187 724//3188 741//3189
f 725//3190 741//3191 735//3192
f 742//3193 730//3194 729//3195
f 742//3196 729//3197 738//3198
f 743//3199 731//3200 730//3201
f 743//3202 730//3203 742//3204
f 740//3205 732//3206 731//3207
f 740//3208 731//3209 743//3210
f 744//3211 707//3212 708//3213
f 744//3214 708//3215 719//3216
f 695//3217 694//3218 745//3219
f 695//3220 745//3221 746//3222
f 737//3223 714//3224 695//3225
f 737//3226 695//3227 746//3228
f 697//3229 699//3230 747//3231
f 697//3232 747//3233 748//3234
f 697//3235 749//3236 750//3237
f 697//3238 750//3239 696//3240
f 694//3241 696//3242 750//3243
f 694//3244 750//3245 745//3246
f 751//3247 748//3248 747//3249
f 751//3250 747//3251 699//3252
f 751//3253 699//3254 698//3255
f 751//3256 698//3257 678//3258
f 751//3259 678//3260 677//3261
f 751//3262 677//3263 679//3264
f 707//3265 744//3266 752//3267
f 707//3268 752//3269 753//3270
f 707//3271 753//3272 754//3273
f 707//3274 754//3275 705//3276
f 755//3277 756//3278 684//3279
f 755//3280 684//3281 683//3282
f 755//3283 683//3284 704//3285
f 755//3286 704//3287 706//3288
f 755//3289 706//3290 754//3291
f 755//3292 754//3293 753//3294
f 706//3295 705//3296 754//3297
f 757//3298 758//3299 759//3300
f 757//3301 759//3302 760//3303
f 761//3304 757//3305 760//3306
f 761//3307 760//3308 762//3309
f 711//3310 763//3311 764//3312
f 711//3313 764//3314 710//3315
f 701//3316 765//3317 766//3318
f 701//3319 766//3320 702//3321
f 767//3322 768//3323 769//3324
f 767//3325 769//3326 770//3327
f 771//3328 767//3329 770//3330
f 771//3331 770//3332 772//3333
f 691//3334 773//3335 774//3336
f 691//3337 774//3338 688//3339
f 693//3340 775//3341 776//3342
f 693//3343 776//3344 692//3345
f 777//3346 778//3347 779//3348
f 777//3349 779//3350 780//3351
f 781//3352 782//3353 778//3354
f 781//3355 778//3356 777//3357
f 783//3358 784//3359 785//3360
f 783//3361 785//3362 786//3363
f 787//3364 788//3365 789//3366
f 787//3367 789//3368 790//3369
f 784//3370 787//3371 790//3372
f 784//3373 790//3374 785//3375
f 791//3376 792//3377 793//3378
f 791//3379 793//3380 794//3381
f 795//3382 791//3383 794//3384
f 795//3385 794//3386 796//3387
f 788//3388 795//3389 796//3390
f 788//3391 796//3392 789//3393
f 797//3394 798//3395 799//3396
f 797//3397 799//3398 800//3399
f 801//3400 802//3401 803//3402
f 801//3403 803//3404 804//3405
f 792//3406 805//3407 806//3408
f 792//3409 806//3410 793//3411
f 807//3412 797//3413 800//3414
f 807//3415 800//3416 808//3417
f 809//3418 807//3419 808//3420
f 809//3421 808//3422 810//3423
f 802//3424 809//3425 810//3426
f 802//3427 810//3428 803//3429
f 811//3430 783//3431 786//3432
f 811//3433 786//3434 812//3435
f 813//3436 814//3437 815//3438
f 813//3439 815//3440 816//3441
f 798//3442 813//3443 816//3444
f 798//3445 816//3446 799//3447
f 817//3448 818//3449 819//3450
f 817//3451 819//3452 820//3453
f 814//3454 817//3455 820//3456
f 814//3457 820//3458 815//3459
f 821//3460 811//3461 812//3462
f 821//3463 812//3464 822//3465
f 823//3466 824//3467 825//3468
f 823//3469 825//3470 826//3471
f 758//3472 825//3473 824//3474
f 758//3475 824//3476 759//3477
f 827//3478 828//3479 829//3480
f 827//3481 829//3482 830//3483
f 762//3484 827//3485 830//3486
f 762//3487 830//3488 761//3489
f 831//3490 764//3491 763//3492
f 831//3493 763//3494 832//3495
f 833//3496 766//3497 765//3498
f 833//3499 765//3500 834//3501
f 835//3502 836//3503 837//3504
f 835//3505 837//3506 838//3507
f 836//3508 769//3509 768//3510
f 836//3511 768//3512 837//3513
f 839//3514 840//3515 841//3516
f 839//3517 841//3518 842//3519
f 842//3520 771//3521 772//3522
f 842//3523 772//3524 839//3525
f 843//3526 774//3527 773//3528
f 843//3529 773//3530 844//3531
f 845//3532 776//3533 775//3534
f 845//3535 775//3536 846//3537
f 847//3538 782//3539 781//3540
f 847//3541 781//3542 848//3543
f 849//3544 850//3545 851//3546
f 849//3547 851//3548 852//3549
f 779//3550 851//3551 850//3552
f 779//3553 850//3554 780//3555
f 848//3556 853//3557 854//3558
f 848//3559 854//3560 847//3561
f 855//3562 816//3563 815//3564
f 855//3565 815//3566 856//3567
f 857//3568 856//3569 815//3570
f 857//3571 815//3572 820//3573
f 858//3574 857//3575 820//3576
f 858//3577 820//3578 819//3579
f 812//3580 859//3581 860//3582
f 812//3583 860//3584 822//3585
f 786//3586 861//3587 859//3588
f 786//3589 859//3590 812//3591
f 785//3592 862//3593 861//3594
f 785//3595 861//3596 786//3597
f 785//3598 790//3599 863//3600
f 785//3601 863//3602 862//3603
f 790//3604 789//3605 864//3606
f 790//3607 864//3608 863//3609
f 789//3610 796//3611 865//3612
f 789//3613 865//3614 864//3615
f 865//3616 796//3617 794//3618
f 865//3619 794//3620 866//3621
f 866//3622 794//3623 793//3624
f 866//3625 793//3626 867//3627
f 867//3628 793//3629 806//3630
f 867//3631 806//3632 868//3633
f 869//3634 870//3635 804//3636
f 869//3637 804//3638 803//3639
f 871//3640 869//3641 803//3642
f 871//3643 803//3644 810//3645
f 872//3646 871//3647 810//3648
f 872//3649 810//3650 808//3651
f 872//3652 808//3653 800//3654
f 872//3655 800//3656 873//3657
f 873//3658 800//3659 799//3660
f 873//3661 799//3662 874//3663
f 874//3664 799//3665 816//3666
f 874//3667 816//3668 855//3669
f 861//3670 862//3671 875//3672
f 861//3673 875//3674 876//3675
f 863//3676 864//3677 877//3678
f 863//3679 877//3680 878//3681
f 862//3682 863//3683 878//3684
f 862//3685 878//3686 875//3687
f 866//3688 867//3689 879//3690
f 866//3691 879//3692 880//3693
f 865//3694 866//3695 880//3696
f 865//3697 880//3698 881//3699
f 864//3700 865//3701 881//3702
f 864//3703 881//3704 877//3705
f 873//3706 874//3707 882//3708
f 873//3709 882//3710 883//3711
f 870//3712 869//3713 884//3714
f 870//3715 884//3716 885//3717
f 867//3718 868//3719 886//3720
f 867//3721 886//3722 879//3723
f 872//3724 873//3725 883//3726
f 872//3727 883//3728 887//3729
f 871//3730 872//3731 887//3732
f 871//3733 887//3734 888//3735
f 869//3736 871//3737 888//3738
f 869//3739 888//3740 884//3741
f 876//3742 889//3743 890//3744
f 876//3745 890//3746 891//3747
f 876//3748 891//3749 892//3750
f 876//3751 892//3752 859//3753
f 876//3754 859//3755 861//3756
f 855//3757 856//3758 893//3759
f 855//3760 893//3761 894//3762
f 874//3763 855//3764 894//3765
f 874//3766 894//3767 882//3768
f 895//3769 755//3770 753//3771
f 895//3772 753//3773 752//3774
f 895//3775 752//3776 821//3777
f 895//3778 821//3779 822//3780
f 895//3781 822//3782 860//3783
f 895//3784 860//3785 892//3786
f 895//3787 892//3788 891//3789
f 896//3790 897//3791 898//3792
f 857//3793 858//3794 899//3795
f 900//3796 897//3797 896//3798
f 900//3799 896//3800 893//3801
f 900//3802 893//3803 857//3804
f 900//3805 857//3806 899//3807
f 857//3808 893//3809 856//3810
f 901//3811 900//3812 899//3813
f 901//3814 899//3815 858//3816
f 901//3817 858//3818 819//3819
f 901//3820 819//3821 818//3822
f 901//3823 818//3824 751//3825
f 818//3826 749//3827 748//3828
f 818//3829 748//3830 751//3831
f 902//3832 890//3833 889//3834
f 892//3835 860//3836 859//3837
f 903//3838 904//3839 905//3840
f 903//3841 905//3842 906//3843
f 907//3844 908//3845 909//3846
f 907//3847 909//3848 910//3849
f 904//3850 907//3851 910//3852
f 904//3853 910//3854 905//3855
f 911//3856 912//3857 913//3858
f 911//3859 913//3860 914//3861
f 915//3862 911//3863 914//3864
f 915//3865 914//3866 916//3867
f 908//3868 915//3869 916//3870
f 908//3871 916//3872 909//3873
f 917//3874 918//3875 919//3876
f 917//3877 919//3878 920//3879
f 921//3880 922//3881 923//3882
f 921//3883 923//3884 924//3885
f 912//3886 925//3887 926//3888
f 912//3889 926//3890 913//3891
f 927//3892 723//3893 728//3894
f 927//3895 728//3896 928//3897
f 741//3898 724//3899 805//3900
f 805//3901 724//3902 723//3903
f 805//3904 723//3905 806//3906
f 806//3907 723//3908 925//3909
f 806//3910 925//3911 886//3912
f 926//3913 925//3914 723//3915
f 926//3916 723//3917 927//3918
f 926//3919 927//3920 929//3921
f 926//3922 929//3923 930//3924
f 806//3925 886//3926 868//3927
f 931//3928 932//3929 921//3930
f 921//3931 932//3932 928//3933
f 921//3934 928//3935 922//3936
f 922//3937 928//3938 804//3939
f 922//3940 804//3941 870//3942
f 801//3943 804//3944 928//3945
f 801//3946 928//3947 728//3948
f 801//3949 728//3950 733//3951
f 801//3952 733//3953 739//3954
f 922//3955 870//3956 885//3957
f 933//3958 917//3959 920//3960
f 933//3961 920//3962 934//3963
f 935//3964 933//3965 934//3966
f 935//3967 934//3968 936//3969
f 923//3970 935//3971 936//3972
f 923//3973 936//3974 924//3975
f 937//3976 903//3977 906//3978
f 937//3979 906//3980 938//3981
f 939//3982 940//3983 941//3984
f 939//3985 941//3986 942//3987
f 918//3988 939//3989 942//3990
f 918//3991 942//3992 919//3993
f 943//3994 944//3995 945//3996
f 943//3997 945//3998 946//3999
f 940//4000 943//4001 946//4002
f 940//4003 946//4004 941//4005
f 947//4006 948//4007 949//4008
f 947//4009 949//4010 945//4011
f 947//4012 945//4013 944//4014
f 947//4015 944//4016 898//4017
f 947//4018 898//4019 897//4020
f 947//4021 897//4022 900//4023
f 947//4024 900//4025 901//4026
f 950//4027 937//4028 938//4029
f 950//4030 938//4031 951//4032
f 895//4033 891//4034 890//4035
f 895//4036 890//4037 902//4038
f 895//4039 902//4040 950//4041
f 895//4042 950//4043 951//4044
f 895//4045 951//4046 952//4047
f 951//4048 953//4049 954//4050
f 951//4051 954//4052 952//4053
f 826//4054 955//4055 956//4056
f 826//4057 956//4058 823//4059
f 828//4060 957//4061 958//4062
f 828//4063 958//4064 829//4065
f 832//4066 959//4067 960//4068
f 832//4069 960//4070 831//4071
f 961//4072 833//4073 834//4074
f 961//4075 834//4076 962//4077
f 963//4078 835//4079 838//4080
f 963//4081 838//4082 964//4083
f 840//4084 965//4085 966//4086
f 840//4087 966//4088 841//4089
f 967//4090 843//4091 844//4092
f 967//4093 844//4094 968//4095
f 969//4096 845//4097 846//4098
f 969//4099 846//4100 970//4101
f 971//4102 854//4103 853//4104
f 971//4105 853//4106 972//4107
f 852//4108 973//4109 974//4110
f 852//4111 974//4112 849//4113
f 851//4114 779//4115 778//4116
f 851//4117 778//4118 782//4119
f 851//4120 782//4121 847//4122
f 851//4123 847//4124 854//4125
f 851//4126 854//4127 971//4128
f 851//4129 971//4130 975//4131
f 851//4132 975//4133 976//4134
f 851//4135 976//4136 977//4137
f 851//4138 977//4139 973//4140
f 851//4141 973//4142 852//4143
f 978//4144 979//4145 942//4146
f 978//4147 942//4148 941//4149
f 980//4150 978//4151 941//4152
f 980//4153 941//4154 946//4155
f 949//4156 980//4157 946//4158
f 949//4159 946//4160 945//4161
f 981//4162 958//4163 957//4164
f 981//4165 957//4166 982//4167
f 983//4168 961//4169 962//4170
f 983//4171 962//4172 984//4173
f 965//4174 985//4175 986//4176
f 965//4177 986//4178 966//4179
f 973//4180 977//4181 987//4182
f 973//4183 987//4184 974//4185
f 988//4186 953//4187 951//4188
f 988//4189 951//4190 938//4191
f 906//4192 989//4193 988//4194
f 906//4195 988//4196 938//4197
f 905//4198 990//4199 989//4200
f 905//4201 989//4202 906//4203
f 991//4204 956//4205 955//4206
f 991//4207 955//4208 992//4209
f 993//4210 960//4211 959//4212
f 993//4213 959//4214 994//4215
f 995//4216 963//4217 964//4218
f 995//4219 964//4220 996//4221
f 972//4222 997//4223 975//4224
f 972//4225 975//4226 971//4227
f 905//4228 910//4229 998//4230
f 905//4231 998//4232 990//4233
f 910//4234 909//4235 999//4236
f 910//4237 999//4238 998//4239
f 909//4240 916//4241 1000//4242
f 1001//4243 1002//4244 1003//4245
f 1004//4246 1005//4247 1006//4248
f 1007//4249 1008//4250 1009//4251
f 1010//4252 1011//4253 1012//4254
f 1013//4255 1014//4256 1015//4257
f 1016//4258 1017//4259 1018//4260
f 1019//4261 1020//4262 1021//4263
f 1022//4264 1023//4265 1024//4266
f 1025//4267 1026//4268 1027//4269
f 1028//4270 1029//4271 1030//4272
f 1031//4273 1032//4274 1033//4275
f 1034//4276 1035//4277 1036//4278
f 1037//4279 1038//4280 1039//4281
f 1040//4282 1041//4283 1042//4284
f 1043//4285 1044//4286 1045//4287
f 1046//4288 1047//4289 1048//4290
f 1049//4291 1050//4292 1051//4293
f 1052//4294 1053//4295 1054//4296
f 1055//4297 1056//4298 1057//4299
f 1058//4300 1059//4301 1060//4302
f 1061//4303 1062//4304 1063//4305
f 1064//4306 1065//4307 1066//4308
f 1067//4309 1068//4310 1069//4311
f 1070//4312 1071//4313 1072//4314
f 1073//4315 1074//4316 1075//4317
f 1076//4318 1077//4319 1078//4320
f 1079//4321 1080//4322 1081//4323
f 1082//4324 1083//4325 1084//4326
f 1085//4327 1086//4328 1087//4329
f 1088//4330 1089//4331 1090//4332
f 1091//4333 1092//4334 1093//4335
f 1094//4336 1095//4337 1096//4338
f 1097//4339 1098//4340 1099//4341
f 1100//4342 1101//4343 1102//4344
f 1103//4345 1104//4346 1105//4347
f 1106//4348 1107//4349 1108//4350
f 1109//4351 1110//4352 1111//4353
f 1112//4354 1113//4355 1114//4356
f 1115//4357 1116//4358 1117//4359
f 1118//4360 1119//4361 1120//4362
f 1121//4363 1122//4364 1123//4365
f 1124//4366 1125//4367 1126//4368
f 1127//4369 1128//4370 1129//4371
f 1130//4372 1131//4373 1132//4374
f 1133//4375 1134//4376 1135//4377
f 1136//4378 1137//4379 1138//4380
f 1139//4381 1140//4382 1141//4383
f 1142//4384 1143//4385 1144//4386
f 1145//4387 1146//4388 1147//4389
f 1148//4390 1149//4391 1150//4392
f 1151//4393 1152//4394 1153//4395
f 1154//4396 1155//4397 1156//4398
f 1157//4399 1158//4400 1159//4401
f 1160//4402 1161//4403 1162//4404
f 1163//4405 1164//4406 1165//4407
f 1166//4408 1167//4409 1168//4410
f 1169//4411 1170//4412 1171//4413
f 1172//4414 1173//4415 1174//4416
f 1175//4417 1176//4418 1177//4419
f 1178//4420 1179//4421 1180//4422
f 1181//4423 1182//4424 1183//4425
f 1184//4426 1185//4427 1186//4428
f 1187//4429 1188//4430 1189//4431
f 1190//4432 1191//4433 1192//4434
f 1193//4435 1194//4436 1195//4437
f 1196//4438 1197//4439 1198//4440
f 1199//4441 1200//4442 1201//4443
f 1202//4444 1203//4445 1204//4446
f 1205//4447 1206//4448 1207//4449
f 1208//4450 1209//4451 1210//4452
f 1211//4453 1212//4454 1213//4455
f 1214//4456 1215//4457 1216//4458
f 1217//4459 1218//4460 1219//4461
f 1220//4462 1221//4463 1222//4464
f 1223//4465 1224//4466 1225//4467
f 1226//4468 1227//4469 1228//4470
f 1229//4471 1230//4472 1231//4473
f 1232//4474 1233//4475 1234//4476
f 1235//4477 1236//4478 1237//4479
f 1238//4480 1239//4481 1240//4482
f 1241//4483 1242//4484 1243//4485
f 1244//4486 1245//4487 1246//4488
f 1247//4489 1248//4490 1249//4491
f 1250//4492 1251//4493 1252//4494
f 1253//4495 1254//4496 1255//4497
f 1256//4498 1257//4499 1258//4500
f 1259//4501 1260//4502 1261//4503
f 1262//4504 1263//4505 1264//4506
f 1265//4507 1266//4508 1267//4509
f 1268//4510 1269//4511 1270//4512
f 1271//4513 1272//4514 1273//4515
f 1274//4516 1275//4517 1276//4518
f 1277//4519 1278//4520 1279//4521
f 1280//4522 1281//4523 1282//4524
f 1283//4525 1284//4526 1285//4527
f 1286//4528 1287//4529 1288//4530
f 1289//4531 1290//4532 1291//4533
f 1292//4534 1293//4535 1294//4536
f 1295//4537 1296//4538 1297//4539
f 1298//4540 1299//4541 1300//4542
f 1301//4543 1302//4544 1303//4545
f 1304//4546 1305//4547 1306//4548
f 1307//4549 1308//4550 1309//4551
f 1310//4552 1311//4553 1312//4554
f 1313//4555 1314//4556 1315//4557
f 1316//4558 1317//4559 1318//4560
f 1319//4561 1320//4562 1321//4563
f 1322//4564 1323//4565 1324//4566
f 1325//4567 1326//4568 1327//4569
f 1328//4570 1329//4571 1330//4572
f 1331//4573 1332//4574 1333//4575
f 1334//4576 1335//4577 1336//4578
f 1337//4579 1338//4580 1339//4581
f 1340//4582 1341//4583 1342//4584
f 1343//4585 1344//4586 1345//4587
f 1346//4588 1347//4589 1348//4590
f 1349//4591 1350//4592 1351//4593
f 1352//4594 1353//4595 1354//4596
f 1355//4597 1356//4598 1357//4599
f 1358//4600 1359//4601 1360//4602
f 1361//4603 1362//4604 1363//4605
f 1364//4606 1365//4607 1366//4608
f 1367//4609 1368//4610 1369//4611
f 1370//4612 1371//4613 1372//4614
f 1373//4615 1374//4616 1375//4617
f 1376//4618 1377//4619 1378//4620
f 1379//4621 1380//4622 1381//4623
f 1382//4624 1383//4625 1384//4626
f 1385//4627 1386//4628 1387//4629
f 1388//4630 1389//4631 1390//4632
f 1391//4633 1392//4634 1393//4635
f 1394//4636 1395//4637 1396//4638
f 1397//4639 1398//4640 1399//4641
f 1400//4642 1401//4643 1402//4644
f 1403//4645 1404//4646 1405//4647
f 1406//4648 1407//4649 1408//4650
f 1409//4651 1410//4652 1411//4653
f 1412//4654 1413//4655 1414//4656
f 1415//4657 1416//4658 1417//4659
f 1418//4660 1419//4661 1420//4662
f 1421//4663 1422//4664 1423//4665
f 1424//4666 1425//4667 1426//4668
f 1427//4669 1428//4670 1429//4671
f 1430//4672 1431//4673 1432//4674
f 1436//4675 1437//4676 1438//4677
f 1439//4678 1440//4679 1441//4680
f 1442//4681 1443//4682 1444//4683
f 1445//4684 1446//4685 1447//4686
f 1448//4687 1449//4688 1450//4689
f 1451//4690 1452//4691 1453//4692
f 1454//4693 1455//4694 1456//4695
f 1457//4696 1458//4697 1459//4698
f 1460//4699 1461//4700 1462//4701
f 1463//4702 1464//4703 1465//4704
f 1466//4705 1467//4706 1468//4707
f 1469//4708 1470//4709 1471//4710
f 1472//4711 1473//4712 1474//4713
f 1475//4714 1476//4715 1477//4716
f 1478//4717 1479//4718 1480//4719
f 1481//4720 1482//4721 1483//4722
f 1484//4723 1485//4724 1486//4725
f 1487//4726 1488//4727 1489//4728
f 1490//4729 1491//4730 1492//4731
f 1493//4732 1494//4733 1495//4734
f 1496//4735 1497//4736 1498//4737
f 1499//4738 1500//4739 1501//4740
f 1502//4741 1503//4742 1504//4743
f 1505//4744 1506//4745 1507//4746
f 1508//4747 1509//4748 1510//4749
f 1511//4750 1512//4751 1513//4752
f 1514//4753 1515//4754 1516//4755
f 1517//4756 1518//4757 1519//4758
f 1520//4759 1521//4760 1522//4761
f 1523//4762 1524//4763 1525//4764
f 1526//4765 1527//4766 1528//4767
f 1529//4768 1530//4769 1531//4770
f 1532//4771 1533//4772 1534//4773
f 1535//4774 1536//4775 1537//4776
f 1538//4777 1539//4778 1540//4779
f 1541//4780 1542//4781 1543//4782
f 1544//4783 1545//4784 1546//4785
f 1547//4786 1548//4787 1549//4788
f 1550//4789 1551//4790 1552//4791
f 1553//4792 1554//4793 1555//4794
f 1556//4795 1557//4796 1558//4797
f 1559//4798 1560//4799 1561//4800
f 1562//4801 1563//4802 1564//4803
f 1565//4804 1566//4805 1567//4806
f 1568//4807 1569//4808 1570//4809
f 1571//4810 1572//4811 1573//4812
f 1574//4813 1575//4814 1576//4815
f 1577//4816 1578//4817 1579//4818
f 1580//4819 1581//4820 1582//4821
f 1583//4822 1584//4823 1585//4824
f 1586//4825 1587//4826 1588//4827
f 1589//4828 1590//4829 1591//4830
f 1592//4831 1593//4832 1594//4833
f 1595//4834 1596//4835 1597//4836
f 1598//4837 1599//4838 1600//4839
f 1601//4840 1602//4841 1603//4842
f 1604//4843 1605//4844 1606//4845
f 1607//4846 1608//4847 1609//4848
f 1610//4849 1611//4850 1612//4851
f 1613//4852 1614//4853 1615//4854
f 1616//4855 1617//4856 1618//4857
f 1619//4858 1620//4859 1621//4860
f 1622//4861 1623//4862 1624//4863
f 1625//4864 1626//4865 1627//4866
f 1628//4867 1629//4868 1630//4869
f 1631//4870 1632//4871 1633//4872
f 1634//4873 1635//4874 1636//4875
f 1637//4876 1638//4877 1639//4878
f 1640//4879 1641//4880 1642//4881
f 1643//4882 1644//4883 1645//4884
f 1646//4885 1647//4886 1648//4887
f 1649//4888 1650//4889 1651//4890
f 1652//4891 1653//4892 1654//4893
f 1655//4894 1656//4895 1657//4896
f 1658//4897 1659//4898 1660//4899
f 1661//4900 1662//4901 1663//4902
f 1664//4903 1665//4904 1666//4905
f 1667//4906 1668//4907 1669//4908
f 1670//4909 1671//4910 1672//4911
f 1673//4912 1674//4913 1675//4914
f 1676//4915 1677//4916 1678//4917
f 1679//4918 1680//4919 1681//4920
f 1682//4921 1683//4922 1684//4923
f 1685//4924 1686//4925 1687//4926
f 1688//4927 1689//4928 1690//4929
f 1691//4930 1692//4931 1693//4932
f 1694//4933 1695//4934 1696//4935
f 1697//4936 1698//4937 1699//4938
f 1700//4939 1701//4940 1702//4941
f 1703//4942 1704//4943 1705//4944
f 1706//4945 1707//4946 1708//4947
f 1709//4948 1710//4949 1711//4950
f 1712//4951 1713//4952 1714//4953
f 1715//4954 1716//4955 1717//4956
f 1718//4957 1719//4958 1720//4959
f 1721//4960 1722//4961 1723//4962
f 1724//4963 1725//4964 1726//4965
f 1727//4966 1728//4967 1729//4968
f 1730//4969 1731//4970 1732//4971
f 1733//4972 1734//4973 1735//4974
f 1736//4975 1737//4976 1738//4977
f 1739//4978 1740//4979 1741//4980
f 1742//4981 1743//4982 1744//4983
f 1745//4984 1746//4985 1747//4986
f 1748//4987 1749//4988 1750//4989
f 1751//4990 1752//4991 1753//4992
f 1754//4993 1755//4994 1756//4995
f 1757//4996 1758//4997 1759//4998
f 1760//4999 1761//5000 1762//5001
f 1763//5002 1764//5003 1765//5004
f 1766//5005 1767//5006 1768//5007
f 1769//5008 1770//5009 1771//5010
f 1772//5011 1773//5012 1774//5013
f 1775//5014 1776//5015 1777//5016
f 1778//5017 1779//5018 1780//5019
f 1781//5020 1782//5021 1783//5022
f 1784//5023 1785//5024 1786//5025
f 1787//5026 1788//5027 1789//5028
f 1790//5029 1791//5030 1792//5031
f 1796//5032 1797//5033 1798//5034
f 1799//5035 1800//5036 1801//5037
f 1802//5038 1803//5039 1804//5040
f 1805//5041 1806//5042 1807//5043
f 1808//5044 1809//5045 1810//5046
f 1811//5047 1812//5048 1813//5049
f 1814//5050 1815//5051 1816//5052
f 1817//5053 1818//5054 1819//5055
f 1820//5056 1821//5057 1822//5058
f 1823//5059 1824//5060 1825//5061
f 1826//5062 1827//5063 1828//5064
f 1829//5065 1830//5066 1831//5067
f 1832//5068 1833//5069 1834//5070
f 1835//5071 1836//5072 1837//5073
f 1838//5074 1839//5075 1840//5076
f 1841//5077 1842//5078 1843//5079
f 1844//5080 1845//5081 1846//5082
f 1847//5083 1848//5084 1849//5085
f 1850//5086 1851//5087 1852//5088
f 1853//5089 1854//5090 1855//5091
f 1856//5092 1857//5093 1858//5094
f 1859//5095 1860//5096 1861//5097
f 1862//5098 1863//5099 1864//5100
f 1865//5101 1866//5102 1867//5103
f 1868//5104 1869//5105 1870//5106
f 1871//5107 1872//5108 1873//5109
f 1874//5110 1875//5111 1876//5112
f 1877//5113 1878//5114 1879//5115
f 1880//5116 1881//5117 1882//5118
f 1883//5119 1884//5120 1885//5121
f 1886//5122 1887//5123 1888//5124
f 1889//5125 1890//5126 1891//5127
f 1892//5128 1893//5129 1894//5130
f 1895//5131 1896//5132 1897//5133
f 1898//5134 1899//5135 1900//5136
f 1901//5137 1902//5138 1903//5139
f 1904//5140 1905//5141 1906//5142
f 1907//5143 1908//5144 1909//5145
f 1910//5146 1911//5147 1912//5148
f 1913//5149 1914//5150 1915//5151
f 1916//5152 1917//5153 1918//5154
f 1919//5155 1920//5156 1921//5157
f 1922//5158 1923//5159 1924//5160
f 1925//5161 1926//5162 1927//5163
f 1928//5164 1929//5165 1930//5166
f 1931//5167 1932//5168 1933//5169
f 1934//5170 1935//5171 1936//5172
f 1937//5173 1938//5174 1939//5175
f 1940//5176 1941//5177 1942//5178
f 1943//5179 1944//5180 1945//5181
f 1946//5182 1947//5183 1948//5184
f 1949//5185 1950//5186 1951//5187
f 1952//5188 1953//5189 1954//5190
f 1955//5191 1956//5192 1957//5193
f 1958//5194 1959//5195 1960//5196
f 1961//5197 1962//5198 1963//5199
f 1964//5200 1965//5201 1966//5202
f 1967//5203 1968//5204 1969//5205
f 1970//5206 1971//5207 1972//5208
f 1973//5209 1974//5210 1975//5211
f 1979//5212 1980//5213 1981//5214
f 1982//5215 1983//5216 1984//5217
f 1985//5218 1986//5219 1987//5220
f 1988//5221 1989//5222 1990//5223
f 1991//5224 1992//5225 1993//5226
f 1994//5227 1995//5228 1996//5229
f 1997//5230 1998//5231 1999//5232
f 2000//5233 2001//5234 2002//5235
f 2003//5236 2004//5237 2005//5238
f 2006//5239 2007//5240 2008//5241
f 2012//5242 2013//5243 2014//5244
f 2015//5245 2016//5246 2017//5247
f 2018//5248 2019//5249 2020//5250
f 2021//5251 2022//5252 2023//5253
f 2024//5254 2025//5255 2026//5256
f 2027//5257 2028//5258 2029//5259
f 2030//5260 2031//5261 2032//5262
f 2033//5263 2034//5264 2035//5265
f 2036//5266 2037//5267 2038//5268
f 2039//5269 2040//5270 2041//5271
f 2042//5272 2043//5273 2044//5274
f 2045//5275 2046//5276 2047//5277
f 2048//5278 2049//5279 2050//5280
f 2051//5281 2052//5282 2053//5283
f 2054//5284 2055//5285 2056//5286
f 2057//5287 2058//5288 2059//5289
f 2060//5290 2061//5291 2062//5292
f 2063//5293 2064//5294 2065//5295
f 2066//5296 2067//5297 2068//5298
f 2069//5299 2070//5300 2071//5301
f 2072//5302 2073//5303 2074//5304
f 2075//5305 2076//5306 2077//5307
f 2078//5308 2079//5309 2080//5310
f 2081//5311 2082//5312 2083//5313
f 2084//5314 2085//5315 2086//5316
f 2087//5317 2088//5318 2089//5319
f 2090//5320 2091//5321 2092//5322
f 2093//5323 2094//5324 2095//5325
f 2096//5326 2097//5327 2098//5328
f 2099//5329 2100//5330 2101//5331
f 2102//5332 2103//5333 2104//5334
f 2105//5335 2106//5336 2107//5337
f 2108//5338 2109//5339 2110//5340
f 2111//5341 2112//5342 2113//5343
f 2114//5344 2115//5345 2116//5346
f 2117//5347 2118//5348 2119//5349
f 2120//5350 2121//5351 2122//5352
f 2123//5353 2124//5354 2125//5355
f 2126//5356 2127//5357 2128//5358
f 2129//5359 2130//5360 2131//5361
f 2132//5362 2133//5363 2134//5364
f 2135//5365 2136//5366 2137//5367
f 2138//5368 2139//5369 2140//5370
f 2141//5371 2142//5372 2143//5373
f 2144//5374 2145//5375 2146//5376
f 2147//5377 2148//5378 2149//5379
f 2150//5380 2151//5381 2152//5382
f 2153//5383 2154//5384 2155//5385
f 2156//5386 2157//5387 2158//5388
f 2159//5389 2160//5390 2161//5391
f 2162//5392 2163//5393 2164//5394
f 2165//5395 2166//5396 2167//5397
f 2168//5398 2169//5399 2170//5400
f 2171//5401 2172//5402 2173//5403
f 2174//5404 2175//5405 2176//5406
f 2177//5407 2178//5408 2179//5409
f 2180//5410 2181//5411 2182//5412
f 2183//5413 2184//5414 2185//5415
f 2186//5416 2187//5417 2188//5418
f 2189//5419 2190//5420 2191//5421
f 2192//5422 2193//5423 2194//5424
f 2195//5425 2196//5426 2197//5427
f 2198//5428 2199//5429 2200//5430
f 2201//5431 2202//5432 2203//5433
f 2204//5434 2205//5435 2206//5436
f 2207//5437 2208//5438 2209//5439
f 2210//5440 2211//5441 2212//5442
f 2213//5443 2214//5444 2215//5445
f 2216//5446 2217//5447 2218//5448
f 2219//5449 2220//5450 2221//5451
f 2222//5452 2223//5453 2224//5454
f 2225//5455 2226//5456 2227//5457
f 2228//5458 2229//5459 2230//5460
f 2231//5461 2232//5462 2233//5463
f 2234//5464 2235//5465 2236//5466
f 2237//5467 2238//5468 2239//5469
f 2240//5470 2241//5471 2242//5472
f 2243//5473 2244//5474 2245//5475
f 2246//5476 2247//5477 2248//5478
f 2249//5479 2250//5480 2251//5481
f 2252//5482 2253//5483 2254//5484
f 2255//5485 2256//5486 2257//5487
f 2258//5488 2259//5489 2260//5490
f 2261//5491 2262//5492 2263//5493
f 2264//5494 2265//5495 2266//5496
f 2267//5497 2268//5498 2269//5499
f 2270//5500 2271//5501 2272//5502
f 2273//5503 2274//5504 2275//5505
f 2276//5506 2277//5507 2278//5508
f 2279//5509 2280//5510 2281//5511
f 2282//5512 2283//5513 2284//5514
f 2285//5515 2286//5516 2287//5517
f 2288//5518 2289//5519 2290//5520
f 2291//5521 2292//5522 2293//5523
f 2294//5524 2295//5525 2296//5526
f 2297//5527 2298//5528 2299//5529
f 2300//5530 2301//5531 2302//5532
f 2303//5533 2304//5534 2305//5535
f 2306//5536 2307//5537 2308//5538
f 2309//5539 2310//5540 2311//5541
f 2312//5542 2313//5543 2314//5544
f 2315//5545 2316//5546 2317//5547
f 2318//5548 2319//5549 2320//5550
f 2321//5551 2322//5552 2323//5553
f 2324//5554 2325//5555 2326//5556
f 2327//5557 2328//5558 2329//5559
f 2330//5560 2331//5561 2332//5562
f 2333//5563 2334//5564 2335//5565
f 2336//5566 2337//5567 2338//5568
f 2339//5569 2340//5570 2341//5571
f 2342//5572 2343//5573 2344//5574
f 2345//5575 2346//5576 2347//5577
f 2348//5578 2349//5579 2350//5580
f 2351//5581 2352//5582 2353//5583
f 2354//5584 2355//5585 2356//5586
f 2357//5587 2358//5588 2359//5589
f 2360//5590 2361//5591 2362//5592
f 2363//5593 2364//5594 2365//5595
f 2366//5596 2367//5597 2368//5598
f 2369//5599 2370//5600 2371//5601
f 2372//5602 2373//5603 2374//5604
f 2375//5605 2376//5606 2377//5607
f 2378//5608 2379//5609 2380//5610
f 2381//5611 2382//5612 2383//5613
f 2384//5614 2385//5615 2386//5616
f 2387//5617 2388//5618 2389//5619
f 2390//5620 2391//5621 2392//5622
f 2393//5623 2394//5624 2395//5625
f 2396//5626 2397//5627 2398//5628
f 2399//5629 2400//5630 2401//5631
f 2402//5632 2403//5633 2404//5634
f 2405//5635 2406//5636 2407//5637
f 2408//5638 2409//5639 2410//5640
f 2411//5641 2412//5642 2413//5643
f 2414//5644 2415//5645 2416//5646
f 2417//5647 2418//5648 2419//5649
f 2420//5650 2421//5651 2422//5652
f 2423//5653 2424//5654 2425//5655
f 2426//5656 2427//5657 2428//5658
f 2429//5659 2430//5660 2431//5661
f 2432//5662 2433//5663 2434//5664
f 2435//5665 2436//5666 2437//5667
f 2438//5668 2439//5669 2440//5670
f 2441//5671 2442//5672 2443//5673
f 2444//5674 2445//5675 2446//5676
f 2447//5677 2448//5678 2449//5679
f 2450//5680 2451//5681 2452//5682
f 2453//5683 2454//5684 2455//5685
f 2456//5686 2457//5687 2458//5688
f 2459//5689 2460//5690 2461//5691
f 2462//5692 2463//5693 2464//5694
f 2465//5695 2466//5696 2467//5697
f 2468//5698 2469//5699 2470//5700
f 2471//5701 2472//5702 2473//5703
f 2474//5704 2475//5705 2476//5706
f 2477//5707 2478//5708 2479//5709
f 2480//5710 2481//5711 2482//5712
f 2483//5713 2484//5714 2485//5715
f 2489//5716 2490//5717 2491//5718
f 2492//5719 2493//5720 2494//5721
f 2495//5722 2496//5723 2497//5724
f 2498//5725 2499//5726 2500//5727
f 2501//5728 2502//5729 2503//5730
f 2504//5731 2505//5732 2506//5733
f 2507//5734 2508//5735 2509//5736
f 2510//5737 2511//5738 2512//5739
f 2513//5740 2514//5741 2515//5742
f 2516//5743 2517//5744 2518//5745
f 2519//5746 2520//5747 2521//5748
f 2522//5749 2523//5750 2524//5751
f 2528//5752 2529//5753 2530//5754
f 2531//5755 2532//5756 2533//5757
f 2534//5758 2535//5759 2536//5760
f 2537//5761 2538//5762 2539//5763
f 2540//5764 2541//5765 2542//5766
f 2543//5767 2544//5768 2545//5769
f 2546//5770 2547//5771 2548//5772
f 2549//5773 2550//5774 2551//5775
f 2552//5776 2553//5777 2554//5778
f 2555//5779 2556//5780 2557//5781
f 2558//5782 2559//5783 2560//5784
f 2561//5785 2562//5786 2563//5787
f 2564//5788 2565//5789 2566//5790
f 2567//5791 2568//5792 2569//5793
f 2570//5794 2571//5795 2572//5796
f 2573//5797 2574//5798 2575//5799
f 2576//5800 2577//5801 2578//5802
f 2579//5803 2580//5804 2581//5805
f 2582//5806 2583//5807 2584//5808
f 2585//5809 2586//5810 2587//5811
f 2588//5812 2589//5813 2590//5814
f 2591//5815 2592//5816 2593//5817
f 2594//5818 2595//5819 2596//5820
f 2597//5821 2598//5822 2599//5823
f 2600//5824 2601//5825 2602//5826
f 2603//5827 2604//5828 2605//5829
f 2606//5830 2607//5831 2608//5832
f 2609//5833 2610//5834 2611//5835
f 2612//5836 2613//5837 2614//5838
f 2615//5839 2616//5840 2617//5841
f 2618//5842 2619//5843 2620//5844
f 2621//5845 2622//5846 2623//5847
f 2624//5848 2625//5849 2626//5850
f 2627//5851 2628//5852 2629//5853
f 2630//5854 2631//5855 2632//5856
f 2633//5857 2634//5858 2635//5859
f 2636//5860 2637//5861 2638//5862
f 2639//5863 2640//5864 2641//5865
f 2642//5866 2643//5867 2644//5868
f 2645//5869 2646//5870 2647//5871
f 2651//5872 2652//5873 2653//5874
f 2654//5875 2655//5876 2656//5877
f 2657//5878 2658//5879 2659//5880
f 2660//5881 2661//5882 2662//5883
f 2663//5884 2664//5885 2665//5886
f 2666//5887 2667//5888 2668//5889
f 2669//5890 2670//5891 2671//5892
f 2672//5893 2673//5894 2674//5895
f 2675//5896 2676//5897 2677//5898
f 2678//5899 2679//5900 2680//5901
f 2681//5902 2682//5903 2683//5904
f 2684//5905 2685//5906 2686//5907
f 2687//5908 2688//5909 2689//5910
f 2693//5911 2694//5912 2695//5913
f 2696//5914 2697//5915 2698//5916
f 2699//5917 2700//5918 2701//5919
f 2702//5920 2703//5921 2704//5922
f 2705//5923 2706//5924 2707//5925
f 2708//5926 2709//5927 2710//5928
f 2711//5929 2712//5930 2713//5931
f 2714//5932 2715//5933 2716//5934
f 2717//5935 2718//5936 2719//5937
f 2720//5938 2721//5939 2722//5940
f 2723//5941 2724//5942 2725//5943
f 2726//5944 2727//5945 2728//5946
f 2729//5947 2730//5948 2731//5949
f 2732//5950 2733//5951 2734//5952
f 2735//5953 2736//5954 2737//5955
f 2738//5956 2739//5957 2740//5958
f 2741//5959 2742//5960 2743//5961
f 2744//5962 2745//5963 2746//5964
f 2747//5965 2748//5966 2749//5967
f 2750//5968 2751//5969 2752//5970
f 2753//5971 2754//5972 2755//5973
f 2756//5974 2757//5975 2758//5976
f 2759//5977 2760//5978 2761//5979
f 2762//5980 2763//5981 2764//5982
f 2765//5983 2766//5984 2767//5985
f 2768//5986 2769//5987 2770//5988
f 2771//5989 2772//5990 2773//5991
f 2774//5992 2775//5993 2776//5994
f 2777//5995 2778//5996 2779//5997
f 2780//5998 2781//5999 2782//6000
f 2783//6001 2784//6002 2785//6003
f 2786//6004 2787//6005 2788//6006
f 2789//6007 2790//6008 2791//6009
f 2792//6010 2793//6011 2794//6012
f 2795//6013 2796//6014 2797//6015
f 2798//6016 2799//6017 2800//6018
f 2801//6019 2802//6020 2803//6021
f 2804//6022 2805//6023 2806//6024
f 2807//6025 2808//6026 2809//6027
f 2810//6028 2811//6029 2812//6030
f 2813//6031 2814//6032 2815//6033
f 2816//6034 2817//6035 2818//6036
f 2819//6037 2820//6038 2821//6039
f 2822//6040 2823//6041 2824//6042
f 2825//6043 2826//6044 2827//6045
f 2828//6046 2829//6047 2830//6048
f 2831//6049 2832//6050 2833//6051
f 2834//6052 2835//6053 2836//6054
f 2837//6055 2838//6056 2839//6057
f 2840//6058 2841//6059 2842//6060
f 2843//6061 2844//6062 2845//6063
f 2846//6064 2847//6065 2848//6066
f 2849//6067 2850//6068 2851//6069
f 2852//6070 2853//6071 2854//6072
f 2855//6073 2856//6074 2857//6075
f 2858//6076 2859//6077 2860//6078
f 2861//6079 2862//6080 2863//6081
f 2864//6082 2865//6083 2866//6084
f 2867//6085 2868//6086 2869//6087
f 2870//6088 2871//6089 2872//6090
f 2873//6091 2874//6092 2875//6093
f 2876//6094 2877//6095 2878//6096
f 2879//6097 2880//6098 2881//6099
f 2882//6100 2883//6101 2884//6102
f 2885//6103 2886//6104 2887//6105
f 2888//6106 2889//6107 2890//6108
f 2891//6109 2892//6110 2893//6111
f 2894//6112 2895//6113 2896//6114
f 2897//6115 2898//6116 2899//6117
f 2900//6118 2901//6119 2902//6120
f 2903//6121 2904//6122 2905//6123
f 2906//6124 2907//6125 2908//6126
f 2909//6127 2910//6128 2911//6129
f 2912//6130 2913//6131 2914//6132
f 2915//6133 2916//6134 2917//6135
f 2921//6136 2922//6137 2923//6138
f 2924//6139 2925//6140 2926//6141
f 2930//6142 2931//6143 2932//6144
f 2933//6145 2934//6146 2935//6147
f 2936//6148 2937//6149 2938//6150
f 2939//6151 2940//6152 2941//6153
f 2942//6154 2943//6155 2944//6156
f 2945//6157 2946//6158 2947//6159
f 2948//6160 2949//6161 2950//6162
f 2951//6163 2952//6164 2953//6165
f 2954//6166 2955//6167 2956//6168
f 2957//6169 2958//6170 2959//6171
f 2960//6172 2961//6173 2962//6174
f 2963//6175 2964//6176 2965//6177
f 2966//6178 2967//6179 2968//6180
f 2969//6181 2970//6182 2971//6183
f 2972//6184 2973//6185 2974//6186
f 2975//6187 2976//6188 2977//6189
f 2978//6190 2979//6191 2980//6192
f 2981//6193 2982//6194 2983//6195
f 2984//6196 2985//6197 2986//6198
f 2987//6199 2988//6200 2989//6201
f 2990//6202 2991//6203 2992//6204
f 2993//6205 2994//6206 2995//6207
f 2996//6208 2997//6209 2998//6210
f 2999//6211 3000//6212 3001//6213
f 3002//6214 3003//6215 3004//6216
f 3005//6217 3006//6218 3007//6219
f 3008//6220 3009//6221 3010//6222
f 3011//6223 3012//6224 3013//6225
f 3014//6226 3015//6227 3016//6228
f 3017//6229 3018//6230 3019//6231
f 3020//6232 3021//6233 3022//6234
f 3023//6235 3024//6236 3025//6237
f 3026//6238 3027//6239 3028//6240
f 3029//6241 3030//6242 3031//6243
f 3032//6244 3033//6245 3034//6246
f 3035//6247 3036//6248 3037//6249
f 3038//6250 3039//6251 3040//6252
f 3041//6253 3042//6254 3043//6255
f 3044//6256 3045//6257 3046//6258
f 3047//6259 3048//6260 3049//6261
f 3050//6262 3051//6263 3052//6264
f 3053//6265 3054//6266 3055//6267
f 3056//6268 3057//6269 3058//6270
f 3059//6271 3060//6272 3061//6273
f 3062//6274 3063//6275 3064//6276
f 3065//6277 3066//6278 3067//6279
f 3068//6280 3069//6281 3070//6282
f 3071//6283 3072//6284 3073//6285
f 3074//6286 3075//6287 3076//6288
f 3077//6289 3078//6290 3079//6291
f 3080//6292 3081//6293 3082//6294
f 3083//6295 3084//6296 3085//6297
f 3086//6298 3087//6299 3088//6300
f 3089//6301 3090//6302 3091//6303
f 3092//6304 3093//6305 3094//6306
f 3095//6307 3096//6308 3097//6309
f 3098//6310 3099//6311 3100//6312
f 3101//6313 3102//6314 3103//6315
f 3104//6316 3105//6317 3106//6318
f 3107//6319 3108//6320 3109//6321
f 3110//6322 3111//6323 3112//6324
f 3113//6325 3114//6326 3115//6327
f 3116//6328 3117//6329 3118//6330
f 3119//6331 3120//6332 3121//6333
f 3122//6334 3123//6335 3124//6336
f 3125//6337 3126//6338 3127//6339
f 3128//6340 3129//6341 3130//6342
f 3131//6343 3132//6344 3133//6345
f 3134//6346 3135//6347 3136//6348
f 3137//6349 3138//6350 3139//6351
f 3140//6352 3141//6353 3142//6354
f 3143//6355 3144//6356 3145//6357
f 3146//6358 3147//6359 3148//6360
f 3149//6361 3150//6362 3151//6363
f 3152//6364 3153//6365 3154//6366
f 3155//6367 3156//6368 3157//6369
f 3158//6370 3159//6371 3160//6372
f 3161//6373 3162//6374 3163//6375
f 3164//6376 3165//6377 3166//6378
f 3167//6379 3168//6380 3169//6381
f 3170//6382 3171//6383 3172//6384
f 3173//6385 3174//6386 3175//6387
f 3176//6388 3177//6389 3178//6390
f 3179//6391 3180//6392 3181//6393
f 3182//6394 3183//6395 3184//6396
f 3185//6397 3186//6398 3187//6399
f 3188//6400 3189//6401 3190//6402
f 3191//6403 3192//6404 3193//6405
f 3194//6406 3195//6407 3196//6408
f 3197//6409 3198//6410 3199//6411
f 3200//6412 3201//6413 3202//6414
f 3203//6415 3204//6416 3205//6417
f 3206//6418 3207//6419 3208//6420
f 3209//6421 3210//6422 3211//6423
f 3212//6424 3213//6425 3214//6426
f 3215//6427 3216//6428 3217//6429
f 3218//6430 3219//6431 3220//6432
f 3221//6433 3222//6434 3223//6435
f 3224//6436 3225//6437 3226//6438
f 3227//6439 3228//6440 3229//6441
f 3230//6442 3231//6443 3232//6444
f 3233//6445 3234//6446 3235//6447
f 3236//6448 3237//6449 3238//6450
f 3239//6451 3240//6452 3241//6453
f 3242//6454 3243//6455 3244//6456
f 3245//6457 3246//6458 3247//6459
f 3248//6460 3249//6461 3250//6462
f 3251//6463 3252//6464 3253//6465
f 3254//6466 3255//6467 3256//6468
f 3257//6469 3258//6470 3259//6471
f 3260//6472 3261//6473 3262//6474
f 3263//6475 3264//6476 3265//6477
f 3266//6478 3267//6479 3268//6480
f 3269//6481 3270//6482 3271//6483
f 3272//6484 3273//6485 3274//6486
f 3275//6487 3276//6488 3277//6489
f 3278//6490 3279//6491 3280//6492
f 3281//6493 3282//6494 3283//6495
f 3284//6496 3285//6497 3286//6498
f 3287//6499 3288//6500 3289//6501
f 3290//6502 3291//6503 3292//6504
f 3293//6505 3294//6506 3295//6507
f 3296//6508 3297//6509 3298//6510
f 3299//6511 3300//6512 3301//6513
f 3302//6514 3303//6515 3304//6516
f 3305//6517 3306//6518 3307//6519
f 3308//6520 3309//6521 3310//6522
f 3311//6523 3312//6524 3313//6525
f 3314//6526 3315//6527 3316//6528
f 3317//6529 3318//6530 3319//6531
f 3320//6532 3321//6533 3322//6534
f 3323//6535 3324//6536 3325//6537
f 3326//6538 3327//6539 3328//6540
f 3329//6541 3330//6542 3331//6543
f 3332//6544 3333//6545 3334//6546
f 3335//6547 3336//6548 3337//6549
f 3338//6550 3339//6551 3340//6552
f 3341//6553 3342//6554 3343//6555
f 3344//6556 3345//6557 3346//6558
f 3347//6559 3348//6560 3349//6561
f 3350//6562 3351//6563 3352//6564
f 3353//6565 3354//6566 3355//6567
f 3356//6568 3357//6569 3358//6570
f 3359//6571 3360//6572 3361//6573
f 3362//6574 3363//6575 3364//6576
f 3365//6577 3366//6578 3367//6579
f 3368//6580 3369//6581 3370//6582
f 3371//6583 3372//6584 3373//6585
f 3374//6586 3375//6587 3376//6588
f 3377//6589 3378//6590 3379//6591
f 3380//6592 3381//6593 3382//6594
f 3383//6595 3384//6596 3385//6597
f 3386//6598 3387//6599 3388//6600
f 3389//6601 3390//6602 3391//6603
f 3392//6604 3393//6605 3394//6606
f 3395//6607 3396//6608 3397//6609
f 3398//6610 3399//6611 3400//6612
f 3401//6613 3402//6614 3403//6615
f 3404//6616 3405//6617 3406//6618
f 3407//6619 3408//6620 3409//6621
f 3410//6622 3411//6623 3412//6624
f 3413//6625 3414//6626 3415//6627
f 3416//6628 3417//6629 3418//6630
f 3419//6631 3420//6632 3421//6633
f 3422//6634 3423//6635 3424//6636
f 3425//6637 3426//6638 3427//6639
f 3428//6640 3429//6641 3430//6642
f 3431//6643 3432//6644 3433//6645
f 3434//6646 3435//6647 3436//6648
f 3437//6649 3438//6650 3439//6651
f 3440//6652 3441//6653 3442//6654
f 3443//6655 3444//6656 3445//6657
f 3446//6658 3447//6659 3448//6660
f 3449//6661 3450//6662 3451//6663
f 3452//6664 3453//6665 3454//6666
f 3455//6667 3456//6668 3457//6669
f 3458//6670 3459//6671 3460//6672
f 3461//6673 3462//6674 3463//6675
f 3464//6676 3465//6677 3466//6678
f 3467//6679 3468//6680 3469//6681
f 3470//6682 3471//6683 3472//6684
f 3473//6685 3474//6686 3475//6687
f 3476//6688 3477//6689 3478//6690
f 3479//6691 3480//6692 3481//6693
f 3482//6694 3483//6695 3484//6696
f 3485//6697 3486//6698 3487//6699
f 3488//6700 3489//6701 3490//6702
f 3491//6703 3492//6704 3493//6705
f 3494//6706 3495//6707 3496//6708
f 3497//6709 3498//6710 3499//6711
f 3500//6712 3501//6713 3502//6714
f 3503//6715 3504//6716 3505//6717
f 3506//6718 3507//6719 3508//6720
f 3509//6721 3510//6722 3511//6723
f 3512//6724 3513//6725 3514//6726
f 3515//6727 3516//6728 3517//6729
f 3518//6730 3519//6731 3520//6732
f 3521//6733 3522//6734 3523//6735
f 3524//6736 3525//6737 3526//6738
f 3527//6739 3528//6740 3529//6741
f 3530//6742 3531//6743 3532//6744
f 3533//6745 3534//6746 3535//6747
f 3536//6748 3537//6749 3538//6750
f 3539//6751 3540//6752 3541//6753
f 3542//6754 3543//6755 3544//6756
f 3545//6757 3546//6758 3547//6759
f 3548//6760 3549//6761 3550//6762
f 3551//6763 3552//6764 3553//6765
f 3554//6766 3555//6767 3556//6768
f 3557//6769 3558//6770 3559//6771
f 3560//6772 3561//6773 3562//6774
f 3563//6775 3564//6776 3565//6777
f 3566//6778 3567//6779 3568//6780
f 3569//6781 3570//6782 3571//6783
f 3572//6784 3573//6785 3574//6786
f 3575//6787 3576//6788 3577//6789
f 3578//6790 3579//6791 3580//6792
f 3581//6793 3582//6794 3583//6795
f 3584//6796 3585//6797 3586//6798
f 3587//6799 3588//6800 3589//6801
f 3590//6802 3591//6803 3592//6804
f 3593//6805 3594//6806 3595//6807
f 3596//6808 3597//6809 3598//6810
f 3599//6811 3600//6812 3601//6813
f 3602//6814 3603//6815 3604//6816
f 3605//6817 3606//6818 3607//6819
f 3608//6820 3609//6821 3610//6822
f 3611//6823 3612//6824 3613//6825
f 3614//6826 3615//6827 3616//6828
f 3617//6829 3618//6830 3619//6831
f 3620//6832 3621//6833 3622//6834
f 3623//6835 3624//6836 3625//6837
f 3626//6838 3627//6839 3628//6840
f 3629//6841 3630//6842 3631//6843
f 3632//6844 3633//6845 3634//6846
f 3635//6847 3636//6848 3637//6849
f 3638//6850 3639//6851 3640//6852
f 3641//6853 3642//6854 3643//6855
f 3644//6856 3645//6857 3646//6858
f 3647//6859 3648//6860 3649//6861
f 3650//6862 3651//6863 3652//6864
f 3653//6865 3654//6866 3655//6867
f 3656//6868 3657//6869 3658//6870
f 3659//6871 3660//6872 3661//6873
f 3662//6874 3663//6875 3664//6876
f 3665//6877 3666//6878 3667//6879
f 3668//6880 3669//6881 3670//6882
f 3671//6883 3672//6884 3673//6885
f 3674//6886 3675//6887 3676//6888
f 3677//6889 3678//6890 3679//6891
f 3680//6892 3681//6893 3682//6894
f 3683//6895 3684//6896 3685//6897
f 3686//6898 3687//6899 3688//6900
f 3689//6901 3690//6902 3691//6903
f 3692//6904 3693//6905 3694//6906
f 3695//6907 3696//6908 3697//6909
f 3698//6910 3699//6911 3700//6912
f 3701//6913 3702//6914 3703//6915
f 3704//6916 3705//6917 3706//6918
f 3707//6919 3708//6920 3709//6921
f 3710//6922 3711//6923 3712//6924
f 3713//6925 3714//6926 3715//6927
f 3716//6928 3717//6929 3718//6930
f 3719//6931 3720//6932 3721//6933
f 3722//6934 3723//6935 3724//6936
f 3725//6937 3726//6938 3727//6939
f 3728//6940 3729//6941 3730//6942
f 3731//6943 3732//6944 3733//6945
f 3734//6946 3735//6947 3736//6948
f 3737//6949 3738//6950 3739//6951
f 3740//6952 3741//6953 3742//6954
f 3743//6955 3744//6956 3745//6957
f 3746//6958 3747//6959 3748//6960
f 3749//6961 3750//6962 3751//6963
f 3752//6964 3753//6965 3754//6966
f 3755//6967 3756//6968 3757//6969
f 3758//6970 3759//6971 3760//6972
f 3761//6973 3762//6974 3763//6975
f 3764//6976 3765//6977 3766//6978
f 3767//6979 3768//6980 3769//6981
f 3770//6982 3771//6983 3772//6984
f 3773//6985 3774//6986 3775//6987
f 3776//6988 3777//6989 3778//6990
f 3779//6991 3780//6992 3781//6993
f 3782//6994 3783//6995 3784//6996
f 3785//6997 3786//6998 3787//6999
f 3788//7000 3789//7001 3790//7002
f 3791//7003 3792//7004 3793//7005
f 3794//7006 3795//7007 3796//7008
f 3797//7009 3798//7010 3799//7011
f 3800//7012 3801//7013 3802//7014
f 3803//7015 3804//7016 3805//7017
f 3806//7018 3807//7019 3808//7020
f 3809//7021 3810//7022 3811//7023
f 3812//7024 3813//7025 3814//7026
f 3815//7027 3816//7028 3817//7029
f 3818//7030 3819//7031 3820//7032
f 3821//7033 3822//7034 3823//7035
f 3824//7036 3825//7037 3826//7038
f 3827//7039 3828//7040 3829//7041
f 3830//7042 3831//7043 3832//7044
f 3833//7045 3834//7046 3835//7047
f 3836//7048 3837//7049 3838//7050
f 3839//7051 3840//7052 3841//7053
f 3842//7054 3843//7055 3844//7056
f 3845//7057 3846//7058 3847//7059
f 3848//7060 3849//7061 3850//7062
f 3851//7063 3852//7064 3853//7065
f 3854//7066 3855//7067 3856//7068
f 3857//7069 3858//7070 3859//7071
f 3860//7072 3861//7073 3862//7074
f 3863//7075 3864//7076 3865//7077
f 3866//7078 3867//7079 3868//7080
f 3869//7081 3870//7082 3871//7083
f 3872//7084 3873//7085 3874//7086
f 3875//7087 3876//7088 3877//7089
f 3878//7090 3879//7091 3880//7092
f 3881//7093 3882//7094 3883//7095
f 3884//7096 3885//7097 3886//7098
f 3887//7099 3888//7100 3889//7101
f 3890//7102 3891//7103 3892//7104
f 3893//7105 3894//7106 3895//7107
f 3896//7108 3897//7109 3898//7110
f 3899//7111 3900//7112 3901//7113
f 3902//7114 3903//7115 3904//7116
f 3905//7117 3906//7118 3907//7119
f 3908//7120 3909//7121 3910//7122
f 3911//7123 3912//7124 3913//7125
f 3914//7126 3915//7127 3916//7128
f 3917//7129 3918//7130 3919//7131
f 3920//7132 3921//7133 3922//7134
f 3923//7135 3924//7136 3925//7137
f 3926//7138 3927//7139 3928//7140
f 3929//7141 3930//7142 3931//7143
f 3932//7144 3933//7145 3934//7146
f 3935//7147 3936//7148 3937//7149
f 3938//7150 3939//7151 3940//7152
f 3941//7153 3942//7154 3943//7155
f 3944//7156 3945//7157 3946//7158
f 3947//7159 3948//7160 3949//7161
f 3950//7162 3951//7163 3952//7164
f 3953//7165 3954//7166 3955//7167
f 3956//7168 3957//7169 3958//7170
f 3959//7171 3960//7172 3961//7173
f 3962//7174 3963//7175 3964//7176
f 3965//7177 3966//7178 3967//7179
f 3968//7180 3969//7181 3970//7182
f 3971//7183 3972//7184 3973//7185
f 3974//7186 3975//7187 3976//7188
f 3977//7189 3978//7190 3979//7191
f 3980//7192 3981//7193 3982//7194
f 3983//7195 3984//7196 3985//7197
f 3986//7198 3987//7199 3988//7200
f 3989//7201 3990//7202 3991//7203
f 3992//7204 3993//7205 3994//7206
f 3995//7207 3996//7208 3997//7209
f 3998//7210 3999//7211 4000//7212
f 4001//7213 4002//7214 4003//7215
f 4004//7216 4005//7217 4006//7218
f 4007//7219 4008//7220 4009//7221
f 4010//7222 4011//7223 4012//7224
f 4013//7225 4014//7226 4015//7227
f 4016//7228 4017//7229 4018//7230
f 4019//7231 4020//7232 4021//7233
f 4022//7234 4023//7235 4024//7236
f 4025//7237 4026//7238 4027//7239
f 4028//7240 4029//7241 4030//7242
f 4031//7243 4032//7244 4033//7245
f 4034//7246 4035//7247 4036//7248
f 4037//7249 4038//7250 4039//7251
f 4040//7252 4041//7253 4042//7254
f 4043//7255 4044//7256 4045//7257
f 4046//7258 4047//7259 4048//7260
f 4049//7261 4050//7262 4051//7263
f 4052//7264 4053//7265 4054//7266
f 4055//7267 4056//7268 4057//7269
f 4058//7270 4059//7271 4060//7272
f 4061//7273 4062//7274 4063//7275
f 4064//7276 4065//7277 4066//7278
f 4067//7279 4068//7280 4069//7281
f 4070//7282 4071//7283 4072//7284
f 4073//7285 4074//7286 4075//7287
f 4076//7288 4077//7289 4078//7290
f 4079//7291 4080//7292 4081//7293
f 4082//7294 4083//7295 4084//7296
f 4085//7297 4086//7298 4087//7299
f 4088//7300 4089//7301 4090//7302
f 4091//7303 4092//7304 4093//7305
f 4094//7306 4095//7307 4096//7308
f 4097//7309 4098//7310 4099//7311
f 4100//7312 4101//7313 4102//7314
f 4103//7315 4104//7316 4105//7317
f 4106//7318 4107//7319 4108//7320
f 4109//7321 4110//7322 4111//7323
f 4112//7324 4113//7325 4114//7326
f 4115//7327 4116//7328 4117//7329
f 4118//7330 4119//7331 4120//7332
f 4121//7333 4122//7334 4123//7335
f 4124//7336 4125//7337 4126//7338
f 4127//7339 4128//7340 4129//7341
f 4130//7342 4131//7343 4132//7344
f 4133//7345 4134//7346 4135//7347
f 4136//7348 4137//7349 4138//7350
f 4139//7351 4140//7352 4141//7353
f 4142//7354 4143//7355 4144//7356
f 4145//7357 4146//7358 4147//7359
f 4148//7360 4149//7361 4150//7362
f 4151//7363 4152//7364 4153//7365
f 4154//7366 4155//7367 4156//7368
f 4157//7369 4158//7370 4159//7371
f 4160//7372 4161//7373 4162//7374
f 4163//7375 4164//7376 4165//7377
f 4166//7378 4167//7379 4168//7380
f 4169//7381 4170//7382 4171//7383
f 4172//7384 4173//7385 4174//7386
f 4175//7387 4176//7388 4177//7389
f 4178//7390 4179//7391 4180//7392
f 4181//7393 4182//7394 4183//7395
f 4184//7396 4185//7397 4186//7398
f 4187//7399 4188//7400 4189//7401
f 4190//7402 4191//7403 4192//7404
f 4193//7405 4194//7406 4195//7407
f 4196//7408 4197//7409 4198//7410
f 4199//7411 4200//7412 4201//7413
f 4202//7414 4203//7415 4204//7416
f 4205//7417 4206//7418 4207//7419
f 4208//7420 4209//7421 4210//7422
f 4211//7423 4212//7424 4213//7425
f 4214//7426 4215//7427 4216//7428
f 4217//7429 4218//7430 4219//7431
f 4220//7432 4221//7433 4222//7434
f 4223//7435 4224//7436 4225//7437
f 4226//7438 4227//7439 4228//7440
f 4229//7441 4230//7442 4231//7443
f 4232//7444 4233//7445 4234//7446
f 4235//7447 4236//7448 4237//7449
f 4238//7450 4239//7451 4240//7452
f 4241//7453 4242//7454 4243//7455
f 4244//7456 4245//7457 4246//7458
f 4247//7459 4248//7460 4249//7461
f 4250//7462 4251//7463 4252//7464
f 4253//7465 4254//7466 4255//7467
f 4256//7468 4257//7469 4258//7470
f 4259//7471 4260//7472 4261//7473
f 4262//7474 4263//7475 4264//7476
f 4265//7477 4266//7478 4267//7479
f 4268//7480 4269//7481 4270//7482
f 4271//7483 4272//7484 4273//7485
f 4274//7486 4275//7487 4276//7488
f 4277//7489 4278//7490 4279//7491
f 4280//7492 4281//7493 4282//7494
f 4283//7495 4284//7496 4285//7497
f 4286//7498 4287//7499 4288//7500
f 4289//7501 4290//7502 4291//7503
f 4292//7504 4293//7505 4294//7506
f 4295//7507 4296//7508 4297//7509
f 4298//7510 4299//7511 4300//7512
f 4301//7513 4302//7514 4303//7515
f 4304//7516 4305//7517 4306//7518
f 4307//7519 4308//7520 4309//7521
f 4310//7522 4311//7523 4312//7524
f 4313//7525 4314//7526 4315//7527
f 4316//7528 4317//7529 4318//7530
f 4319//7531 4320//7532 4321//7533
f 4322//7534 4323//7535 4324//7536
f 4325//7537 4326//7538 4327//7539
f 4328//7540 4329//7541 4330//7542
f 4331//7543 4332//7544 4333//7545
f 4334//7546 4335//7547 4336//7548
f 4337//7549 4338//7550 4339//7551
f 4340//7552 4341//7553 4342//7554
f 4343//7555 4344//7556 4345//7557
f 4346//7558 4347//7559 4348//7560
f 4349//7561 4350//7562 4351//7563
f 4352//7564 4353//7565 4354//7566
f 4355//7567 4356//7568 4357//7569
f 4358//7570 4359//7571 4360//7572
f 4361//7573 4362//7574 4363//7575
f 4364//7576 4365//7577 4366//7578
f 4367//7579 4368//7580 4369//7581
f 4370//7582 4371//7583 4372//7584
f 4373//7585 4374//7586 4375//7587
f 4376//7588 4377//7589 4378//7590
f 4379//7591 4380//7592 4381//7593
f 4382//7594 4383//7595 4384//7596
f 4385//7597 4386//7598 4387//7599
f 4388//7600 4389//7601 4390//7602
f 4391//7603 4392//7604 4393//7605
f 4394//7606 4395//7607 4396//7608
f 4397//7609 4398//7610 4399//7611
f 4400//7612 4401//7613 4402//7614
f 4403//7615 4404//7616 4405//7617
f 4406//7618 4407//7619 4408//7620
f 4409//7621 4410//7622 4411//7623
f 4412//7624 4413//7625 4414//7626
f 4415//7627 4416//7628 4417//7629
f 4418//7630 4419//7631 4420//7632
f 4421//7633 4422//7634 4423//7635
f 4424//7636 4425//7637 4426//7638
f 4427//7639 4428//7640 4429//7641
f 4430//7642 4431//7643 4432//7644
f 4433//7645 4434//7646 4435//7647
f 4436//7648 4437//7649 4438//7650
f 4439//7651 4440//7652 4441//7653
f 4442//7654 4443//7655 4444//7656
f 4445//7657 4446//7658 4447//7659
f 4448//7660 4449//7661 4450//7662
f 4451//7663 4452//7664 4453//7665
f 4454//7666 4455//7667 4456//7668
f 4457//7669 4458//7670 4459//7671
f 4460//7672 4461//7673 4462//7674
f 4463//7675 4464//7676 4465//7677
f 4466//7678 4467//7679 4468//7680
f 4469//7681 4470//7682 4471//7683
f 4472//7684 4473//7685 4474//7686
f 4475//7687 4476//7688 4477//7689
f 4478//7690 4479//7691 4480//7692
f 4481//7693 4482//7694 4483//7695
f 4484//7696 4485//7697 4486//7698
f 4487//7699 4488//7700 4489//7701
f 4490//7702 4491//7703 4492//7704
f 4493//7705 4494//7706 4495//7707
f 4496//7708 4497//7709 4498//7710
f 4499//7711 4500//7712 4501//7713
f 4502//7714 4503//7715 4504//7716
f 4505//7717 4506//7718 4507//7719
f 4508//7720 4509//7721 4510//7722
f 4511//7723 4512//7724 4513//7725
f 4514//7726 4515//7727 4516//7728
f 4517//7729 4518//7730 4519//7731
f 4520//7732 4521//7733 4522//7734
f 4523//7735 4524//7736 4525//7737
f 4526//7738 4527//7739 4528//7740
f 4529//7741 4530//7742 4531//7743
f 4532//7744 4533//7745 4534//7746
f 4535//7747 4536//7748 4537//7749
f 4538//7750 4539//7751 4540//7752
f 4541//7753 4542//7754 4543//7755
f 4544//7756 4545//7757 4546//7758
f 4547//7759 4548//7760 4549//7761
f 4550//7762 4551//7763 4552//7764
f 4553//7765 4554//7766 4555//7767
f 4556//7768 4557//7769 4558//7770
f 4559//7771 4560//7772 4561//7773
f 4562//7774 4563//7775 4564//7776
f 4565//7777 4566//7778 4567//7779
f 4568//7780 4569//7781 4570//7782
f 4571//7783 4572//7784 4573//7785
f 4574//7786 4575//7787 4576//7788
f 4577//7789 4578//7790 4579//7791
f 4580//7792 4581//7793 4582//7794
f 4583//7795 4584//7796 4585//7797
f 4586//7798 4587//7799 4588//7800
f 4589//7801 4590//7802 4591//7803
f 4592//7804 4593//7805 4594//7806
f 4595//7807 4596//7808 4597//7809
f 4598//7810 4599//7811 4600//7812
f 4601//7813 4602//7814 4603//7815
f 4604//7816 4605//7817 4606//7818
f 4607//7819 4608//7820 4609//7821
f 4610//7822 4611//7823 4612//7824
f 4613//7825 4614//7826 4615//7827
f 4616//7828 4617//7829 4618//7830
f 4619//7831 4620//7832 4621//7833
f 4622//7834 4623//7835 4624//7836
f 4625//7837 4626//7838 4627//7839
f 4628//7840 4629//7841 4630//7842
f 4631//7843 4632//7844 4633//7845
f 4634//7846 4635//7847 4636//7848
f 4637//7849 4638//7850 4639//7851
f 4640//7852 4641//7853 4642//7854
f 4643//7855 4644//7856 4645//7857
f 4646//7858 4647//7859 4648//7860
f 4649//7861 4650//7862 4651//7863
f 4652//7864 4653//7865 4654//7866
f 4655//7867 4656//7868 4657//7869
f 4658//7870 4659//7871 4660//7872
f 4661//7873 4662//7874 4663//7875
f 4664//7876 4665//7877 4666//7878
f 4667//7879 4668//7880 4669//7881
f 4670//7882 4671//7883 4672//7884
f 4673//7885 4674//7886 4675//7887
f 4676//7888 4677//7889 4678//7890
f 4679//7891 4680//7892 4681//7893
f 4682//7894 4683//7895 4684//7896
f 4685//7897 4686//7898 4687//7899
f 4688//7900 4689//7901 4690//7902
f 4691//7903 4692//7904 4693//7905
f 4694//7906 4695//7907 4696//7908
f 4697//7909 4698//7910 4699//7911
f 4700//7912 4701//7913 4702//7914
f 4703//7915 4704//7916 4705//7917
f 4706//7918 4707//7919 4708//7920
f 4709//7921 4710//7922 4711//7923
f 4712//7924 4713//7925 4714//7926
f 4715//7927 4716//7928 4717//7929
f 4718//7930 4719//7931 4720//7932
f 4721//7933 4722//7934 4723//7935
f 4724//7936 4725//7937 4726//7938
f 4727//7939 4728//7940 4729//7941
f 4730//7942 4731//7943 4732//7944
f 4733//7945 4734//7946 4735//7947
f 4736//7948 4737//7949 4738//7950
f 4739//7951 4740//7952 4741//7953
f 4742//7954 4743//7955 4744//7956
f 4745//7957 4746//7958 4747//7959
f 4748//7960 4749//7961 4750//7962
f 4751//7963 4752//7964 4753//7965
f 4754//7966 4755//7967 4756//7968
f 4757//7969 4758//7970 4759//7971
f 4760//7972 4761//7973 4762//7974
f 4763//7975 4764//7976 4765//7977
f 4766//7978 4767//7979 4768//7980
f 4769//7981 4770//7982 4771//7983
f 4772//7984 4773//7985 4774//7986
f 4775//7987 4776//7988 4777//7989
f 4778//7990 4779//7991 4780//7992
f 4781//7993 4782//7994 4783//7995
f 4784//7996 4785//7997 4786//7998
f 4787//7999 4788//8000 4789//8001
f 4790//8002 4791//8003 4792//8004
f 4793//8005 4794//8006 4795//8007
f 4796//8008 4797//8009 4798//8010
f 4799//8011 4800//8012 4801//8013
f 4802//8014 4803//8015 4804//8016
f 4805//8017 4806//8018 4807//8019
f 4808//8020 4809//8021 4810//8022
f 4811//8023 4812//8024 4813//8025
f 4814//8026 4815//8027 4816//8028
f 4817//8029 4818//8030 4819//8031
f 4820//8032 4821//8033 4822//8034
f 4823//8035 4824//8036 4825//8037
f 4826//8038 4827//8039 4828//8040
f 4829//8041 4830//8042 4831//8043
f 4832//8044 4833//8045 4834//8046
f 4835//8047 4836//8048 4837//8049
f 4838//8050 4839//8051 4840//8052
f 4841//8053 4842//8054 4843//8055
f 4844//8056 4845//8057 4846//8058
f 4847//8059 4848//8060 4849//8061
f 4850//8062 4851//8063 4852//8064
f 4853//8065 4854//8066 4855//8067
f 4856//8068 4857//8069 4858//8070
f 4859//8071 4860//8072 4861//8073
f 4862//8074 4863//8075 4864//8076
f 4865//8077 4866//8078 4867//8079
f 4868//8080 4869//8081 4870//8082
f 4871//8083 4872//8084 4873//8085
f 4874//8086 4875//8087 4876//8088
f 4877//8089 4878//8090 4879//8091
f 4880//8092 4881//8093 4882//8094
f 4883//8095 4884//8096 4885//8097
f 4886//8098 4887//8099 4888//8100
f 4889//8101 4890//8102 4891//8103
f 4892//8104 4893//8105 4894//8106
f 4895//8107 4896//8108 4897//8109
f 4898//8110 4899//8111 4900//8112
f 4901//8113 4902//8114 4903//8115
f 4904//8116 4905//8117 4906//8118
f 4907//8119 4908//8120 4909//8121
f 4910//8122 4911//8123 4912//8124
f 4913//8125 4914//8126 4915//8127
f 4916//8128 4917//8129 4918//8130
f 4919//8131 4920//8132 4921//8133
f 4922//8134 4923//8135 4924//8136
f 4925//8137 4926//8138 4927//8139
f 4928//8140 4929//8141 4930//8142
f 4931//8143 4932//8144 4933//8145
f 4934//8146 4935//8147 4936//8148
f 4937//8149 4938//8150 4939//8151
f 4940//8152 4941//8153 4942//8154
f 4943//8155 4944//8156 4945//8157
f 4946//8158 4947//8159 4948//8160
f 4949//8161 4950//8162 4951//8163
f 4952//8164 4953//8165 4954//8166
f 4955//8167 4956//8168 4957//8169
f 4958//8170 4959//8171 4960//8172
f 4961//8173 4962//8174 4963//8175
f 4964//8176 4965//8177 4966//8178
f 4967//8179 4968//8180 4969//8181
f 4970//8182 4971//8183 4972//8184
f 4973//8185 4974//8186 4975//8187
f 4976//8188 4977//8189 4978//8190
f 4979//8191 4980//8192 4981//8193
f 4982//8194 4983//8195 4984//8196
f 4985//8197 4986//8198 4987//8199
f 4988//8200 4989//8201 4990//8202
f 4991//8203 4992//8204 4993//8205
f 4994//8206 4995//8207 4996//8208
f 4997//8209 4998//8210 4999//8211
f 5000//8212 5001//8213 5002//8214
f 5003//8215 5004//8216 5005//8217
f 5006//8218 5007//8219 5008//8220
f 5009//8221 5010//8222 5011//8223
f 5012//8224 5013//8225 5014//8226
f 5015//8227 5016//8228 5017//8229
f 5018//8230 5019//8231 5020//8232
f 5021//8233 5022//8234 5023//8235
f 5024//8236 5025//8237 5026//8238
f 5027//8239 5028//8240 5029//8241
f 5030//8242 5031//8243 5032//8244
f 5033//8245 5034//8246 5035//8247
f 5036//8248 5037//8249 5038//8250
f 5039//8251 5040//8252 5041//8253
f 5042//8254 5043//8255 5044//8256
f 5045//8257 5046//8258 5047//8259
f 5048//8260 5049//8261 5050//8262
f 5051//8263 5052//8264 5053//8265
f 5054//8266 5055//8267 5056//8268
f 5057//8269 5058//8270 5059//8271
f 5060//8272 5061//8273 5062//8274
f 5063//8275 5064//8276 5065//8277
f 5066//8278 5067//8279 5068//8280
f 5069//8281 5070//8282 5071//8283
f 5072//8284 5073//8285 5074//8286
f 5075//8287 5076//8288 5077//8289
f 5078//8290 5079//8291 5080//8292
f 5081//8293 5082//8294 5083//8295
f 5084//8296 5085//8297 5086//8298
f 5087//8299 5088//8300 5089//8301
f 5090//8302 5091//8303 5092//8304
f 5093//8305 5094//8306 5095//8307
f 5096//8308 5097//8309 5098//8310
f 5099//8311 5100//8312 5101//8313
f 5102//8314 5103//8315 5104//8316
f 5105//8317 5106//8318 5107//8319
f 5108//8320 5109//8321 5110//8322
f 5111//8323 5112//8324 5113//8325
f 5114//8326 5115//8327 5116//8328
f 5117//8329 5118//8330 5119//8331
f 5120//8332 5121//8333 5122//8334
f 5123//8335 5124//8336 5125//8337
f 5126//8338 5127//8339 5128//8340
f 5129//8341 5130//8342 5131//8343
f 5132//8344 5133//8345 5134//8346
f 5135//8347 5136//8348 5137//8349
f 5138//8350 5139//8351 5140//8352
f 5141//8353 5142//8354 5143//8355
f 5144//8356 5145//8357 5146//8358
f 5147//8359 5148//8360 5149//8361
f 5150//8362 5151//8363 5152//8364
f 5153//8365 5154//8366 5155//8367
f 5156//8368 5157//8369 5158//8370
f 5159//8371 5160//8372 5161//8373
f 5162//8374 5163//8375 5164//8376
f 5165//8377 5166//8378 5167//8379
f 5168//8380 5169//8381 5170//8382
f 5171//8383 5172//8384 5173//8385
f 5174//8386 5175//8387 5176//8388
f 5177//8389 5178//8390 5179//8391
f 5180//8392 5181//8393 5182//8394
f 5183//8395 5184//8396 5185//8397
f 5186//8398 5187//8399 5188//8400
f 5189//8401 5190//8402 5191//8403
f 5192//8404 5193//8405 5194//8406
f 5195//8407 5196//8408 5197//8409
f 5198//8410 5199//8411 5200//8412
f 5201//8413 5202//8414 5203//8415
f 5204//8416 5205//8417 5206//8418
f 5207//8419 5208//8420 5209//8421
f 5210//8422 5211//8423 5212//8424
f 5213//8425 5214//8426 5215//8427
f 5216//8428 5217//8429 5218//8430
f 5219//8431 5220//8432 5221//8433
f 5222//8434 5223//8435 5224//8436
f 5225//8437 5226//8438 5227//8439
f 5228//8440 5229//8441 5230//8442
f 5231//8443 5232//8444 5233//8445
f 5234//8446 5235//8447 5236//8448
f 5237//8449 5238//8450 5239//8451
f 5240//8452 5241//8453 5242//8454
f 5243//8455 5244//8456 5245//8457
f 5246//8458 5247//8459 5248//8460
f 5249//8461 5250//8462 5251//8463
f 5252//8464 5253//8465 5254//8466
f 5255//8467 5256//8468 5257//8469
f 5258//8470 5259//8471 5260//8472
f 5261//8473 5262//8474 5263//8475
f 5264//8476 5265//8477 5266//8478
f 5267//8479 5268//8480 5269//8481
f 5270//8482 5271//8483 5272//8484
f 5273//8485 5274//8486 5275//8487
f 5276//8488 5277//8489 5278//8490
f 5279//8491 5280//8492 5281//8493
f 5282//8494 5283//8495 5284//8496
f 5285//8497 5286//8498 5287//8499
f 5288//8500 5289//8501 5290//8502
f 5291//8503 5292//8504 5293//8505
f 5294//8506 5295//8507 5296//8508
f 5297//8509 5298//8510 5299//8511
f 5300//8512 5301//8513 5302//8514
f 5303//8515 5304//8516 5305//8517
f 5306//8518 5307//8519 5308//8520
f 5309//8521 5310//8522 5311//8523
f 5312//8524 5313//8525 5314//8526
f 5315//8527 5316//8528 5317//8529
f 5318//8530 5319//8531 5320//8532
f 5321//8533 5322//8534 5323//8535
f 5324//8536 5325//8537 5326//8538
f 5327//8539 5328//8540 5329//8541
f 5330//8542 5331//8543 5332//8544
f 5333//8545 5334//8546 5335//8547
f 5336//8548 5337//8549 5338//8550
f 5339//8551 5340//8552 5341//8553
f 5342//8554 5343//8555 5344//8556
f 5345//8557 5346//8558 5347//8559
f 5348//8560 5349//8561 5350//8562
f 5351//8563 5352//8564 5353//8565
f 5354//8566 5355//8567 5356//8568
f 5357//8569 5358//8570 5359//8571
f 5360//8572 5361//8573 5362//8574
f 5363//8575 5364//8576 5365//8577
f 5366//8578 5367//8579 5368//8580
f 5369//8581 5370//8582 5371//8583
f 5372//8584 5373//8585 5374//8586
f 5375//8587 5376//8588 5377//8589
f 5378//8590 5379//8591 5380//8592
f 5381//8593 5382//8594 5383//8595
f 5384//8596 5385//8597 5386//8598
f 5387//8599 5388//8600 5389//8601
f 5390//8602 5391//8603 5392//8604
f 5393//8605 5394//8606 5395//8607
f 5396//8608 5397//8609 5398//8610
f 5399//8611 5400//8612 5401//8613
f 5402//8614 5403//8615 5404//8616
f 5405//8617 5406//8618 5407//8619
f 5408//8620 5409//8621 5410//8622
f 5411//8623 5412//8624 5413//8625
f 5414//8626 5415//8627 5416//8628
f 5417//8629 5418//8630 5419//8631
f 5420//8632 5421//8633 5422//8634
f 5423//8635 5424//8636 5425//8637
f 5426//8638 5427//8639 5428//8640
f 5429//8641 5430//8642 5431//8643
f 5432//8644 5433//8645 5434//8646
f 5435//8647 5436//8648 5437//8649
f 5438//8650 5439//8651 5440//8652
f 5441//8653 5442//8654 5443//8655
f 5444//8656 5445//8657 5446//8658
f 5447//8659 5448//8660 5449//8661
f 5450//8662 5451//8663 5452//8664
f 5453//8665 5454//8666 5455//8667
f 5456//8668 5457//8669 5458//8670
f 5459//8671 5460//8672 5461//8673
f 5462//8674 5463//8675 5464//8676
f 5465//8677 5466//8678 5467//8679
f 5468//8680 5469//8681 5470//8682
f 5471//8683 5472//8684 5473//8685
f 5474//8686 5475//8687 5476//8688
f 5477//8689 5478//8690 5479//8691
f 5480//8692 5481//8693 5482//8694
f 5483//8695 5484//8696 5485//8697
f 5486//8698 5487//8699 5488//8700
f 5489//8701 5490//8702 5491//8703
f 5492//8704 5493//8705 5494//8706
f 5495//8707 5496//8708 5497//8709
f 5498//8710 5499//8711 5500//8712
f 5501//8713 5502//8714 5503//8715
f 5504//8716 5505//8717 5506//8718
f 5507//8719 5508//8720 5509//8721
f 5510//8722 5511//8723 5512//8724
f 5513//8725 5514//8726 5515//8727
f 5516//8728 5517//8729 5518//8730
f 5519//8731 5520//8732 5521//8733
f 5522//8734 5523//8735 5524//8736
f 5525//8737 5526//8738 5527//8739
f 5528//8740 5529//8741 5530//8742
f 5531//8743 5532//8744 5533//8745
f 5534//8746 5535//8747 5536//8748
f 5537//8749 5538//8750 5539//8751
f 5540//8752 5541//8753 5542//8754
f 5543//8755 5544//8756 5545//8757
f 5546//8758 5547//8759 5548//8760
f 5549//8761 5550//8762 5551//8763
f 5552//8764 5553//8765 5554//8766
f 5555//8767 5556//8768 5557//8769
f 5558//8770 5559//8771 5560//8772
f 5561//8773 5562//8774 5563//8775
f 5564//8776 5565//8777 5566//8778
f 5567//8779 5568//8780 5569//8781
f 5570//8782 5571//8783 5572//8784
f 5573//8785 5574//8786 5575//8787
f 5576//8788 5577//8789 5578//8790
f 5579//8791 5580//8792 5581//8793
f 5582//8794 5583//8795 5584//8796
f 5585//8797 5586//8798 5587//8799
f 5588//8800 5589//8801 5590//8802
f 5591//8803 5592//8804 5593//8805
f 5594//8806 5595//8807 5596//8808
f 5597//8809 5598//8810 5599//8811
f 5600//8812 5601//8813 5602//8814
f 5603//8815 5604//8816 5605//8817
f 5606//8818 5607//8819 5608//8820
f 5609//8821 5610//8822 5611//8823
f 5612//8824 5613//8825 5614//8826
f 5615//8827 5616//8828 5617//8829
f 5618//8830 5619//8831 5620//8832
f 5621//8833 5622//8834 5623//8835
f 5624//8836 5625//8837 5626//8838
f 5627//8839 5628//8840 5629//8841
f 5630//8842 5631//8843 5632//8844
f 5633//8845 5634//8846 5635//8847
f 5636//8848 5637//8849 5638//8850
f 5639//8851 5640//8852 5641//8853
f 5642//8854 5643//8855 5644//8856
f 5645//8857 5646//8858 5647//8859
f 5648//8860 5649//8861 5650//8862
f 5651//8863 5652//8864 5653//8865
f 5654//8866 5655//8867 5656//8868
f 5657//8869 5658//8870 5659//8871
f 5660//8872 5661//8873 5662//8874
f 5663//8875 5664//8876 5665//8877
f 5666//8878 5667//8879 5668//8880
f 5669//8881 5670//8882 5671//8883
f 5672//8884 5673//8885 5674//8886
f 5675//8887 5676//8888 5677//8889
f 5678//8890 5679//8891 5680//8892
f 5681//8893 5682//8894 5683//8895
f 5684//8896 5685//8897 5686//8898
f 5687//8899 5688//8900 5689//8901
f 5690//8902 5691//8903 5692//8904
f 5693//8905 5694//8906 5695//8907
f 5696//8908 5697//8909 5698//8910
f 5699//8911 5700//8912 5701//8913
f 5702//8914 5703//8915 5704//8916
f 5705//8917 5706//8918 5707//8919
f 5708//8920 5709//8921 5710//8922
f 5711//8923 5712//8924 5713//8925
f 5714//8926 5715//8927 5716//8928
f 5717//8929 5718//8930 5719//8931
f 5720//8932 5721//8933 5722//8934
f 5723//8935 5724//8936 5725//8937
f 5726//8938 5727//8939 5728//8940
f 5729//8941 5730//8942 5731//8943
f 5732//8944 5733//8945 5734//8946
f 5735//8947 5736//8948 5737//8949
f 5738//8950 5739//8951 5740//8952
f 5741//8953 5742//8954 5743//8955
f 5744//8956 5745//8957 5746//8958
f 5747//8959 5748//8960 5749//8961
f 5750//8962 5751//8963 5752//8964
f 5753//8965 5754//8966 5755//8967
f 5756//8968 5757//8969 5758//8970
f 5759//8971 5760//8972 5761//8973
f 5762//8974 5763//8975 5764//8976
f 5765//8977 5766//8978 5767//8979
f 5768//8980 5769//8981 5770//8982
f 5771//8983 5772//8984 5773//8985
f 5774//8986 5775//8987 5776//8988
f 5777//8989 5778//8990 5779//8991
f 5780//8992 5781//8993 5782//8994
f 5783//8995 5784//8996 5785//8997
f 5786//8998 5787//8999 5788//9000
f 5789//9001 5790//9002 5791//9003
f 5792//9004 5793//9005 5794//9006
f 5795//9007 5796//9008 5797//9009
f 5798//9010 5799//9011 5800//9012
f 5801//9013 5802//9014 5803//9015
f 5804//9016 5805//9017 5806//9018
f 5807//9019 5808//9020 5809//9021
f 5810//9022 5811//9023 5812//9024
f 5813//9025 5814//9026 5815//9027
f 5816//9028 5817//9029 5818//9030
f 5819//9031 5820//9032 5821//9033
f 5822//9034 5823//9035 5824//9036
f 5825//9037 5826//9038 5827//9039
f 5828//9040 5829//9041 5830//9042
f 5831//9043 5832//9044 5833//9045
f 5837//9046 5838//9047 5839//9048
f 5840//9049 5841//9050 5842//9051
f 5846//9052 5847//9053 5848//9054
f 5849//9055 5850//9056 5851//9057
f 5852//9058 5853//9059 5854//9060
f 5855//9061 5856//9062 5857//9063
f 5858//9064 5859//9065 5860//9066
f 5861//9067 5862//9068 5863//9069
f 5864//9070 5865//9071 5866//9072
f 5867//9073 5868//9074 5869//9075
f 5870//9076 5871//9077 5872//9078
f 5873//9079 5874//9080 5875//9081
f 5876//9082 5877//9083 5878//9084
f 5879//9085 5880//9086 5881//9087
f 5882//9088 5883//9089 5884//9090
f 5885//9091 5886//9092 5887//9093
f 5888//9094 5889//9095 5890//9096
f 5891//9097 5892//9098 5893//9099
f 5894//9100 5895//9101 5896//9102
f 5897//9103 5898//9104 5899//9105
f 5900//9106 5901//9107 5902//9108
f 5903//9109 5904//9110 5905//9111
f 5906//9112 5907//9113 5908//9114
f 5909//9115 5910//9116 5911//9117
f 5912//9118 5913//9119 5914//9120

