solid PARTassembly
   facet normal 0.0000 -0.9962 0.0869
      outer loop
         vertex -928.0000 -579.5555 155.2914
         vertex -928.0000 -600.0000 0.0000
         vertex -892.0000 -600.0000 0.0000
      endloop
   endfacet
   facet normal 0.0000 -0.9848 0.1739
      outer loop
         vertex -928.0000 -579.5555 155.2914
         vertex -892.0000 -600.0000 0.0000
         vertex -892.0000 -579.5555 155.2914
      endloop
   endfacet
   facet normal 0.0000 -0.9062 -0.4228
      outer loop
         vertex -928.0000 -579.5555 -155.2914
         vertex -928.0000 -519.6152 -300.0000
         vertex -892.0000 -519.6152 -300.0000
      endloop
   endfacet
   facet normal 0.0000 -0.9398 -0.3418
      outer loop
         vertex -928.0000 -579.5555 -155.2914
         vertex -892.0000 -519.6152 -300.0000
         vertex -892.0000 -579.5555 -155.2914
      endloop
   endfacet
   facet normal 0.0000 -0.9848 -0.1739
      outer loop
         vertex -928.0000 -600.0000 0.0000
         vertex -928.0000 -579.5555 -155.2914
         vertex -892.0000 -579.5555 -155.2914
      endloop
   endfacet
   facet normal 0.0000 -0.9962 -0.0869
      outer loop
         vertex -928.0000 -600.0000 0.0000
         vertex -892.0000 -579.5555 -155.2914
         vertex -892.0000 -600.0000 0.0000
      endloop
   endfacet
   facet normal 0.0000 -0.3418 -0.9398
      outer loop
         vertex -928.0000 -300.0000 -519.6152
         vertex -928.0000 -155.2914 -579.5555
         vertex -892.0000 -155.2914 -579.5555
      endloop
   endfacet
   facet normal 0.0000 -0.4228 -0.9062
      outer loop
         vertex -928.0000 -300.0000 -519.6152
         vertex -892.0000 -155.2914 -579.5555
         vertex -892.0000 -300.0000 -519.6152
      endloop
   endfacet
   facet normal 0.0000 -0.5734 -0.8193
      outer loop
         vertex -928.0000 -424.2641 -424.2641
         vertex -928.0000 -300.0000 -519.6152
         vertex -892.0000 -300.0000 -519.6152
      endloop
   endfacet
   facet normal 0.0000 -0.6430 -0.7659
      outer loop
         vertex -928.0000 -424.2641 -424.2641
         vertex -892.0000 -300.0000 -519.6152
         vertex -892.0000 -424.2641 -424.2641
      endloop
   endfacet
   facet normal 0.0000 -0.7659 -0.6430
      outer loop
         vertex -928.0000 -519.6152 -300.0000
         vertex -928.0000 -424.2641 -424.2641
         vertex -892.0000 -424.2641 -424.2641
      endloop
   endfacet
   facet normal 0.0000 -0.8193 -0.5734
      outer loop
         vertex -928.0000 -519.6152 -300.0000
         vertex -892.0000 -424.2641 -424.2641
         vertex -892.0000 -519.6152 -300.0000
      endloop
   endfacet
   facet normal 0.0000 0.9398 -0.3418
      outer loop
         vertex -928.0000 519.6152 -300.0000
         vertex -928.0000 579.5555 -155.2914
         vertex -892.0000 579.5555 -155.2914
      endloop
   endfacet
   facet normal 0.0000 0.9062 -0.4228
      outer loop
         vertex -928.0000 519.6152 -300.0000
         vertex -892.0000 579.5555 -155.2914
         vertex -892.0000 519.6152 -300.0000
      endloop
   endfacet
   facet normal 0.0000 0.2162 -0.9763
      outer loop
         vertex -928.0000 125.0000 -583.5435
         vertex -928.0000 155.2914 -579.5555
         vertex -892.0000 155.2914 -579.5555
      endloop
   endfacet
   facet normal 0.0000 0.1734 -0.9849
      outer loop
         vertex -928.0000 125.0000 -583.5435
         vertex -892.0000 155.2914 -579.5555
         vertex -892.0000 125.0000 -583.5435
      endloop
   endfacet
   facet normal 0.0000 -0.2162 -0.9763
      outer loop
         vertex -892.0000 -155.2914 -579.5555
         vertex -928.0000 -155.2914 -579.5555
         vertex -928.0000 -125.0000 -583.5435
      endloop
   endfacet
   facet normal 0.0000 -0.1734 -0.9849
      outer loop
         vertex -892.0000 -155.2914 -579.5555
         vertex -928.0000 -125.0000 -583.5435
         vertex -892.0000 -125.0000 -583.5435
      endloop
   endfacet
   facet normal 0.0000 0.8193 -0.5734
      outer loop
         vertex -928.0000 424.2641 -424.2641
         vertex -928.0000 519.6152 -300.0000
         vertex -892.0000 519.6152 -300.0000
      endloop
   endfacet
   facet normal 0.0000 0.7659 -0.6430
      outer loop
         vertex -928.0000 424.2641 -424.2641
         vertex -892.0000 519.6152 -300.0000
         vertex -892.0000 424.2641 -424.2641
      endloop
   endfacet
   facet normal 0.0000 0.6430 -0.7659
      outer loop
         vertex -928.0000 300.0000 -519.6152
         vertex -928.0000 424.2641 -424.2641
         vertex -892.0000 424.2641 -424.2641
      endloop
   endfacet
   facet normal 0.0000 0.5734 -0.8193
      outer loop
         vertex -928.0000 300.0000 -519.6152
         vertex -892.0000 424.2641 -424.2641
         vertex -892.0000 300.0000 -519.6152
      endloop
   endfacet
   facet normal 0.0000 0.4228 -0.9062
      outer loop
         vertex -928.0000 155.2914 -579.5555
         vertex -928.0000 300.0000 -519.6152
         vertex -892.0000 300.0000 -519.6152
      endloop
   endfacet
   facet normal 0.0000 0.3418 -0.9398
      outer loop
         vertex -928.0000 155.2914 -579.5555
         vertex -892.0000 300.0000 -519.6152
         vertex -892.0000 155.2914 -579.5555
      endloop
   endfacet
   facet normal 0.0000 -0.9398 0.3418
      outer loop
         vertex -928.0000 -519.6152 300.0000
         vertex -928.0000 -579.5555 155.2914
         vertex -892.0000 -579.5555 155.2914
      endloop
   endfacet
   facet normal 0.0000 -0.9062 0.4228
      outer loop
         vertex -928.0000 -519.6152 300.0000
         vertex -892.0000 -579.5555 155.2914
         vertex -892.0000 -519.6152 300.0000
      endloop
   endfacet
   facet normal 0.0000 0.9848 0.1739
      outer loop
         vertex -928.0000 600.0000 0.0000
         vertex -928.0000 579.5555 155.2914
         vertex -892.0000 579.5555 155.2914
      endloop
   endfacet
   facet normal 0.0000 0.9962 0.0869
      outer loop
         vertex -928.0000 600.0000 0.0000
         vertex -892.0000 579.5555 155.2914
         vertex -892.0000 600.0000 0.0000
      endloop
   endfacet
   facet normal 0.0000 0.9962 -0.0869
      outer loop
         vertex -928.0000 579.5555 -155.2914
         vertex -928.0000 600.0000 0.0000
         vertex -892.0000 600.0000 0.0000
      endloop
   endfacet
   facet normal 0.0000 0.9848 -0.1739
      outer loop
         vertex -928.0000 579.5555 -155.2914
         vertex -892.0000 600.0000 0.0000
         vertex -892.0000 579.5555 -155.2914
      endloop
   endfacet
   facet normal 0.0000 0.8190 0.5738
      outer loop
         vertex -928.0000 519.6152 300.0000
         vertex -928.0000 438.0423 406.3080
         vertex -892.0000 447.6884 393.7368
      endloop
   endfacet
   facet normal 0.0000 0.8433 0.5375
      outer loop
         vertex -928.0000 519.6152 300.0000
         vertex -892.0000 447.6884 393.7368
         vertex -892.0000 519.6152 300.0000
      endloop
   endfacet
   facet normal 0.0000 0.9062 0.4228
      outer loop
         vertex -928.0000 579.5555 155.2914
         vertex -928.0000 519.6152 300.0000
         vertex -892.0000 519.6152 300.0000
      endloop
   endfacet
   facet normal 0.0000 0.9398 0.3418
      outer loop
         vertex -928.0000 579.5555 155.2914
         vertex -892.0000 519.6152 300.0000
         vertex -892.0000 579.5555 155.2914
      endloop
   endfacet
   facet normal 0.0000 -0.8433 0.5375
      outer loop
         vertex -928.0000 -438.0423 406.3080
         vertex -928.0000 -519.6152 300.0000
         vertex -892.0000 -519.6152 300.0000
      endloop
   endfacet
   facet normal 0.0000 -0.8190 0.5738
      outer loop
         vertex -928.0000 -438.0423 406.3080
         vertex -892.0000 -519.6152 300.0000
         vertex -892.0000 -447.6884 393.7368
      endloop
   endfacet
   facet normal -0.3437 0.9391 0.0000
      outer loop
         vertex -800.0000 315.0000 1095.0000
         vertex -957.5000 272.7980 1095.0000
         vertex -957.5000 272.7980 1130.0000
      endloop
   endfacet
   facet normal -0.1719 0.9851 0.0000
      outer loop
         vertex -800.0000 315.0000 1095.0000
         vertex -957.5000 272.7980 1130.0000
         vertex -800.0000 315.0000 1130.0000
      endloop
   endfacet
   facet normal -0.3437 -0.9391 0.0000
      outer loop
         vertex -800.0000 -315.0000 1130.0000
         vertex -957.5000 -272.7980 1130.0000
         vertex -957.5000 -272.7980 1095.0000
      endloop
   endfacet
   facet normal -0.1719 -0.9851 0.0000
      outer loop
         vertex -800.0000 -315.0000 1130.0000
         vertex -957.5000 -272.7980 1095.0000
         vertex -800.0000 -315.0000 1095.0000
      endloop
   endfacet
   facet normal -0.3437 0.9391 0.0000
      outer loop
         vertex -800.0000 345.0000 1130.0000
         vertex -972.5000 298.7788 1130.0000
         vertex -972.5000 298.7788 1160.0000
      endloop
   endfacet
   facet normal -0.1719 0.9851 0.0000
      outer loop
         vertex -800.0000 345.0000 1130.0000
         vertex -972.5000 298.7788 1160.0000
         vertex -800.0000 345.0000 1160.0000
      endloop
   endfacet
   facet normal -0.3437 -0.9391 0.0000
      outer loop
         vertex -800.0000 -345.0000 1160.0000
         vertex -972.5000 -298.7788 1160.0000
         vertex -972.5000 -298.7788 1130.0000
      endloop
   endfacet
   facet normal -0.1719 -0.9851 0.0000
      outer loop
         vertex -800.0000 -345.0000 1160.0000
         vertex -972.5000 -298.7788 1130.0000
         vertex -800.0000 -345.0000 1130.0000
      endloop
   endfacet
   facet normal -0.1719 0.9851 0.0000
      outer loop
         vertex -957.5000 272.7980 1617.0000
         vertex -800.0000 315.0000 1617.0000
         vertex -800.0000 315.0000 1160.0000
      endloop
   endfacet
   facet normal -0.3437 0.9391 0.0000
      outer loop
         vertex -957.5000 272.7980 1617.0000
         vertex -800.0000 315.0000 1160.0000
         vertex -957.5000 272.7980 1160.0000
      endloop
   endfacet
   facet normal -0.1719 -0.9851 0.0000
      outer loop
         vertex -957.5000 -272.7980 1160.0000
         vertex -800.0000 -315.0000 1160.0000
         vertex -800.0000 -315.0000 1617.0000
      endloop
   endfacet
   facet normal -0.3437 -0.9391 0.0000
      outer loop
         vertex -957.5000 -272.7980 1160.0000
         vertex -800.0000 -315.0000 1617.0000
         vertex -957.5000 -272.7980 1617.0000
      endloop
   endfacet
   facet normal -0.3437 0.9391 0.0000
      outer loop
         vertex -800.0000 437.5000 1617.0000
         vertex -1018.7500 378.8861 1617.0000
         vertex -1018.7500 378.8861 1647.0000
      endloop
   endfacet
   facet normal -0.1719 0.9851 0.0000
      outer loop
         vertex -800.0000 437.5000 1617.0000
         vertex -1018.7500 378.8861 1647.0000
         vertex -800.0000 437.5000 1647.0000
      endloop
   endfacet
   facet normal -0.1719 -0.9851 0.0000
      outer loop
         vertex -1018.7500 -378.8861 1617.0000
         vertex -800.0000 -437.5000 1617.0000
         vertex -800.0000 -437.5000 1647.0000
      endloop
   endfacet
   facet normal -0.3437 -0.9391 0.0000
      outer loop
         vertex -1018.7500 -378.8861 1617.0000
         vertex -800.0000 -437.5000 1647.0000
         vertex -1018.7500 -378.8861 1647.0000
      endloop
   endfacet
   facet normal 0.3437 -0.9391 0.0000
      outer loop
         vertex -800.0000 332.0000 1647.0000
         vertex -966.0000 287.5204 1647.0000
         vertex -966.0000 287.5204 1646.0000
      endloop
   endfacet
   facet normal 0.1719 -0.9851 0.0000
      outer loop
         vertex -800.0000 332.0000 1647.0000
         vertex -966.0000 287.5204 1646.0000
         vertex -800.0000 332.0000 1646.0000
      endloop
   endfacet
   facet normal 0.3437 0.9391 0.0000
      outer loop
         vertex -800.0000 -332.0000 1646.0000
         vertex -966.0000 -287.5204 1646.0000
         vertex -966.0000 -287.5204 1647.0000
      endloop
   endfacet
   facet normal 0.1719 0.9851 0.0000
      outer loop
         vertex -800.0000 -332.0000 1646.0000
         vertex -966.0000 -287.5204 1647.0000
         vertex -800.0000 -332.0000 1647.0000
      endloop
   endfacet
   facet normal 0.7216 0.6897 0.0602
      outer loop
         vertex -834.0000 521.6000 139.7623
         vertex -834.0000 540.0000 -0.0000
         vertex -892.0000 600.0000 0.0000
      endloop
   endfacet
   facet normal 0.7216 0.6817 0.1204
      outer loop
         vertex -834.0000 521.6000 139.7623
         vertex -892.0000 600.0000 0.0000
         vertex -892.0000 579.5555 155.2914
      endloop
   endfacet
   facet normal 0.7216 0.6506 0.2366
      outer loop
         vertex -834.0000 467.6537 270.0000
         vertex -834.0000 521.6000 139.7623
         vertex -892.0000 579.5555 155.2914
      endloop
   endfacet
   facet normal 0.7216 0.6274 0.2927
      outer loop
         vertex -834.0000 467.6537 270.0000
         vertex -892.0000 579.5555 155.2914
         vertex -892.0000 519.6152 300.0000
      endloop
   endfacet
   facet normal 0.7187 0.5864 0.3738
      outer loop
         vertex -834.0000 463.2295 275.7657
         vertex -834.0000 467.6537 270.0000
         vertex -892.0000 519.6152 300.0000
      endloop
   endfacet
   facet normal 0.7177 0.5703 0.3996
      outer loop
         vertex -834.0000 463.2295 275.7657
         vertex -892.0000 519.6152 300.0000
         vertex -892.0000 447.6884 393.7368
      endloop
   endfacet
   facet normal 0.7187 -0.5864 0.3738
      outer loop
         vertex -892.0000 -519.6152 300.0000
         vertex -834.0000 -467.6537 270.0000
         vertex -834.0000 -463.2295 275.7657
      endloop
   endfacet
   facet normal 0.7177 -0.5703 0.3996
      outer loop
         vertex -892.0000 -519.6152 300.0000
         vertex -834.0000 -463.2295 275.7657
         vertex -892.0000 -447.6884 393.7368
      endloop
   endfacet
   facet normal 0.7216 -0.6274 0.2927
      outer loop
         vertex -834.0000 -521.6000 139.7623
         vertex -834.0000 -467.6537 270.0000
         vertex -892.0000 -519.6152 300.0000
      endloop
   endfacet
   facet normal 0.7216 -0.6506 0.2366
      outer loop
         vertex -834.0000 -521.6000 139.7623
         vertex -892.0000 -519.6152 300.0000
         vertex -892.0000 -579.5555 155.2914
      endloop
   endfacet
   facet normal 0.7216 -0.6897 0.0602
      outer loop
         vertex -892.0000 -579.5555 155.2914
         vertex -892.0000 -600.0000 0.0000
         vertex -834.0000 -540.0000 -0.0000
      endloop
   endfacet
   facet normal 0.7216 -0.6817 0.1204
      outer loop
         vertex -892.0000 -579.5555 155.2914
         vertex -834.0000 -540.0000 -0.0000
         vertex -834.0000 -521.6000 139.7623
      endloop
   endfacet
   facet normal 0.7216 -0.6817 -0.1204
      outer loop
         vertex -892.0000 -600.0000 0.0000
         vertex -892.0000 -579.5555 -155.2914
         vertex -834.0000 -521.6000 -139.7623
      endloop
   endfacet
   facet normal 0.7216 -0.6897 -0.0602
      outer loop
         vertex -892.0000 -600.0000 0.0000
         vertex -834.0000 -521.6000 -139.7623
         vertex -834.0000 -540.0000 -0.0000
      endloop
   endfacet
   facet normal 0.7216 -0.6274 -0.2927
      outer loop
         vertex -892.0000 -579.5555 -155.2914
         vertex -892.0000 -519.6152 -300.0000
         vertex -834.0000 -467.6537 -270.0000
      endloop
   endfacet
   facet normal 0.7216 -0.6506 -0.2366
      outer loop
         vertex -892.0000 -579.5555 -155.2914
         vertex -834.0000 -467.6537 -270.0000
         vertex -834.0000 -521.6000 -139.7623
      endloop
   endfacet
   facet normal 0.7216 -0.5302 -0.4451
      outer loop
         vertex -892.0000 -519.6152 -300.0000
         vertex -892.0000 -424.2641 -424.2641
         vertex -834.0000 -381.8377 -381.8377
      endloop
   endfacet
   facet normal 0.7216 -0.5672 -0.3969
      outer loop
         vertex -892.0000 -519.6152 -300.0000
         vertex -834.0000 -381.8377 -381.8377
         vertex -834.0000 -467.6537 -270.0000
      endloop
   endfacet
   facet normal 0.7216 -0.4451 -0.5302
      outer loop
         vertex -834.0000 -381.8377 -381.8377
         vertex -892.0000 -424.2641 -424.2641
         vertex -892.0000 -300.0000 -519.6152
      endloop
   endfacet
   facet normal 0.7216 -0.3969 -0.5672
      outer loop
         vertex -834.0000 -381.8377 -381.8377
         vertex -892.0000 -300.0000 -519.6152
         vertex -834.0000 -270.0000 -467.6537
      endloop
   endfacet
   facet normal 0.7216 -0.2927 -0.6274
      outer loop
         vertex -834.0000 -270.0000 -467.6537
         vertex -892.0000 -300.0000 -519.6152
         vertex -892.0000 -155.2914 -579.5555
      endloop
   endfacet
   facet normal 0.7216 -0.2366 -0.6506
      outer loop
         vertex -834.0000 -270.0000 -467.6537
         vertex -892.0000 -155.2914 -579.5555
         vertex -834.0000 -139.7623 -521.6000
      endloop
   endfacet
   facet normal 0.7187 -0.1504 -0.6789
      outer loop
         vertex -834.0000 -139.7623 -521.6000
         vertex -892.0000 -155.2914 -579.5555
         vertex -892.0000 -125.0000 -583.5435
      endloop
   endfacet
   facet normal 0.7177 -0.1207 -0.6859
      outer loop
         vertex -834.0000 -139.7623 -521.6000
         vertex -892.0000 -125.0000 -583.5435
         vertex -834.0000 -125.0000 -523.5435
      endloop
   endfacet
   facet normal 0.7177 0.1207 -0.6859
      outer loop
         vertex -834.0000 139.7623 -521.6000
         vertex -834.0000 125.0000 -523.5435
         vertex -892.0000 125.0000 -583.5435
      endloop
   endfacet
   facet normal 0.7187 0.1504 -0.6789
      outer loop
         vertex -834.0000 139.7623 -521.6000
         vertex -892.0000 125.0000 -583.5435
         vertex -892.0000 155.2914 -579.5555
      endloop
   endfacet
   facet normal 0.7216 0.2366 -0.6506
      outer loop
         vertex -834.0000 270.0000 -467.6537
         vertex -834.0000 139.7623 -521.6000
         vertex -892.0000 155.2914 -579.5555
      endloop
   endfacet
   facet normal 0.7216 0.2927 -0.6274
      outer loop
         vertex -834.0000 270.0000 -467.6537
         vertex -892.0000 155.2914 -579.5555
         vertex -892.0000 300.0000 -519.6152
      endloop
   endfacet
   facet normal 0.7216 0.3969 -0.5672
      outer loop
         vertex -834.0000 381.8377 -381.8377
         vertex -834.0000 270.0000 -467.6537
         vertex -892.0000 300.0000 -519.6152
      endloop
   endfacet
   facet normal 0.7216 0.4451 -0.5302
      outer loop
         vertex -834.0000 381.8377 -381.8377
         vertex -892.0000 300.0000 -519.6152
         vertex -892.0000 424.2641 -424.2641
      endloop
   endfacet
   facet normal 0.7216 0.5302 -0.4451
      outer loop
         vertex -834.0000 381.8377 -381.8377
         vertex -892.0000 424.2641 -424.2641
         vertex -892.0000 519.6152 -300.0000
      endloop
   endfacet
   facet normal 0.7216 0.5672 -0.3969
      outer loop
         vertex -834.0000 381.8377 -381.8377
         vertex -892.0000 519.6152 -300.0000
         vertex -834.0000 467.6537 -270.0000
      endloop
   endfacet
   facet normal 0.7216 0.6274 -0.2927
      outer loop
         vertex -834.0000 467.6537 -270.0000
         vertex -892.0000 519.6152 -300.0000
         vertex -892.0000 579.5555 -155.2914
      endloop
   endfacet
   facet normal 0.7216 0.6506 -0.2366
      outer loop
         vertex -834.0000 467.6537 -270.0000
         vertex -892.0000 579.5555 -155.2914
         vertex -834.0000 521.6000 -139.7623
      endloop
   endfacet
   facet normal 0.7216 0.6817 -0.1204
      outer loop
         vertex -834.0000 521.6000 -139.7623
         vertex -892.0000 579.5555 -155.2914
         vertex -892.0000 600.0000 0.0000
      endloop
   endfacet
   facet normal 0.7216 0.6897 -0.0602
      outer loop
         vertex -834.0000 521.6000 -139.7623
         vertex -892.0000 600.0000 0.0000
         vertex -834.0000 540.0000 -0.0000
      endloop
   endfacet
   facet normal 0.0000 -0.9962 0.0869
      outer loop
         vertex -834.0000 -521.6000 139.7623
         vertex -834.0000 -540.0000 -0.0000
         vertex -726.0000 -540.0000 0.0000
      endloop
   endfacet
   facet normal 0.0000 -0.9848 0.1739
      outer loop
         vertex -834.0000 -521.6000 139.7623
         vertex -726.0000 -540.0000 0.0000
         vertex -726.0000 -521.6000 139.7623
      endloop
   endfacet
   facet normal 0.0000 -0.9062 -0.4228
      outer loop
         vertex -834.0000 -521.6000 -139.7623
         vertex -834.0000 -467.6537 -270.0000
         vertex -726.0000 -467.6537 -270.0000
      endloop
   endfacet
   facet normal 0.0000 -0.9398 -0.3418
      outer loop
         vertex -834.0000 -521.6000 -139.7623
         vertex -726.0000 -467.6537 -270.0000
         vertex -726.0000 -521.6000 -139.7623
      endloop
   endfacet
   facet normal 0.0000 -0.9848 -0.1739
      outer loop
         vertex -834.0000 -540.0000 -0.0000
         vertex -834.0000 -521.6000 -139.7623
         vertex -726.0000 -521.6000 -139.7623
      endloop
   endfacet
   facet normal 0.0000 -0.9962 -0.0869
      outer loop
         vertex -834.0000 -540.0000 -0.0000
         vertex -726.0000 -521.6000 -139.7623
         vertex -726.0000 -540.0000 0.0000
      endloop
   endfacet
   facet normal 0.0000 -0.3418 -0.9398
      outer loop
         vertex -834.0000 -270.0000 -467.6537
         vertex -834.0000 -139.7623 -521.6000
         vertex -726.0000 -139.7623 -521.6000
      endloop
   endfacet
   facet normal 0.0000 -0.4228 -0.9062
      outer loop
         vertex -834.0000 -270.0000 -467.6537
         vertex -726.0000 -139.7623 -521.6000
         vertex -726.0000 -270.0000 -467.6537
      endloop
   endfacet
   facet normal 0.0000 -0.5734 -0.8193
      outer loop
         vertex -834.0000 -381.8377 -381.8377
         vertex -834.0000 -270.0000 -467.6537
         vertex -726.0000 -270.0000 -467.6537
      endloop
   endfacet
   facet normal 0.0000 -0.6430 -0.7659
      outer loop
         vertex -834.0000 -381.8377 -381.8377
         vertex -726.0000 -270.0000 -467.6537
         vertex -726.0000 -381.8377 -381.8377
      endloop
   endfacet
   facet normal 0.0000 -0.7659 -0.6430
      outer loop
         vertex -834.0000 -467.6537 -270.0000
         vertex -834.0000 -381.8377 -381.8377
         vertex -726.0000 -381.8377 -381.8377
      endloop
   endfacet
   facet normal 0.0000 -0.8193 -0.5734
      outer loop
         vertex -834.0000 -467.6537 -270.0000
         vertex -726.0000 -381.8377 -381.8377
         vertex -726.0000 -467.6537 -270.0000
      endloop
   endfacet
   facet normal 0.0000 0.9398 -0.3418
      outer loop
         vertex -834.0000 467.6537 -270.0000
         vertex -834.0000 521.6000 -139.7623
         vertex -726.0000 521.6000 -139.7623
      endloop
   endfacet
   facet normal 0.0000 0.9062 -0.4228
      outer loop
         vertex -834.0000 467.6537 -270.0000
         vertex -726.0000 521.6000 -139.7623
         vertex -726.0000 467.6537 -270.0000
      endloop
   endfacet
   facet normal 0.0000 0.2162 -0.9763
      outer loop
         vertex -834.0000 125.0000 -523.5435
         vertex -834.0000 139.7623 -521.6000
         vertex -726.0000 139.7623 -521.6000
      endloop
   endfacet
   facet normal 0.0000 0.1734 -0.9849
      outer loop
         vertex -834.0000 125.0000 -523.5435
         vertex -726.0000 139.7623 -521.6000
         vertex -726.0000 125.0000 -523.5435
      endloop
   endfacet
   facet normal 0.0000 -0.1734 -0.9849
      outer loop
         vertex -834.0000 -139.7623 -521.6000
         vertex -834.0000 -125.0000 -523.5435
         vertex -726.0000 -125.0000 -523.5435
      endloop
   endfacet
   facet normal 0.0000 -0.2162 -0.9763
      outer loop
         vertex -834.0000 -139.7623 -521.6000
         vertex -726.0000 -125.0000 -523.5435
         vertex -726.0000 -139.7623 -521.6000
      endloop
   endfacet
   facet normal 0.0000 0.8193 -0.5734
      outer loop
         vertex -834.0000 381.8377 -381.8377
         vertex -834.0000 467.6537 -270.0000
         vertex -726.0000 467.6537 -270.0000
      endloop
   endfacet
   facet normal 0.0000 0.7659 -0.6430
      outer loop
         vertex -834.0000 381.8377 -381.8377
         vertex -726.0000 467.6537 -270.0000
         vertex -726.0000 381.8377 -381.8377
      endloop
   endfacet
   facet normal 0.0000 0.6430 -0.7659
      outer loop
         vertex -834.0000 270.0000 -467.6537
         vertex -834.0000 381.8377 -381.8377
         vertex -726.0000 381.8377 -381.8377
      endloop
   endfacet
   facet normal 0.0000 0.5734 -0.8193
      outer loop
         vertex -834.0000 270.0000 -467.6537
         vertex -726.0000 381.8377 -381.8377
         vertex -726.0000 270.0000 -467.6537
      endloop
   endfacet
   facet normal 0.0000 0.4228 -0.9062
      outer loop
         vertex -834.0000 139.7623 -521.6000
         vertex -834.0000 270.0000 -467.6537
         vertex -726.0000 270.0000 -467.6537
      endloop
   endfacet
   facet normal 0.0000 0.3418 -0.9398
      outer loop
         vertex -834.0000 139.7623 -521.6000
         vertex -726.0000 270.0000 -467.6537
         vertex -726.0000 139.7623 -521.6000
      endloop
   endfacet
   facet normal 0.0000 -0.8871 0.4616
      outer loop
         vertex -805.0001 -471.0000 261.9214
         vertex -817.4886 -467.6537 270.0000
         vertex -834.0000 -467.6537 270.0000
      endloop
   endfacet
   facet normal 0.0000 -0.9239 0.3827
      outer loop
         vertex -805.0001 -471.0000 261.9214
         vertex -834.0000 -467.6537 270.0000
         vertex -834.0000 -521.6000 139.7623
      endloop
   endfacet
   facet normal 0.0000 -0.9239 0.3827
      outer loop
         vertex -805.0001 -471.0000 261.9214
         vertex -834.0000 -521.6000 139.7623
         vertex -726.0000 -467.6537 270.0000
      endloop
   endfacet
   facet normal 0.0000 -0.8871 0.4616
      outer loop
         vertex -805.0001 -471.0000 261.9214
         vertex -726.0000 -467.6537 270.0000
         vertex -792.5117 -467.6537 270.0000
      endloop
   endfacet
   facet normal 0.0000 -0.9398 0.3418
      outer loop
         vertex -726.0000 -467.6537 270.0000
         vertex -834.0000 -521.6000 139.7623
         vertex -726.0000 -521.6000 139.7623
      endloop
   endfacet
   facet normal 0.0000 0.9848 0.1739
      outer loop
         vertex -834.0000 540.0000 -0.0000
         vertex -834.0000 521.6000 139.7623
         vertex -726.0000 521.6000 139.7623
      endloop
   endfacet
   facet normal 0.0000 0.9962 0.0869
      outer loop
         vertex -834.0000 540.0000 -0.0000
         vertex -726.0000 521.6000 139.7623
         vertex -726.0000 540.0000 0.0000
      endloop
   endfacet
   facet normal 0.0000 0.9962 -0.0869
      outer loop
         vertex -834.0000 521.6000 -139.7623
         vertex -834.0000 540.0000 -0.0000
         vertex -726.0000 540.0000 0.0000
      endloop
   endfacet
   facet normal 0.0000 0.9848 -0.1739
      outer loop
         vertex -834.0000 521.6000 -139.7623
         vertex -726.0000 540.0000 0.0000
         vertex -726.0000 521.6000 -139.7623
      endloop
   endfacet
   facet normal -0.4210 -0.9071 0.0000
      outer loop
         vertex -1040.5001 -407.8980 1095.0000
         vertex -1040.5001 -407.8980 329.7558
         vertex -986.0000 -422.5012 315.1525
      endloop
   endfacet
   facet normal -0.3399 -0.9405 0.0000
      outer loop
         vertex -1040.5001 -407.8980 1095.0000
         vertex -986.0000 -422.5012 315.1525
         vertex -986.0000 -422.5012 328.8439
      endloop
   endfacet
   facet normal -0.3399 -0.9405 0.0000
      outer loop
         vertex -1040.5001 -407.8980 1095.0000
         vertex -986.0000 -422.5012 328.8439
         vertex -928.0000 -438.0423 406.3080
      endloop
   endfacet
   facet normal -0.3399 -0.9405 0.0000
      outer loop
         vertex -1040.5001 -407.8980 1095.0000
         vertex -928.0000 -438.0423 406.3080
         vertex -892.0000 -447.6884 393.7368
      endloop
   endfacet
   facet normal -0.3399 -0.9405 0.0000
      outer loop
         vertex -1040.5001 -407.8980 1095.0000
         vertex -892.0000 -447.6884 393.7368
         vertex -834.0000 -463.2295 275.7657
      endloop
   endfacet
   facet normal -0.3399 -0.9405 0.0000
      outer loop
         vertex -1040.5001 -407.8980 1095.0000
         vertex -834.0000 -463.2295 275.7657
         vertex -817.4886 -467.6537 270.0000
      endloop
   endfacet
   facet normal -0.2588 -0.9659 0.0000
      outer loop
         vertex -1040.5001 -407.8980 1095.0000
         vertex -817.4886 -467.6537 270.0000
         vertex -805.0001 -471.0000 261.9214
      endloop
   endfacet
   facet normal -0.1719 -0.9851 0.0000
      outer loop
         vertex -1040.5001 -407.8980 1095.0000
         vertex -805.0001 -471.0000 261.9214
         vertex -805.0001 -471.0000 1095.0000
      endloop
   endfacet
   facet normal 0.0000 0.8433 0.5375
      outer loop
         vertex -834.0000 467.6537 270.0000
         vertex -834.0000 463.2295 275.7657
         vertex -817.4886 467.6537 270.0000
      endloop
   endfacet
   facet normal 0.0000 0.8433 0.5375
      outer loop
         vertex -726.0000 467.6537 270.0000
         vertex -792.5117 467.6537 270.0000
         vertex -726.0000 449.8320 293.2257
      endloop
   endfacet
   facet normal 0.0000 0.9062 0.4228
      outer loop
         vertex -834.0000 521.6000 139.7623
         vertex -834.0000 467.6537 270.0000
         vertex -817.4886 467.6537 270.0000
      endloop
   endfacet
   facet normal 0.0000 0.9239 0.3827
      outer loop
         vertex -834.0000 521.6000 139.7623
         vertex -817.4886 467.6537 270.0000
         vertex -805.0001 471.0000 261.9214
      endloop
   endfacet
   facet normal 0.0000 0.9239 0.3827
      outer loop
         vertex -834.0000 521.6000 139.7623
         vertex -805.0001 471.0000 261.9214
         vertex -792.5117 467.6537 270.0000
      endloop
   endfacet
   facet normal 0.0000 0.9062 0.4228
      outer loop
         vertex -834.0000 521.6000 139.7623
         vertex -792.5117 467.6537 270.0000
         vertex -726.0000 467.6537 270.0000
      endloop
   endfacet
   facet normal 0.0000 0.9398 0.3418
      outer loop
         vertex -834.0000 521.6000 139.7623
         vertex -726.0000 467.6537 270.0000
         vertex -726.0000 521.6000 139.7623
      endloop
   endfacet
   facet normal -0.0890 0.9960 0.0000
      outer loop
         vertex -805.0001 471.0000 1095.0000
         vertex -805.0001 471.0000 261.9214
         vertex -817.4886 467.6537 270.0000
      endloop
   endfacet
   facet normal -0.1758 0.9844 0.0000
      outer loop
         vertex -805.0001 471.0000 1095.0000
         vertex -817.4886 467.6537 270.0000
         vertex -834.0000 463.2295 275.7657
      endloop
   endfacet
   facet normal -0.1758 0.9844 0.0000
      outer loop
         vertex -805.0001 471.0000 1095.0000
         vertex -834.0000 463.2295 275.7657
         vertex -892.0000 447.6884 393.7368
      endloop
   endfacet
   facet normal -0.1758 0.9844 0.0000
      outer loop
         vertex -805.0001 471.0000 1095.0000
         vertex -892.0000 447.6884 393.7368
         vertex -928.0000 438.0423 406.3080
      endloop
   endfacet
   facet normal -0.2588 0.9659 0.0000
      outer loop
         vertex -805.0001 471.0000 1095.0000
         vertex -928.0000 438.0423 406.3080
         vertex -1040.5001 407.8980 1095.0000
      endloop
   endfacet
   facet normal -0.4210 0.9071 0.0000
      outer loop
         vertex -1040.5001 407.8980 329.7558
         vertex -1040.5001 407.8980 1095.0000
         vertex -928.0000 438.0423 406.3080
      endloop
   endfacet
   facet normal -0.3399 0.9405 0.0000
      outer loop
         vertex -1040.5001 407.8980 329.7558
         vertex -928.0000 438.0423 406.3080
         vertex -986.0000 422.5012 328.8439
      endloop
   endfacet
   facet normal -0.3399 0.9405 0.0000
      outer loop
         vertex -1040.5001 407.8980 329.7558
         vertex -986.0000 422.5012 328.8439
         vertex -986.0000 422.5012 315.1525
      endloop
   endfacet
   facet normal 0.0000 -0.8433 0.5375
      outer loop
         vertex -834.0000 -463.2295 275.7657
         vertex -834.0000 -467.6537 270.0000
         vertex -817.4886 -467.6537 270.0000
      endloop
   endfacet
   facet normal 0.0000 -0.8433 0.5375
      outer loop
         vertex -726.0000 -449.8320 293.2257
         vertex -792.5117 -467.6537 270.0000
         vertex -726.0000 -467.6537 270.0000
      endloop
   endfacet
   facet normal 0.0000 -0.9962 0.0869
      outer loop
         vertex -668.0000 -579.5555 155.2914
         vertex -668.0000 -600.0000 0.0000
         vertex -632.0000 -600.0000 0.0000
      endloop
   endfacet
   facet normal 0.0000 -0.9848 0.1739
      outer loop
         vertex -668.0000 -579.5555 155.2914
         vertex -632.0000 -600.0000 0.0000
         vertex -632.0000 -579.5555 155.2914
      endloop
   endfacet
   facet normal 0.0000 -0.9062 -0.4228
      outer loop
         vertex -668.0000 -579.5555 -155.2914
         vertex -668.0000 -519.6152 -300.0000
         vertex -632.0000 -519.6152 -300.0000
      endloop
   endfacet
   facet normal 0.0000 -0.9398 -0.3418
      outer loop
         vertex -668.0000 -579.5555 -155.2914
         vertex -632.0000 -519.6152 -300.0000
         vertex -632.0000 -579.5555 -155.2914
      endloop
   endfacet
   facet normal 0.0000 -0.9848 -0.1739
      outer loop
         vertex -668.0000 -600.0000 0.0000
         vertex -668.0000 -579.5555 -155.2914
         vertex -632.0000 -579.5555 -155.2914
      endloop
   endfacet
   facet normal 0.0000 -0.9962 -0.0869
      outer loop
         vertex -668.0000 -600.0000 0.0000
         vertex -632.0000 -579.5555 -155.2914
         vertex -632.0000 -600.0000 0.0000
      endloop
   endfacet
   facet normal 0.0000 -0.3418 -0.9398
      outer loop
         vertex -668.0000 -300.0000 -519.6152
         vertex -668.0000 -155.2914 -579.5555
         vertex -632.0000 -155.2914 -579.5555
      endloop
   endfacet
   facet normal 0.0000 -0.4228 -0.9062
      outer loop
         vertex -668.0000 -300.0000 -519.6152
         vertex -632.0000 -155.2914 -579.5555
         vertex -632.0000 -300.0000 -519.6152
      endloop
   endfacet
   facet normal 0.0000 -0.5734 -0.8193
      outer loop
         vertex -668.0000 -424.2641 -424.2641
         vertex -668.0000 -300.0000 -519.6152
         vertex -632.0000 -300.0000 -519.6152
      endloop
   endfacet
   facet normal 0.0000 -0.6430 -0.7659
      outer loop
         vertex -668.0000 -424.2641 -424.2641
         vertex -632.0000 -300.0000 -519.6152
         vertex -632.0000 -424.2641 -424.2641
      endloop
   endfacet
   facet normal 0.0000 -0.7659 -0.6430
      outer loop
         vertex -668.0000 -519.6152 -300.0000
         vertex -668.0000 -424.2641 -424.2641
         vertex -632.0000 -424.2641 -424.2641
      endloop
   endfacet
   facet normal 0.0000 -0.8193 -0.5734
      outer loop
         vertex -668.0000 -519.6152 -300.0000
         vertex -632.0000 -424.2641 -424.2641
         vertex -632.0000 -519.6152 -300.0000
      endloop
   endfacet
   facet normal 0.0000 0.9398 -0.3418
      outer loop
         vertex -668.0000 519.6152 -300.0000
         vertex -668.0000 579.5555 -155.2914
         vertex -632.0000 579.5555 -155.2914
      endloop
   endfacet
   facet normal 0.0000 0.9062 -0.4228
      outer loop
         vertex -668.0000 519.6152 -300.0000
         vertex -632.0000 579.5555 -155.2914
         vertex -632.0000 519.6152 -300.0000
      endloop
   endfacet
   facet normal 0.0000 0.2162 -0.9763
      outer loop
         vertex -668.0000 125.0000 -583.5435
         vertex -668.0000 155.2914 -579.5555
         vertex -632.0000 155.2914 -579.5555
      endloop
   endfacet
   facet normal 0.0000 0.1734 -0.9849
      outer loop
         vertex -668.0000 125.0000 -583.5435
         vertex -632.0000 155.2914 -579.5555
         vertex -632.0000 125.0000 -583.5435
      endloop
   endfacet
   facet normal 0.0000 -0.1734 -0.9849
      outer loop
         vertex -668.0000 -155.2914 -579.5555
         vertex -668.0000 -125.0000 -583.5435
         vertex -632.0000 -125.0000 -583.5435
      endloop
   endfacet
   facet normal 0.0000 -0.2162 -0.9763
      outer loop
         vertex -668.0000 -155.2914 -579.5555
         vertex -632.0000 -125.0000 -583.5435
         vertex -632.0000 -155.2914 -579.5555
      endloop
   endfacet
   facet normal 0.0000 0.0000 -1.0000
      outer loop
         vertex -490.0000 125.0000 -615.0000
         vertex -490.0000 -125.0000 -615.0000
         vertex -1040.0000 -125.0000 -615.0000
      endloop
   endfacet
   facet normal 0.0000 0.0000 -1.0000
      outer loop
         vertex -490.0000 125.0000 -615.0000
         vertex -1040.0000 -125.0000 -615.0000
         vertex -1040.0000 125.0000 -615.0000
      endloop
   endfacet
   facet normal 0.0000 -1.0000 0.0000
      outer loop
         vertex -668.0000 -125.0000 -583.5435
         vertex -892.0000 -125.0000 -583.5435
         vertex -1040.0000 -125.0000 -615.0000
      endloop
   endfacet
   facet normal 0.0000 -1.0000 0.0000
      outer loop
         vertex -1040.0000 -125.0000 -615.0000
         vertex -892.0000 -125.0000 -583.5435
         vertex -928.0000 -125.0000 -583.5435
      endloop
   endfacet
   facet normal 0.0000 -1.0000 0.0000
      outer loop
         vertex -1040.0000 -125.0000 -615.0000
         vertex -928.0000 -125.0000 -583.5435
         vertex -1040.0000 -125.0000 -506.5063
      endloop
   endfacet
   facet normal 0.0000 -1.0000 0.0000
      outer loop
         vertex -1040.0000 -125.0000 -506.5063
         vertex -928.0000 -125.0000 -583.5435
         vertex -986.0000 -125.0000 -523.5435
      endloop
   endfacet
   facet normal 0.0000 -1.0000 0.0000
      outer loop
         vertex -1040.0000 -125.0000 -506.5063
         vertex -986.0000 -125.0000 -523.5435
         vertex -986.0000 -125.0000 -506.5063
      endloop
   endfacet
   facet normal 0.0000 -1.0000 0.0000
      outer loop
         vertex -632.0000 -125.0000 -583.5435
         vertex -668.0000 -125.0000 -583.5435
         vertex -1040.0000 -125.0000 -615.0000
      endloop
   endfacet
   facet normal 0.0000 -1.0000 0.0000
      outer loop
         vertex -632.0000 -125.0000 -583.5435
         vertex -1040.0000 -125.0000 -615.0000
         vertex -490.0000 -125.0000 -615.0000
      endloop
   endfacet
   facet normal 0.0000 -1.0000 0.0000
      outer loop
         vertex -632.0000 -125.0000 -583.5435
         vertex -490.0000 -125.0000 -615.0000
         vertex -490.0000 -125.0000 -523.5435
      endloop
   endfacet
   facet normal 0.0000 -1.0000 0.0000
      outer loop
         vertex -632.0000 -125.0000 -583.5435
         vertex -490.0000 -125.0000 -523.5435
         vertex -574.0000 -125.0000 -523.5435
      endloop
   endfacet
   facet normal 0.0000 -1.0000 0.0000
      outer loop
         vertex -892.0000 -125.0000 -583.5435
         vertex -668.0000 -125.0000 -583.5435
         vertex -726.0000 -125.0000 -523.5435
      endloop
   endfacet
   facet normal 0.0000 -1.0000 0.0000
      outer loop
         vertex -892.0000 -125.0000 -583.5435
         vertex -726.0000 -125.0000 -523.5435
         vertex -834.0000 -125.0000 -523.5435
      endloop
   endfacet
   facet normal 0.0000 1.0000 0.0000
      outer loop
         vertex -574.0000 125.0000 -523.5435
         vertex -490.0000 125.0000 -523.5435
         vertex -632.0000 125.0000 -583.5435
      endloop
   endfacet
   facet normal 0.0000 1.0000 0.0000
      outer loop
         vertex -632.0000 125.0000 -583.5435
         vertex -490.0000 125.0000 -523.5435
         vertex -490.0000 125.0000 -615.0000
      endloop
   endfacet
   facet normal 0.0000 1.0000 0.0000
      outer loop
         vertex -632.0000 125.0000 -583.5435
         vertex -490.0000 125.0000 -615.0000
         vertex -668.0000 125.0000 -583.5435
      endloop
   endfacet
   facet normal 0.0000 1.0000 0.0000
      outer loop
         vertex -668.0000 125.0000 -583.5435
         vertex -490.0000 125.0000 -615.0000
         vertex -892.0000 125.0000 -583.5435
      endloop
   endfacet
   facet normal 0.0000 1.0000 0.0000
      outer loop
         vertex -668.0000 125.0000 -583.5435
         vertex -892.0000 125.0000 -583.5435
         vertex -834.0000 125.0000 -523.5435
      endloop
   endfacet
   facet normal 0.0000 1.0000 0.0000
      outer loop
         vertex -928.0000 125.0000 -583.5435
         vertex -892.0000 125.0000 -583.5435
         vertex -490.0000 125.0000 -615.0000
      endloop
   endfacet
   facet normal 0.0000 1.0000 0.0000
      outer loop
         vertex -928.0000 125.0000 -583.5435
         vertex -490.0000 125.0000 -615.0000
         vertex -1040.0000 125.0000 -615.0000
      endloop
   endfacet
   facet normal 0.0000 1.0000 0.0000
      outer loop
         vertex -928.0000 125.0000 -583.5435
         vertex -1040.0000 125.0000 -615.0000
         vertex -1040.0000 125.0000 -506.5063
      endloop
   endfacet
   facet normal 0.0000 1.0000 0.0000
      outer loop
         vertex -928.0000 125.0000 -583.5435
         vertex -1040.0000 125.0000 -506.5063
         vertex -986.0000 125.0000 -523.5435
      endloop
   endfacet
   facet normal 0.0000 1.0000 0.0000
      outer loop
         vertex -986.0000 125.0000 -523.5435
         vertex -1040.0000 125.0000 -506.5063
         vertex -986.0000 125.0000 -506.5063
      endloop
   endfacet
   facet normal 0.0000 1.0000 0.0000
      outer loop
         vertex -668.0000 125.0000 -583.5435
         vertex -834.0000 125.0000 -523.5435
         vertex -726.0000 125.0000 -523.5435
      endloop
   endfacet
   facet normal 0.0000 0.8193 -0.5734
      outer loop
         vertex -668.0000 424.2641 -424.2641
         vertex -668.0000 519.6152 -300.0000
         vertex -632.0000 519.6152 -300.0000
      endloop
   endfacet
   facet normal 0.0000 0.7659 -0.6430
      outer loop
         vertex -668.0000 424.2641 -424.2641
         vertex -632.0000 519.6152 -300.0000
         vertex -632.0000 424.2641 -424.2641
      endloop
   endfacet
   facet normal 0.0000 0.6430 -0.7659
      outer loop
         vertex -668.0000 300.0000 -519.6152
         vertex -668.0000 424.2641 -424.2641
         vertex -632.0000 424.2641 -424.2641
      endloop
   endfacet
   facet normal 0.0000 0.5734 -0.8193
      outer loop
         vertex -668.0000 300.0000 -519.6152
         vertex -632.0000 424.2641 -424.2641
         vertex -632.0000 300.0000 -519.6152
      endloop
   endfacet
   facet normal 0.0000 0.4228 -0.9062
      outer loop
         vertex -668.0000 155.2914 -579.5555
         vertex -668.0000 300.0000 -519.6152
         vertex -632.0000 300.0000 -519.6152
      endloop
   endfacet
   facet normal 0.0000 0.3418 -0.9398
      outer loop
         vertex -668.0000 155.2914 -579.5555
         vertex -632.0000 300.0000 -519.6152
         vertex -632.0000 155.2914 -579.5555
      endloop
   endfacet
   facet normal 0.0000 -0.9398 0.3418
      outer loop
         vertex -668.0000 -519.6152 300.0000
         vertex -668.0000 -579.5555 155.2914
         vertex -632.0000 -579.5555 155.2914
      endloop
   endfacet
   facet normal 0.0000 -0.9062 0.4228
      outer loop
         vertex -668.0000 -519.6152 300.0000
         vertex -632.0000 -579.5555 155.2914
         vertex -632.0000 -519.6152 300.0000
      endloop
   endfacet
   facet normal 0.0000 0.9848 0.1739
      outer loop
         vertex -668.0000 600.0000 0.0000
         vertex -668.0000 579.5555 155.2914
         vertex -632.0000 579.5555 155.2914
      endloop
   endfacet
   facet normal 0.0000 0.9962 0.0869
      outer loop
         vertex -668.0000 600.0000 0.0000
         vertex -632.0000 579.5555 155.2914
         vertex -632.0000 600.0000 0.0000
      endloop
   endfacet
   facet normal 0.0000 0.9962 -0.0869
      outer loop
         vertex -668.0000 579.5555 -155.2914
         vertex -668.0000 600.0000 0.0000
         vertex -632.0000 600.0000 0.0000
      endloop
   endfacet
   facet normal 0.0000 0.9848 -0.1739
      outer loop
         vertex -668.0000 579.5555 -155.2914
         vertex -632.0000 600.0000 0.0000
         vertex -632.0000 579.5555 -155.2914
      endloop
   endfacet
   facet normal 0.0000 0.8190 0.5738
      outer loop
         vertex -668.0000 519.6152 300.0000
         vertex -668.0000 434.2909 411.1968
         vertex -632.0000 424.6447 423.7679
      endloop
   endfacet
   facet normal 0.0000 0.8433 0.5375
      outer loop
         vertex -668.0000 519.6152 300.0000
         vertex -632.0000 424.6447 423.7679
         vertex -632.0000 519.6152 300.0000
      endloop
   endfacet
   facet normal 0.0000 0.9062 0.4228
      outer loop
         vertex -668.0000 579.5555 155.2914
         vertex -668.0000 519.6152 300.0000
         vertex -632.0000 519.6152 300.0000
      endloop
   endfacet
   facet normal 0.0000 0.9398 0.3418
      outer loop
         vertex -668.0000 579.5555 155.2914
         vertex -632.0000 519.6152 300.0000
         vertex -632.0000 579.5555 155.2914
      endloop
   endfacet
   facet normal 0.2588 0.9659 0.0000
      outer loop
         vertex -805.0001 471.0000 1095.0000
         vertex -569.5001 407.8980 1095.0000
         vertex -632.0000 424.6447 423.7679
      endloop
   endfacet
   facet normal 0.1758 0.9844 0.0000
      outer loop
         vertex -805.0001 471.0000 1095.0000
         vertex -632.0000 424.6447 423.7679
         vertex -668.0000 434.2909 411.1968
      endloop
   endfacet
   facet normal 0.1758 0.9844 0.0000
      outer loop
         vertex -805.0001 471.0000 1095.0000
         vertex -668.0000 434.2909 411.1968
         vertex -726.0000 449.8320 293.2257
      endloop
   endfacet
   facet normal 0.1758 0.9844 0.0000
      outer loop
         vertex -805.0001 471.0000 1095.0000
         vertex -726.0000 449.8320 293.2257
         vertex -792.5117 467.6537 270.0000
      endloop
   endfacet
   facet normal 0.0890 0.9960 0.0000
      outer loop
         vertex -805.0001 471.0000 1095.0000
         vertex -792.5117 467.6537 270.0000
         vertex -805.0001 471.0000 261.9214
      endloop
   endfacet
   facet normal 0.3399 0.9405 0.0000
      outer loop
         vertex -569.5001 407.8980 347.8752
         vertex -574.0000 409.1037 346.3039
         vertex -632.0000 424.6447 423.7679
      endloop
   endfacet
   facet normal 0.4210 0.9071 0.0000
      outer loop
         vertex -569.5001 407.8980 347.8752
         vertex -632.0000 424.6447 423.7679
         vertex -569.5001 407.8980 1095.0000
      endloop
   endfacet
   facet normal 0.0000 -0.8433 0.5375
      outer loop
         vertex -668.0000 -434.2909 411.1968
         vertex -668.0000 -519.6152 300.0000
         vertex -632.0000 -519.6152 300.0000
      endloop
   endfacet
   facet normal 0.0000 -0.8190 0.5738
      outer loop
         vertex -668.0000 -434.2909 411.1968
         vertex -632.0000 -519.6152 300.0000
         vertex -632.0000 -424.6447 423.7679
      endloop
   endfacet
   facet normal 0.0890 -0.9960 0.0000
      outer loop
         vertex -805.0001 -471.0000 1095.0000
         vertex -805.0001 -471.0000 261.9214
         vertex -792.5117 -467.6537 270.0000
      endloop
   endfacet
   facet normal 0.1758 -0.9844 0.0000
      outer loop
         vertex -805.0001 -471.0000 1095.0000
         vertex -792.5117 -467.6537 270.0000
         vertex -726.0000 -449.8320 293.2257
      endloop
   endfacet
   facet normal 0.1758 -0.9844 0.0000
      outer loop
         vertex -805.0001 -471.0000 1095.0000
         vertex -726.0000 -449.8320 293.2257
         vertex -668.0000 -434.2909 411.1968
      endloop
   endfacet
   facet normal 0.1758 -0.9844 0.0000
      outer loop
         vertex -805.0001 -471.0000 1095.0000
         vertex -668.0000 -434.2909 411.1968
         vertex -632.0000 -424.6447 423.7679
      endloop
   endfacet
   facet normal 0.1758 -0.9844 0.0000
      outer loop
         vertex -805.0001 -471.0000 1095.0000
         vertex -632.0000 -424.6447 423.7679
         vertex -574.0000 -409.1037 346.3039
      endloop
   endfacet
   facet normal 0.2588 -0.9659 0.0000
      outer loop
         vertex -805.0001 -471.0000 1095.0000
         vertex -574.0000 -409.1037 346.3039
         vertex -569.5001 -407.8980 347.8752
      endloop
   endfacet
   facet normal 0.3437 -0.9391 0.0000
      outer loop
         vertex -805.0001 -471.0000 1095.0000
         vertex -569.5001 -407.8980 347.8752
         vertex -569.5001 -407.8980 1095.0000
      endloop
   endfacet
   facet normal 0.3437 0.9391 0.0000
      outer loop
         vertex -800.0000 315.0000 1130.0000
         vertex -642.5000 272.7980 1130.0000
         vertex -642.5000 272.7980 1095.0000
      endloop
   endfacet
   facet normal 0.1719 0.9851 0.0000
      outer loop
         vertex -800.0000 315.0000 1130.0000
         vertex -642.5000 272.7980 1095.0000
         vertex -800.0000 315.0000 1095.0000
      endloop
   endfacet
   facet normal 0.7672 0.6414 0.0000
      outer loop
         vertex -642.5000 272.7980 1130.0000
         vertex -527.2020 157.5000 1130.0000
         vertex -527.2020 157.5000 1095.0000
      endloop
   endfacet
   facet normal 0.6414 0.7672 0.0000
      outer loop
         vertex -642.5000 272.7980 1130.0000
         vertex -527.2020 157.5000 1095.0000
         vertex -642.5000 272.7980 1095.0000
      endloop
   endfacet
   facet normal 0.1719 -0.9851 0.0000
      outer loop
         vertex -642.5000 -272.7980 1130.0000
         vertex -800.0000 -315.0000 1130.0000
         vertex -800.0000 -315.0000 1095.0000
      endloop
   endfacet
   facet normal 0.3437 -0.9391 0.0000
      outer loop
         vertex -642.5000 -272.7980 1130.0000
         vertex -800.0000 -315.0000 1095.0000
         vertex -642.5000 -272.7980 1095.0000
      endloop
   endfacet
   facet normal 0.6414 -0.7672 0.0000
      outer loop
         vertex -527.2020 -157.5000 1130.0000
         vertex -642.5000 -272.7980 1130.0000
         vertex -642.5000 -272.7980 1095.0000
      endloop
   endfacet
   facet normal 0.7672 -0.6414 0.0000
      outer loop
         vertex -527.2020 -157.5000 1130.0000
         vertex -642.5000 -272.7980 1095.0000
         vertex -527.2020 -157.5000 1095.0000
      endloop
   endfacet
   facet normal 0.3437 0.9391 0.0000
      outer loop
         vertex -800.0000 345.0000 1160.0000
         vertex -627.5000 298.7788 1160.0000
         vertex -627.5000 298.7788 1130.0000
      endloop
   endfacet
   facet normal 0.1719 0.9851 0.0000
      outer loop
         vertex -800.0000 345.0000 1160.0000
         vertex -627.5000 298.7788 1130.0000
         vertex -800.0000 345.0000 1130.0000
      endloop
   endfacet
   facet normal 0.3437 -0.9391 0.0000
      outer loop
         vertex -800.0000 -345.0000 1130.0000
         vertex -627.5000 -298.7788 1130.0000
         vertex -627.5000 -298.7788 1160.0000
      endloop
   endfacet
   facet normal 0.1719 -0.9851 0.0000
      outer loop
         vertex -800.0000 -345.0000 1130.0000
         vertex -627.5000 -298.7788 1160.0000
         vertex -800.0000 -345.0000 1160.0000
      endloop
   endfacet
   facet normal 0.3437 0.9391 0.0000
      outer loop
         vertex -800.0000 315.0000 1617.0000
         vertex -642.5000 272.7980 1617.0000
         vertex -642.5000 272.7980 1160.0000
      endloop
   endfacet
   facet normal 0.1719 0.9851 0.0000
      outer loop
         vertex -800.0000 315.0000 1617.0000
         vertex -642.5000 272.7980 1160.0000
         vertex -800.0000 315.0000 1160.0000
      endloop
   endfacet
   facet normal 0.7672 0.6414 0.0000
      outer loop
         vertex -642.5000 272.7980 1617.0000
         vertex -527.2020 157.5000 1617.0000
         vertex -527.2020 157.5000 1160.0000
      endloop
   endfacet
   facet normal 0.6414 0.7672 0.0000
      outer loop
         vertex -642.5000 272.7980 1617.0000
         vertex -527.2020 157.5000 1160.0000
         vertex -642.5000 272.7980 1160.0000
      endloop
   endfacet
   facet normal 0.1719 -0.9851 0.0000
      outer loop
         vertex -642.5000 -272.7980 1617.0000
         vertex -800.0000 -315.0000 1617.0000
         vertex -800.0000 -315.0000 1160.0000
      endloop
   endfacet
   facet normal 0.3437 -0.9391 0.0000
      outer loop
         vertex -642.5000 -272.7980 1617.0000
         vertex -800.0000 -315.0000 1160.0000
         vertex -642.5000 -272.7980 1160.0000
      endloop
   endfacet
   facet normal 0.6414 -0.7672 0.0000
      outer loop
         vertex -527.2020 -157.5000 1617.0000
         vertex -642.5000 -272.7980 1617.0000
         vertex -642.5000 -272.7980 1160.0000
      endloop
   endfacet
   facet normal 0.7672 -0.6414 0.0000
      outer loop
         vertex -527.2020 -157.5000 1617.0000
         vertex -642.5000 -272.7980 1160.0000
         vertex -527.2020 -157.5000 1160.0000
      endloop
   endfacet
   facet normal 0.3437 0.9391 0.0000
      outer loop
         vertex -800.0000 437.5000 1647.0000
         vertex -581.2500 378.8861 1647.0000
         vertex -581.2500 378.8861 1617.0000
      endloop
   endfacet
   facet normal 0.1719 0.9851 0.0000
      outer loop
         vertex -800.0000 437.5000 1647.0000
         vertex -581.2500 378.8861 1617.0000
         vertex -800.0000 437.5000 1617.0000
      endloop
   endfacet
   facet normal 0.1719 -0.9851 0.0000
      outer loop
         vertex -581.2500 -378.8861 1647.0000
         vertex -800.0000 -437.5000 1647.0000
         vertex -800.0000 -437.5000 1617.0000
      endloop
   endfacet
   facet normal 0.3437 -0.9391 0.0000
      outer loop
         vertex -581.2500 -378.8861 1647.0000
         vertex -800.0000 -437.5000 1617.0000
         vertex -581.2500 -378.8861 1617.0000
      endloop
   endfacet
   facet normal -0.7672 -0.6414 0.0000
      outer loop
         vertex -634.0000 287.5204 1646.0000
         vertex -512.4796 166.0000 1646.0000
         vertex -512.4796 166.0000 1647.0000
      endloop
   endfacet
   facet normal -0.6414 -0.7672 0.0000
      outer loop
         vertex -634.0000 287.5204 1646.0000
         vertex -512.4796 166.0000 1647.0000
         vertex -634.0000 287.5204 1647.0000
      endloop
   endfacet
   facet normal -0.1719 0.9851 0.0000
      outer loop
         vertex -634.0000 -287.5204 1646.0000
         vertex -800.0000 -332.0000 1646.0000
         vertex -800.0000 -332.0000 1647.0000
      endloop
   endfacet
   facet normal -0.3437 0.9391 0.0000
      outer loop
         vertex -634.0000 -287.5204 1646.0000
         vertex -800.0000 -332.0000 1647.0000
         vertex -634.0000 -287.5204 1647.0000
      endloop
   endfacet
   facet normal -0.6414 0.7672 0.0000
      outer loop
         vertex -512.4796 -166.0000 1646.0000
         vertex -634.0000 -287.5204 1646.0000
         vertex -634.0000 -287.5204 1647.0000
      endloop
   endfacet
   facet normal -0.7672 0.6414 0.0000
      outer loop
         vertex -512.4796 -166.0000 1646.0000
         vertex -634.0000 -287.5204 1647.0000
         vertex -512.4796 -166.0000 1647.0000
      endloop
   endfacet
   facet normal 0.0000 0.0000 1.0000
      outer loop
         vertex -966.0000 -287.5204 1646.0000
         vertex -800.0000 -332.0000 1646.0000
         vertex -634.0000 -287.5204 1646.0000
      endloop
   endfacet
   facet normal 0.0000 0.0000 1.0000
      outer loop
         vertex -966.0000 -287.5204 1646.0000
         vertex -634.0000 -287.5204 1646.0000
         vertex -512.4796 -166.0000 1646.0000
      endloop
   endfacet
   facet normal 0.0000 0.0000 1.0000
      outer loop
         vertex -966.0000 -287.5204 1646.0000
         vertex -512.4796 -166.0000 1646.0000
         vertex -468.0000 -0.0000 1646.0000
      endloop
   endfacet
   facet normal 0.0000 0.0000 1.0000
      outer loop
         vertex -966.0000 -287.5204 1646.0000
         vertex -468.0000 -0.0000 1646.0000
         vertex -512.4796 166.0000 1646.0000
      endloop
   endfacet
   facet normal 0.0000 0.0000 1.0000
      outer loop
         vertex -966.0000 -287.5204 1646.0000
         vertex -512.4796 166.0000 1646.0000
         vertex -634.0000 287.5204 1646.0000
      endloop
   endfacet
   facet normal 0.0000 0.0000 1.0000
      outer loop
         vertex -966.0000 -287.5204 1646.0000
         vertex -634.0000 287.5204 1646.0000
         vertex -800.0000 332.0000 1646.0000
      endloop
   endfacet
   facet normal 0.0000 0.0000 1.0000
      outer loop
         vertex -966.0000 -287.5204 1646.0000
         vertex -800.0000 332.0000 1646.0000
         vertex -966.0000 287.5204 1646.0000
      endloop
   endfacet
   facet normal 0.0000 0.0000 1.0000
      outer loop
         vertex -966.0000 -287.5204 1646.0000
         vertex -966.0000 287.5204 1646.0000
         vertex -1087.5204 166.0000 1646.0000
      endloop
   endfacet
   facet normal 0.0000 0.0000 1.0000
      outer loop
         vertex -966.0000 -287.5204 1646.0000
         vertex -1087.5204 166.0000 1646.0000
         vertex -1132.0000 0.0000 1646.0000
      endloop
   endfacet
   facet normal 0.0000 0.0000 1.0000
      outer loop
         vertex -966.0000 -287.5204 1646.0000
         vertex -1132.0000 0.0000 1646.0000
         vertex -1087.5204 -166.0000 1646.0000
      endloop
   endfacet
   facet normal -0.3437 -0.9391 0.0000
      outer loop
         vertex -800.0000 332.0000 1646.0000
         vertex -634.0000 287.5204 1646.0000
         vertex -634.0000 287.5204 1647.0000
      endloop
   endfacet
   facet normal -0.1719 -0.9851 0.0000
      outer loop
         vertex -800.0000 332.0000 1646.0000
         vertex -634.0000 287.5204 1647.0000
         vertex -800.0000 332.0000 1647.0000
      endloop
   endfacet
   facet normal 0.7216 0.6897 0.0602
      outer loop
         vertex -574.0000 540.0000 -0.0000
         vertex -632.0000 600.0000 0.0000
         vertex -632.0000 579.5555 155.2914
      endloop
   endfacet
   facet normal 0.7216 0.6817 0.1204
      outer loop
         vertex -574.0000 540.0000 -0.0000
         vertex -632.0000 579.5555 155.2914
         vertex -574.0000 521.6000 139.7623
      endloop
   endfacet
   facet normal 0.7216 0.6506 0.2366
      outer loop
         vertex -574.0000 467.6537 270.0000
         vertex -574.0000 521.6000 139.7623
         vertex -632.0000 579.5555 155.2914
      endloop
   endfacet
   facet normal 0.7216 0.6274 0.2927
      outer loop
         vertex -574.0000 467.6537 270.0000
         vertex -632.0000 579.5555 155.2914
         vertex -632.0000 519.6152 300.0000
      endloop
   endfacet
   facet normal 0.7187 0.5864 0.3738
      outer loop
         vertex -574.0000 409.1037 346.3039
         vertex -574.0000 467.6537 270.0000
         vertex -632.0000 519.6152 300.0000
      endloop
   endfacet
   facet normal 0.7177 0.5703 0.3996
      outer loop
         vertex -574.0000 409.1037 346.3039
         vertex -632.0000 519.6152 300.0000
         vertex -632.0000 424.6447 423.7679
      endloop
   endfacet
   facet normal 0.7672 0.6414 0.0000
      outer loop
         vertex -627.5000 298.7788 1160.0000
         vertex -501.2212 172.5000 1160.0000
         vertex -501.2212 172.5000 1130.0000
      endloop
   endfacet
   facet normal 0.6414 0.7672 0.0000
      outer loop
         vertex -627.5000 298.7788 1160.0000
         vertex -501.2212 172.5000 1130.0000
         vertex -627.5000 298.7788 1130.0000
      endloop
   endfacet
   facet normal 0.6414 0.7672 0.0000
      outer loop
         vertex -421.1139 218.7500 1617.0000
         vertex -581.2500 378.8861 1617.0000
         vertex -581.2500 378.8861 1647.0000
      endloop
   endfacet
   facet normal 0.7672 0.6414 0.0000
      outer loop
         vertex -421.1139 218.7500 1617.0000
         vertex -581.2500 378.8861 1647.0000
         vertex -421.1139 218.7500 1647.0000
      endloop
   endfacet
   facet normal 0.7177 -0.5703 0.3996
      outer loop
         vertex -574.0000 -467.6537 270.0000
         vertex -574.0000 -409.1037 346.3039
         vertex -632.0000 -424.6447 423.7679
      endloop
   endfacet
   facet normal 0.7187 -0.5864 0.3738
      outer loop
         vertex -574.0000 -467.6537 270.0000
         vertex -632.0000 -424.6447 423.7679
         vertex -632.0000 -519.6152 300.0000
      endloop
   endfacet
   facet normal 0.7216 -0.6506 0.2366
      outer loop
         vertex -632.0000 -579.5555 155.2914
         vertex -574.0000 -521.6000 139.7623
         vertex -574.0000 -467.6537 270.0000
      endloop
   endfacet
   facet normal 0.7216 -0.6274 0.2927
      outer loop
         vertex -632.0000 -579.5555 155.2914
         vertex -574.0000 -467.6537 270.0000
         vertex -632.0000 -519.6152 300.0000
      endloop
   endfacet
   facet normal 0.7216 -0.6897 0.0602
      outer loop
         vertex -632.0000 -600.0000 0.0000
         vertex -574.0000 -540.0000 0.0000
         vertex -574.0000 -521.6000 139.7623
      endloop
   endfacet
   facet normal 0.7216 -0.6817 0.1204
      outer loop
         vertex -632.0000 -600.0000 0.0000
         vertex -574.0000 -521.6000 139.7623
         vertex -632.0000 -579.5555 155.2914
      endloop
   endfacet
   facet normal 0.6414 -0.7672 0.0000
      outer loop
         vertex -501.2212 -172.5000 1160.0000
         vertex -627.5000 -298.7788 1160.0000
         vertex -627.5000 -298.7788 1130.0000
      endloop
   endfacet
   facet normal 0.7672 -0.6414 0.0000
      outer loop
         vertex -501.2212 -172.5000 1160.0000
         vertex -627.5000 -298.7788 1130.0000
         vertex -501.2212 -172.5000 1130.0000
      endloop
   endfacet
   facet normal 0.6414 -0.7672 0.0000
      outer loop
         vertex -421.1139 -218.7500 1647.0000
         vertex -581.2500 -378.8861 1647.0000
         vertex -581.2500 -378.8861 1617.0000
      endloop
   endfacet
   facet normal 0.7672 -0.6414 0.0000
      outer loop
         vertex -421.1139 -218.7500 1647.0000
         vertex -581.2500 -378.8861 1617.0000
         vertex -421.1139 -218.7500 1617.0000
      endloop
   endfacet
   facet normal 0.7216 -0.6817 -0.1204
      outer loop
         vertex -632.0000 -600.0000 0.0000
         vertex -632.0000 -579.5555 -155.2914
         vertex -574.0000 -521.6000 -139.7623
      endloop
   endfacet
   facet normal 0.7216 -0.6897 -0.0602
      outer loop
         vertex -632.0000 -600.0000 0.0000
         vertex -574.0000 -521.6000 -139.7623
         vertex -574.0000 -540.0000 0.0000
      endloop
   endfacet
   facet normal 0.7216 -0.6274 -0.2927
      outer loop
         vertex -632.0000 -579.5555 -155.2914
         vertex -632.0000 -519.6152 -300.0000
         vertex -574.0000 -467.6537 -270.0000
      endloop
   endfacet
   facet normal 0.7216 -0.6506 -0.2366
      outer loop
         vertex -632.0000 -579.5555 -155.2914
         vertex -574.0000 -467.6537 -270.0000
         vertex -574.0000 -521.6000 -139.7623
      endloop
   endfacet
   facet normal 0.7216 -0.5302 -0.4451
      outer loop
         vertex -632.0000 -519.6152 -300.0000
         vertex -632.0000 -424.2641 -424.2641
         vertex -574.0000 -381.8377 -381.8377
      endloop
   endfacet
   facet normal 0.7216 -0.5672 -0.3969
      outer loop
         vertex -632.0000 -519.6152 -300.0000
         vertex -574.0000 -381.8377 -381.8377
         vertex -574.0000 -467.6537 -270.0000
      endloop
   endfacet
   facet normal 0.7216 -0.4451 -0.5302
      outer loop
         vertex -574.0000 -381.8377 -381.8377
         vertex -632.0000 -424.2641 -424.2641
         vertex -632.0000 -300.0000 -519.6152
      endloop
   endfacet
   facet normal 0.7216 -0.3969 -0.5672
      outer loop
         vertex -574.0000 -381.8377 -381.8377
         vertex -632.0000 -300.0000 -519.6152
         vertex -574.0000 -270.0000 -467.6537
      endloop
   endfacet
   facet normal 0.7216 -0.2927 -0.6274
      outer loop
         vertex -574.0000 -270.0000 -467.6537
         vertex -632.0000 -300.0000 -519.6152
         vertex -632.0000 -155.2914 -579.5555
      endloop
   endfacet
   facet normal 0.7216 -0.2366 -0.6506
      outer loop
         vertex -574.0000 -270.0000 -467.6537
         vertex -632.0000 -155.2914 -579.5555
         vertex -574.0000 -139.7623 -521.6000
      endloop
   endfacet
   facet normal 0.7187 -0.1504 -0.6789
      outer loop
         vertex -574.0000 -139.7623 -521.6000
         vertex -632.0000 -155.2914 -579.5555
         vertex -632.0000 -125.0000 -583.5435
      endloop
   endfacet
   facet normal 0.7177 -0.1207 -0.6859
      outer loop
         vertex -574.0000 -139.7623 -521.6000
         vertex -632.0000 -125.0000 -583.5435
         vertex -574.0000 -125.0000 -523.5435
      endloop
   endfacet
   facet normal 0.7177 0.1207 -0.6859
      outer loop
         vertex -574.0000 139.7623 -521.6000
         vertex -574.0000 125.0000 -523.5435
         vertex -632.0000 125.0000 -583.5435
      endloop
   endfacet
   facet normal 0.7187 0.1504 -0.6789
      outer loop
         vertex -574.0000 139.7623 -521.6000
         vertex -632.0000 125.0000 -583.5435
         vertex -632.0000 155.2914 -579.5555
      endloop
   endfacet
   facet normal 0.7216 0.2366 -0.6506
      outer loop
         vertex -574.0000 270.0000 -467.6537
         vertex -574.0000 139.7623 -521.6000
         vertex -632.0000 155.2914 -579.5555
      endloop
   endfacet
   facet normal 0.7216 0.2927 -0.6274
      outer loop
         vertex -574.0000 270.0000 -467.6537
         vertex -632.0000 155.2914 -579.5555
         vertex -632.0000 300.0000 -519.6152
      endloop
   endfacet
   facet normal 0.7216 0.3969 -0.5672
      outer loop
         vertex -574.0000 381.8377 -381.8377
         vertex -574.0000 270.0000 -467.6537
         vertex -632.0000 300.0000 -519.6152
      endloop
   endfacet
   facet normal 0.7216 0.4451 -0.5302
      outer loop
         vertex -574.0000 381.8377 -381.8377
         vertex -632.0000 300.0000 -519.6152
         vertex -632.0000 424.2641 -424.2641
      endloop
   endfacet
   facet normal 0.7216 0.5302 -0.4451
      outer loop
         vertex -574.0000 381.8377 -381.8377
         vertex -632.0000 424.2641 -424.2641
         vertex -632.0000 519.6152 -300.0000
      endloop
   endfacet
   facet normal 0.7216 0.5672 -0.3969
      outer loop
         vertex -574.0000 381.8377 -381.8377
         vertex -632.0000 519.6152 -300.0000
         vertex -574.0000 467.6537 -270.0000
      endloop
   endfacet
   facet normal 0.7216 0.6274 -0.2927
      outer loop
         vertex -574.0000 467.6537 -270.0000
         vertex -632.0000 519.6152 -300.0000
         vertex -632.0000 579.5555 -155.2914
      endloop
   endfacet
   facet normal 0.7216 0.6506 -0.2366
      outer loop
         vertex -574.0000 467.6537 -270.0000
         vertex -632.0000 579.5555 -155.2914
         vertex -574.0000 521.6000 -139.7623
      endloop
   endfacet
   facet normal 0.7216 0.6817 -0.1204
      outer loop
         vertex -574.0000 521.6000 -139.7623
         vertex -632.0000 579.5555 -155.2914
         vertex -632.0000 600.0000 0.0000
      endloop
   endfacet
   facet normal 0.7216 0.6897 -0.0602
      outer loop
         vertex -574.0000 521.6000 -139.7623
         vertex -632.0000 600.0000 0.0000
         vertex -574.0000 540.0000 -0.0000
      endloop
   endfacet
   facet normal 0.0000 -0.9962 0.0869
      outer loop
         vertex -574.0000 -521.6000 139.7623
         vertex -574.0000 -540.0000 0.0000
         vertex -466.0000 -540.0000 0.0000
      endloop
   endfacet
   facet normal 0.0000 -0.9848 0.1739
      outer loop
         vertex -574.0000 -521.6000 139.7623
         vertex -466.0000 -540.0000 0.0000
         vertex -466.0000 -521.6000 139.7623
      endloop
   endfacet
   facet normal 0.0000 -0.9396 -0.3423
      outer loop
         vertex -490.0000 -480.0000 -240.1934
         vertex -466.0000 -480.0000 -240.1934
         vertex -466.0000 -521.6000 -139.7623
      endloop
   endfacet
   facet normal 0.0000 -0.9536 -0.3009
      outer loop
         vertex -490.0000 -480.0000 -240.1934
         vertex -466.0000 -521.6000 -139.7623
         vertex -574.0000 -521.6000 -139.7623
      endloop
   endfacet
   facet normal 0.0000 -0.9239 -0.3827
      outer loop
         vertex -490.0000 -480.0000 -240.1934
         vertex -574.0000 -521.6000 -139.7623
         vertex -574.0000 -467.6537 -270.0000
      endloop
   endfacet
   facet normal 0.0000 -0.8871 -0.4616
      outer loop
         vertex -490.0000 -480.0000 -240.1934
         vertex -574.0000 -467.6537 -270.0000
         vertex -490.0000 -467.6537 -270.0000
      endloop
   endfacet
   facet normal 0.0000 -0.9848 -0.1739
      outer loop
         vertex -574.0000 -521.6000 -139.7623
         vertex -466.0000 -521.6000 -139.7623
         vertex -466.0000 -540.0000 0.0000
      endloop
   endfacet
   facet normal 0.0000 -0.9962 -0.0869
      outer loop
         vertex -574.0000 -521.6000 -139.7623
         vertex -466.0000 -540.0000 0.0000
         vertex -574.0000 -540.0000 0.0000
      endloop
   endfacet
   facet normal -1.0000 0.0000 0.0000
      outer loop
         vertex -490.0000 480.0000 -620.0000
         vertex -490.0000 -480.0000 -620.0000
         vertex -490.0000 -125.0000 -615.0000
      endloop
   endfacet
   facet normal -1.0000 0.0000 0.0000
      outer loop
         vertex -490.0000 480.0000 -620.0000
         vertex -490.0000 -125.0000 -615.0000
         vertex -490.0000 125.0000 -615.0000
      endloop
   endfacet
   facet normal -1.0000 0.0000 0.0000
      outer loop
         vertex -490.0000 480.0000 -620.0000
         vertex -490.0000 125.0000 -615.0000
         vertex -490.0000 139.7623 -521.6000
      endloop
   endfacet
   facet normal -1.0000 0.0000 0.0000
      outer loop
         vertex -490.0000 480.0000 -620.0000
         vertex -490.0000 139.7623 -521.6000
         vertex -490.0000 270.0000 -467.6537
      endloop
   endfacet
   facet normal -1.0000 0.0000 0.0000
      outer loop
         vertex -490.0000 480.0000 -620.0000
         vertex -490.0000 270.0000 -467.6537
         vertex -490.0000 381.8377 -381.8377
      endloop
   endfacet
   facet normal -1.0000 0.0000 0.0000
      outer loop
         vertex -490.0000 480.0000 -620.0000
         vertex -490.0000 381.8377 -381.8377
         vertex -490.0000 467.6537 -270.0000
      endloop
   endfacet
   facet normal -1.0000 0.0000 0.0000
      outer loop
         vertex -490.0000 480.0000 -620.0000
         vertex -490.0000 467.6537 -270.0000
         vertex -490.0000 480.0000 -240.1934
      endloop
   endfacet
   facet normal -1.0000 0.0000 0.0000
      outer loop
         vertex -490.0000 -125.0000 -615.0000
         vertex -490.0000 -480.0000 -620.0000
         vertex -490.0000 -381.8377 -381.8377
      endloop
   endfacet
   facet normal -1.0000 0.0000 0.0000
      outer loop
         vertex -490.0000 -125.0000 -615.0000
         vertex -490.0000 -381.8377 -381.8377
         vertex -490.0000 -270.0000 -467.6537
      endloop
   endfacet
   facet normal -1.0000 0.0000 0.0000
      outer loop
         vertex -490.0000 -125.0000 -615.0000
         vertex -490.0000 -270.0000 -467.6537
         vertex -490.0000 -139.7623 -521.6000
      endloop
   endfacet
   facet normal -1.0000 0.0000 0.0000
      outer loop
         vertex -490.0000 -125.0000 -615.0000
         vertex -490.0000 -139.7623 -521.6000
         vertex -490.0000 -125.0000 -523.5435
      endloop
   endfacet
   facet normal -1.0000 0.0000 0.0000
      outer loop
         vertex -490.0000 -480.0000 -620.0000
         vertex -490.0000 -480.0000 -240.1934
         vertex -490.0000 -467.6537 -270.0000
      endloop
   endfacet
   facet normal -1.0000 0.0000 0.0000
      outer loop
         vertex -490.0000 -480.0000 -620.0000
         vertex -490.0000 -467.6537 -270.0000
         vertex -490.0000 -381.8377 -381.8377
      endloop
   endfacet
   facet normal -1.0000 0.0000 0.0000
      outer loop
         vertex -490.0000 139.7623 -521.6000
         vertex -490.0000 125.0000 -615.0000
         vertex -490.0000 125.0000 -523.5435
      endloop
   endfacet
   facet normal 0.0000 -0.3418 -0.9398
      outer loop
         vertex -574.0000 -270.0000 -467.6537
         vertex -574.0000 -139.7623 -521.6000
         vertex -490.0000 -139.7623 -521.6000
      endloop
   endfacet
   facet normal 0.0000 -0.4228 -0.9062
      outer loop
         vertex -574.0000 -270.0000 -467.6537
         vertex -490.0000 -139.7623 -521.6000
         vertex -490.0000 -270.0000 -467.6537
      endloop
   endfacet
   facet normal 0.0000 -0.5734 -0.8193
      outer loop
         vertex -574.0000 -381.8377 -381.8377
         vertex -574.0000 -270.0000 -467.6537
         vertex -490.0000 -270.0000 -467.6537
      endloop
   endfacet
   facet normal 0.0000 -0.6430 -0.7659
      outer loop
         vertex -574.0000 -381.8377 -381.8377
         vertex -490.0000 -270.0000 -467.6537
         vertex -490.0000 -381.8377 -381.8377
      endloop
   endfacet
   facet normal 0.0000 -0.7659 -0.6430
      outer loop
         vertex -574.0000 -467.6537 -270.0000
         vertex -574.0000 -381.8377 -381.8377
         vertex -490.0000 -381.8377 -381.8377
      endloop
   endfacet
   facet normal 0.0000 -0.8193 -0.5734
      outer loop
         vertex -574.0000 -467.6537 -270.0000
         vertex -490.0000 -381.8377 -381.8377
         vertex -490.0000 -467.6537 -270.0000
      endloop
   endfacet
   facet normal 0.0000 0.9536 -0.3009
      outer loop
         vertex -574.0000 521.6000 -139.7623
         vertex -466.0000 521.6000 -139.7623
         vertex -466.0000 480.0000 -240.1934
      endloop
   endfacet
   facet normal 0.0000 0.9396 -0.3423
      outer loop
         vertex -574.0000 521.6000 -139.7623
         vertex -466.0000 480.0000 -240.1934
         vertex -490.0000 480.0000 -240.1934
      endloop
   endfacet
   facet normal 0.0000 0.9239 -0.3827
      outer loop
         vertex -574.0000 521.6000 -139.7623
         vertex -490.0000 480.0000 -240.1934
         vertex -490.0000 467.6537 -270.0000
      endloop
   endfacet
   facet normal 0.0000 0.9062 -0.4228
      outer loop
         vertex -574.0000 521.6000 -139.7623
         vertex -490.0000 467.6537 -270.0000
         vertex -574.0000 467.6537 -270.0000
      endloop
   endfacet
   facet normal 0.0000 0.2162 -0.9763
      outer loop
         vertex -574.0000 125.0000 -523.5435
         vertex -574.0000 139.7623 -521.6000
         vertex -490.0000 139.7623 -521.6000
      endloop
   endfacet
   facet normal 0.0000 0.1734 -0.9849
      outer loop
         vertex -574.0000 125.0000 -523.5435
         vertex -490.0000 139.7623 -521.6000
         vertex -490.0000 125.0000 -523.5435
      endloop
   endfacet
   facet normal 0.0000 -0.1734 -0.9849
      outer loop
         vertex -574.0000 -139.7623 -521.6000
         vertex -574.0000 -125.0000 -523.5435
         vertex -490.0000 -125.0000 -523.5435
      endloop
   endfacet
   facet normal 0.0000 -0.2162 -0.9763
      outer loop
         vertex -574.0000 -139.7623 -521.6000
         vertex -490.0000 -125.0000 -523.5435
         vertex -490.0000 -139.7623 -521.6000
      endloop
   endfacet
   facet normal 0.0000 0.8193 -0.5734
      outer loop
         vertex -574.0000 381.8377 -381.8377
         vertex -574.0000 467.6537 -270.0000
         vertex -490.0000 467.6537 -270.0000
      endloop
   endfacet
   facet normal 0.0000 0.7659 -0.6430
      outer loop
         vertex -574.0000 381.8377 -381.8377
         vertex -490.0000 467.6537 -270.0000
         vertex -490.0000 381.8377 -381.8377
      endloop
   endfacet
   facet normal 0.0000 0.6430 -0.7659
      outer loop
         vertex -574.0000 270.0000 -467.6537
         vertex -574.0000 381.8377 -381.8377
         vertex -490.0000 381.8377 -381.8377
      endloop
   endfacet
   facet normal 0.0000 0.5734 -0.8193
      outer loop
         vertex -574.0000 270.0000 -467.6537
         vertex -490.0000 381.8377 -381.8377
         vertex -490.0000 270.0000 -467.6537
      endloop
   endfacet
   facet normal 0.0000 0.4228 -0.9062
      outer loop
         vertex -574.0000 139.7623 -521.6000
         vertex -574.0000 270.0000 -467.6537
         vertex -490.0000 270.0000 -467.6537
      endloop
   endfacet
   facet normal 0.0000 0.3418 -0.9398
      outer loop
         vertex -574.0000 139.7623 -521.6000
         vertex -490.0000 270.0000 -467.6537
         vertex -490.0000 139.7623 -521.6000
      endloop
   endfacet
   facet normal 0.0000 -0.9398 0.3418
      outer loop
         vertex -574.0000 -467.6537 270.0000
         vertex -574.0000 -521.6000 139.7623
         vertex -466.0000 -521.6000 139.7623
      endloop
   endfacet
   facet normal 0.0000 -0.9062 0.4228
      outer loop
         vertex -574.0000 -467.6537 270.0000
         vertex -466.0000 -521.6000 139.7623
         vertex -466.0000 -467.6537 270.0000
      endloop
   endfacet
   facet normal 0.0000 0.9848 0.1739
      outer loop
         vertex -574.0000 540.0000 -0.0000
         vertex -574.0000 521.6000 139.7623
         vertex -466.0000 521.6000 139.7623
      endloop
   endfacet
   facet normal 0.0000 0.9962 0.0869
      outer loop
         vertex -574.0000 540.0000 -0.0000
         vertex -466.0000 521.6000 139.7623
         vertex -466.0000 540.0000 0.0000
      endloop
   endfacet
   facet normal 0.0000 0.9848 -0.1739
      outer loop
         vertex -466.0000 521.6000 -139.7623
         vertex -574.0000 521.6000 -139.7623
         vertex -574.0000 540.0000 -0.0000
      endloop
   endfacet
   facet normal 0.0000 0.9962 -0.0869
      outer loop
         vertex -466.0000 521.6000 -139.7623
         vertex -574.0000 540.0000 -0.0000
         vertex -466.0000 540.0000 0.0000
      endloop
   endfacet
   facet normal 0.0000 0.6754 0.7374
      outer loop
         vertex -466.0000 381.8377 381.8377
         vertex -543.4398 381.8377 381.8377
         vertex -466.0000 304.3979 441.2593
      endloop
   endfacet
   facet normal 0.0000 0.8433 0.5375
      outer loop
         vertex -466.0000 467.6537 270.0000
         vertex -574.0000 467.6537 270.0000
         vertex -574.0000 409.1037 346.3039
      endloop
   endfacet
   facet normal 0.0000 0.8190 0.5738
      outer loop
         vertex -466.0000 467.6537 270.0000
         vertex -574.0000 409.1037 346.3039
         vertex -569.5001 407.8980 347.8752
      endloop
   endfacet
   facet normal 0.0000 0.7934 0.6088
      outer loop
         vertex -466.0000 467.6537 270.0000
         vertex -569.5001 407.8980 347.8752
         vertex -543.4398 381.8377 381.8377
      endloop
   endfacet
   facet normal 0.0000 0.7659 0.6430
      outer loop
         vertex -466.0000 467.6537 270.0000
         vertex -543.4398 381.8377 381.8377
         vertex -466.0000 381.8377 381.8377
      endloop
   endfacet
   facet normal 0.0000 0.9062 0.4228
      outer loop
         vertex -574.0000 467.6537 270.0000
         vertex -466.0000 467.6537 270.0000
         vertex -466.0000 521.6000 139.7623
      endloop
   endfacet
   facet normal 0.0000 0.9398 0.3418
      outer loop
         vertex -574.0000 467.6537 270.0000
         vertex -466.0000 521.6000 139.7623
         vertex -574.0000 521.6000 139.7623
      endloop
   endfacet
   facet normal 0.0000 -0.7374 0.6754
      outer loop
         vertex -466.0000 -381.8377 381.8377
         vertex -543.4398 -381.8377 381.8377
         vertex -569.5001 -407.8980 347.8752
      endloop
   endfacet
   facet normal 0.0000 -0.7662 0.6426
      outer loop
         vertex -466.0000 -381.8377 381.8377
         vertex -569.5001 -407.8980 347.8752
         vertex -574.0000 -409.1037 346.3039
      endloop
   endfacet
   facet normal 0.0000 -0.7934 0.6088
      outer loop
         vertex -466.0000 -381.8377 381.8377
         vertex -574.0000 -409.1037 346.3039
         vertex -574.0000 -467.6537 270.0000
      endloop
   endfacet
   facet normal 0.0000 -0.8193 0.5734
      outer loop
         vertex -466.0000 -381.8377 381.8377
         vertex -574.0000 -467.6537 270.0000
         vertex -466.0000 -467.6537 270.0000
      endloop
   endfacet
   facet normal 0.0000 -0.6754 0.7374
      outer loop
         vertex -466.0000 -304.3979 441.2593
         vertex -543.4398 -381.8377 381.8377
         vertex -466.0000 -381.8377 381.8377
      endloop
   endfacet
   facet normal 0.9391 0.3437 0.0000
      outer loop
         vertex -485.0000 -0.0000 1095.0000
         vertex -527.2020 157.5000 1095.0000
         vertex -527.2020 157.5000 1130.0000
      endloop
   endfacet
   facet normal 0.9851 0.1719 0.0000
      outer loop
         vertex -485.0000 -0.0000 1095.0000
         vertex -527.2020 157.5000 1130.0000
         vertex -485.0000 0.0000 1130.0000
      endloop
   endfacet
   facet normal 0.9851 -0.1719 0.0000
      outer loop
         vertex -527.2020 -157.5000 1095.0000
         vertex -485.0000 -0.0000 1095.0000
         vertex -485.0000 0.0000 1130.0000
      endloop
   endfacet
   facet normal 0.9391 -0.3437 0.0000
      outer loop
         vertex -527.2020 -157.5000 1095.0000
         vertex -485.0000 0.0000 1130.0000
         vertex -527.2020 -157.5000 1130.0000
      endloop
   endfacet
   facet normal 0.9851 0.1719 0.0000
      outer loop
         vertex -501.2212 172.5000 1160.0000
         vertex -455.0000 -0.0000 1160.0000
         vertex -455.0000 -0.0000 1130.0000
      endloop
   endfacet
   facet normal 0.9391 0.3437 0.0000
      outer loop
         vertex -501.2212 172.5000 1160.0000
         vertex -455.0000 -0.0000 1130.0000
         vertex -501.2212 172.5000 1130.0000
      endloop
   endfacet
   facet normal 0.9851 -0.1719 0.0000
      outer loop
         vertex -501.2212 -172.5000 1130.0000
         vertex -455.0000 -0.0000 1130.0000
         vertex -455.0000 -0.0000 1160.0000
      endloop
   endfacet
   facet normal 0.9391 -0.3437 0.0000
      outer loop
         vertex -501.2212 -172.5000 1130.0000
         vertex -455.0000 -0.0000 1160.0000
         vertex -501.2212 -172.5000 1160.0000
      endloop
   endfacet
   facet normal 0.9391 0.3437 0.0000
      outer loop
         vertex -485.0000 0.0000 1160.0000
         vertex -527.2020 157.5000 1160.0000
         vertex -527.2020 157.5000 1617.0000
      endloop
   endfacet
   facet normal 0.9851 0.1719 0.0000
      outer loop
         vertex -485.0000 0.0000 1160.0000
         vertex -527.2020 157.5000 1617.0000
         vertex -485.0000 -0.0000 1617.0000
      endloop
   endfacet
   facet normal 0.9851 -0.1719 0.0000
      outer loop
         vertex -527.2020 -157.5000 1160.0000
         vertex -485.0000 0.0000 1160.0000
         vertex -485.0000 -0.0000 1617.0000
      endloop
   endfacet
   facet normal 0.9391 -0.3437 0.0000
      outer loop
         vertex -527.2020 -157.5000 1160.0000
         vertex -485.0000 -0.0000 1617.0000
         vertex -527.2020 -157.5000 1617.0000
      endloop
   endfacet
   facet normal -0.9851 0.1719 0.0000
      outer loop
         vertex -468.0000 -0.0000 1647.0000
         vertex -468.0000 -0.0000 1646.0000
         vertex -512.4796 -166.0000 1646.0000
      endloop
   endfacet
   facet normal -0.9391 0.3437 0.0000
      outer loop
         vertex -468.0000 -0.0000 1647.0000
         vertex -512.4796 -166.0000 1646.0000
         vertex -512.4796 -166.0000 1647.0000
      endloop
   endfacet
   facet normal -0.9391 -0.3437 0.0000
      outer loop
         vertex -512.4796 166.0000 1647.0000
         vertex -512.4796 166.0000 1646.0000
         vertex -468.0000 -0.0000 1646.0000
      endloop
   endfacet
   facet normal -0.9851 -0.1719 0.0000
      outer loop
         vertex -512.4796 166.0000 1647.0000
         vertex -468.0000 -0.0000 1646.0000
         vertex -468.0000 -0.0000 1647.0000
      endloop
   endfacet
   facet normal 0.0000 -0.9962 0.0869
      outer loop
         vertex -408.0000 -579.5555 155.2914
         vertex -408.0000 -600.0000 0.0000
         vertex -372.0000 -600.0000 0.0000
      endloop
   endfacet
   facet normal 0.0000 -0.9848 0.1739
      outer loop
         vertex -408.0000 -579.5555 155.2914
         vertex -372.0000 -600.0000 0.0000
         vertex -372.0000 -579.5555 155.2914
      endloop
   endfacet
   facet normal 0.0000 -0.9398 -0.3418
      outer loop
         vertex -372.0000 -519.6152 -300.0000
         vertex -372.0000 -579.5555 -155.2914
         vertex -408.0000 -579.5555 -155.2914
      endloop
   endfacet
   facet normal 0.0000 -0.9062 -0.4228
      outer loop
         vertex -372.0000 -519.6152 -300.0000
         vertex -408.0000 -579.5555 -155.2914
         vertex -408.0000 -519.6152 -300.0000
      endloop
   endfacet
   facet normal 0.0000 -0.9848 -0.1739
      outer loop
         vertex -408.0000 -600.0000 0.0000
         vertex -408.0000 -579.5555 -155.2914
         vertex -372.0000 -579.5555 -155.2914
      endloop
   endfacet
   facet normal 0.0000 -0.9962 -0.0869
      outer loop
         vertex -408.0000 -600.0000 0.0000
         vertex -372.0000 -579.5555 -155.2914
         vertex -372.0000 -600.0000 0.0000
      endloop
   endfacet
   facet normal 0.0000 0.0000 -1.0000
      outer loop
         vertex -290.0000 -480.0000 -620.0000
         vertex -490.0000 -480.0000 -620.0000
         vertex -490.0000 480.0000 -620.0000
      endloop
   endfacet
   facet normal 0.0000 0.0000 -1.0000
      outer loop
         vertex -290.0000 -480.0000 -620.0000
         vertex -490.0000 480.0000 -620.0000
         vertex -290.0000 480.0000 -620.0000
      endloop
   endfacet
   facet normal 0.0000 -0.8190 -0.5738
      outer loop
         vertex -408.0000 -519.6152 -300.0000
         vertex -408.0000 -480.0000 -351.6276
         vertex -372.0000 -480.0000 -351.6276
      endloop
   endfacet
   facet normal 0.0000 -0.8433 -0.5375
      outer loop
         vertex -408.0000 -519.6152 -300.0000
         vertex -372.0000 -480.0000 -351.6276
         vertex -372.0000 -519.6152 -300.0000
      endloop
   endfacet
   facet normal 0.0000 -1.0000 0.0000
      outer loop
         vertex -314.0000 -480.0000 -240.1934
         vertex -327.7810 -480.0000 -277.1281
         vertex -290.0000 -480.0000 -240.1934
      endloop
   endfacet
   facet normal 0.0000 -1.0000 0.0000
      outer loop
         vertex -290.0000 -480.0000 -240.1934
         vertex -327.7810 -480.0000 -277.1281
         vertex -372.0000 -480.0000 -351.6276
      endloop
   endfacet
   facet normal 0.0000 -1.0000 0.0000
      outer loop
         vertex -290.0000 -480.0000 -240.1934
         vertex -372.0000 -480.0000 -351.6276
         vertex -490.0000 -480.0000 -620.0000
      endloop
   endfacet
   facet normal 0.0000 -1.0000 0.0000
      outer loop
         vertex -490.0000 -480.0000 -620.0000
         vertex -372.0000 -480.0000 -351.6276
         vertex -408.0000 -480.0000 -351.6276
      endloop
   endfacet
   facet normal 0.0000 -1.0000 0.0000
      outer loop
         vertex -490.0000 -480.0000 -620.0000
         vertex -408.0000 -480.0000 -351.6276
         vertex -490.0000 -480.0000 -240.1934
      endloop
   endfacet
   facet normal 0.0000 -1.0000 0.0000
      outer loop
         vertex -490.0000 -480.0000 -240.1934
         vertex -408.0000 -480.0000 -351.6276
         vertex -452.2190 -480.0000 -277.1281
      endloop
   endfacet
   facet normal 0.0000 -1.0000 0.0000
      outer loop
         vertex -490.0000 -480.0000 -240.1934
         vertex -452.2190 -480.0000 -277.1281
         vertex -466.0000 -480.0000 -240.1934
      endloop
   endfacet
   facet normal 0.0000 -1.0000 0.0000
      outer loop
         vertex -290.0000 -480.0000 -240.1934
         vertex -490.0000 -480.0000 -620.0000
         vertex -290.0000 -480.0000 -620.0000
      endloop
   endfacet
   facet normal 0.0000 0.9062 -0.4228
      outer loop
         vertex -372.0000 579.5555 -155.2914
         vertex -372.0000 519.6152 -300.0000
         vertex -408.0000 519.6152 -300.0000
      endloop
   endfacet
   facet normal 0.0000 0.9398 -0.3418
      outer loop
         vertex -372.0000 579.5555 -155.2914
         vertex -408.0000 519.6152 -300.0000
         vertex -408.0000 579.5555 -155.2914
      endloop
   endfacet
   facet normal 0.0000 0.8433 -0.5375
      outer loop
         vertex -408.0000 480.0000 -351.6276
         vertex -408.0000 519.6152 -300.0000
         vertex -372.0000 519.6152 -300.0000
      endloop
   endfacet
   facet normal 0.0000 0.8190 -0.5738
      outer loop
         vertex -408.0000 480.0000 -351.6276
         vertex -372.0000 519.6152 -300.0000
         vertex -372.0000 480.0000 -351.6276
      endloop
   endfacet
   facet normal 0.0000 -0.9398 0.3418
      outer loop
         vertex -408.0000 -519.6152 300.0000
         vertex -408.0000 -579.5555 155.2914
         vertex -372.0000 -579.5555 155.2914
      endloop
   endfacet
   facet normal 0.0000 -0.9062 0.4228
      outer loop
         vertex -408.0000 -519.6152 300.0000
         vertex -372.0000 -579.5555 155.2914
         vertex -372.0000 -519.6152 300.0000
      endloop
   endfacet
   facet normal 0.0000 0.9848 0.1739
      outer loop
         vertex -408.0000 600.0000 0.0000
         vertex -408.0000 579.5555 155.2914
         vertex -372.0000 579.5555 155.2914
      endloop
   endfacet
   facet normal 0.0000 0.9962 0.0869
      outer loop
         vertex -408.0000 600.0000 0.0000
         vertex -372.0000 579.5555 155.2914
         vertex -372.0000 600.0000 0.0000
      endloop
   endfacet
   facet normal 0.0000 0.9962 -0.0869
      outer loop
         vertex -408.0000 579.5555 -155.2914
         vertex -408.0000 600.0000 0.0000
         vertex -372.0000 600.0000 0.0000
      endloop
   endfacet
   facet normal 0.0000 0.9848 -0.1739
      outer loop
         vertex -408.0000 579.5555 -155.2914
         vertex -372.0000 600.0000 0.0000
         vertex -372.0000 579.5555 -155.2914
      endloop
   endfacet
   facet normal 0.0000 0.5734 0.8193
      outer loop
         vertex -408.0000 300.0000 519.6152
         vertex -372.0000 300.0000 519.6152
         vertex -372.0000 424.2641 424.2641
      endloop
   endfacet
   facet normal 0.0000 0.6430 0.7659
      outer loop
         vertex -408.0000 300.0000 519.6152
         vertex -372.0000 424.2641 424.2641
         vertex -408.0000 424.2641 424.2641
      endloop
   endfacet
   facet normal 0.0000 0.7659 0.6430
      outer loop
         vertex -408.0000 519.6152 300.0000
         vertex -408.0000 424.2641 424.2641
         vertex -372.0000 424.2641 424.2641
      endloop
   endfacet
   facet normal 0.0000 0.8193 0.5734
      outer loop
         vertex -408.0000 519.6152 300.0000
         vertex -372.0000 424.2641 424.2641
         vertex -372.0000 519.6152 300.0000
      endloop
   endfacet
   facet normal 0.0000 0.9062 0.4228
      outer loop
         vertex -408.0000 579.5555 155.2914
         vertex -408.0000 519.6152 300.0000
         vertex -372.0000 519.6152 300.0000
      endloop
   endfacet
   facet normal 0.0000 0.9398 0.3418
      outer loop
         vertex -408.0000 579.5555 155.2914
         vertex -372.0000 519.6152 300.0000
         vertex -372.0000 579.5555 155.2914
      endloop
   endfacet
   facet normal 0.0000 -0.8193 0.5734
      outer loop
         vertex -408.0000 -424.2641 424.2641
         vertex -408.0000 -519.6152 300.0000
         vertex -372.0000 -519.6152 300.0000
      endloop
   endfacet
   facet normal 0.0000 -0.7659 0.6430
      outer loop
         vertex -408.0000 -424.2641 424.2641
         vertex -372.0000 -519.6152 300.0000
         vertex -372.0000 -424.2641 424.2641
      endloop
   endfacet
   facet normal 0.0000 0.2162 0.9763
      outer loop
         vertex -372.0000 155.2914 579.5555
         vertex -375.6103 155.2914 579.5555
         vertex -372.0000 141.8175 581.3293
      endloop
   endfacet
   facet normal 0.0000 0.4616 0.8871
      outer loop
         vertex -372.0000 300.0000 519.6152
         vertex -408.0000 300.0000 519.6152
         vertex -408.0000 246.3978 541.8180
      endloop
   endfacet
   facet normal 0.0000 0.4224 0.9064
      outer loop
         vertex -372.0000 300.0000 519.6152
         vertex -408.0000 246.3978 541.8180
         vertex -397.1021 235.5000 546.3320
      endloop
   endfacet
   facet normal 0.0000 0.3827 0.9239
      outer loop
         vertex -372.0000 300.0000 519.6152
         vertex -397.1021 235.5000 546.3320
         vertex -375.6103 155.2914 579.5555
      endloop
   endfacet
   facet normal 0.0000 0.3418 0.9398
      outer loop
         vertex -372.0000 300.0000 519.6152
         vertex -375.6103 155.2914 579.5555
         vertex -372.0000 155.2914 579.5555
      endloop
   endfacet
   facet normal 0.7672 0.6414 0.0000
      outer loop
         vertex -569.5001 407.8980 1095.0000
         vertex -397.1021 235.5000 1095.0000
         vertex -397.1021 235.5000 546.3320
      endloop
   endfacet
   facet normal 0.7071 0.7071 0.0000
      outer loop
         vertex -569.5001 407.8980 1095.0000
         vertex -397.1021 235.5000 546.3320
         vertex -408.0000 246.3978 541.8180
      endloop
   endfacet
   facet normal 0.6445 0.7646 0.0000
      outer loop
         vertex -569.5001 407.8980 1095.0000
         vertex -408.0000 246.3978 541.8180
         vertex -443.3287 281.7265 487.9647
      endloop
   endfacet
   facet normal 0.6445 0.7646 0.0000
      outer loop
         vertex -569.5001 407.8980 1095.0000
         vertex -443.3287 281.7265 487.9647
         vertex -466.0000 304.3979 441.2593
      endloop
   endfacet
   facet normal 0.6445 0.7646 0.0000
      outer loop
         vertex -569.5001 407.8980 1095.0000
         vertex -466.0000 304.3979 441.2593
         vertex -543.4398 381.8377 381.8377
      endloop
   endfacet
   facet normal 0.5751 0.8181 0.0000
      outer loop
         vertex -569.5001 407.8980 1095.0000
         vertex -543.4398 381.8377 381.8377
         vertex -569.5001 407.8980 347.8752
      endloop
   endfacet
   facet normal 0.0000 -0.6430 0.7659
      outer loop
         vertex -408.0000 -300.0000 519.6152
         vertex -408.0000 -424.2641 424.2641
         vertex -372.0000 -424.2641 424.2641
      endloop
   endfacet
   facet normal 0.0000 -0.5734 0.8193
      outer loop
         vertex -408.0000 -300.0000 519.6152
         vertex -372.0000 -424.2641 424.2641
         vertex -372.0000 -300.0000 519.6152
      endloop
   endfacet
   facet normal 0.0000 -0.3418 0.9398
      outer loop
         vertex -372.0000 -300.0000 519.6152
         vertex -372.0000 -155.2914 579.5555
         vertex -375.6103 -155.2914 579.5555
      endloop
   endfacet
   facet normal 0.0000 -0.3827 0.9239
      outer loop
         vertex -372.0000 -300.0000 519.6152
         vertex -375.6103 -155.2914 579.5555
         vertex -397.1021 -235.5000 546.3320
      endloop
   endfacet
   facet normal 0.0000 -0.4224 0.9064
      outer loop
         vertex -372.0000 -300.0000 519.6152
         vertex -397.1021 -235.5000 546.3320
         vertex -408.0000 -246.3978 541.8180
      endloop
   endfacet
   facet normal 0.0000 -0.4616 0.8871
      outer loop
         vertex -372.0000 -300.0000 519.6152
         vertex -408.0000 -246.3978 541.8180
         vertex -408.0000 -300.0000 519.6152
      endloop
   endfacet
   facet normal 0.0000 -0.2162 0.9763
      outer loop
         vertex -372.0000 -141.8175 581.3293
         vertex -375.6103 -155.2914 579.5555
         vertex -372.0000 -155.2914 579.5555
      endloop
   endfacet
   facet normal 0.9659 -0.2588 0.0000
      outer loop
         vertex -334.0001 -0.0000 1095.0000
         vertex -397.1021 -235.5000 1095.0000
         vertex -375.6103 -155.2914 579.5555
      endloop
   endfacet
   facet normal 0.9844 -0.1758 0.0000
      outer loop
         vertex -334.0001 -0.0000 1095.0000
         vertex -375.6103 -155.2914 579.5555
         vertex -372.0000 -141.8175 581.3293
      endloop
   endfacet
   facet normal 0.9844 -0.1758 0.0000
      outer loop
         vertex -334.0001 -0.0000 1095.0000
         vertex -372.0000 -141.8175 581.3293
         vertex -370.0574 -134.5675 580.2742
      endloop
   endfacet
   facet normal 0.9844 -0.1758 0.0000
      outer loop
         vertex -334.0001 -0.0000 1095.0000
         vertex -370.0574 -134.5675 580.2742
         vertex -366.4872 -121.2436 630.0000
      endloop
   endfacet
   facet normal 0.9844 -0.1758 0.0000
      outer loop
         vertex -334.0001 -0.0000 1095.0000
         vertex -366.4872 -121.2436 630.0000
         vertex -352.7566 -70.0000 681.2435
      endloop
   endfacet
   facet normal 0.9960 -0.0890 0.0000
      outer loop
         vertex -334.0001 -0.0000 1095.0000
         vertex -352.7566 -70.0000 681.2435
         vertex -334.0001 -0.0000 700.0000
      endloop
   endfacet
   facet normal 0.9071 -0.4210 0.0000
      outer loop
         vertex -375.6103 -155.2914 579.5555
         vertex -397.1021 -235.5000 1095.0000
         vertex -397.1021 -235.5000 546.3320
      endloop
   endfacet
   facet normal 0.6414 -0.7672 0.0000
      outer loop
         vertex -397.1021 -235.5000 1095.0000
         vertex -569.5001 -407.8980 1095.0000
         vertex -569.5001 -407.8980 347.8752
      endloop
   endfacet
   facet normal 0.7071 -0.7071 0.0000
      outer loop
         vertex -397.1021 -235.5000 1095.0000
         vertex -569.5001 -407.8980 347.8752
         vertex -543.4398 -381.8377 381.8377
      endloop
   endfacet
   facet normal 0.7646 -0.6445 0.0000
      outer loop
         vertex -397.1021 -235.5000 1095.0000
         vertex -543.4398 -381.8377 381.8377
         vertex -466.0000 -304.3979 441.2593
      endloop
   endfacet
   facet normal 0.7646 -0.6445 0.0000
      outer loop
         vertex -397.1021 -235.5000 1095.0000
         vertex -466.0000 -304.3979 441.2593
         vertex -443.3287 -281.7265 487.9647
      endloop
   endfacet
   facet normal 0.7646 -0.6445 0.0000
      outer loop
         vertex -397.1021 -235.5000 1095.0000
         vertex -443.3287 -281.7265 487.9647
         vertex -408.0000 -246.3978 541.8180
      endloop
   endfacet
   facet normal 0.8181 -0.5751 0.0000
      outer loop
         vertex -397.1021 -235.5000 1095.0000
         vertex -408.0000 -246.3978 541.8180
         vertex -397.1021 -235.5000 546.3320
      endloop
   endfacet
   facet normal 0.9851 0.1719 0.0000
      outer loop
         vertex -421.1139 218.7500 1647.0000
         vertex -362.5000 -0.0000 1647.0000
         vertex -362.5000 -0.0000 1617.0000
      endloop
   endfacet
   facet normal 0.9391 0.3437 0.0000
      outer loop
         vertex -421.1139 218.7500 1647.0000
         vertex -362.5000 -0.0000 1617.0000
         vertex -421.1139 218.7500 1617.0000
      endloop
   endfacet
   facet normal 0.9851 -0.1719 0.0000
      outer loop
         vertex -421.1139 -218.7500 1617.0000
         vertex -362.5000 -0.0000 1617.0000
         vertex -362.5000 -0.0000 1647.0000
      endloop
   endfacet
   facet normal 0.9391 -0.3437 0.0000
      outer loop
         vertex -421.1139 -218.7500 1617.0000
         vertex -362.5000 -0.0000 1647.0000
         vertex -421.1139 -218.7500 1647.0000
      endloop
   endfacet
   facet normal 0.7216 0.6897 0.0602
      outer loop
         vertex -314.0000 521.6000 139.7623
         vertex -314.0000 540.0000 -0.0000
         vertex -372.0000 600.0000 0.0000
      endloop
   endfacet
   facet normal 0.7216 0.6817 0.1204
      outer loop
         vertex -314.0000 521.6000 139.7623
         vertex -372.0000 600.0000 0.0000
         vertex -372.0000 579.5555 155.2914
      endloop
   endfacet
   facet normal 0.7216 0.6506 0.2366
      outer loop
         vertex -314.0000 467.6537 270.0000
         vertex -314.0000 521.6000 139.7623
         vertex -372.0000 579.5555 155.2914
      endloop
   endfacet
   facet normal 0.7216 0.6274 0.2927
      outer loop
         vertex -314.0000 467.6537 270.0000
         vertex -372.0000 579.5555 155.2914
         vertex -372.0000 519.6152 300.0000
      endloop
   endfacet
   facet normal 0.7216 0.5672 0.3969
      outer loop
         vertex -314.0000 381.8377 381.8377
         vertex -314.0000 467.6537 270.0000
         vertex -372.0000 519.6152 300.0000
      endloop
   endfacet
   facet normal 0.7216 0.5302 0.4451
      outer loop
         vertex -314.0000 381.8377 381.8377
         vertex -372.0000 519.6152 300.0000
         vertex -372.0000 424.2641 424.2641
      endloop
   endfacet
   facet normal 0.7216 0.3969 0.5672
      outer loop
         vertex -372.0000 300.0000 519.6152
         vertex -314.0000 270.0000 467.6537
         vertex -314.0000 381.8377 381.8377
      endloop
   endfacet
   facet normal 0.7216 0.4451 0.5302
      outer loop
         vertex -372.0000 300.0000 519.6152
         vertex -314.0000 381.8377 381.8377
         vertex -372.0000 424.2641 424.2641
      endloop
   endfacet
   facet normal 0.7187 0.2092 0.6631
      outer loop
         vertex -372.0000 155.2914 579.5555
         vertex -314.8878 140.0000 522.4871
         vertex -314.0000 140.0000 521.5015
      endloop
   endfacet
   facet normal 0.7200 0.2656 0.6412
      outer loop
         vertex -372.0000 155.2914 579.5555
         vertex -314.0000 140.0000 521.5015
         vertex -314.0000 270.0000 467.6537
      endloop
   endfacet
   facet normal 0.7216 0.2927 0.6274
      outer loop
         vertex -372.0000 155.2914 579.5555
         vertex -314.0000 270.0000 467.6537
         vertex -372.0000 300.0000 519.6152
      endloop
   endfacet
   facet normal 0.7187 0.1504 0.6789
      outer loop
         vertex -351.1503 140.0000 560.0000
         vertex -314.8878 140.0000 522.4871
         vertex -372.0000 155.2914 579.5555
      endloop
   endfacet
   facet normal 0.7177 0.1207 0.6859
      outer loop
         vertex -351.1503 140.0000 560.0000
         vertex -372.0000 155.2914 579.5555
         vertex -372.0000 141.8175 581.3293
      endloop
   endfacet
   facet normal 0.7160 0.0911 0.6921
      outer loop
         vertex -351.1503 140.0000 560.0000
         vertex -372.0000 141.8175 581.3293
         vertex -370.0574 134.5675 580.2742
      endloop
   endfacet
   facet normal 0.0000 1.0000 0.0000
      outer loop
         vertex -205.1122 140.0000 522.4871
         vertex -206.0000 140.0000 521.5015
         vertex -314.8878 140.0000 522.4871
      endloop
   endfacet
   facet normal 0.0000 1.0000 0.0000
      outer loop
         vertex -205.1122 140.0000 522.4871
         vertex -314.8878 140.0000 522.4871
         vertex -351.1503 140.0000 560.0000
      endloop
   endfacet
   facet normal 0.0000 1.0000 0.0000
      outer loop
         vertex -205.1122 140.0000 522.4871
         vertex -351.1503 140.0000 560.0000
         vertex -168.8497 140.0000 560.0000
      endloop
   endfacet
   facet normal 0.0000 1.0000 0.0000
      outer loop
         vertex -314.8878 140.0000 522.4871
         vertex -206.0000 140.0000 521.5015
         vertex -314.0000 140.0000 521.5015
      endloop
   endfacet
   facet normal 0.9851 0.1719 0.0000
      outer loop
         vertex -397.1021 235.5000 1095.0000
         vertex -334.0001 -0.0000 1095.0000
         vertex -334.0001 -0.0000 700.0000
      endloop
   endfacet
   facet normal 0.9659 0.2588 0.0000
      outer loop
         vertex -397.1021 235.5000 1095.0000
         vertex -334.0001 -0.0000 700.0000
         vertex -352.7566 70.0000 681.2435
      endloop
   endfacet
   facet normal 0.9405 0.3399 0.0000
      outer loop
         vertex -397.1021 235.5000 1095.0000
         vertex -352.7566 70.0000 681.2435
         vertex -366.4872 121.2436 630.0000
      endloop
   endfacet
   facet normal 0.9405 0.3399 0.0000
      outer loop
         vertex -397.1021 235.5000 1095.0000
         vertex -366.4872 121.2436 630.0000
         vertex -370.0574 134.5675 580.2742
      endloop
   endfacet
   facet normal 0.9405 0.3399 0.0000
      outer loop
         vertex -397.1021 235.5000 1095.0000
         vertex -370.0574 134.5675 580.2742
         vertex -372.0000 141.8175 581.3293
      endloop
   endfacet
   facet normal 0.9405 0.3399 0.0000
      outer loop
         vertex -397.1021 235.5000 1095.0000
         vertex -372.0000 141.8175 581.3293
         vertex -375.6103 155.2914 579.5555
      endloop
   endfacet
   facet normal 0.9071 0.4210 0.0000
      outer loop
         vertex -397.1021 235.5000 1095.0000
         vertex -375.6103 155.2914 579.5555
         vertex -397.1021 235.5000 546.3320
      endloop
   endfacet
   facet normal 0.7187 -0.1504 0.6789
      outer loop
         vertex -372.0000 -155.2914 579.5555
         vertex -314.8878 -140.0000 522.4871
         vertex -351.1503 -140.0000 560.0000
      endloop
   endfacet
   facet normal 0.7177 -0.1207 0.6859
      outer loop
         vertex -372.0000 -155.2914 579.5555
         vertex -351.1503 -140.0000 560.0000
         vertex -370.0574 -134.5675 580.2742
      endloop
   endfacet
   facet normal 0.7177 -0.1207 0.6859
      outer loop
         vertex -372.0000 -155.2914 579.5555
         vertex -370.0574 -134.5675 580.2742
         vertex -372.0000 -141.8175 581.3293
      endloop
   endfacet
   facet normal 0.7216 -0.2366 0.6506
      outer loop
         vertex -314.8878 -140.0000 522.4871
         vertex -372.0000 -155.2914 579.5555
         vertex -372.0000 -300.0000 519.6152
      endloop
   endfacet
   facet normal 0.7216 -0.2927 0.6274
      outer loop
         vertex -314.8878 -140.0000 522.4871
         vertex -372.0000 -300.0000 519.6152
         vertex -314.0000 -270.0000 467.6537
      endloop
   endfacet
   facet normal 0.7200 -0.2656 0.6412
      outer loop
         vertex -314.8878 -140.0000 522.4871
         vertex -314.0000 -270.0000 467.6537
         vertex -314.0000 -140.0000 521.5015
      endloop
   endfacet
   facet normal 0.7216 -0.4451 0.5302
      outer loop
         vertex -372.0000 -300.0000 519.6152
         vertex -372.0000 -424.2641 424.2641
         vertex -314.0000 -381.8377 381.8377
      endloop
   endfacet
   facet normal 0.7216 -0.3969 0.5672
      outer loop
         vertex -372.0000 -300.0000 519.6152
         vertex -314.0000 -381.8377 381.8377
         vertex -314.0000 -270.0000 467.6537
      endloop
   endfacet
   facet normal 0.7216 -0.5672 0.3969
      outer loop
         vertex -372.0000 -519.6152 300.0000
         vertex -314.0000 -467.6537 270.0000
         vertex -314.0000 -381.8377 381.8377
      endloop
   endfacet
   facet normal 0.7216 -0.5302 0.4451
      outer loop
         vertex -372.0000 -519.6152 300.0000
         vertex -314.0000 -381.8377 381.8377
         vertex -372.0000 -424.2641 424.2641
      endloop
   endfacet
   facet normal 0.7216 -0.6506 0.2366
      outer loop
         vertex -372.0000 -579.5555 155.2914
         vertex -314.0000 -521.6000 139.7623
         vertex -314.0000 -467.6537 270.0000
      endloop
   endfacet
   facet normal 0.7216 -0.6274 0.2927
      outer loop
         vertex -372.0000 -579.5555 155.2914
         vertex -314.0000 -467.6537 270.0000
         vertex -372.0000 -519.6152 300.0000
      endloop
   endfacet
   facet normal 0.7216 -0.6897 0.0602
      outer loop
         vertex -372.0000 -579.5555 155.2914
         vertex -372.0000 -600.0000 0.0000
         vertex -314.0000 -540.0000 0.0000
      endloop
   endfacet
   facet normal 0.7216 -0.6817 0.1204
      outer loop
         vertex -372.0000 -579.5555 155.2914
         vertex -314.0000 -540.0000 0.0000
         vertex -314.0000 -521.6000 139.7623
      endloop
   endfacet
   facet normal 0.7216 -0.6817 -0.1204
      outer loop
         vertex -372.0000 -600.0000 0.0000
         vertex -372.0000 -579.5555 -155.2914
         vertex -314.0000 -521.6000 -139.7623
      endloop
   endfacet
   facet normal 0.7216 -0.6897 -0.0602
      outer loop
         vertex -372.0000 -600.0000 0.0000
         vertex -314.0000 -521.6000 -139.7623
         vertex -314.0000 -540.0000 0.0000
      endloop
   endfacet
   facet normal 0.7216 -0.6274 -0.2927
      outer loop
         vertex -372.0000 -579.5555 -155.2914
         vertex -372.0000 -519.6152 -300.0000
         vertex -327.7810 -480.0000 -277.1281
      endloop
   endfacet
   facet normal 0.7200 -0.6412 -0.2656
      outer loop
         vertex -372.0000 -579.5555 -155.2914
         vertex -327.7810 -480.0000 -277.1281
         vertex -314.0000 -480.0000 -240.1934
      endloop
   endfacet
   facet normal 0.7187 -0.6631 -0.2092
      outer loop
         vertex -372.0000 -579.5555 -155.2914
         vertex -314.0000 -480.0000 -240.1934
         vertex -314.0000 -521.6000 -139.7623
      endloop
   endfacet
   facet normal 0.7187 -0.5864 -0.3738
      outer loop
         vertex -372.0000 -519.6152 -300.0000
         vertex -372.0000 -480.0000 -351.6276
         vertex -327.7810 -480.0000 -277.1281
      endloop
   endfacet
   facet normal 0.7187 0.5864 -0.3738
      outer loop
         vertex -327.7810 480.0000 -277.1281
         vertex -372.0000 480.0000 -351.6276
         vertex -372.0000 519.6152 -300.0000
      endloop
   endfacet
   facet normal 0.7216 0.6506 -0.2366
      outer loop
         vertex -372.0000 519.6152 -300.0000
         vertex -372.0000 579.5555 -155.2914
         vertex -314.0000 521.6000 -139.7623
      endloop
   endfacet
   facet normal 0.7200 0.6412 -0.2656
      outer loop
         vertex -372.0000 519.6152 -300.0000
         vertex -314.0000 521.6000 -139.7623
         vertex -314.0000 480.0000 -240.1934
      endloop
   endfacet
   facet normal 0.7187 0.6169 -0.3209
      outer loop
         vertex -372.0000 519.6152 -300.0000
         vertex -314.0000 480.0000 -240.1934
         vertex -327.7810 480.0000 -277.1281
      endloop
   endfacet
   facet normal 0.7216 0.6817 -0.1204
      outer loop
         vertex -314.0000 521.6000 -139.7623
         vertex -372.0000 579.5555 -155.2914
         vertex -372.0000 600.0000 0.0000
      endloop
   endfacet
   facet normal 0.7216 0.6897 -0.0602
      outer loop
         vertex -314.0000 521.6000 -139.7623
         vertex -372.0000 600.0000 0.0000
         vertex -314.0000 540.0000 -0.0000
      endloop
   endfacet
   facet normal 0.0000 1.0000 0.0000
      outer loop
         vertex -466.0000 480.0000 -240.1934
         vertex -452.2190 480.0000 -277.1281
         vertex -490.0000 480.0000 -240.1934
      endloop
   endfacet
   facet normal 0.0000 1.0000 0.0000
      outer loop
         vertex -490.0000 480.0000 -240.1934
         vertex -452.2190 480.0000 -277.1281
         vertex -408.0000 480.0000 -351.6276
      endloop
   endfacet
   facet normal 0.0000 1.0000 0.0000
      outer loop
         vertex -490.0000 480.0000 -240.1934
         vertex -408.0000 480.0000 -351.6276
         vertex -290.0000 480.0000 -620.0000
      endloop
   endfacet
   facet normal 0.0000 1.0000 0.0000
      outer loop
         vertex -290.0000 480.0000 -620.0000
         vertex -408.0000 480.0000 -351.6276
         vertex -372.0000 480.0000 -351.6276
      endloop
   endfacet
   facet normal 0.0000 1.0000 0.0000
      outer loop
         vertex -290.0000 480.0000 -620.0000
         vertex -372.0000 480.0000 -351.6276
         vertex -290.0000 480.0000 -240.1934
      endloop
   endfacet
   facet normal 0.0000 1.0000 0.0000
      outer loop
         vertex -290.0000 480.0000 -240.1934
         vertex -372.0000 480.0000 -351.6276
         vertex -327.7810 480.0000 -277.1281
      endloop
   endfacet
   facet normal 0.0000 1.0000 0.0000
      outer loop
         vertex -290.0000 480.0000 -240.1934
         vertex -327.7810 480.0000 -277.1281
         vertex -314.0000 480.0000 -240.1934
      endloop
   endfacet
   facet normal 0.0000 1.0000 0.0000
      outer loop
         vertex -490.0000 480.0000 -240.1934
         vertex -290.0000 480.0000 -620.0000
         vertex -490.0000 480.0000 -620.0000
      endloop
   endfacet
   facet normal 0.0000 -0.9962 0.0869
      outer loop
         vertex -314.0000 -521.6000 139.7623
         vertex -314.0000 -540.0000 0.0000
         vertex -206.0000 -540.0000 0.0000
      endloop
   endfacet
   facet normal 0.0000 -0.9848 0.1739
      outer loop
         vertex -314.0000 -521.6000 139.7623
         vertex -206.0000 -540.0000 0.0000
         vertex -206.0000 -521.6000 139.7623
      endloop
   endfacet
   facet normal 0.0000 -0.9536 -0.3009
      outer loop
         vertex -206.0000 -521.6000 -139.7623
         vertex -314.0000 -521.6000 -139.7623
         vertex -314.0000 -480.0000 -240.1934
      endloop
   endfacet
   facet normal 0.0000 -0.9396 -0.3423
      outer loop
         vertex -206.0000 -521.6000 -139.7623
         vertex -314.0000 -480.0000 -240.1934
         vertex -290.0000 -480.0000 -240.1934
      endloop
   endfacet
   facet normal 0.0000 -0.9239 -0.3827
      outer loop
         vertex -206.0000 -521.6000 -139.7623
         vertex -290.0000 -480.0000 -240.1934
         vertex -290.0000 -467.6537 -270.0000
      endloop
   endfacet
   facet normal 0.0000 -0.9062 -0.4228
      outer loop
         vertex -206.0000 -521.6000 -139.7623
         vertex -290.0000 -467.6537 -270.0000
         vertex -206.0000 -467.6537 -270.0000
      endloop
   endfacet
   facet normal 0.0000 -0.9848 -0.1739
      outer loop
         vertex -314.0000 -521.6000 -139.7623
         vertex -206.0000 -521.6000 -139.7623
         vertex -206.0000 -540.0000 0.0000
      endloop
   endfacet
   facet normal 0.0000 -0.9962 -0.0869
      outer loop
         vertex -314.0000 -521.6000 -139.7623
         vertex -206.0000 -540.0000 0.0000
         vertex -314.0000 -540.0000 0.0000
      endloop
   endfacet
   facet normal 1.0000 0.0000 0.0000
      outer loop
         vertex -290.0000 -125.0000 -615.0000
         vertex -290.0000 -125.0000 -523.5435
         vertex -290.0000 -139.7623 -521.6000
      endloop
   endfacet
   facet normal 1.0000 0.0000 0.0000
      outer loop
         vertex -290.0000 -125.0000 -615.0000
         vertex -290.0000 -139.7623 -521.6000
         vertex -290.0000 -270.0000 -467.6537
      endloop
   endfacet
   facet normal 1.0000 0.0000 0.0000
      outer loop
         vertex -290.0000 -125.0000 -615.0000
         vertex -290.0000 -270.0000 -467.6537
         vertex -290.0000 -381.8377 -381.8377
      endloop
   endfacet
   facet normal 1.0000 0.0000 0.0000
      outer loop
         vertex -290.0000 -125.0000 -615.0000
         vertex -290.0000 -381.8377 -381.8377
         vertex -290.0000 -480.0000 -620.0000
      endloop
   endfacet
   facet normal 1.0000 0.0000 0.0000
      outer loop
         vertex -290.0000 -125.0000 -615.0000
         vertex -290.0000 -480.0000 -620.0000
         vertex -290.0000 480.0000 -620.0000
      endloop
   endfacet
   facet normal 1.0000 0.0000 0.0000
      outer loop
         vertex -290.0000 -125.0000 -615.0000
         vertex -290.0000 480.0000 -620.0000
         vertex -290.0000 125.0000 -615.0000
      endloop
   endfacet
   facet normal 1.0000 0.0000 0.0000
      outer loop
         vertex -290.0000 480.0000 -620.0000
         vertex -290.0000 480.0000 -240.1934
         vertex -290.0000 467.6537 -270.0000
      endloop
   endfacet
   facet normal 1.0000 0.0000 0.0000
      outer loop
         vertex -290.0000 480.0000 -620.0000
         vertex -290.0000 467.6537 -270.0000
         vertex -290.0000 381.8377 -381.8377
      endloop
   endfacet
   facet normal 1.0000 0.0000 0.0000
      outer loop
         vertex -290.0000 480.0000 -620.0000
         vertex -290.0000 381.8377 -381.8377
         vertex -290.0000 270.0000 -467.6537
      endloop
   endfacet
   facet normal 1.0000 0.0000 0.0000
      outer loop
         vertex -290.0000 480.0000 -620.0000
         vertex -290.0000 270.0000 -467.6537
         vertex -290.0000 139.7623 -521.6000
      endloop
   endfacet
   facet normal 1.0000 0.0000 0.0000
      outer loop
         vertex -290.0000 480.0000 -620.0000
         vertex -290.0000 139.7623 -521.6000
         vertex -290.0000 125.0000 -523.5435
      endloop
   endfacet
   facet normal 1.0000 0.0000 0.0000
      outer loop
         vertex -290.0000 480.0000 -620.0000
         vertex -290.0000 125.0000 -523.5435
         vertex -290.0000 125.0000 -615.0000
      endloop
   endfacet
   facet normal 1.0000 0.0000 0.0000
      outer loop
         vertex -290.0000 -467.6537 -270.0000
         vertex -290.0000 -480.0000 -240.1934
         vertex -290.0000 -480.0000 -620.0000
      endloop
   endfacet
   facet normal 1.0000 0.0000 0.0000
      outer loop
         vertex -290.0000 -467.6537 -270.0000
         vertex -290.0000 -480.0000 -620.0000
         vertex -290.0000 -381.8377 -381.8377
      endloop
   endfacet
   facet normal 0.0000 -0.4228 -0.9062
      outer loop
         vertex -206.0000 -270.0000 -467.6537
         vertex -290.0000 -270.0000 -467.6537
         vertex -290.0000 -139.7623 -521.6000
      endloop
   endfacet
   facet normal 0.0000 -0.3418 -0.9398
      outer loop
         vertex -206.0000 -270.0000 -467.6537
         vertex -290.0000 -139.7623 -521.6000
         vertex -206.0000 -139.7623 -521.6000
      endloop
   endfacet
   facet normal 0.0000 -0.6430 -0.7659
      outer loop
         vertex -206.0000 -381.8377 -381.8377
         vertex -290.0000 -381.8377 -381.8377
         vertex -290.0000 -270.0000 -467.6537
      endloop
   endfacet
   facet normal 0.0000 -0.5734 -0.8193
      outer loop
         vertex -206.0000 -381.8377 -381.8377
         vertex -290.0000 -270.0000 -467.6537
         vertex -206.0000 -270.0000 -467.6537
      endloop
   endfacet
   facet normal 0.0000 -0.8193 -0.5734
      outer loop
         vertex -206.0000 -467.6537 -270.0000
         vertex -290.0000 -467.6537 -270.0000
         vertex -290.0000 -381.8377 -381.8377
      endloop
   endfacet
   facet normal 0.0000 -0.7659 -0.6430
      outer loop
         vertex -206.0000 -467.6537 -270.0000
         vertex -290.0000 -381.8377 -381.8377
         vertex -206.0000 -381.8377 -381.8377
      endloop
   endfacet
   facet normal 0.0000 0.9396 -0.3423
      outer loop
         vertex -290.0000 480.0000 -240.1934
         vertex -314.0000 480.0000 -240.1934
         vertex -314.0000 521.6000 -139.7623
      endloop
   endfacet
   facet normal 0.0000 0.9536 -0.3009
      outer loop
         vertex -290.0000 480.0000 -240.1934
         vertex -314.0000 521.6000 -139.7623
         vertex -206.0000 521.6000 -139.7623
      endloop
   endfacet
   facet normal 0.0000 0.9239 -0.3827
      outer loop
         vertex -290.0000 480.0000 -240.1934
         vertex -206.0000 521.6000 -139.7623
         vertex -206.0000 467.6537 -270.0000
      endloop
   endfacet
   facet normal 0.0000 0.8871 -0.4616
      outer loop
         vertex -290.0000 480.0000 -240.1934
         vertex -206.0000 467.6537 -270.0000
         vertex -290.0000 467.6537 -270.0000
      endloop
   endfacet
   facet normal 0.0000 0.1734 -0.9849
      outer loop
         vertex -206.0000 125.0000 -523.5435
         vertex -290.0000 125.0000 -523.5435
         vertex -290.0000 139.7623 -521.6000
      endloop
   endfacet
   facet normal 0.0000 0.2162 -0.9763
      outer loop
         vertex -206.0000 125.0000 -523.5435
         vertex -290.0000 139.7623 -521.6000
         vertex -206.0000 139.7623 -521.6000
      endloop
   endfacet
   facet normal 0.0000 -0.2162 -0.9763
      outer loop
         vertex -206.0000 -139.7623 -521.6000
         vertex -290.0000 -139.7623 -521.6000
         vertex -290.0000 -125.0000 -523.5435
      endloop
   endfacet
   facet normal 0.0000 -0.1734 -0.9849
      outer loop
         vertex -206.0000 -139.7623 -521.6000
         vertex -290.0000 -125.0000 -523.5435
         vertex -206.0000 -125.0000 -523.5435
      endloop
   endfacet
   facet normal 0.0000 0.7659 -0.6430
      outer loop
         vertex -206.0000 381.8377 -381.8377
         vertex -290.0000 381.8377 -381.8377
         vertex -290.0000 467.6537 -270.0000
      endloop
   endfacet
   facet normal 0.0000 0.8193 -0.5734
      outer loop
         vertex -206.0000 381.8377 -381.8377
         vertex -290.0000 467.6537 -270.0000
         vertex -206.0000 467.6537 -270.0000
      endloop
   endfacet
   facet normal 0.0000 0.5734 -0.8193
      outer loop
         vertex -206.0000 270.0000 -467.6537
         vertex -290.0000 270.0000 -467.6537
         vertex -290.0000 381.8377 -381.8377
      endloop
   endfacet
   facet normal 0.0000 0.6430 -0.7659
      outer loop
         vertex -206.0000 270.0000 -467.6537
         vertex -290.0000 381.8377 -381.8377
         vertex -206.0000 381.8377 -381.8377
      endloop
   endfacet
   facet normal 0.0000 0.3418 -0.9398
      outer loop
         vertex -206.0000 139.7623 -521.6000
         vertex -290.0000 139.7623 -521.6000
         vertex -290.0000 270.0000 -467.6537
      endloop
   endfacet
   facet normal 0.0000 0.4228 -0.9062
      outer loop
         vertex -206.0000 139.7623 -521.6000
         vertex -290.0000 270.0000 -467.6537
         vertex -206.0000 270.0000 -467.6537
      endloop
   endfacet
   facet normal 0.0000 -0.9398 0.3418
      outer loop
         vertex -314.0000 -467.6537 270.0000
         vertex -314.0000 -521.6000 139.7623
         vertex -206.0000 -521.6000 139.7623
      endloop
   endfacet
   facet normal 0.0000 -0.9062 0.4228
      outer loop
         vertex -314.0000 -467.6537 270.0000
         vertex -206.0000 -521.6000 139.7623
         vertex -206.0000 -467.6537 270.0000
      endloop
   endfacet
   facet normal 0.0000 0.9848 0.1739
      outer loop
         vertex -314.0000 540.0000 -0.0000
         vertex -314.0000 521.6000 139.7623
         vertex -206.0000 521.6000 139.7623
      endloop
   endfacet
   facet normal 0.0000 0.9962 0.0869
      outer loop
         vertex -314.0000 540.0000 -0.0000
         vertex -206.0000 521.6000 139.7623
         vertex -206.0000 540.0000 0.0000
      endloop
   endfacet
   facet normal 0.0000 0.9848 -0.1739
      outer loop
         vertex -206.0000 521.6000 -139.7623
         vertex -314.0000 521.6000 -139.7623
         vertex -314.0000 540.0000 -0.0000
      endloop
   endfacet
   facet normal 0.0000 0.9962 -0.0869
      outer loop
         vertex -206.0000 521.6000 -139.7623
         vertex -314.0000 540.0000 -0.0000
         vertex -206.0000 540.0000 0.0000
      endloop
   endfacet
   facet normal 0.0000 0.5734 0.8193
      outer loop
         vertex -314.0000 381.8377 381.8377
         vertex -314.0000 270.0000 467.6537
         vertex -206.0000 270.0000 467.6537
      endloop
   endfacet
   facet normal 0.0000 0.6430 0.7659
      outer loop
         vertex -314.0000 381.8377 381.8377
         vertex -206.0000 270.0000 467.6537
         vertex -206.0000 381.8377 381.8377
      endloop
   endfacet
   facet normal 0.0000 0.7659 0.6430
      outer loop
         vertex -314.0000 467.6537 270.0000
         vertex -314.0000 381.8377 381.8377
         vertex -206.0000 381.8377 381.8377
      endloop
   endfacet
   facet normal 0.0000 0.8193 0.5734
      outer loop
         vertex -314.0000 467.6537 270.0000
         vertex -206.0000 381.8377 381.8377
         vertex -206.0000 467.6537 270.0000
      endloop
   endfacet
   facet normal 0.0000 0.9062 0.4228
      outer loop
         vertex -314.0000 521.6000 139.7623
         vertex -314.0000 467.6537 270.0000
         vertex -206.0000 467.6537 270.0000
      endloop
   endfacet
   facet normal 0.0000 0.9398 0.3418
      outer loop
         vertex -314.0000 521.6000 139.7623
         vertex -206.0000 467.6537 270.0000
         vertex -206.0000 521.6000 139.7623
      endloop
   endfacet
   facet normal 0.0000 -0.8193 0.5734
      outer loop
         vertex -314.0000 -381.8377 381.8377
         vertex -314.0000 -467.6537 270.0000
         vertex -206.0000 -467.6537 270.0000
      endloop
   endfacet
   facet normal 0.0000 -0.7659 0.6430
      outer loop
         vertex -314.0000 -381.8377 381.8377
         vertex -206.0000 -467.6537 270.0000
         vertex -206.0000 -381.8377 381.8377
      endloop
   endfacet
   facet normal 0.0000 0.4224 0.9064
      outer loop
         vertex -314.0000 270.0000 467.6537
         vertex -314.0000 140.0000 521.5015
         vertex -206.0000 140.0000 521.5015
      endloop
   endfacet
   facet normal 0.0000 0.4616 0.8871
      outer loop
         vertex -314.0000 270.0000 467.6537
         vertex -206.0000 140.0000 521.5015
         vertex -206.0000 270.0000 467.6537
      endloop
   endfacet
   facet normal 0.0000 -0.6430 0.7659
      outer loop
         vertex -314.0000 -270.0000 467.6537
         vertex -314.0000 -381.8377 381.8377
         vertex -206.0000 -381.8377 381.8377
      endloop
   endfacet
   facet normal 0.0000 -0.5734 0.8193
      outer loop
         vertex -314.0000 -270.0000 467.6537
         vertex -206.0000 -381.8377 381.8377
         vertex -206.0000 -270.0000 467.6537
      endloop
   endfacet
   facet normal 0.0000 -0.4616 0.8871
      outer loop
         vertex -314.0000 -140.0000 521.5015
         vertex -314.0000 -270.0000 467.6537
         vertex -206.0000 -270.0000 467.6537
      endloop
   endfacet
   facet normal 0.0000 -0.4224 0.9064
      outer loop
         vertex -314.0000 -140.0000 521.5015
         vertex -206.0000 -270.0000 467.6537
         vertex -206.0000 -140.0000 521.5015
      endloop
   endfacet
   facet normal 0.0000 -0.9962 0.0869
      outer loop
         vertex -148.0000 -579.5555 155.2914
         vertex -148.0000 -600.0000 0.0000
         vertex -112.0000 -600.0000 0.0000
      endloop
   endfacet
   facet normal 0.0000 -0.9848 0.1739
      outer loop
         vertex -148.0000 -579.5555 155.2914
         vertex -112.0000 -600.0000 0.0000
         vertex -112.0000 -579.5555 155.2914
      endloop
   endfacet
   facet normal 0.0000 -0.9062 -0.4228
      outer loop
         vertex -148.0000 -579.5555 -155.2914
         vertex -148.0000 -519.6152 -300.0000
         vertex -112.0000 -519.6152 -300.0000
      endloop
   endfacet
   facet normal 0.0000 -0.9398 -0.3418
      outer loop
         vertex -148.0000 -579.5555 -155.2914
         vertex -112.0000 -519.6152 -300.0000
         vertex -112.0000 -579.5555 -155.2914
      endloop
   endfacet
   facet normal 0.0000 -0.9848 -0.1739
      outer loop
         vertex -148.0000 -600.0000 0.0000
         vertex -148.0000 -579.5555 -155.2914
         vertex -112.0000 -579.5555 -155.2914
      endloop
   endfacet
   facet normal 0.0000 -0.9962 -0.0869
      outer loop
         vertex -148.0000 -600.0000 0.0000
         vertex -112.0000 -579.5555 -155.2914
         vertex -112.0000 -600.0000 0.0000
      endloop
   endfacet
   facet normal 0.0000 -0.3418 -0.9398
      outer loop
         vertex -148.0000 -300.0000 -519.6152
         vertex -148.0000 -155.2914 -579.5555
         vertex -112.0000 -155.2914 -579.5555
      endloop
   endfacet
   facet normal 0.0000 -0.4228 -0.9062
      outer loop
         vertex -148.0000 -300.0000 -519.6152
         vertex -112.0000 -155.2914 -579.5555
         vertex -112.0000 -300.0000 -519.6152
      endloop
   endfacet
   facet normal 0.0000 -0.5734 -0.8193
      outer loop
         vertex -148.0000 -424.2641 -424.2641
         vertex -148.0000 -300.0000 -519.6152
         vertex -112.0000 -300.0000 -519.6152
      endloop
   endfacet
   facet normal 0.0000 -0.6430 -0.7659
      outer loop
         vertex -148.0000 -424.2641 -424.2641
         vertex -112.0000 -300.0000 -519.6152
         vertex -112.0000 -424.2641 -424.2641
      endloop
   endfacet
   facet normal 0.0000 -0.7659 -0.6430
      outer loop
         vertex -148.0000 -519.6152 -300.0000
         vertex -148.0000 -424.2641 -424.2641
         vertex -112.0000 -424.2641 -424.2641
      endloop
   endfacet
   facet normal 0.0000 -0.8193 -0.5734
      outer loop
         vertex -148.0000 -519.6152 -300.0000
         vertex -112.0000 -424.2641 -424.2641
         vertex -112.0000 -519.6152 -300.0000
      endloop
   endfacet
   facet normal 0.0000 0.9398 -0.3418
      outer loop
         vertex -148.0000 519.6152 -300.0000
         vertex -148.0000 579.5555 -155.2914
         vertex -112.0000 579.5555 -155.2914
      endloop
   endfacet
   facet normal 0.0000 0.9062 -0.4228
      outer loop
         vertex -148.0000 519.6152 -300.0000
         vertex -112.0000 579.5555 -155.2914
         vertex -112.0000 519.6152 -300.0000
      endloop
   endfacet
   facet normal 0.0000 0.2162 -0.9763
      outer loop
         vertex -148.0000 125.0000 -583.5435
         vertex -148.0000 155.2914 -579.5555
         vertex -112.0000 155.2914 -579.5555
      endloop
   endfacet
   facet normal 0.0000 0.1734 -0.9849
      outer loop
         vertex -148.0000 125.0000 -583.5435
         vertex -112.0000 155.2914 -579.5555
         vertex -112.0000 125.0000 -583.5435
      endloop
   endfacet
   facet normal 0.0000 -0.1734 -0.9849
      outer loop
         vertex -148.0000 -155.2914 -579.5555
         vertex -148.0000 -125.0000 -583.5435
         vertex -112.0000 -125.0000 -583.5435
      endloop
   endfacet
   facet normal 0.0000 -0.2162 -0.9763
      outer loop
         vertex -148.0000 -155.2914 -579.5555
         vertex -112.0000 -125.0000 -583.5435
         vertex -112.0000 -155.2914 -579.5555
      endloop
   endfacet
   facet normal 0.0000 0.8193 -0.5734
      outer loop
         vertex -148.0000 424.2641 -424.2641
         vertex -148.0000 519.6152 -300.0000
         vertex -112.0000 519.6152 -300.0000
      endloop
   endfacet
   facet normal 0.0000 0.7659 -0.6430
      outer loop
         vertex -148.0000 424.2641 -424.2641
         vertex -112.0000 519.6152 -300.0000
         vertex -112.0000 424.2641 -424.2641
      endloop
   endfacet
   facet normal 0.0000 0.6430 -0.7659
      outer loop
         vertex -148.0000 300.0000 -519.6152
         vertex -148.0000 424.2641 -424.2641
         vertex -112.0000 424.2641 -424.2641
      endloop
   endfacet
   facet normal 0.0000 0.5734 -0.8193
      outer loop
         vertex -148.0000 300.0000 -519.6152
         vertex -112.0000 424.2641 -424.2641
         vertex -112.0000 300.0000 -519.6152
      endloop
   endfacet
   facet normal 0.0000 0.4228 -0.9062
      outer loop
         vertex -148.0000 155.2914 -579.5555
         vertex -148.0000 300.0000 -519.6152
         vertex -112.0000 300.0000 -519.6152
      endloop
   endfacet
   facet normal 0.0000 0.3418 -0.9398
      outer loop
         vertex -148.0000 155.2914 -579.5555
         vertex -112.0000 300.0000 -519.6152
         vertex -112.0000 155.2914 -579.5555
      endloop
   endfacet
   facet normal 0.0000 -0.9398 0.3418
      outer loop
         vertex -148.0000 -519.6152 300.0000
         vertex -148.0000 -579.5555 155.2914
         vertex -112.0000 -579.5555 155.2914
      endloop
   endfacet
   facet normal 0.0000 -0.9062 0.4228
      outer loop
         vertex -148.0000 -519.6152 300.0000
         vertex -112.0000 -579.5555 155.2914
         vertex -112.0000 -519.6152 300.0000
      endloop
   endfacet
   facet normal 0.0000 0.9848 0.1739
      outer loop
         vertex -148.0000 600.0000 0.0000
         vertex -148.0000 579.5555 155.2914
         vertex -112.0000 579.5555 155.2914
      endloop
   endfacet
   facet normal 0.0000 0.9962 0.0869
      outer loop
         vertex -148.0000 600.0000 0.0000
         vertex -112.0000 579.5555 155.2914
         vertex -112.0000 600.0000 0.0000
      endloop
   endfacet
   facet normal 0.0000 0.9962 -0.0869
      outer loop
         vertex -148.0000 579.5555 -155.2914
         vertex -148.0000 600.0000 0.0000
         vertex -112.0000 600.0000 0.0000
      endloop
   endfacet
   facet normal 0.0000 0.9848 -0.1739
      outer loop
         vertex -148.0000 579.5555 -155.2914
         vertex -112.0000 600.0000 0.0000
         vertex -112.0000 579.5555 -155.2914
      endloop
   endfacet
   facet normal 0.0000 0.5734 0.8193
      outer loop
         vertex -148.0000 424.2641 424.2641
         vertex -148.0000 300.0000 519.6152
         vertex -112.0000 300.0000 519.6152
      endloop
   endfacet
   facet normal 0.0000 0.6430 0.7659
      outer loop
         vertex -148.0000 424.2641 424.2641
         vertex -112.0000 300.0000 519.6152
         vertex -112.0000 424.2641 424.2641
      endloop
   endfacet
   facet normal 0.0000 0.7659 0.6430
      outer loop
         vertex -148.0000 519.6152 300.0000
         vertex -148.0000 424.2641 424.2641
         vertex -112.0000 424.2641 424.2641
      endloop
   endfacet
   facet normal 0.0000 0.8193 0.5734
      outer loop
         vertex -148.0000 519.6152 300.0000
         vertex -112.0000 424.2641 424.2641
         vertex -112.0000 519.6152 300.0000
      endloop
   endfacet
   facet normal 0.0000 0.9062 0.4228
      outer loop
         vertex -148.0000 579.5555 155.2914
         vertex -148.0000 519.6152 300.0000
         vertex -112.0000 519.6152 300.0000
      endloop
   endfacet
   facet normal 0.0000 0.9398 0.3418
      outer loop
         vertex -148.0000 579.5555 155.2914
         vertex -112.0000 519.6152 300.0000
         vertex -112.0000 579.5555 155.2914
      endloop
   endfacet
   facet normal 0.0000 -0.8193 0.5734
      outer loop
         vertex -148.0000 -424.2641 424.2641
         vertex -148.0000 -519.6152 300.0000
         vertex -112.0000 -519.6152 300.0000
      endloop
   endfacet
   facet normal 0.0000 -0.7659 0.6430
      outer loop
         vertex -148.0000 -424.2641 424.2641
         vertex -112.0000 -519.6152 300.0000
         vertex -112.0000 -424.2641 424.2641
      endloop
   endfacet
   facet normal 0.0000 0.1734 0.9849
      outer loop
         vertex -148.0000 155.2914 579.5555
         vertex -148.0000 134.0094 582.3574
         vertex -112.0000 134.0094 582.3574
      endloop
   endfacet
   facet normal 0.0000 0.2162 0.9763
      outer loop
         vertex -148.0000 155.2914 579.5555
         vertex -112.0000 134.0094 582.3574
         vertex -112.0000 155.2914 579.5555
      endloop
   endfacet
   facet normal 0.0000 0.4228 0.9062
      outer loop
         vertex -112.0000 155.2914 579.5555
         vertex -112.0000 300.0000 519.6152
         vertex -148.0000 300.0000 519.6152
      endloop
   endfacet
   facet normal 0.0000 0.3418 0.9398
      outer loop
         vertex -112.0000 155.2914 579.5555
         vertex -148.0000 300.0000 519.6152
         vertex -148.0000 155.2914 579.5555
      endloop
   endfacet
   facet normal 0.0000 -0.6430 0.7659
      outer loop
         vertex -148.0000 -300.0000 519.6152
         vertex -148.0000 -424.2641 424.2641
         vertex -112.0000 -424.2641 424.2641
      endloop
   endfacet
   facet normal 0.0000 -0.5734 0.8193
      outer loop
         vertex -148.0000 -300.0000 519.6152
         vertex -112.0000 -424.2641 424.2641
         vertex -112.0000 -300.0000 519.6152
      endloop
   endfacet
   facet normal 0.0000 -0.4228 0.9062
      outer loop
         vertex -148.0000 -155.2914 579.5555
         vertex -148.0000 -300.0000 519.6152
         vertex -112.0000 -300.0000 519.6152
      endloop
   endfacet
   facet normal 0.0000 -0.3418 0.9398
      outer loop
         vertex -148.0000 -155.2914 579.5555
         vertex -112.0000 -300.0000 519.6152
         vertex -112.0000 -155.2914 579.5555
      endloop
   endfacet
   facet normal 0.0000 -0.2162 0.9763
      outer loop
         vertex -148.0000 -134.0094 582.3574
         vertex -148.0000 -155.2914 579.5555
         vertex -112.0000 -155.2914 579.5555
      endloop
   endfacet
   facet normal 0.0000 -0.1734 0.9849
      outer loop
         vertex -148.0000 -134.0094 582.3574
         vertex -112.0000 -155.2914 579.5555
         vertex -112.0000 -134.0094 582.3574
      endloop
   endfacet
   facet normal 0.7216 0.6897 0.0602
      outer loop
         vertex -54.0000 521.6000 139.7623
         vertex -54.0000 540.0000 -0.0000
         vertex -112.0000 600.0000 0.0000
      endloop
   endfacet
   facet normal 0.7216 0.6817 0.1204
      outer loop
         vertex -54.0000 521.6000 139.7623
         vertex -112.0000 600.0000 0.0000
         vertex -112.0000 579.5555 155.2914
      endloop
   endfacet
   facet normal 0.7216 0.6506 0.2366
      outer loop
         vertex -54.0000 467.6537 270.0000
         vertex -54.0000 521.6000 139.7623
         vertex -112.0000 579.5555 155.2914
      endloop
   endfacet
   facet normal 0.7216 0.6274 0.2927
      outer loop
         vertex -54.0000 467.6537 270.0000
         vertex -112.0000 579.5555 155.2914
         vertex -112.0000 519.6152 300.0000
      endloop
   endfacet
   facet normal 0.7216 0.5672 0.3969
      outer loop
         vertex -54.0000 381.8377 381.8377
         vertex -54.0000 467.6537 270.0000
         vertex -112.0000 519.6152 300.0000
      endloop
   endfacet
   facet normal 0.7216 0.5302 0.4451
      outer loop
         vertex -54.0000 381.8377 381.8377
         vertex -112.0000 519.6152 300.0000
         vertex -112.0000 424.2641 424.2641
      endloop
   endfacet
   facet normal 0.7216 0.3969 0.5672
      outer loop
         vertex -112.0000 300.0000 519.6152
         vertex -54.0000 270.0000 467.6537
         vertex -54.0000 381.8377 381.8377
      endloop
   endfacet
   facet normal 0.7216 0.4451 0.5302
      outer loop
         vertex -112.0000 300.0000 519.6152
         vertex -54.0000 381.8377 381.8377
         vertex -112.0000 424.2641 424.2641
      endloop
   endfacet
   facet normal 0.7216 0.2366 0.6506
      outer loop
         vertex -112.0000 300.0000 519.6152
         vertex -112.0000 155.2914 579.5555
         vertex -54.8878 140.0000 522.4871
      endloop
   endfacet
   facet normal 0.7200 0.2656 0.6412
      outer loop
         vertex -112.0000 300.0000 519.6152
         vertex -54.8878 140.0000 522.4871
         vertex -54.0000 140.0000 521.5015
      endloop
   endfacet
   facet normal 0.7187 0.3209 0.6169
      outer loop
         vertex -112.0000 300.0000 519.6152
         vertex -54.0000 140.0000 521.5015
         vertex -54.0000 270.0000 467.6537
      endloop
   endfacet
   facet normal 0.7177 0.1207 0.6859
      outer loop
         vertex -112.0000 155.2914 579.5555
         vertex -112.0000 134.0094 582.3574
         vertex -91.1503 140.0000 560.0000
      endloop
   endfacet
   facet normal 0.7187 0.1504 0.6789
      outer loop
         vertex -112.0000 155.2914 579.5555
         vertex -91.1503 140.0000 560.0000
         vertex -54.8878 140.0000 522.4871
      endloop
   endfacet
   facet normal 0.0000 1.0000 0.0000
      outer loop
         vertex 54.8878 140.0000 522.4871
         vertex 54.0000 140.0000 521.5015
         vertex -54.8878 140.0000 522.4871
      endloop
   endfacet
   facet normal 0.0000 1.0000 0.0000
      outer loop
         vertex 54.8878 140.0000 522.4871
         vertex -54.8878 140.0000 522.4871
         vertex -91.1503 140.0000 560.0000
      endloop
   endfacet
   facet normal 0.0000 1.0000 0.0000
      outer loop
         vertex 54.8878 140.0000 522.4871
         vertex -91.1503 140.0000 560.0000
         vertex 91.1503 140.0000 560.0000
      endloop
   endfacet
   facet normal 0.0000 1.0000 0.0000
      outer loop
         vertex -54.8878 140.0000 522.4871
         vertex 54.0000 140.0000 521.5015
         vertex -54.0000 140.0000 521.5015
      endloop
   endfacet
   facet normal 0.7187 -0.1504 0.6789
      outer loop
         vertex -112.0000 -155.2914 579.5555
         vertex -54.8878 -140.0000 522.4871
         vertex -91.1503 -140.0000 560.0000
      endloop
   endfacet
   facet normal 0.7177 -0.1207 0.6859
      outer loop
         vertex -112.0000 -155.2914 579.5555
         vertex -91.1503 -140.0000 560.0000
         vertex -112.0000 -134.0094 582.3574
      endloop
   endfacet
   facet normal 0.7216 -0.2927 0.6274
      outer loop
         vertex -112.0000 -155.2914 579.5555
         vertex -112.0000 -300.0000 519.6152
         vertex -54.0000 -270.0000 467.6537
      endloop
   endfacet
   facet normal 0.7200 -0.2656 0.6412
      outer loop
         vertex -112.0000 -155.2914 579.5555
         vertex -54.0000 -270.0000 467.6537
         vertex -54.0000 -140.0000 521.5015
      endloop
   endfacet
   facet normal 0.7187 -0.2092 0.6631
      outer loop
         vertex -112.0000 -155.2914 579.5555
         vertex -54.0000 -140.0000 521.5015
         vertex -54.8878 -140.0000 522.4871
      endloop
   endfacet
   facet normal 0.7216 -0.4451 0.5302
      outer loop
         vertex -112.0000 -300.0000 519.6152
         vertex -112.0000 -424.2641 424.2641
         vertex -54.0000 -381.8377 381.8377
      endloop
   endfacet
   facet normal 0.7216 -0.3969 0.5672
      outer loop
         vertex -112.0000 -300.0000 519.6152
         vertex -54.0000 -381.8377 381.8377
         vertex -54.0000 -270.0000 467.6537
      endloop
   endfacet
   facet normal 0.7216 -0.5672 0.3969
      outer loop
         vertex -112.0000 -519.6152 300.0000
         vertex -54.0000 -467.6537 270.0000
         vertex -54.0000 -381.8377 381.8377
      endloop
   endfacet
   facet normal 0.7216 -0.5302 0.4451
      outer loop
         vertex -112.0000 -519.6152 300.0000
         vertex -54.0000 -381.8377 381.8377
         vertex -112.0000 -424.2641 424.2641
      endloop
   endfacet
   facet normal 0.7216 -0.6506 0.2366
      outer loop
         vertex -112.0000 -579.5555 155.2914
         vertex -54.0000 -521.6000 139.7623
         vertex -54.0000 -467.6537 270.0000
      endloop
   endfacet
   facet normal 0.7216 -0.6274 0.2927
      outer loop
         vertex -112.0000 -579.5555 155.2914
         vertex -54.0000 -467.6537 270.0000
         vertex -112.0000 -519.6152 300.0000
      endloop
   endfacet
   facet normal 0.7216 -0.6897 0.0602
      outer loop
         vertex -112.0000 -600.0000 0.0000
         vertex -54.0000 -540.0000 -0.0000
         vertex -54.0000 -521.6000 139.7623
      endloop
   endfacet
   facet normal 0.7216 -0.6817 0.1204
      outer loop
         vertex -112.0000 -600.0000 0.0000
         vertex -54.0000 -521.6000 139.7623
         vertex -112.0000 -579.5555 155.2914
      endloop
   endfacet
   facet normal 0.7216 -0.6817 -0.1204
      outer loop
         vertex -112.0000 -600.0000 0.0000
         vertex -112.0000 -579.5555 -155.2914
         vertex -54.0000 -521.6000 -139.7623
      endloop
   endfacet
   facet normal 0.7216 -0.6897 -0.0602
      outer loop
         vertex -112.0000 -600.0000 0.0000
         vertex -54.0000 -521.6000 -139.7623
         vertex -54.0000 -540.0000 -0.0000
      endloop
   endfacet
   facet normal 0.7216 -0.6274 -0.2927
      outer loop
         vertex -112.0000 -579.5555 -155.2914
         vertex -112.0000 -519.6152 -300.0000
         vertex -54.0000 -467.6537 -270.0000
      endloop
   endfacet
   facet normal 0.7216 -0.6506 -0.2366
      outer loop
         vertex -112.0000 -579.5555 -155.2914
         vertex -54.0000 -467.6537 -270.0000
         vertex -54.0000 -521.6000 -139.7623
      endloop
   endfacet
   facet normal 0.7216 -0.5302 -0.4451
      outer loop
         vertex -112.0000 -519.6152 -300.0000
         vertex -112.0000 -424.2641 -424.2641
         vertex -54.0000 -381.8377 -381.8377
      endloop
   endfacet
   facet normal 0.7216 -0.5672 -0.3969
      outer loop
         vertex -112.0000 -519.6152 -300.0000
         vertex -54.0000 -381.8377 -381.8377
         vertex -54.0000 -467.6537 -270.0000
      endloop
   endfacet
   facet normal 0.7216 -0.4451 -0.5302
      outer loop
         vertex -54.0000 -381.8377 -381.8377
         vertex -112.0000 -424.2641 -424.2641
         vertex -112.0000 -300.0000 -519.6152
      endloop
   endfacet
   facet normal 0.7216 -0.3969 -0.5672
      outer loop
         vertex -54.0000 -381.8377 -381.8377
         vertex -112.0000 -300.0000 -519.6152
         vertex -54.0000 -270.0000 -467.6537
      endloop
   endfacet
   facet normal 0.7216 -0.2927 -0.6274
      outer loop
         vertex -54.0000 -270.0000 -467.6537
         vertex -112.0000 -300.0000 -519.6152
         vertex -112.0000 -155.2914 -579.5555
      endloop
   endfacet
   facet normal 0.7216 -0.2366 -0.6506
      outer loop
         vertex -54.0000 -270.0000 -467.6537
         vertex -112.0000 -155.2914 -579.5555
         vertex -54.0000 -139.7623 -521.6000
      endloop
   endfacet
   facet normal 0.7187 -0.1504 -0.6789
      outer loop
         vertex -54.0000 -139.7623 -521.6000
         vertex -112.0000 -155.2914 -579.5555
         vertex -112.0000 -125.0000 -583.5435
      endloop
   endfacet
   facet normal 0.7177 -0.1207 -0.6859
      outer loop
         vertex -54.0000 -139.7623 -521.6000
         vertex -112.0000 -125.0000 -583.5435
         vertex -54.0000 -125.0000 -523.5435
      endloop
   endfacet
   facet normal 0.7177 0.1207 -0.6859
      outer loop
         vertex -54.0000 125.0000 -523.5435
         vertex -112.0000 125.0000 -583.5435
         vertex -112.0000 155.2914 -579.5555
      endloop
   endfacet
   facet normal 0.7187 0.1504 -0.6789
      outer loop
         vertex -54.0000 125.0000 -523.5435
         vertex -112.0000 155.2914 -579.5555
         vertex -54.0000 139.7623 -521.6000
      endloop
   endfacet
   facet normal 0.7216 0.2366 -0.6506
      outer loop
         vertex -54.0000 270.0000 -467.6537
         vertex -54.0000 139.7623 -521.6000
         vertex -112.0000 155.2914 -579.5555
      endloop
   endfacet
   facet normal 0.7216 0.2927 -0.6274
      outer loop
         vertex -54.0000 270.0000 -467.6537
         vertex -112.0000 155.2914 -579.5555
         vertex -112.0000 300.0000 -519.6152
      endloop
   endfacet
   facet normal 0.7216 0.3969 -0.5672
      outer loop
         vertex -54.0000 381.8377 -381.8377
         vertex -54.0000 270.0000 -467.6537
         vertex -112.0000 300.0000 -519.6152
      endloop
   endfacet
   facet normal 0.7216 0.4451 -0.5302
      outer loop
         vertex -54.0000 381.8377 -381.8377
         vertex -112.0000 300.0000 -519.6152
         vertex -112.0000 424.2641 -424.2641
      endloop
   endfacet
   facet normal 0.7216 0.5302 -0.4451
      outer loop
         vertex -54.0000 381.8377 -381.8377
         vertex -112.0000 424.2641 -424.2641
         vertex -112.0000 519.6152 -300.0000
      endloop
   endfacet
   facet normal 0.7216 0.5672 -0.3969
      outer loop
         vertex -54.0000 381.8377 -381.8377
         vertex -112.0000 519.6152 -300.0000
         vertex -54.0000 467.6537 -270.0000
      endloop
   endfacet
   facet normal 0.7216 0.6274 -0.2927
      outer loop
         vertex -54.0000 467.6537 -270.0000
         vertex -112.0000 519.6152 -300.0000
         vertex -112.0000 579.5555 -155.2914
      endloop
   endfacet
   facet normal 0.7216 0.6506 -0.2366
      outer loop
         vertex -54.0000 467.6537 -270.0000
         vertex -112.0000 579.5555 -155.2914
         vertex -54.0000 521.6000 -139.7623
      endloop
   endfacet
   facet normal 0.7216 0.6817 -0.1204
      outer loop
         vertex -54.0000 521.6000 -139.7623
         vertex -112.0000 579.5555 -155.2914
         vertex -112.0000 600.0000 0.0000
      endloop
   endfacet
   facet normal 0.7216 0.6897 -0.0602
      outer loop
         vertex -54.0000 521.6000 -139.7623
         vertex -112.0000 600.0000 0.0000
         vertex -54.0000 540.0000 -0.0000
      endloop
   endfacet
   facet normal 0.0000 -0.9962 0.0869
      outer loop
         vertex -54.0000 -521.6000 139.7623
         vertex -54.0000 -540.0000 -0.0000
         vertex 54.0000 -540.0000 0.0000
      endloop
   endfacet
   facet normal 0.0000 -0.9848 0.1739
      outer loop
         vertex -54.0000 -521.6000 139.7623
         vertex 54.0000 -540.0000 0.0000
         vertex 54.0000 -521.6000 139.7623
      endloop
   endfacet
   facet normal 0.0000 -0.9062 -0.4228
      outer loop
         vertex -54.0000 -521.6000 -139.7623
         vertex -54.0000 -467.6537 -270.0000
         vertex 54.0000 -467.6537 -270.0000
      endloop
   endfacet
   facet normal 0.0000 -0.9398 -0.3418
      outer loop
         vertex -54.0000 -521.6000 -139.7623
         vertex 54.0000 -467.6537 -270.0000
         vertex 54.0000 -521.6000 -139.7623
      endloop
   endfacet
   facet normal 0.0000 -0.9848 -0.1739
      outer loop
         vertex -54.0000 -540.0000 -0.0000
         vertex -54.0000 -521.6000 -139.7623
         vertex 54.0000 -521.6000 -139.7623
      endloop
   endfacet
   facet normal 0.0000 -0.9962 -0.0869
      outer loop
         vertex -54.0000 -540.0000 -0.0000
         vertex 54.0000 -521.6000 -139.7623
         vertex 54.0000 -540.0000 0.0000
      endloop
   endfacet
   facet normal 0.0000 -0.3418 -0.9398
      outer loop
         vertex -54.0000 -270.0000 -467.6537
         vertex -54.0000 -139.7623 -521.6000
         vertex 54.0000 -139.7623 -521.6000
      endloop
   endfacet
   facet normal 0.0000 -0.4228 -0.9062
      outer loop
         vertex -54.0000 -270.0000 -467.6537
         vertex 54.0000 -139.7623 -521.6000
         vertex 54.0000 -270.0000 -467.6537
      endloop
   endfacet
   facet normal 0.0000 -0.5734 -0.8193
      outer loop
         vertex -54.0000 -381.8377 -381.8377
         vertex -54.0000 -270.0000 -467.6537
         vertex 54.0000 -270.0000 -467.6537
      endloop
   endfacet
   facet normal 0.0000 -0.6430 -0.7659
      outer loop
         vertex -54.0000 -381.8377 -381.8377
         vertex 54.0000 -270.0000 -467.6537
         vertex 54.0000 -381.8377 -381.8377
      endloop
   endfacet
   facet normal 0.0000 -0.7659 -0.6430
      outer loop
         vertex -54.0000 -467.6537 -270.0000
         vertex -54.0000 -381.8377 -381.8377
         vertex 54.0000 -381.8377 -381.8377
      endloop
   endfacet
   facet normal 0.0000 -0.8193 -0.5734
      outer loop
         vertex -54.0000 -467.6537 -270.0000
         vertex 54.0000 -381.8377 -381.8377
         vertex 54.0000 -467.6537 -270.0000
      endloop
   endfacet
   facet normal 0.0000 0.9398 -0.3418
      outer loop
         vertex -54.0000 467.6537 -270.0000
         vertex -54.0000 521.6000 -139.7623
         vertex 54.0000 521.6000 -139.7623
      endloop
   endfacet
   facet normal 0.0000 0.9062 -0.4228
      outer loop
         vertex -54.0000 467.6537 -270.0000
         vertex 54.0000 521.6000 -139.7623
         vertex 54.0000 467.6537 -270.0000
      endloop
   endfacet
   facet normal 0.0000 0.2162 -0.9763
      outer loop
         vertex -54.0000 125.0000 -523.5435
         vertex -54.0000 139.7623 -521.6000
         vertex 54.0000 139.7623 -521.6000
      endloop
   endfacet
   facet normal 0.0000 0.1734 -0.9849
      outer loop
         vertex -54.0000 125.0000 -523.5435
         vertex 54.0000 139.7623 -521.6000
         vertex 54.0000 125.0000 -523.5435
      endloop
   endfacet
   facet normal 0.0000 -0.1734 -0.9849
      outer loop
         vertex -54.0000 -139.7623 -521.6000
         vertex -54.0000 -125.0000 -523.5435
         vertex 54.0000 -125.0000 -523.5435
      endloop
   endfacet
   facet normal 0.0000 -0.2162 -0.9763
      outer loop
         vertex -54.0000 -139.7623 -521.6000
         vertex 54.0000 -125.0000 -523.5435
         vertex 54.0000 -139.7623 -521.6000
      endloop
   endfacet
   facet normal 0.0000 0.8193 -0.5734
      outer loop
         vertex -54.0000 381.8377 -381.8377
         vertex -54.0000 467.6537 -270.0000
         vertex 54.0000 467.6537 -270.0000
      endloop
   endfacet
   facet normal 0.0000 0.7659 -0.6430
      outer loop
         vertex -54.0000 381.8377 -381.8377
         vertex 54.0000 467.6537 -270.0000
         vertex 54.0000 381.8377 -381.8377
      endloop
   endfacet
   facet normal 0.0000 0.6430 -0.7659
      outer loop
         vertex -54.0000 270.0000 -467.6537
         vertex -54.0000 381.8377 -381.8377
         vertex 54.0000 381.8377 -381.8377
      endloop
   endfacet
   facet normal 0.0000 0.5734 -0.8193
      outer loop
         vertex -54.0000 270.0000 -467.6537
         vertex 54.0000 381.8377 -381.8377
         vertex 54.0000 270.0000 -467.6537
      endloop
   endfacet
   facet normal 0.0000 0.4228 -0.9062
      outer loop
         vertex -54.0000 139.7623 -521.6000
         vertex -54.0000 270.0000 -467.6537
         vertex 54.0000 270.0000 -467.6537
      endloop
   endfacet
   facet normal 0.0000 0.3418 -0.9398
      outer loop
         vertex -54.0000 139.7623 -521.6000
         vertex 54.0000 270.0000 -467.6537
         vertex 54.0000 139.7623 -521.6000
      endloop
   endfacet
   facet normal 0.0000 -0.9398 0.3418
      outer loop
         vertex -54.0000 -467.6537 270.0000
         vertex -54.0000 -521.6000 139.7623
         vertex 54.0000 -521.6000 139.7623
      endloop
   endfacet
   facet normal 0.0000 -0.9062 0.4228
      outer loop
         vertex -54.0000 -467.6537 270.0000
         vertex 54.0000 -521.6000 139.7623
         vertex 54.0000 -467.6537 270.0000
      endloop
   endfacet
   facet normal 0.0000 0.9848 0.1739
      outer loop
         vertex -54.0000 540.0000 -0.0000
         vertex -54.0000 521.6000 139.7623
         vertex 54.0000 521.6000 139.7623
      endloop
   endfacet
   facet normal 0.0000 0.9962 0.0869
      outer loop
         vertex -54.0000 540.0000 -0.0000
         vertex 54.0000 521.6000 139.7623
         vertex 54.0000 540.0000 0.0000
      endloop
   endfacet
   facet normal 0.0000 0.9962 -0.0869
      outer loop
         vertex -54.0000 521.6000 -139.7623
         vertex -54.0000 540.0000 -0.0000
         vertex 54.0000 540.0000 0.0000
      endloop
   endfacet
   facet normal 0.0000 0.9848 -0.1739
      outer loop
         vertex -54.0000 521.6000 -139.7623
         vertex 54.0000 540.0000 0.0000
         vertex 54.0000 521.6000 -139.7623
      endloop
   endfacet
   facet normal 0.0000 0.5734 0.8193
      outer loop
         vertex -54.0000 381.8377 381.8377
         vertex -54.0000 270.0000 467.6537
         vertex 54.0000 270.0000 467.6537
      endloop
   endfacet
   facet normal 0.0000 0.6430 0.7659
      outer loop
         vertex -54.0000 381.8377 381.8377
         vertex 54.0000 270.0000 467.6537
         vertex 54.0000 381.8377 381.8377
      endloop
   endfacet
   facet normal 0.0000 0.7659 0.6430
      outer loop
         vertex -54.0000 467.6537 270.0000
         vertex -54.0000 381.8377 381.8377
         vertex 54.0000 381.8377 381.8377
      endloop
   endfacet
   facet normal 0.0000 0.8193 0.5734
      outer loop
         vertex -54.0000 467.6537 270.0000
         vertex 54.0000 381.8377 381.8377
         vertex 54.0000 467.6537 270.0000
      endloop
   endfacet
   facet normal 0.0000 0.9062 0.4228
      outer loop
         vertex -54.0000 521.6000 139.7623
         vertex -54.0000 467.6537 270.0000
         vertex 54.0000 467.6537 270.0000
      endloop
   endfacet
   facet normal 0.0000 0.9398 0.3418
      outer loop
         vertex -54.0000 521.6000 139.7623
         vertex 54.0000 467.6537 270.0000
         vertex 54.0000 521.6000 139.7623
      endloop
   endfacet
   facet normal 0.0000 -0.8193 0.5734
      outer loop
         vertex -54.0000 -381.8377 381.8377
         vertex -54.0000 -467.6537 270.0000
         vertex 54.0000 -467.6537 270.0000
      endloop
   endfacet
   facet normal 0.0000 -0.7659 0.6430
      outer loop
         vertex -54.0000 -381.8377 381.8377
         vertex 54.0000 -467.6537 270.0000
         vertex 54.0000 -381.8377 381.8377
      endloop
   endfacet
   facet normal 0.0000 0.4224 0.9064
      outer loop
         vertex -54.0000 270.0000 467.6537
         vertex -54.0000 140.0000 521.5015
         vertex 54.0000 140.0000 521.5015
      endloop
   endfacet
   facet normal 0.0000 0.4616 0.8871
      outer loop
         vertex -54.0000 270.0000 467.6537
         vertex 54.0000 140.0000 521.5015
         vertex 54.0000 270.0000 467.6537
      endloop
   endfacet
   facet normal 0.0000 -0.6430 0.7659
      outer loop
         vertex -54.0000 -270.0000 467.6537
         vertex -54.0000 -381.8377 381.8377
         vertex 54.0000 -381.8377 381.8377
      endloop
   endfacet
   facet normal 0.0000 -0.5734 0.8193
      outer loop
         vertex -54.0000 -270.0000 467.6537
         vertex 54.0000 -381.8377 381.8377
         vertex 54.0000 -270.0000 467.6537
      endloop
   endfacet
   facet normal 0.0000 -0.4616 0.8871
      outer loop
         vertex -54.0000 -140.0000 521.5015
         vertex -54.0000 -270.0000 467.6537
         vertex 54.0000 -270.0000 467.6537
      endloop
   endfacet
   facet normal 0.0000 -0.4224 0.9064
      outer loop
         vertex -54.0000 -140.0000 521.5015
         vertex 54.0000 -270.0000 467.6537
         vertex 54.0000 -140.0000 521.5015
      endloop
   endfacet
   facet normal 0.0000 -0.9962 0.0869
      outer loop
         vertex 112.0000 -579.5555 155.2914
         vertex 112.0000 -600.0000 0.0000
         vertex 148.0000 -600.0000 0.0000
      endloop
   endfacet
   facet normal 0.0000 -0.9848 0.1739
      outer loop
         vertex 112.0000 -579.5555 155.2914
         vertex 148.0000 -600.0000 0.0000
         vertex 148.0000 -579.5555 155.2914
      endloop
   endfacet
   facet normal 0.0000 -0.9062 -0.4228
      outer loop
         vertex 112.0000 -579.5555 -155.2914
         vertex 112.0000 -519.6152 -300.0000
         vertex 148.0000 -519.6152 -300.0000
      endloop
   endfacet
   facet normal 0.0000 -0.9398 -0.3418
      outer loop
         vertex 112.0000 -579.5555 -155.2914
         vertex 148.0000 -519.6152 -300.0000
         vertex 148.0000 -579.5555 -155.2914
      endloop
   endfacet
   facet normal 0.0000 -0.9848 -0.1739
      outer loop
         vertex 112.0000 -600.0000 0.0000
         vertex 112.0000 -579.5555 -155.2914
         vertex 148.0000 -579.5555 -155.2914
      endloop
   endfacet
   facet normal 0.0000 -0.9962 -0.0869
      outer loop
         vertex 112.0000 -600.0000 0.0000
         vertex 148.0000 -579.5555 -155.2914
         vertex 148.0000 -600.0000 0.0000
      endloop
   endfacet
   facet normal 0.0000 -0.3418 -0.9398
      outer loop
         vertex 112.0000 -300.0000 -519.6152
         vertex 112.0000 -155.2914 -579.5555
         vertex 148.0000 -155.2914 -579.5555
      endloop
   endfacet
   facet normal 0.0000 -0.4228 -0.9062
      outer loop
         vertex 112.0000 -300.0000 -519.6152
         vertex 148.0000 -155.2914 -579.5555
         vertex 148.0000 -300.0000 -519.6152
      endloop
   endfacet
   facet normal 0.0000 -0.5734 -0.8193
      outer loop
         vertex 112.0000 -424.2641 -424.2641
         vertex 112.0000 -300.0000 -519.6152
         vertex 148.0000 -300.0000 -519.6152
      endloop
   endfacet
   facet normal 0.0000 -0.6430 -0.7659
      outer loop
         vertex 112.0000 -424.2641 -424.2641
         vertex 148.0000 -300.0000 -519.6152
         vertex 148.0000 -424.2641 -424.2641
      endloop
   endfacet
   facet normal 0.0000 -0.7659 -0.6430
      outer loop
         vertex 112.0000 -519.6152 -300.0000
         vertex 112.0000 -424.2641 -424.2641
         vertex 148.0000 -424.2641 -424.2641
      endloop
   endfacet
   facet normal 0.0000 -0.8193 -0.5734
      outer loop
         vertex 112.0000 -519.6152 -300.0000
         vertex 148.0000 -424.2641 -424.2641
         vertex 148.0000 -519.6152 -300.0000
      endloop
   endfacet
   facet normal 0.0000 0.9398 -0.3418
      outer loop
         vertex 112.0000 519.6152 -300.0000
         vertex 112.0000 579.5555 -155.2914
         vertex 148.0000 579.5555 -155.2914
      endloop
   endfacet
   facet normal 0.0000 0.9062 -0.4228
      outer loop
         vertex 112.0000 519.6152 -300.0000
         vertex 148.0000 579.5555 -155.2914
         vertex 148.0000 519.6152 -300.0000
      endloop
   endfacet
   facet normal 0.0000 0.2162 -0.9763
      outer loop
         vertex 112.0000 125.0000 -583.5435
         vertex 112.0000 155.2914 -579.5555
         vertex 148.0000 155.2914 -579.5555
      endloop
   endfacet
   facet normal 0.0000 0.1734 -0.9849
      outer loop
         vertex 112.0000 125.0000 -583.5435
         vertex 148.0000 155.2914 -579.5555
         vertex 148.0000 125.0000 -583.5435
      endloop
   endfacet
   facet normal 0.0000 -0.1734 -0.9849
      outer loop
         vertex 112.0000 -155.2914 -579.5555
         vertex 112.0000 -125.0000 -583.5435
         vertex 148.0000 -125.0000 -583.5435
      endloop
   endfacet
   facet normal 0.0000 -0.2162 -0.9763
      outer loop
         vertex 112.0000 -155.2914 -579.5555
         vertex 148.0000 -125.0000 -583.5435
         vertex 148.0000 -155.2914 -579.5555
      endloop
   endfacet
   facet normal 0.0000 0.0000 -1.0000
      outer loop
         vertex 290.0000 -125.0000 -615.0000
         vertex -290.0000 -125.0000 -615.0000
         vertex -290.0000 125.0000 -615.0000
      endloop
   endfacet
   facet normal 0.0000 0.0000 -1.0000
      outer loop
         vertex 290.0000 -125.0000 -615.0000
         vertex -290.0000 125.0000 -615.0000
         vertex 290.0000 125.0000 -615.0000
      endloop
   endfacet
   facet normal 0.0000 -1.0000 0.0000
      outer loop
         vertex -206.0000 -125.0000 -523.5435
         vertex -290.0000 -125.0000 -523.5435
         vertex -148.0000 -125.0000 -583.5435
      endloop
   endfacet
   facet normal 0.0000 -1.0000 0.0000
      outer loop
         vertex -148.0000 -125.0000 -583.5435
         vertex -290.0000 -125.0000 -523.5435
         vertex -290.0000 -125.0000 -615.0000
      endloop
   endfacet
   facet normal 0.0000 -1.0000 0.0000
      outer loop
         vertex -148.0000 -125.0000 -583.5435
         vertex -290.0000 -125.0000 -615.0000
         vertex -112.0000 -125.0000 -583.5435
      endloop
   endfacet
   facet normal 0.0000 -1.0000 0.0000
      outer loop
         vertex -112.0000 -125.0000 -583.5435
         vertex -290.0000 -125.0000 -615.0000
         vertex 112.0000 -125.0000 -583.5435
      endloop
   endfacet
   facet normal 0.0000 -1.0000 0.0000
      outer loop
         vertex -112.0000 -125.0000 -583.5435
         vertex 112.0000 -125.0000 -583.5435
         vertex 54.0000 -125.0000 -523.5435
      endloop
   endfacet
   facet normal 0.0000 -1.0000 0.0000
      outer loop
         vertex 148.0000 -125.0000 -583.5435
         vertex 112.0000 -125.0000 -583.5435
         vertex -290.0000 -125.0000 -615.0000
      endloop
   endfacet
   facet normal 0.0000 -1.0000 0.0000
      outer loop
         vertex 148.0000 -125.0000 -583.5435
         vertex -290.0000 -125.0000 -615.0000
         vertex 290.0000 -125.0000 -615.0000
      endloop
   endfacet
   facet normal 0.0000 -1.0000 0.0000
      outer loop
         vertex 148.0000 -125.0000 -583.5435
         vertex 290.0000 -125.0000 -615.0000
         vertex 290.0000 -125.0000 -523.5435
      endloop
   endfacet
   facet normal 0.0000 -1.0000 0.0000
      outer loop
         vertex 148.0000 -125.0000 -583.5435
         vertex 290.0000 -125.0000 -523.5435
         vertex 206.0000 -125.0000 -523.5435
      endloop
   endfacet
   facet normal 0.0000 -1.0000 0.0000
      outer loop
         vertex -112.0000 -125.0000 -583.5435
         vertex 54.0000 -125.0000 -523.5435
         vertex -54.0000 -125.0000 -523.5435
      endloop
   endfacet
   facet normal 0.0000 1.0000 0.0000
      outer loop
         vertex 206.0000 125.0000 -523.5435
         vertex 290.0000 125.0000 -523.5435
         vertex 148.0000 125.0000 -583.5435
      endloop
   endfacet
   facet normal 0.0000 1.0000 0.0000
      outer loop
         vertex 148.0000 125.0000 -583.5435
         vertex 290.0000 125.0000 -523.5435
         vertex 290.0000 125.0000 -615.0000
      endloop
   endfacet
   facet normal 0.0000 1.0000 0.0000
      outer loop
         vertex 148.0000 125.0000 -583.5435
         vertex 290.0000 125.0000 -615.0000
         vertex 112.0000 125.0000 -583.5435
      endloop
   endfacet
   facet normal 0.0000 1.0000 0.0000
      outer loop
         vertex 112.0000 125.0000 -583.5435
         vertex 290.0000 125.0000 -615.0000
         vertex -112.0000 125.0000 -583.5435
      endloop
   endfacet
   facet normal 0.0000 1.0000 0.0000
      outer loop
         vertex 112.0000 125.0000 -583.5435
         vertex -112.0000 125.0000 -583.5435
         vertex -54.0000 125.0000 -523.5435
      endloop
   endfacet
   facet normal 0.0000 1.0000 0.0000
      outer loop
         vertex -148.0000 125.0000 -583.5435
         vertex -112.0000 125.0000 -583.5435
         vertex 290.0000 125.0000 -615.0000
      endloop
   endfacet
   facet normal 0.0000 1.0000 0.0000
      outer loop
         vertex -148.0000 125.0000 -583.5435
         vertex 290.0000 125.0000 -615.0000
         vertex -290.0000 125.0000 -615.0000
      endloop
   endfacet
   facet normal 0.0000 1.0000 0.0000
      outer loop
         vertex -148.0000 125.0000 -583.5435
         vertex -290.0000 125.0000 -615.0000
         vertex -290.0000 125.0000 -523.5435
      endloop
   endfacet
   facet normal 0.0000 1.0000 0.0000
      outer loop
         vertex -148.0000 125.0000 -583.5435
         vertex -290.0000 125.0000 -523.5435
         vertex -206.0000 125.0000 -523.5435
      endloop
   endfacet
   facet normal 0.0000 1.0000 0.0000
      outer loop
         vertex 112.0000 125.0000 -583.5435
         vertex -54.0000 125.0000 -523.5435
         vertex 54.0000 125.0000 -523.5435
      endloop
   endfacet
   facet normal 0.0000 0.8193 -0.5734
      outer loop
         vertex 112.0000 424.2641 -424.2641
         vertex 112.0000 519.6152 -300.0000
         vertex 148.0000 519.6152 -300.0000
      endloop
   endfacet
   facet normal 0.0000 0.7659 -0.6430
      outer loop
         vertex 112.0000 424.2641 -424.2641
         vertex 148.0000 519.6152 -300.0000
         vertex 148.0000 424.2641 -424.2641
      endloop
   endfacet
   facet normal 0.0000 0.6430 -0.7659
      outer loop
         vertex 112.0000 300.0000 -519.6152
         vertex 112.0000 424.2641 -424.2641
         vertex 148.0000 424.2641 -424.2641
      endloop
   endfacet
   facet normal 0.0000 0.5734 -0.8193
      outer loop
         vertex 112.0000 300.0000 -519.6152
         vertex 148.0000 424.2641 -424.2641
         vertex 148.0000 300.0000 -519.6152
      endloop
   endfacet
   facet normal 0.0000 0.4228 -0.9062
      outer loop
         vertex 112.0000 155.2914 -579.5555
         vertex 112.0000 300.0000 -519.6152
         vertex 148.0000 300.0000 -519.6152
      endloop
   endfacet
   facet normal 0.0000 0.3418 -0.9398
      outer loop
         vertex 112.0000 155.2914 -579.5555
         vertex 148.0000 300.0000 -519.6152
         vertex 148.0000 155.2914 -579.5555
      endloop
   endfacet
   facet normal 0.0000 -0.9398 0.3418
      outer loop
         vertex 112.0000 -519.6152 300.0000
         vertex 112.0000 -579.5555 155.2914
         vertex 148.0000 -579.5555 155.2914
      endloop
   endfacet
   facet normal 0.0000 -0.9062 0.4228
      outer loop
         vertex 112.0000 -519.6152 300.0000
         vertex 148.0000 -579.5555 155.2914
         vertex 148.0000 -519.6152 300.0000
      endloop
   endfacet
   facet normal 0.0000 0.9848 0.1739
      outer loop
         vertex 112.0000 600.0000 0.0000
         vertex 112.0000 579.5555 155.2914
         vertex 148.0000 579.5555 155.2914
      endloop
   endfacet
   facet normal 0.0000 0.9962 0.0869
      outer loop
         vertex 112.0000 600.0000 0.0000
         vertex 148.0000 579.5555 155.2914
         vertex 148.0000 600.0000 0.0000
      endloop
   endfacet
   facet normal 0.0000 0.9962 -0.0869
      outer loop
         vertex 112.0000 579.5555 -155.2914
         vertex 112.0000 600.0000 0.0000
         vertex 148.0000 600.0000 0.0000
      endloop
   endfacet
   facet normal 0.0000 0.9848 -0.1739
      outer loop
         vertex 112.0000 579.5555 -155.2914
         vertex 148.0000 600.0000 0.0000
         vertex 148.0000 579.5555 -155.2914
      endloop
   endfacet
   facet normal 0.0000 0.5734 0.8193
      outer loop
         vertex 112.0000 424.2641 424.2641
         vertex 112.0000 300.0000 519.6152
         vertex 148.0000 300.0000 519.6152
      endloop
   endfacet
   facet normal 0.0000 0.6430 0.7659
      outer loop
         vertex 112.0000 424.2641 424.2641
         vertex 148.0000 300.0000 519.6152
         vertex 148.0000 424.2641 424.2641
      endloop
   endfacet
   facet normal 0.0000 0.7659 0.6430
      outer loop
         vertex 112.0000 519.6152 300.0000
         vertex 112.0000 424.2641 424.2641
         vertex 148.0000 424.2641 424.2641
      endloop
   endfacet
   facet normal 0.0000 0.8193 0.5734
      outer loop
         vertex 112.0000 519.6152 300.0000
         vertex 148.0000 424.2641 424.2641
         vertex 148.0000 519.6152 300.0000
      endloop
   endfacet
   facet normal 0.0000 0.9062 0.4228
      outer loop
         vertex 112.0000 579.5555 155.2914
         vertex 112.0000 519.6152 300.0000
         vertex 148.0000 519.6152 300.0000
      endloop
   endfacet
   facet normal 0.0000 0.9398 0.3418
      outer loop
         vertex 112.0000 579.5555 155.2914
         vertex 148.0000 519.6152 300.0000
         vertex 148.0000 579.5555 155.2914
      endloop
   endfacet
   facet normal 0.0000 -0.8193 0.5734
      outer loop
         vertex 112.0000 -424.2641 424.2641
         vertex 112.0000 -519.6152 300.0000
         vertex 148.0000 -519.6152 300.0000
      endloop
   endfacet
   facet normal 0.0000 -0.7659 0.6430
      outer loop
         vertex 112.0000 -424.2641 424.2641
         vertex 148.0000 -519.6152 300.0000
         vertex 148.0000 -424.2641 424.2641
      endloop
   endfacet
   facet normal 0.0000 0.1734 0.9849
      outer loop
         vertex 112.0000 155.2914 579.5555
         vertex 112.0000 134.0094 582.3574
         vertex 148.0000 134.0094 582.3574
      endloop
   endfacet
   facet normal 0.0000 0.2162 0.9763
      outer loop
         vertex 112.0000 155.2914 579.5555
         vertex 148.0000 134.0094 582.3574
         vertex 148.0000 155.2914 579.5555
      endloop
   endfacet
   facet normal 0.0000 0.3418 0.9398
      outer loop
         vertex 112.0000 300.0000 519.6152
         vertex 112.0000 155.2914 579.5555
         vertex 148.0000 155.2914 579.5555
      endloop
   endfacet
   facet normal 0.0000 0.4228 0.9062
      outer loop
         vertex 112.0000 300.0000 519.6152
         vertex 148.0000 155.2914 579.5555
         vertex 148.0000 300.0000 519.6152
      endloop
   endfacet
   facet normal 0.0000 0.9659 0.2588
      outer loop
         vertex 91.1503 140.0000 560.0000
         vertex -112.0000 134.0094 582.3574
         vertex 112.0000 134.0094 582.3574
      endloop
   endfacet
   facet normal 0.0000 0.9405 0.3399
      outer loop
         vertex 112.0000 134.0094 582.3574
         vertex -112.0000 134.0094 582.3574
         vertex -366.4872 121.2436 630.0000
      endloop
   endfacet
   facet normal 0.0000 0.9405 0.3399
      outer loop
         vertex 112.0000 134.0094 582.3574
         vertex -366.4872 121.2436 630.0000
         vertex 148.0000 134.0094 582.3574
      endloop
   endfacet
   facet normal 0.0000 0.9071 0.4210
      outer loop
         vertex 148.0000 134.0094 582.3574
         vertex -366.4872 121.2436 630.0000
         vertex 366.4872 121.2436 630.0000
      endloop
   endfacet
   facet normal 0.0000 0.9405 0.3399
      outer loop
         vertex 148.0000 134.0094 582.3574
         vertex 366.4872 121.2436 630.0000
         vertex 370.0574 134.5675 580.2742
      endloop
   endfacet
   facet normal 0.0000 0.9659 0.2588
      outer loop
         vertex 351.1503 140.0000 560.0000
         vertex 168.8497 140.0000 560.0000
         vertex 148.0000 134.0094 582.3574
      endloop
   endfacet
   facet normal 0.0000 0.9659 0.2588
      outer loop
         vertex 351.1503 140.0000 560.0000
         vertex 148.0000 134.0094 582.3574
         vertex 370.0574 134.5675 580.2742
      endloop
   endfacet
   facet normal 0.0000 0.9659 0.2588
      outer loop
         vertex -148.0000 134.0094 582.3574
         vertex -168.8497 140.0000 560.0000
         vertex -370.0574 134.5675 580.2742
      endloop
   endfacet
   facet normal 0.0000 0.9405 0.3399
      outer loop
         vertex -148.0000 134.0094 582.3574
         vertex -370.0574 134.5675 580.2742
         vertex -366.4872 121.2436 630.0000
      endloop
   endfacet
   facet normal 0.0000 0.9405 0.3399
      outer loop
         vertex -148.0000 134.0094 582.3574
         vertex -366.4872 121.2436 630.0000
         vertex -112.0000 134.0094 582.3574
      endloop
   endfacet
   facet normal 0.0000 0.9659 0.2588
      outer loop
         vertex -370.0574 134.5675 580.2742
         vertex -168.8497 140.0000 560.0000
         vertex -351.1503 140.0000 560.0000
      endloop
   endfacet
   facet normal 0.0000 0.9659 0.2588
      outer loop
         vertex -112.0000 134.0094 582.3574
         vertex 91.1503 140.0000 560.0000
         vertex -91.1503 140.0000 560.0000
      endloop
   endfacet
   facet normal 0.0000 0.7672 0.6414
      outer loop
         vertex 366.4872 121.2436 630.0000
         vertex -366.4872 121.2436 630.0000
         vertex -352.7566 70.0000 681.2435
      endloop
   endfacet
   facet normal 0.0000 0.6414 0.7672
      outer loop
         vertex 366.4872 121.2436 630.0000
         vertex -352.7566 70.0000 681.2435
         vertex 352.7566 70.0000 681.2435
      endloop
   endfacet
   facet normal 0.0000 -0.6430 0.7659
      outer loop
         vertex 112.0000 -300.0000 519.6152
         vertex 112.0000 -424.2641 424.2641
         vertex 148.0000 -424.2641 424.2641
      endloop
   endfacet
   facet normal 0.0000 -0.5734 0.8193
      outer loop
         vertex 112.0000 -300.0000 519.6152
         vertex 148.0000 -424.2641 424.2641
         vertex 148.0000 -300.0000 519.6152
      endloop
   endfacet
   facet normal 0.0000 -0.4228 0.9062
      outer loop
         vertex 112.0000 -155.2914 579.5555
         vertex 112.0000 -300.0000 519.6152
         vertex 148.0000 -300.0000 519.6152
      endloop
   endfacet
   facet normal 0.0000 -0.3418 0.9398
      outer loop
         vertex 112.0000 -155.2914 579.5555
         vertex 148.0000 -300.0000 519.6152
         vertex 148.0000 -155.2914 579.5555
      endloop
   endfacet
   facet normal 0.0000 -0.2162 0.9763
      outer loop
         vertex 112.0000 -134.0094 582.3574
         vertex 112.0000 -155.2914 579.5555
         vertex 148.0000 -155.2914 579.5555
      endloop
   endfacet
   facet normal 0.0000 -0.1734 0.9849
      outer loop
         vertex 112.0000 -134.0094 582.3574
         vertex 148.0000 -155.2914 579.5555
         vertex 148.0000 -134.0094 582.3574
      endloop
   endfacet
   facet normal 0.0000 0.1719 0.9851
      outer loop
         vertex -334.0001 -0.0000 700.0000
         vertex 334.0001 0.0000 700.0000
         vertex 352.7566 70.0000 681.2435
      endloop
   endfacet
   facet normal 0.0000 0.3437 0.9391
      outer loop
         vertex -334.0001 -0.0000 700.0000
         vertex 352.7566 70.0000 681.2435
         vertex -352.7566 70.0000 681.2435
      endloop
   endfacet
   facet normal 0.7216 0.6897 0.0602
      outer loop
         vertex 206.0000 521.6000 139.7623
         vertex 206.0000 540.0000 -0.0000
         vertex 148.0000 600.0000 0.0000
      endloop
   endfacet
   facet normal 0.7216 0.6817 0.1204
      outer loop
         vertex 206.0000 521.6000 139.7623
         vertex 148.0000 600.0000 0.0000
         vertex 148.0000 579.5555 155.2914
      endloop
   endfacet
   facet normal 0.7216 0.6506 0.2366
      outer loop
         vertex 206.0000 467.6537 270.0000
         vertex 206.0000 521.6000 139.7623
         vertex 148.0000 579.5555 155.2914
      endloop
   endfacet
   facet normal 0.7216 0.6274 0.2927
      outer loop
         vertex 206.0000 467.6537 270.0000
         vertex 148.0000 579.5555 155.2914
         vertex 148.0000 519.6152 300.0000
      endloop
   endfacet
   facet normal 0.7216 0.5672 0.3969
      outer loop
         vertex 206.0000 381.8377 381.8377
         vertex 206.0000 467.6537 270.0000
         vertex 148.0000 519.6152 300.0000
      endloop
   endfacet
   facet normal 0.7216 0.5302 0.4451
      outer loop
         vertex 206.0000 381.8377 381.8377
         vertex 148.0000 519.6152 300.0000
         vertex 148.0000 424.2641 424.2641
      endloop
   endfacet
   facet normal 0.7216 0.3969 0.5672
      outer loop
         vertex 148.0000 300.0000 519.6152
         vertex 206.0000 270.0000 467.6537
         vertex 206.0000 381.8377 381.8377
      endloop
   endfacet
   facet normal 0.7216 0.4451 0.5302
      outer loop
         vertex 148.0000 300.0000 519.6152
         vertex 206.0000 381.8377 381.8377
         vertex 148.0000 424.2641 424.2641
      endloop
   endfacet
   facet normal 0.7187 0.2092 0.6631
      outer loop
         vertex 148.0000 155.2914 579.5555
         vertex 205.1122 140.0000 522.4871
         vertex 206.0000 140.0000 521.5015
      endloop
   endfacet
   facet normal 0.7200 0.2656 0.6412
      outer loop
         vertex 148.0000 155.2914 579.5555
         vertex 206.0000 140.0000 521.5015
         vertex 206.0000 270.0000 467.6537
      endloop
   endfacet
   facet normal 0.7216 0.2927 0.6274
      outer loop
         vertex 148.0000 155.2914 579.5555
         vertex 206.0000 270.0000 467.6537
         vertex 148.0000 300.0000 519.6152
      endloop
   endfacet
   facet normal 0.7177 0.1207 0.6859
      outer loop
         vertex 148.0000 155.2914 579.5555
         vertex 148.0000 134.0094 582.3574
         vertex 168.8497 140.0000 560.0000
      endloop
   endfacet
   facet normal 0.7187 0.1504 0.6789
      outer loop
         vertex 148.0000 155.2914 579.5555
         vertex 168.8497 140.0000 560.0000
         vertex 205.1122 140.0000 522.4871
      endloop
   endfacet
   facet normal 0.0000 1.0000 0.0000
      outer loop
         vertex 314.8878 140.0000 522.4871
         vertex 314.0000 140.0000 521.5015
         vertex 205.1122 140.0000 522.4871
      endloop
   endfacet
   facet normal 0.0000 1.0000 0.0000
      outer loop
         vertex 314.8878 140.0000 522.4871
         vertex 205.1122 140.0000 522.4871
         vertex 168.8497 140.0000 560.0000
      endloop
   endfacet
   facet normal 0.0000 1.0000 0.0000
      outer loop
         vertex 314.8878 140.0000 522.4871
         vertex 168.8497 140.0000 560.0000
         vertex 351.1503 140.0000 560.0000
      endloop
   endfacet
   facet normal 0.0000 1.0000 0.0000
      outer loop
         vertex 205.1122 140.0000 522.4871
         vertex 314.0000 140.0000 521.5015
         vertex 206.0000 140.0000 521.5015
      endloop
   endfacet
   facet normal 0.7187 -0.1504 0.6789
      outer loop
         vertex 148.0000 -155.2914 579.5555
         vertex 205.1122 -140.0000 522.4871
         vertex 168.8497 -140.0000 560.0000
      endloop
   endfacet
   facet normal 0.7177 -0.1207 0.6859
      outer loop
         vertex 148.0000 -155.2914 579.5555
         vertex 168.8497 -140.0000 560.0000
         vertex 148.0000 -134.0094 582.3574
      endloop
   endfacet
   facet normal 0.7216 -0.2927 0.6274
      outer loop
         vertex 148.0000 -155.2914 579.5555
         vertex 148.0000 -300.0000 519.6152
         vertex 206.0000 -270.0000 467.6537
      endloop
   endfacet
   facet normal 0.7200 -0.2656 0.6412
      outer loop
         vertex 148.0000 -155.2914 579.5555
         vertex 206.0000 -270.0000 467.6537
         vertex 206.0000 -140.0000 521.5015
      endloop
   endfacet
   facet normal 0.7187 -0.2092 0.6631
      outer loop
         vertex 148.0000 -155.2914 579.5555
         vertex 206.0000 -140.0000 521.5015
         vertex 205.1122 -140.0000 522.4871
      endloop
   endfacet
   facet normal 0.7216 -0.4451 0.5302
      outer loop
         vertex 148.0000 -300.0000 519.6152
         vertex 148.0000 -424.2641 424.2641
         vertex 206.0000 -381.8377 381.8377
      endloop
   endfacet
   facet normal 0.7216 -0.3969 0.5672
      outer loop
         vertex 148.0000 -300.0000 519.6152
         vertex 206.0000 -381.8377 381.8377
         vertex 206.0000 -270.0000 467.6537
      endloop
   endfacet
   facet normal 0.7216 -0.5672 0.3969
      outer loop
         vertex 148.0000 -519.6152 300.0000
         vertex 206.0000 -467.6537 270.0000
         vertex 206.0000 -381.8377 381.8377
      endloop
   endfacet
   facet normal 0.7216 -0.5302 0.4451
      outer loop
         vertex 148.0000 -519.6152 300.0000
         vertex 206.0000 -381.8377 381.8377
         vertex 148.0000 -424.2641 424.2641
      endloop
   endfacet
   facet normal 0.7216 -0.6506 0.2366
      outer loop
         vertex 148.0000 -579.5555 155.2914
         vertex 206.0000 -521.6000 139.7623
         vertex 206.0000 -467.6537 270.0000
      endloop
   endfacet
   facet normal 0.7216 -0.6274 0.2927
      outer loop
         vertex 148.0000 -579.5555 155.2914
         vertex 206.0000 -467.6537 270.0000
         vertex 148.0000 -519.6152 300.0000
      endloop
   endfacet
   facet normal 0.7216 -0.6897 0.0602
      outer loop
         vertex 148.0000 -600.0000 0.0000
         vertex 206.0000 -540.0000 0.0000
         vertex 206.0000 -521.6000 139.7623
      endloop
   endfacet
   facet normal 0.7216 -0.6817 0.1204
      outer loop
         vertex 148.0000 -600.0000 0.0000
         vertex 206.0000 -521.6000 139.7623
         vertex 148.0000 -579.5555 155.2914
      endloop
   endfacet
   facet normal 0.7216 -0.6817 -0.1204
      outer loop
         vertex 148.0000 -600.0000 0.0000
         vertex 148.0000 -579.5555 -155.2914
         vertex 206.0000 -521.6000 -139.7623
      endloop
   endfacet
   facet normal 0.7216 -0.6897 -0.0602
      outer loop
         vertex 148.0000 -600.0000 0.0000
         vertex 206.0000 -521.6000 -139.7623
         vertex 206.0000 -540.0000 0.0000
      endloop
   endfacet
   facet normal 0.7216 -0.6274 -0.2927
      outer loop
         vertex 148.0000 -579.5555 -155.2914
         vertex 148.0000 -519.6152 -300.0000
         vertex 206.0000 -467.6537 -270.0000
      endloop
   endfacet
   facet normal 0.7216 -0.6506 -0.2366
      outer loop
         vertex 148.0000 -579.5555 -155.2914
         vertex 206.0000 -467.6537 -270.0000
         vertex 206.0000 -521.6000 -139.7623
      endloop
   endfacet
   facet normal 0.7216 -0.5302 -0.4451
      outer loop
         vertex 148.0000 -519.6152 -300.0000
         vertex 148.0000 -424.2641 -424.2641
         vertex 206.0000 -381.8377 -381.8377
      endloop
   endfacet
   facet normal 0.7216 -0.5672 -0.3969
      outer loop
         vertex 148.0000 -519.6152 -300.0000
         vertex 206.0000 -381.8377 -381.8377
         vertex 206.0000 -467.6537 -270.0000
      endloop
   endfacet
   facet normal 0.7216 -0.4451 -0.5302
      outer loop
         vertex 206.0000 -381.8377 -381.8377
         vertex 148.0000 -424.2641 -424.2641
         vertex 148.0000 -300.0000 -519.6152
      endloop
   endfacet
   facet normal 0.7216 -0.3969 -0.5672
      outer loop
         vertex 206.0000 -381.8377 -381.8377
         vertex 148.0000 -300.0000 -519.6152
         vertex 206.0000 -270.0000 -467.6537
      endloop
   endfacet
   facet normal 0.7216 -0.2927 -0.6274
      outer loop
         vertex 206.0000 -270.0000 -467.6537
         vertex 148.0000 -300.0000 -519.6152
         vertex 148.0000 -155.2914 -579.5555
      endloop
   endfacet
   facet normal 0.7216 -0.2366 -0.6506
      outer loop
         vertex 206.0000 -270.0000 -467.6537
         vertex 148.0000 -155.2914 -579.5555
         vertex 206.0000 -139.7623 -521.6000
      endloop
   endfacet
   facet normal 0.7187 -0.1504 -0.6789
      outer loop
         vertex 206.0000 -139.7623 -521.6000
         vertex 148.0000 -155.2914 -579.5555
         vertex 148.0000 -125.0000 -583.5435
      endloop
   endfacet
   facet normal 0.7177 -0.1207 -0.6859
      outer loop
         vertex 206.0000 -139.7623 -521.6000
         vertex 148.0000 -125.0000 -583.5435
         vertex 206.0000 -125.0000 -523.5435
      endloop
   endfacet
   facet normal 0.7177 0.1207 -0.6859
      outer loop
         vertex 206.0000 139.7623 -521.6000
         vertex 206.0000 125.0000 -523.5435
         vertex 148.0000 125.0000 -583.5435
      endloop
   endfacet
   facet normal 0.7187 0.1504 -0.6789
      outer loop
         vertex 206.0000 139.7623 -521.6000
         vertex 148.0000 125.0000 -583.5435
         vertex 148.0000 155.2914 -579.5555
      endloop
   endfacet
   facet normal 0.7216 0.2366 -0.6506
      outer loop
         vertex 206.0000 270.0000 -467.6537
         vertex 206.0000 139.7623 -521.6000
         vertex 148.0000 155.2914 -579.5555
      endloop
   endfacet
   facet normal 0.7216 0.2927 -0.6274
      outer loop
         vertex 206.0000 270.0000 -467.6537
         vertex 148.0000 155.2914 -579.5555
         vertex 148.0000 300.0000 -519.6152
      endloop
   endfacet
   facet normal 0.7216 0.3969 -0.5672
      outer loop
         vertex 206.0000 381.8377 -381.8377
         vertex 206.0000 270.0000 -467.6537
         vertex 148.0000 300.0000 -519.6152
      endloop
   endfacet
   facet normal 0.7216 0.4451 -0.5302
      outer loop
         vertex 206.0000 381.8377 -381.8377
         vertex 148.0000 300.0000 -519.6152
         vertex 148.0000 424.2641 -424.2641
      endloop
   endfacet
   facet normal 0.7216 0.5302 -0.4451
      outer loop
         vertex 206.0000 381.8377 -381.8377
         vertex 148.0000 424.2641 -424.2641
         vertex 148.0000 519.6152 -300.0000
      endloop
   endfacet
   facet normal 0.7216 0.5672 -0.3969
      outer loop
         vertex 206.0000 381.8377 -381.8377
         vertex 148.0000 519.6152 -300.0000
         vertex 206.0000 467.6537 -270.0000
      endloop
   endfacet
   facet normal 0.7216 0.6274 -0.2927
      outer loop
         vertex 206.0000 467.6537 -270.0000
         vertex 148.0000 519.6152 -300.0000
         vertex 148.0000 579.5555 -155.2914
      endloop
   endfacet
   facet normal 0.7216 0.6506 -0.2366
      outer loop
         vertex 206.0000 467.6537 -270.0000
         vertex 148.0000 579.5555 -155.2914
         vertex 206.0000 521.6000 -139.7623
      endloop
   endfacet
   facet normal 0.7216 0.6817 -0.1204
      outer loop
         vertex 206.0000 521.6000 -139.7623
         vertex 148.0000 579.5555 -155.2914
         vertex 148.0000 600.0000 0.0000
      endloop
   endfacet
   facet normal 0.7216 0.6897 -0.0602
      outer loop
         vertex 206.0000 521.6000 -139.7623
         vertex 148.0000 600.0000 0.0000
         vertex 206.0000 540.0000 -0.0000
      endloop
   endfacet
   facet normal 0.0000 -0.9962 0.0869
      outer loop
         vertex 206.0000 -521.6000 139.7623
         vertex 206.0000 -540.0000 0.0000
         vertex 314.0000 -540.0000 0.0000
      endloop
   endfacet
   facet normal 0.0000 -0.9848 0.1739
      outer loop
         vertex 206.0000 -521.6000 139.7623
         vertex 314.0000 -540.0000 0.0000
         vertex 314.0000 -521.6000 139.7623
      endloop
   endfacet
   facet normal 0.0000 -0.9396 -0.3423
      outer loop
         vertex 290.0000 -480.0000 -240.1934
         vertex 314.0000 -480.0000 -240.1934
         vertex 314.0000 -521.6000 -139.7623
      endloop
   endfacet
   facet normal 0.0000 -0.9536 -0.3009
      outer loop
         vertex 290.0000 -480.0000 -240.1934
         vertex 314.0000 -521.6000 -139.7623
         vertex 206.0000 -521.6000 -139.7623
      endloop
   endfacet
   facet normal 0.0000 -0.9239 -0.3827
      outer loop
         vertex 290.0000 -480.0000 -240.1934
         vertex 206.0000 -521.6000 -139.7623
         vertex 206.0000 -467.6537 -270.0000
      endloop
   endfacet
   facet normal 0.0000 -0.8871 -0.4616
      outer loop
         vertex 290.0000 -480.0000 -240.1934
         vertex 206.0000 -467.6537 -270.0000
         vertex 290.0000 -467.6537 -270.0000
      endloop
   endfacet
   facet normal 0.0000 -0.9848 -0.1739
      outer loop
         vertex 206.0000 -521.6000 -139.7623
         vertex 314.0000 -521.6000 -139.7623
         vertex 314.0000 -540.0000 0.0000
      endloop
   endfacet
   facet normal 0.0000 -0.9962 -0.0869
      outer loop
         vertex 206.0000 -521.6000 -139.7623
         vertex 314.0000 -540.0000 0.0000
         vertex 206.0000 -540.0000 0.0000
      endloop
   endfacet
   facet normal -1.0000 0.0000 0.0000
      outer loop
         vertex 290.0000 480.0000 -620.0000
         vertex 290.0000 -480.0000 -620.0000
         vertex 290.0000 -125.0000 -615.0000
      endloop
   endfacet
   facet normal -1.0000 0.0000 0.0000
      outer loop
         vertex 290.0000 480.0000 -620.0000
         vertex 290.0000 -125.0000 -615.0000
         vertex 290.0000 125.0000 -615.0000
      endloop
   endfacet
   facet normal -1.0000 0.0000 0.0000
      outer loop
         vertex 290.0000 480.0000 -620.0000
         vertex 290.0000 125.0000 -615.0000
         vertex 290.0000 139.7623 -521.6000
      endloop
   endfacet
   facet normal -1.0000 0.0000 0.0000
      outer loop
         vertex 290.0000 480.0000 -620.0000
         vertex 290.0000 139.7623 -521.6000
         vertex 290.0000 270.0000 -467.6537
      endloop
   endfacet
   facet normal -1.0000 0.0000 0.0000
      outer loop
         vertex 290.0000 480.0000 -620.0000
         vertex 290.0000 270.0000 -467.6537
         vertex 290.0000 381.8377 -381.8377
      endloop
   endfacet
   facet normal -1.0000 0.0000 0.0000
      outer loop
         vertex 290.0000 480.0000 -620.0000
         vertex 290.0000 381.8377 -381.8377
         vertex 290.0000 467.6537 -270.0000
      endloop
   endfacet
   facet normal -1.0000 0.0000 0.0000
      outer loop
         vertex 290.0000 480.0000 -620.0000
         vertex 290.0000 467.6537 -270.0000
         vertex 290.0000 480.0000 -240.1934
      endloop
   endfacet
   facet normal -1.0000 0.0000 0.0000
      outer loop
         vertex 290.0000 -125.0000 -615.0000
         vertex 290.0000 -480.0000 -620.0000
         vertex 290.0000 -381.8377 -381.8377
      endloop
   endfacet
   facet normal -1.0000 0.0000 0.0000
      outer loop
         vertex 290.0000 -125.0000 -615.0000
         vertex 290.0000 -381.8377 -381.8377
         vertex 290.0000 -270.0000 -467.6537
      endloop
   endfacet
   facet normal -1.0000 0.0000 0.0000
      outer loop
         vertex 290.0000 -125.0000 -615.0000
         vertex 290.0000 -270.0000 -467.6537
         vertex 290.0000 -139.7623 -521.6000
      endloop
   endfacet
   facet normal -1.0000 0.0000 0.0000
      outer loop
         vertex 290.0000 -125.0000 -615.0000
         vertex 290.0000 -139.7623 -521.6000
         vertex 290.0000 -125.0000 -523.5435
      endloop
   endfacet
   facet normal -1.0000 0.0000 0.0000
      outer loop
         vertex 290.0000 -480.0000 -620.0000
         vertex 290.0000 -480.0000 -240.1934
         vertex 290.0000 -467.6537 -270.0000
      endloop
   endfacet
   facet normal -1.0000 0.0000 0.0000
      outer loop
         vertex 290.0000 -480.0000 -620.0000
         vertex 290.0000 -467.6537 -270.0000
         vertex 290.0000 -381.8377 -381.8377
      endloop
   endfacet
   facet normal -1.0000 0.0000 0.0000
      outer loop
         vertex 290.0000 139.7623 -521.6000
         vertex 290.0000 125.0000 -615.0000
         vertex 290.0000 125.0000 -523.5435
      endloop
   endfacet
   facet normal 0.0000 -0.3418 -0.9398
      outer loop
         vertex 206.0000 -270.0000 -467.6537
         vertex 206.0000 -139.7623 -521.6000
         vertex 290.0000 -139.7623 -521.6000
      endloop
   endfacet
   facet normal 0.0000 -0.4228 -0.9062
      outer loop
         vertex 206.0000 -270.0000 -467.6537
         vertex 290.0000 -139.7623 -521.6000
         vertex 290.0000 -270.0000 -467.6537
      endloop
   endfacet
   facet normal 0.0000 -0.5734 -0.8193
      outer loop
         vertex 206.0000 -381.8377 -381.8377
         vertex 206.0000 -270.0000 -467.6537
         vertex 290.0000 -270.0000 -467.6537
      endloop
   endfacet
   facet normal 0.0000 -0.6430 -0.7659
      outer loop
         vertex 206.0000 -381.8377 -381.8377
         vertex 290.0000 -270.0000 -467.6537
         vertex 290.0000 -381.8377 -381.8377
      endloop
   endfacet
   facet normal 0.0000 -0.7659 -0.6430
      outer loop
         vertex 206.0000 -467.6537 -270.0000
         vertex 206.0000 -381.8377 -381.8377
         vertex 290.0000 -381.8377 -381.8377
      endloop
   endfacet
   facet normal 0.0000 -0.8193 -0.5734
      outer loop
         vertex 206.0000 -467.6537 -270.0000
         vertex 290.0000 -381.8377 -381.8377
         vertex 290.0000 -467.6537 -270.0000
      endloop
   endfacet
   facet normal 0.0000 0.9536 -0.3009
      outer loop
         vertex 206.0000 521.6000 -139.7623
         vertex 314.0000 521.6000 -139.7623
         vertex 314.0000 480.0000 -240.1934
      endloop
   endfacet
   facet normal 0.0000 0.9396 -0.3423
      outer loop
         vertex 206.0000 521.6000 -139.7623
         vertex 314.0000 480.0000 -240.1934
         vertex 290.0000 480.0000 -240.1934
      endloop
   endfacet
   facet normal 0.0000 0.9239 -0.3827
      outer loop
         vertex 206.0000 521.6000 -139.7623
         vertex 290.0000 480.0000 -240.1934
         vertex 290.0000 467.6537 -270.0000
      endloop
   endfacet
   facet normal 0.0000 0.9062 -0.4228
      outer loop
         vertex 206.0000 521.6000 -139.7623
         vertex 290.0000 467.6537 -270.0000
         vertex 206.0000 467.6537 -270.0000
      endloop
   endfacet
   facet normal 0.0000 0.2162 -0.9763
      outer loop
         vertex 206.0000 125.0000 -523.5435
         vertex 206.0000 139.7623 -521.6000
         vertex 290.0000 139.7623 -521.6000
      endloop
   endfacet
   facet normal 0.0000 0.1734 -0.9849
      outer loop
         vertex 206.0000 125.0000 -523.5435
         vertex 290.0000 139.7623 -521.6000
         vertex 290.0000 125.0000 -523.5435
      endloop
   endfacet
   facet normal 0.0000 -0.1734 -0.9849
      outer loop
         vertex 206.0000 -139.7623 -521.6000
         vertex 206.0000 -125.0000 -523.5435
         vertex 290.0000 -125.0000 -523.5435
      endloop
   endfacet
   facet normal 0.0000 -0.2162 -0.9763
      outer loop
         vertex 206.0000 -139.7623 -521.6000
         vertex 290.0000 -125.0000 -523.5435
         vertex 290.0000 -139.7623 -521.6000
      endloop
   endfacet
   facet normal 0.0000 0.8193 -0.5734
      outer loop
         vertex 206.0000 381.8377 -381.8377
         vertex 206.0000 467.6537 -270.0000
         vertex 290.0000 467.6537 -270.0000
      endloop
   endfacet
   facet normal 0.0000 0.7659 -0.6430
      outer loop
         vertex 206.0000 381.8377 -381.8377
         vertex 290.0000 467.6537 -270.0000
         vertex 290.0000 381.8377 -381.8377
      endloop
   endfacet
   facet normal 0.0000 0.6430 -0.7659
      outer loop
         vertex 206.0000 270.0000 -467.6537
         vertex 206.0000 381.8377 -381.8377
         vertex 290.0000 381.8377 -381.8377
      endloop
   endfacet
   facet normal 0.0000 0.5734 -0.8193
      outer loop
         vertex 206.0000 270.0000 -467.6537
         vertex 290.0000 381.8377 -381.8377
         vertex 290.0000 270.0000 -467.6537
      endloop
   endfacet
   facet normal 0.0000 0.4228 -0.9062
      outer loop
         vertex 206.0000 139.7623 -521.6000
         vertex 206.0000 270.0000 -467.6537
         vertex 290.0000 270.0000 -467.6537
      endloop
   endfacet
   facet normal 0.0000 0.3418 -0.9398
      outer loop
         vertex 206.0000 139.7623 -521.6000
         vertex 290.0000 270.0000 -467.6537
         vertex 290.0000 139.7623 -521.6000
      endloop
   endfacet
   facet normal 0.0000 -0.9398 0.3418
      outer loop
         vertex 206.0000 -467.6537 270.0000
         vertex 206.0000 -521.6000 139.7623
         vertex 314.0000 -521.6000 139.7623
      endloop
   endfacet
   facet normal 0.0000 -0.9062 0.4228
      outer loop
         vertex 206.0000 -467.6537 270.0000
         vertex 314.0000 -521.6000 139.7623
         vertex 314.0000 -467.6537 270.0000
      endloop
   endfacet
   facet normal 0.0000 0.9848 0.1739
      outer loop
         vertex 206.0000 540.0000 -0.0000
         vertex 206.0000 521.6000 139.7623
         vertex 314.0000 521.6000 139.7623
      endloop
   endfacet
   facet normal 0.0000 0.9962 0.0869
      outer loop
         vertex 206.0000 540.0000 -0.0000
         vertex 314.0000 521.6000 139.7623
         vertex 314.0000 540.0000 0.0000
      endloop
   endfacet
   facet normal 0.0000 0.9848 -0.1739
      outer loop
         vertex 314.0000 521.6000 -139.7623
         vertex 206.0000 521.6000 -139.7623
         vertex 206.0000 540.0000 -0.0000
      endloop
   endfacet
   facet normal 0.0000 0.9962 -0.0869
      outer loop
         vertex 314.0000 521.6000 -139.7623
         vertex 206.0000 540.0000 -0.0000
         vertex 314.0000 540.0000 0.0000
      endloop
   endfacet
   facet normal 0.0000 0.5734 0.8193
      outer loop
         vertex 206.0000 381.8377 381.8377
         vertex 206.0000 270.0000 467.6537
         vertex 314.0000 270.0000 467.6537
      endloop
   endfacet
   facet normal 0.0000 0.6430 0.7659
      outer loop
         vertex 206.0000 381.8377 381.8377
         vertex 314.0000 270.0000 467.6537
         vertex 314.0000 381.8377 381.8377
      endloop
   endfacet
   facet normal 0.0000 0.7659 0.6430
      outer loop
         vertex 206.0000 467.6537 270.0000
         vertex 206.0000 381.8377 381.8377
         vertex 314.0000 381.8377 381.8377
      endloop
   endfacet
   facet normal 0.0000 0.8193 0.5734
      outer loop
         vertex 206.0000 467.6537 270.0000
         vertex 314.0000 381.8377 381.8377
         vertex 314.0000 467.6537 270.0000
      endloop
   endfacet
   facet normal 0.0000 0.9062 0.4228
      outer loop
         vertex 206.0000 521.6000 139.7623
         vertex 206.0000 467.6537 270.0000
         vertex 314.0000 467.6537 270.0000
      endloop
   endfacet
   facet normal 0.0000 0.9398 0.3418
      outer loop
         vertex 206.0000 521.6000 139.7623
         vertex 314.0000 467.6537 270.0000
         vertex 314.0000 521.6000 139.7623
      endloop
   endfacet
   facet normal 0.0000 -0.8193 0.5734
      outer loop
         vertex 206.0000 -381.8377 381.8377
         vertex 206.0000 -467.6537 270.0000
         vertex 314.0000 -467.6537 270.0000
      endloop
   endfacet
   facet normal 0.0000 -0.7659 0.6430
      outer loop
         vertex 206.0000 -381.8377 381.8377
         vertex 314.0000 -467.6537 270.0000
         vertex 314.0000 -381.8377 381.8377
      endloop
   endfacet
   facet normal 0.0000 0.4224 0.9064
      outer loop
         vertex 206.0000 270.0000 467.6537
         vertex 206.0000 140.0000 521.5015
         vertex 314.0000 140.0000 521.5015
      endloop
   endfacet
   facet normal 0.0000 0.4616 0.8871
      outer loop
         vertex 206.0000 270.0000 467.6537
         vertex 314.0000 140.0000 521.5015
         vertex 314.0000 270.0000 467.6537
      endloop
   endfacet
   facet normal 0.0000 -0.6430 0.7659
      outer loop
         vertex 206.0000 -270.0000 467.6537
         vertex 206.0000 -381.8377 381.8377
         vertex 314.0000 -381.8377 381.8377
      endloop
   endfacet
   facet normal 0.0000 -0.5734 0.8193
      outer loop
         vertex 206.0000 -270.0000 467.6537
         vertex 314.0000 -381.8377 381.8377
         vertex 314.0000 -270.0000 467.6537
      endloop
   endfacet
   facet normal 0.0000 -0.4616 0.8871
      outer loop
         vertex 206.0000 -140.0000 521.5015
         vertex 206.0000 -270.0000 467.6537
         vertex 314.0000 -270.0000 467.6537
      endloop
   endfacet
   facet normal 0.0000 -0.4224 0.9064
      outer loop
         vertex 206.0000 -140.0000 521.5015
         vertex 314.0000 -270.0000 467.6537
         vertex 314.0000 -140.0000 521.5015
      endloop
   endfacet
   facet normal 0.0000 -0.9962 0.0869
      outer loop
         vertex 372.0000 -579.5555 155.2914
         vertex 372.0000 -600.0000 0.0000
         vertex 408.0000 -600.0000 0.0000
      endloop
   endfacet
   facet normal 0.0000 -0.9848 0.1739
      outer loop
         vertex 372.0000 -579.5555 155.2914
         vertex 408.0000 -600.0000 0.0000
         vertex 408.0000 -579.5555 155.2914
      endloop
   endfacet
   facet normal 0.0000 -0.9398 -0.3418
      outer loop
         vertex 408.0000 -519.6152 -300.0000
         vertex 408.0000 -579.5555 -155.2914
         vertex 372.0000 -579.5555 -155.2914
      endloop
   endfacet
   facet normal 0.0000 -0.9062 -0.4228
      outer loop
         vertex 408.0000 -519.6152 -300.0000
         vertex 372.0000 -579.5555 -155.2914
         vertex 372.0000 -519.6152 -300.0000
      endloop
   endfacet
   facet normal 0.0000 -0.9848 -0.1739
      outer loop
         vertex 372.0000 -600.0000 0.0000
         vertex 372.0000 -579.5555 -155.2914
         vertex 408.0000 -579.5555 -155.2914
      endloop
   endfacet
   facet normal 0.0000 -0.9962 -0.0869
      outer loop
         vertex 372.0000 -600.0000 0.0000
         vertex 408.0000 -579.5555 -155.2914
         vertex 408.0000 -600.0000 0.0000
      endloop
   endfacet
   facet normal 0.0000 0.0000 -1.0000
      outer loop
         vertex 490.0000 -480.0000 -620.0000
         vertex 290.0000 -480.0000 -620.0000
         vertex 290.0000 480.0000 -620.0000
      endloop
   endfacet
   facet normal 0.0000 0.0000 -1.0000
      outer loop
         vertex 490.0000 -480.0000 -620.0000
         vertex 290.0000 480.0000 -620.0000
         vertex 490.0000 480.0000 -620.0000
      endloop
   endfacet
   facet normal 0.0000 -0.8190 -0.5738
      outer loop
         vertex 372.0000 -519.6152 -300.0000
         vertex 372.0000 -480.0000 -351.6276
         vertex 408.0000 -480.0000 -351.6276
      endloop
   endfacet
   facet normal 0.0000 -0.8433 -0.5375
      outer loop
         vertex 372.0000 -519.6152 -300.0000
         vertex 408.0000 -480.0000 -351.6276
         vertex 408.0000 -519.6152 -300.0000
      endloop
   endfacet
   facet normal 0.0000 -1.0000 0.0000
      outer loop
         vertex 466.0000 -480.0000 -240.1934
         vertex 452.2190 -480.0000 -277.1281
         vertex 490.0000 -480.0000 -240.1934
      endloop
   endfacet
   facet normal 0.0000 -1.0000 0.0000
      outer loop
         vertex 490.0000 -480.0000 -240.1934
         vertex 452.2190 -480.0000 -277.1281
         vertex 408.0000 -480.0000 -351.6276
      endloop
   endfacet
   facet normal 0.0000 -1.0000 0.0000
      outer loop
         vertex 490.0000 -480.0000 -240.1934
         vertex 408.0000 -480.0000 -351.6276
         vertex 290.0000 -480.0000 -620.0000
      endloop
   endfacet
   facet normal 0.0000 -1.0000 0.0000
      outer loop
         vertex 290.0000 -480.0000 -620.0000
         vertex 408.0000 -480.0000 -351.6276
         vertex 372.0000 -480.0000 -351.6276
      endloop
   endfacet
   facet normal 0.0000 -1.0000 0.0000
      outer loop
         vertex 290.0000 -480.0000 -620.0000
         vertex 372.0000 -480.0000 -351.6276
         vertex 290.0000 -480.0000 -240.1934
      endloop
   endfacet
   facet normal 0.0000 -1.0000 0.0000
      outer loop
         vertex 290.0000 -480.0000 -240.1934
         vertex 372.0000 -480.0000 -351.6276
         vertex 327.7810 -480.0000 -277.1281
      endloop
   endfacet
   facet normal 0.0000 -1.0000 0.0000
      outer loop
         vertex 290.0000 -480.0000 -240.1934
         vertex 327.7810 -480.0000 -277.1281
         vertex 314.0000 -480.0000 -240.1934
      endloop
   endfacet
   facet normal 0.0000 -1.0000 0.0000
      outer loop
         vertex 490.0000 -480.0000 -240.1934
         vertex 290.0000 -480.0000 -620.0000
         vertex 490.0000 -480.0000 -620.0000
      endloop
   endfacet
   facet normal 0.0000 0.9062 -0.4228
      outer loop
         vertex 408.0000 579.5555 -155.2914
         vertex 408.0000 519.6152 -300.0000
         vertex 372.0000 519.6152 -300.0000
      endloop
   endfacet
   facet normal 0.0000 0.9398 -0.3418
      outer loop
         vertex 408.0000 579.5555 -155.2914
         vertex 372.0000 519.6152 -300.0000
         vertex 372.0000 579.5555 -155.2914
      endloop
   endfacet
   facet normal 0.0000 0.8433 -0.5375
      outer loop
         vertex 372.0000 480.0000 -351.6276
         vertex 372.0000 519.6152 -300.0000
         vertex 408.0000 519.6152 -300.0000
      endloop
   endfacet
   facet normal 0.0000 0.8190 -0.5738
      outer loop
         vertex 372.0000 480.0000 -351.6276
         vertex 408.0000 519.6152 -300.0000
         vertex 408.0000 480.0000 -351.6276
      endloop
   endfacet
   facet normal 0.0000 -0.9398 0.3418
      outer loop
         vertex 372.0000 -519.6152 300.0000
         vertex 372.0000 -579.5555 155.2914
         vertex 408.0000 -579.5555 155.2914
      endloop
   endfacet
   facet normal 0.0000 -0.9062 0.4228
      outer loop
         vertex 372.0000 -519.6152 300.0000
         vertex 408.0000 -579.5555 155.2914
         vertex 408.0000 -519.6152 300.0000
      endloop
   endfacet
   facet normal 0.0000 0.9848 0.1739
      outer loop
         vertex 372.0000 600.0000 0.0000
         vertex 372.0000 579.5555 155.2914
         vertex 408.0000 579.5555 155.2914
      endloop
   endfacet
   facet normal 0.0000 0.9962 0.0869
      outer loop
         vertex 372.0000 600.0000 0.0000
         vertex 408.0000 579.5555 155.2914
         vertex 408.0000 600.0000 0.0000
      endloop
   endfacet
   facet normal 0.0000 0.9962 -0.0869
      outer loop
         vertex 372.0000 579.5555 -155.2914
         vertex 372.0000 600.0000 0.0000
         vertex 408.0000 600.0000 0.0000
      endloop
   endfacet
   facet normal 0.0000 0.9848 -0.1739
      outer loop
         vertex 372.0000 579.5555 -155.2914
         vertex 408.0000 600.0000 0.0000
         vertex 408.0000 579.5555 -155.2914
      endloop
   endfacet
   facet normal 0.0000 0.5734 0.8193
      outer loop
         vertex 372.0000 424.2641 424.2641
         vertex 372.0000 300.0000 519.6152
         vertex 408.0000 300.0000 519.6152
      endloop
   endfacet
   facet normal 0.0000 0.6430 0.7659
      outer loop
         vertex 372.0000 424.2641 424.2641
         vertex 408.0000 300.0000 519.6152
         vertex 408.0000 424.2641 424.2641
      endloop
   endfacet
   facet normal 0.0000 0.7659 0.6430
      outer loop
         vertex 372.0000 519.6152 300.0000
         vertex 372.0000 424.2641 424.2641
         vertex 408.0000 424.2641 424.2641
      endloop
   endfacet
   facet normal 0.0000 0.8193 0.5734
      outer loop
         vertex 372.0000 519.6152 300.0000
         vertex 408.0000 424.2641 424.2641
         vertex 408.0000 519.6152 300.0000
      endloop
   endfacet
   facet normal 0.0000 0.9062 0.4228
      outer loop
         vertex 372.0000 579.5555 155.2914
         vertex 372.0000 519.6152 300.0000
         vertex 408.0000 519.6152 300.0000
      endloop
   endfacet
   facet normal 0.0000 0.9398 0.3418
      outer loop
         vertex 372.0000 579.5555 155.2914
         vertex 408.0000 519.6152 300.0000
         vertex 408.0000 579.5555 155.2914
      endloop
   endfacet
   facet normal 0.0000 -0.8193 0.5734
      outer loop
         vertex 372.0000 -424.2641 424.2641
         vertex 372.0000 -519.6152 300.0000
         vertex 408.0000 -519.6152 300.0000
      endloop
   endfacet
   facet normal 0.0000 -0.7659 0.6430
      outer loop
         vertex 372.0000 -424.2641 424.2641
         vertex 408.0000 -519.6152 300.0000
         vertex 408.0000 -424.2641 424.2641
      endloop
   endfacet
   facet normal 0.0000 0.2162 0.9763
      outer loop
         vertex 372.0000 155.2914 579.5555
         vertex 372.0000 141.8175 581.3293
         vertex 375.6103 155.2914 579.5555
      endloop
   endfacet
   facet normal 0.0000 0.3418 0.9398
      outer loop
         vertex 372.0000 300.0000 519.6152
         vertex 372.0000 155.2914 579.5555
         vertex 375.6103 155.2914 579.5555
      endloop
   endfacet
   facet normal 0.0000 0.3827 0.9239
      outer loop
         vertex 372.0000 300.0000 519.6152
         vertex 375.6103 155.2914 579.5555
         vertex 397.1021 235.5000 546.3320
      endloop
   endfacet
   facet normal 0.0000 0.4224 0.9064
      outer loop
         vertex 372.0000 300.0000 519.6152
         vertex 397.1021 235.5000 546.3320
         vertex 408.0000 246.3978 541.8180
      endloop
   endfacet
   facet normal 0.0000 0.4616 0.8871
      outer loop
         vertex 372.0000 300.0000 519.6152
         vertex 408.0000 246.3978 541.8180
         vertex 408.0000 300.0000 519.6152
      endloop
   endfacet
   facet normal -0.9071 0.4210 0.0000
      outer loop
         vertex 397.1021 235.5000 1095.0000
         vertex 397.1021 235.5000 546.3320
         vertex 375.6103 155.2914 579.5555
      endloop
   endfacet
   facet normal -0.9405 0.3399 0.0000
      outer loop
         vertex 397.1021 235.5000 1095.0000
         vertex 375.6103 155.2914 579.5555
         vertex 372.0000 141.8175 581.3293
      endloop
   endfacet
   facet normal -0.9405 0.3399 0.0000
      outer loop
         vertex 397.1021 235.5000 1095.0000
         vertex 372.0000 141.8175 581.3293
         vertex 370.0574 134.5675 580.2742
      endloop
   endfacet
   facet normal -0.9405 0.3399 0.0000
      outer loop
         vertex 397.1021 235.5000 1095.0000
         vertex 370.0574 134.5675 580.2742
         vertex 366.4872 121.2436 630.0000
      endloop
   endfacet
   facet normal -0.9405 0.3399 0.0000
      outer loop
         vertex 397.1021 235.5000 1095.0000
         vertex 366.4872 121.2436 630.0000
         vertex 352.7566 70.0000 681.2435
      endloop
   endfacet
   facet normal -0.9659 0.2588 0.0000
      outer loop
         vertex 397.1021 235.5000 1095.0000
         vertex 352.7566 70.0000 681.2435
         vertex 334.0001 0.0000 1095.0000
      endloop
   endfacet
   facet normal -0.9960 0.0890 0.0000
      outer loop
         vertex 334.0001 0.0000 1095.0000
         vertex 352.7566 70.0000 681.2435
         vertex 334.0001 0.0000 700.0000
      endloop
   endfacet
   facet normal 0.0000 -0.5734 0.8193
      outer loop
         vertex 408.0000 -300.0000 519.6152
         vertex 372.0000 -300.0000 519.6152
         vertex 372.0000 -424.2641 424.2641
      endloop
   endfacet
   facet normal 0.0000 -0.6430 0.7659
      outer loop
         vertex 408.0000 -300.0000 519.6152
         vertex 372.0000 -424.2641 424.2641
         vertex 408.0000 -424.2641 424.2641
      endloop
   endfacet
   facet normal 0.0000 -0.4616 0.8871
      outer loop
         vertex 372.0000 -300.0000 519.6152
         vertex 408.0000 -300.0000 519.6152
         vertex 408.0000 -246.3978 541.8180
      endloop
   endfacet
   facet normal 0.0000 -0.4224 0.9064
      outer loop
         vertex 372.0000 -300.0000 519.6152
         vertex 408.0000 -246.3978 541.8180
         vertex 397.1021 -235.5000 546.3320
      endloop
   endfacet
   facet normal 0.0000 -0.3827 0.9239
      outer loop
         vertex 372.0000 -300.0000 519.6152
         vertex 397.1021 -235.5000 546.3320
         vertex 375.6103 -155.2914 579.5555
      endloop
   endfacet
   facet normal 0.0000 -0.3418 0.9398
      outer loop
         vertex 372.0000 -300.0000 519.6152
         vertex 375.6103 -155.2914 579.5555
         vertex 372.0000 -155.2914 579.5555
      endloop
   endfacet
   facet normal 0.0000 -0.2162 0.9763
      outer loop
         vertex 372.0000 -141.8175 581.3293
         vertex 372.0000 -155.2914 579.5555
         vertex 375.6103 -155.2914 579.5555
      endloop
   endfacet
   facet normal -0.9851 -0.1719 0.0000
      outer loop
         vertex 421.1139 -218.7500 1647.0000
         vertex 362.5000 0.0000 1647.0000
         vertex 362.5000 0.0000 1617.0000
      endloop
   endfacet
   facet normal -0.9391 -0.3437 0.0000
      outer loop
         vertex 421.1139 -218.7500 1647.0000
         vertex 362.5000 0.0000 1617.0000
         vertex 421.1139 -218.7500 1617.0000
      endloop
   endfacet
   facet normal -0.9851 0.1719 0.0000
      outer loop
         vertex 421.1139 218.7500 1617.0000
         vertex 362.5000 0.0000 1617.0000
         vertex 362.5000 0.0000 1647.0000
      endloop
   endfacet
   facet normal -0.9391 0.3437 0.0000
      outer loop
         vertex 421.1139 218.7500 1617.0000
         vertex 362.5000 0.0000 1647.0000
         vertex 421.1139 218.7500 1647.0000
      endloop
   endfacet
   facet normal 0.7216 0.6897 0.0602
      outer loop
         vertex 466.0000 521.6000 139.7623
         vertex 466.0000 540.0000 -0.0000
         vertex 408.0000 600.0000 0.0000
      endloop
   endfacet
   facet normal 0.7216 0.6817 0.1204
      outer loop
         vertex 466.0000 521.6000 139.7623
         vertex 408.0000 600.0000 0.0000
         vertex 408.0000 579.5555 155.2914
      endloop
   endfacet
   facet normal 0.7216 0.6506 0.2366
      outer loop
         vertex 466.0000 467.6537 270.0000
         vertex 466.0000 521.6000 139.7623
         vertex 408.0000 579.5555 155.2914
      endloop
   endfacet
   facet normal 0.7216 0.6274 0.2927
      outer loop
         vertex 466.0000 467.6537 270.0000
         vertex 408.0000 579.5555 155.2914
         vertex 408.0000 519.6152 300.0000
      endloop
   endfacet
   facet normal 0.7216 0.5672 0.3969
      outer loop
         vertex 466.0000 381.8377 381.8377
         vertex 466.0000 467.6537 270.0000
         vertex 408.0000 519.6152 300.0000
      endloop
   endfacet
   facet normal 0.7216 0.5302 0.4451
      outer loop
         vertex 466.0000 381.8377 381.8377
         vertex 408.0000 519.6152 300.0000
         vertex 408.0000 424.2641 424.2641
      endloop
   endfacet
   facet normal 0.7187 0.3738 0.5864
      outer loop
         vertex 408.0000 300.0000 519.6152
         vertex 443.3287 281.7265 487.9647
         vertex 466.0000 304.3979 441.2593
      endloop
   endfacet
   facet normal 0.7200 0.4225 0.5506
      outer loop
         vertex 408.0000 300.0000 519.6152
         vertex 466.0000 304.3979 441.2593
         vertex 466.0000 381.8377 381.8377
      endloop
   endfacet
   facet normal 0.7216 0.4451 0.5302
      outer loop
         vertex 408.0000 300.0000 519.6152
         vertex 466.0000 381.8377 381.8377
         vertex 408.0000 424.2641 424.2641
      endloop
   endfacet
   facet normal 0.7187 0.3209 0.6169
      outer loop
         vertex 408.0000 300.0000 519.6152
         vertex 408.0000 246.3978 541.8180
         vertex 443.3287 281.7265 487.9647
      endloop
   endfacet
   facet normal -0.9391 0.3437 0.0000
      outer loop
         vertex 455.0002 0.0000 1160.0000
         vertex 501.2214 172.5000 1160.0000
         vertex 501.2214 172.5000 1130.0000
      endloop
   endfacet
   facet normal -0.9851 0.1719 0.0000
      outer loop
         vertex 455.0002 0.0000 1160.0000
         vertex 501.2214 172.5000 1130.0000
         vertex 455.0002 0.0000 1130.0000
      endloop
   endfacet
   facet normal 0.7187 -0.3209 0.6169
      outer loop
         vertex 408.0000 -246.3978 541.8180
         vertex 408.0000 -300.0000 519.6152
         vertex 443.3287 -281.7265 487.9647
      endloop
   endfacet
   facet normal 0.7216 -0.4451 0.5302
      outer loop
         vertex 408.0000 -300.0000 519.6152
         vertex 408.0000 -424.2641 424.2641
         vertex 466.0000 -381.8377 381.8377
      endloop
   endfacet
   facet normal 0.7200 -0.4225 0.5506
      outer loop
         vertex 408.0000 -300.0000 519.6152
         vertex 466.0000 -381.8377 381.8377
         vertex 466.0000 -304.3979 441.2593
      endloop
   endfacet
   facet normal 0.7187 -0.3738 0.5864
      outer loop
         vertex 408.0000 -300.0000 519.6152
         vertex 466.0000 -304.3979 441.2593
         vertex 443.3287 -281.7265 487.9647
      endloop
   endfacet
   facet normal 0.7216 -0.5672 0.3969
      outer loop
         vertex 408.0000 -519.6152 300.0000
         vertex 466.0000 -467.6537 270.0000
         vertex 466.0000 -381.8377 381.8377
      endloop
   endfacet
   facet normal 0.7216 -0.5302 0.4451
      outer loop
         vertex 408.0000 -519.6152 300.0000
         vertex 466.0000 -381.8377 381.8377
         vertex 408.0000 -424.2641 424.2641
      endloop
   endfacet
   facet normal 0.7216 -0.6506 0.2366
      outer loop
         vertex 408.0000 -579.5555 155.2914
         vertex 466.0000 -521.6000 139.7623
         vertex 466.0000 -467.6537 270.0000
      endloop
   endfacet
   facet normal 0.7216 -0.6274 0.2927
      outer loop
         vertex 408.0000 -579.5555 155.2914
         vertex 466.0000 -467.6537 270.0000
         vertex 408.0000 -519.6152 300.0000
      endloop
   endfacet
   facet normal 0.7216 -0.6897 0.0602
      outer loop
         vertex 408.0000 -579.5555 155.2914
         vertex 408.0000 -600.0000 0.0000
         vertex 466.0000 -540.0000 0.0000
      endloop
   endfacet
   facet normal 0.7216 -0.6817 0.1204
      outer loop
         vertex 408.0000 -579.5555 155.2914
         vertex 466.0000 -540.0000 0.0000
         vertex 466.0000 -521.6000 139.7623
      endloop
   endfacet
   facet normal -0.9851 -0.1719 0.0000
      outer loop
         vertex 501.2214 -172.5000 1160.0000
         vertex 455.0002 0.0000 1160.0000
         vertex 455.0002 0.0000 1130.0000
      endloop
   endfacet
   facet normal -0.9391 -0.3437 0.0000
      outer loop
         vertex 501.2214 -172.5000 1160.0000
         vertex 455.0002 0.0000 1130.0000
         vertex 501.2214 -172.5000 1130.0000
      endloop
   endfacet
   facet normal 0.7216 -0.6817 -0.1204
      outer loop
         vertex 408.0000 -600.0000 0.0000
         vertex 408.0000 -579.5555 -155.2914
         vertex 466.0000 -521.6000 -139.7623
      endloop
   endfacet
   facet normal 0.7216 -0.6897 -0.0602
      outer loop
         vertex 408.0000 -600.0000 0.0000
         vertex 466.0000 -521.6000 -139.7623
         vertex 466.0000 -540.0000 0.0000
      endloop
   endfacet
   facet normal 0.7216 -0.6274 -0.2927
      outer loop
         vertex 408.0000 -579.5555 -155.2914
         vertex 408.0000 -519.6152 -300.0000
         vertex 452.2190 -480.0000 -277.1281
      endloop
   endfacet
   facet normal 0.7200 -0.6412 -0.2656
      outer loop
         vertex 408.0000 -579.5555 -155.2914
         vertex 452.2190 -480.0000 -277.1281
         vertex 466.0000 -480.0000 -240.1934
      endloop
   endfacet
   facet normal 0.7187 -0.6631 -0.2092
      outer loop
         vertex 408.0000 -579.5555 -155.2914
         vertex 466.0000 -480.0000 -240.1934
         vertex 466.0000 -521.6000 -139.7623
      endloop
   endfacet
   facet normal 0.7187 -0.5864 -0.3738
      outer loop
         vertex 408.0000 -519.6152 -300.0000
         vertex 408.0000 -480.0000 -351.6276
         vertex 452.2190 -480.0000 -277.1281
      endloop
   endfacet
   facet normal 0.7187 0.5864 -0.3738
      outer loop
         vertex 452.2190 480.0000 -277.1281
         vertex 408.0000 480.0000 -351.6276
         vertex 408.0000 519.6152 -300.0000
      endloop
   endfacet
   facet normal 0.7216 0.6506 -0.2366
      outer loop
         vertex 408.0000 519.6152 -300.0000
         vertex 408.0000 579.5555 -155.2914
         vertex 466.0000 521.6000 -139.7623
      endloop
   endfacet
   facet normal 0.7200 0.6412 -0.2656
      outer loop
         vertex 408.0000 519.6152 -300.0000
         vertex 466.0000 521.6000 -139.7623
         vertex 466.0000 480.0000 -240.1934
      endloop
   endfacet
   facet normal 0.7187 0.6169 -0.3209
      outer loop
         vertex 408.0000 519.6152 -300.0000
         vertex 466.0000 480.0000 -240.1934
         vertex 452.2190 480.0000 -277.1281
      endloop
   endfacet
   facet normal 0.7216 0.6817 -0.1204
      outer loop
         vertex 466.0000 521.6000 -139.7623
         vertex 408.0000 579.5555 -155.2914
         vertex 408.0000 600.0000 0.0000
      endloop
   endfacet
   facet normal 0.7216 0.6897 -0.0602
      outer loop
         vertex 466.0000 521.6000 -139.7623
         vertex 408.0000 600.0000 0.0000
         vertex 466.0000 540.0000 -0.0000
      endloop
   endfacet
   facet normal 0.0000 1.0000 0.0000
      outer loop
         vertex 314.0000 480.0000 -240.1934
         vertex 327.7810 480.0000 -277.1281
         vertex 290.0000 480.0000 -240.1934
      endloop
   endfacet
   facet normal 0.0000 1.0000 0.0000
      outer loop
         vertex 290.0000 480.0000 -240.1934
         vertex 327.7810 480.0000 -277.1281
         vertex 372.0000 480.0000 -351.6276
      endloop
   endfacet
   facet normal 0.0000 1.0000 0.0000
      outer loop
         vertex 290.0000 480.0000 -240.1934
         vertex 372.0000 480.0000 -351.6276
         vertex 490.0000 480.0000 -620.0000
      endloop
   endfacet
   facet normal 0.0000 1.0000 0.0000
      outer loop
         vertex 490.0000 480.0000 -620.0000
         vertex 372.0000 480.0000 -351.6276
         vertex 408.0000 480.0000 -351.6276
      endloop
   endfacet
   facet normal 0.0000 1.0000 0.0000
      outer loop
         vertex 490.0000 480.0000 -620.0000
         vertex 408.0000 480.0000 -351.6276
         vertex 490.0000 480.0000 -240.1934
      endloop
   endfacet
   facet normal 0.0000 1.0000 0.0000
      outer loop
         vertex 490.0000 480.0000 -240.1934
         vertex 408.0000 480.0000 -351.6276
         vertex 452.2190 480.0000 -277.1281
      endloop
   endfacet
   facet normal 0.0000 1.0000 0.0000
      outer loop
         vertex 490.0000 480.0000 -240.1934
         vertex 452.2190 480.0000 -277.1281
         vertex 466.0000 480.0000 -240.1934
      endloop
   endfacet
   facet normal 0.0000 1.0000 0.0000
      outer loop
         vertex 290.0000 480.0000 -240.1934
         vertex 490.0000 480.0000 -620.0000
         vertex 290.0000 480.0000 -620.0000
      endloop
   endfacet
   facet normal 0.0000 -0.9962 0.0869
      outer loop
         vertex 466.0000 -521.6000 139.7623
         vertex 466.0000 -540.0000 0.0000
         vertex 574.0000 -540.0000 0.0000
      endloop
   endfacet
   facet normal 0.0000 -0.9848 0.1739
      outer loop
         vertex 466.0000 -521.6000 139.7623
         vertex 574.0000 -540.0000 0.0000
         vertex 574.0000 -521.6000 139.7623
      endloop
   endfacet
   facet normal 0.0000 -0.9536 -0.3009
      outer loop
         vertex 574.0000 -521.6000 -139.7623
         vertex 466.0000 -521.6000 -139.7623
         vertex 466.0000 -480.0000 -240.1934
      endloop
   endfacet
   facet normal 0.0000 -0.9396 -0.3423
      outer loop
         vertex 574.0000 -521.6000 -139.7623
         vertex 466.0000 -480.0000 -240.1934
         vertex 490.0000 -480.0000 -240.1934
      endloop
   endfacet
   facet normal 0.0000 -0.9239 -0.3827
      outer loop
         vertex 574.0000 -521.6000 -139.7623
         vertex 490.0000 -480.0000 -240.1934
         vertex 490.0000 -467.6537 -270.0000
      endloop
   endfacet
   facet normal 0.0000 -0.9062 -0.4228
      outer loop
         vertex 574.0000 -521.6000 -139.7623
         vertex 490.0000 -467.6537 -270.0000
         vertex 574.0000 -467.6537 -270.0000
      endloop
   endfacet
   facet normal 0.0000 -0.9848 -0.1739
      outer loop
         vertex 466.0000 -521.6000 -139.7623
         vertex 574.0000 -521.6000 -139.7623
         vertex 574.0000 -540.0000 0.0000
      endloop
   endfacet
   facet normal 0.0000 -0.9962 -0.0869
      outer loop
         vertex 466.0000 -521.6000 -139.7623
         vertex 574.0000 -540.0000 0.0000
         vertex 466.0000 -540.0000 0.0000
      endloop
   endfacet
   facet normal 1.0000 0.0000 0.0000
      outer loop
         vertex 490.0000 -125.0000 -615.0000
         vertex 490.0000 -125.0000 -523.5435
         vertex 490.0000 -139.7623 -521.6000
      endloop
   endfacet
   facet normal 1.0000 0.0000 0.0000
      outer loop
         vertex 490.0000 -125.0000 -615.0000
         vertex 490.0000 -139.7623 -521.6000
         vertex 490.0000 -270.0000 -467.6537
      endloop
   endfacet
   facet normal 1.0000 0.0000 0.0000
      outer loop
         vertex 490.0000 -125.0000 -615.0000
         vertex 490.0000 -270.0000 -467.6537
         vertex 490.0000 -381.8377 -381.8377
      endloop
   endfacet
   facet normal 1.0000 0.0000 0.0000
      outer loop
         vertex 490.0000 -125.0000 -615.0000
         vertex 490.0000 -381.8377 -381.8377
         vertex 490.0000 -480.0000 -620.0000
      endloop
   endfacet
   facet normal 1.0000 0.0000 0.0000
      outer loop
         vertex 490.0000 -125.0000 -615.0000
         vertex 490.0000 -480.0000 -620.0000
         vertex 490.0000 480.0000 -620.0000
      endloop
   endfacet
   facet normal 1.0000 0.0000 0.0000
      outer loop
         vertex 490.0000 -125.0000 -615.0000
         vertex 490.0000 480.0000 -620.0000
         vertex 490.0000 125.0000 -615.0000
      endloop
   endfacet
   facet normal 1.0000 0.0000 0.0000
      outer loop
         vertex 490.0000 480.0000 -620.0000
         vertex 490.0000 480.0000 -240.1934
         vertex 490.0000 467.6537 -270.0000
      endloop
   endfacet
   facet normal 1.0000 0.0000 0.0000
      outer loop
         vertex 490.0000 480.0000 -620.0000
         vertex 490.0000 467.6537 -270.0000
         vertex 490.0000 381.8377 -381.8377
      endloop
   endfacet
   facet normal 1.0000 0.0000 0.0000
      outer loop
         vertex 490.0000 480.0000 -620.0000
         vertex 490.0000 381.8377 -381.8377
         vertex 490.0000 270.0000 -467.6537
      endloop
   endfacet
   facet normal 1.0000 0.0000 0.0000
      outer loop
         vertex 490.0000 480.0000 -620.0000
         vertex 490.0000 270.0000 -467.6537
         vertex 490.0000 139.7623 -521.6000
      endloop
   endfacet
   facet normal 1.0000 0.0000 0.0000
      outer loop
         vertex 490.0000 480.0000 -620.0000
         vertex 490.0000 139.7623 -521.6000
         vertex 490.0000 125.0000 -523.5435
      endloop
   endfacet
   facet normal 1.0000 0.0000 0.0000
      outer loop
         vertex 490.0000 480.0000 -620.0000
         vertex 490.0000 125.0000 -523.5435
         vertex 490.0000 125.0000 -615.0000
      endloop
   endfacet
   facet normal 1.0000 0.0000 0.0000
      outer loop
         vertex 490.0000 -467.6537 -270.0000
         vertex 490.0000 -480.0000 -240.1934
         vertex 490.0000 -480.0000 -620.0000
      endloop
   endfacet
   facet normal 1.0000 0.0000 0.0000
      outer loop
         vertex 490.0000 -467.6537 -270.0000
         vertex 490.0000 -480.0000 -620.0000
         vertex 490.0000 -381.8377 -381.8377
      endloop
   endfacet
   facet normal 0.0000 -0.4228 -0.9062
      outer loop
         vertex 574.0000 -270.0000 -467.6537
         vertex 490.0000 -270.0000 -467.6537
         vertex 490.0000 -139.7623 -521.6000
      endloop
   endfacet
   facet normal 0.0000 -0.3418 -0.9398
      outer loop
         vertex 574.0000 -270.0000 -467.6537
         vertex 490.0000 -139.7623 -521.6000
         vertex 574.0000 -139.7623 -521.6000
      endloop
   endfacet
   facet normal 0.0000 -0.6430 -0.7659
      outer loop
         vertex 574.0000 -381.8377 -381.8377
         vertex 490.0000 -381.8377 -381.8377
         vertex 490.0000 -270.0000 -467.6537
      endloop
   endfacet
   facet normal 0.0000 -0.5734 -0.8193
      outer loop
         vertex 574.0000 -381.8377 -381.8377
         vertex 490.0000 -270.0000 -467.6537
         vertex 574.0000 -270.0000 -467.6537
      endloop
   endfacet
   facet normal 0.0000 -0.8193 -0.5734
      outer loop
         vertex 574.0000 -467.6537 -270.0000
         vertex 490.0000 -467.6537 -270.0000
         vertex 490.0000 -381.8377 -381.8377
      endloop
   endfacet
   facet normal 0.0000 -0.7659 -0.6430
      outer loop
         vertex 574.0000 -467.6537 -270.0000
         vertex 490.0000 -381.8377 -381.8377
         vertex 574.0000 -381.8377 -381.8377
      endloop
   endfacet
   facet normal 0.0000 0.9396 -0.3423
      outer loop
         vertex 490.0000 480.0000 -240.1934
         vertex 466.0000 480.0000 -240.1934
         vertex 466.0000 521.6000 -139.7623
      endloop
   endfacet
   facet normal 0.0000 0.9536 -0.3009
      outer loop
         vertex 490.0000 480.0000 -240.1934
         vertex 466.0000 521.6000 -139.7623
         vertex 574.0000 521.6000 -139.7623
      endloop
   endfacet
   facet normal 0.0000 0.9239 -0.3827
      outer loop
         vertex 490.0000 480.0000 -240.1934
         vertex 574.0000 521.6000 -139.7623
         vertex 574.0000 467.6537 -270.0000
      endloop
   endfacet
   facet normal 0.0000 0.8871 -0.4616
      outer loop
         vertex 490.0000 480.0000 -240.1934
         vertex 574.0000 467.6537 -270.0000
         vertex 490.0000 467.6537 -270.0000
      endloop
   endfacet
   facet normal 0.0000 0.1734 -0.9849
      outer loop
         vertex 574.0000 125.0000 -523.5435
         vertex 490.0000 125.0000 -523.5435
         vertex 490.0000 139.7623 -521.6000
      endloop
   endfacet
   facet normal 0.0000 0.2162 -0.9763
      outer loop
         vertex 574.0000 125.0000 -523.5435
         vertex 490.0000 139.7623 -521.6000
         vertex 574.0000 139.7623 -521.6000
      endloop
   endfacet
   facet normal 0.0000 -0.1734 -0.9849
      outer loop
         vertex 490.0000 -139.7623 -521.6000
         vertex 490.0000 -125.0000 -523.5435
         vertex 574.0000 -125.0000 -523.5435
      endloop
   endfacet
   facet normal 0.0000 -0.2162 -0.9763
      outer loop
         vertex 490.0000 -139.7623 -521.6000
         vertex 574.0000 -125.0000 -523.5435
         vertex 574.0000 -139.7623 -521.6000
      endloop
   endfacet
   facet normal 0.0000 0.7659 -0.6430
      outer loop
         vertex 574.0000 381.8377 -381.8377
         vertex 490.0000 381.8377 -381.8377
         vertex 490.0000 467.6537 -270.0000
      endloop
   endfacet
   facet normal 0.0000 0.8193 -0.5734
      outer loop
         vertex 574.0000 381.8377 -381.8377
         vertex 490.0000 467.6537 -270.0000
         vertex 574.0000 467.6537 -270.0000
      endloop
   endfacet
   facet normal 0.0000 0.5734 -0.8193
      outer loop
         vertex 574.0000 270.0000 -467.6537
         vertex 490.0000 270.0000 -467.6537
         vertex 490.0000 381.8377 -381.8377
      endloop
   endfacet
   facet normal 0.0000 0.6430 -0.7659
      outer loop
         vertex 574.0000 270.0000 -467.6537
         vertex 490.0000 381.8377 -381.8377
         vertex 574.0000 381.8377 -381.8377
      endloop
   endfacet
   facet normal 0.0000 0.3418 -0.9398
      outer loop
         vertex 574.0000 139.7623 -521.6000
         vertex 490.0000 139.7623 -521.6000
         vertex 490.0000 270.0000 -467.6537
      endloop
   endfacet
   facet normal 0.0000 0.4228 -0.9062
      outer loop
         vertex 574.0000 139.7623 -521.6000
         vertex 490.0000 270.0000 -467.6537
         vertex 574.0000 270.0000 -467.6537
      endloop
   endfacet
   facet normal 0.0000 -0.9062 0.4228
      outer loop
         vertex 574.0000 -467.6537 270.0000
         vertex 466.0000 -467.6537 270.0000
         vertex 466.0000 -521.6000 139.7623
      endloop
   endfacet
   facet normal 0.0000 -0.9398 0.3418
      outer loop
         vertex 574.0000 -467.6537 270.0000
         vertex 466.0000 -521.6000 139.7623
         vertex 574.0000 -521.6000 139.7623
      endloop
   endfacet
   facet normal 0.0000 0.9848 0.1739
      outer loop
         vertex 466.0000 540.0000 -0.0000
         vertex 466.0000 521.6000 139.7623
         vertex 574.0000 521.6000 139.7623
      endloop
   endfacet
   facet normal 0.0000 0.9962 0.0869
      outer loop
         vertex 466.0000 540.0000 -0.0000
         vertex 574.0000 521.6000 139.7623
         vertex 574.0000 540.0000 0.0000
      endloop
   endfacet
   facet normal 0.0000 0.9848 -0.1739
      outer loop
         vertex 574.0000 521.6000 -139.7623
         vertex 466.0000 521.6000 -139.7623
         vertex 466.0000 540.0000 -0.0000
      endloop
   endfacet
   facet normal 0.0000 0.9962 -0.0869
      outer loop
         vertex 574.0000 521.6000 -139.7623
         vertex 466.0000 540.0000 -0.0000
         vertex 574.0000 540.0000 0.0000
      endloop
   endfacet
   facet normal 0.0000 0.6754 0.7374
      outer loop
         vertex 466.0000 381.8377 381.8377
         vertex 466.0000 304.3979 441.2593
         vertex 543.4398 381.8377 381.8377
      endloop
   endfacet
   facet normal 0.0000 0.7374 0.6754
      outer loop
         vertex 466.0000 381.8377 381.8377
         vertex 543.4398 381.8377 381.8377
         vertex 569.5001 407.8980 347.8752
      endloop
   endfacet
   facet normal 0.0000 0.7662 0.6426
      outer loop
         vertex 466.0000 381.8377 381.8377
         vertex 569.5001 407.8980 347.8752
         vertex 574.0000 409.1037 346.3039
      endloop
   endfacet
   facet normal 0.0000 0.7934 0.6088
      outer loop
         vertex 466.0000 381.8377 381.8377
         vertex 574.0000 409.1037 346.3039
         vertex 574.0000 467.6537 270.0000
      endloop
   endfacet
   facet normal 0.0000 0.8193 0.5734
      outer loop
         vertex 466.0000 381.8377 381.8377
         vertex 574.0000 467.6537 270.0000
         vertex 466.0000 467.6537 270.0000
      endloop
   endfacet
   facet normal 0.0000 0.9062 0.4228
      outer loop
         vertex 466.0000 521.6000 139.7623
         vertex 466.0000 467.6537 270.0000
         vertex 574.0000 467.6537 270.0000
      endloop
   endfacet
   facet normal 0.0000 0.9398 0.3418
      outer loop
         vertex 466.0000 521.6000 139.7623
         vertex 574.0000 467.6537 270.0000
         vertex 574.0000 521.6000 139.7623
      endloop
   endfacet
   facet normal -0.5751 0.8181 0.0000
      outer loop
         vertex 569.5001 407.8980 1095.0000
         vertex 569.5001 407.8980 347.8752
         vertex 543.4398 381.8377 381.8377
      endloop
   endfacet
   facet normal -0.6445 0.7646 0.0000
      outer loop
         vertex 569.5001 407.8980 1095.0000
         vertex 543.4398 381.8377 381.8377
         vertex 466.0000 304.3979 441.2593
      endloop
   endfacet
   facet normal -0.6445 0.7646 0.0000
      outer loop
         vertex 569.5001 407.8980 1095.0000
         vertex 466.0000 304.3979 441.2593
         vertex 443.3287 281.7265 487.9647
      endloop
   endfacet
   facet normal -0.6445 0.7646 0.0000
      outer loop
         vertex 569.5001 407.8980 1095.0000
         vertex 443.3287 281.7265 487.9647
         vertex 408.0000 246.3978 541.8180
      endloop
   endfacet
   facet normal -0.7071 0.7071 0.0000
      outer loop
         vertex 569.5001 407.8980 1095.0000
         vertex 408.0000 246.3978 541.8180
         vertex 397.1021 235.5000 546.3320
      endloop
   endfacet
   facet normal -0.7672 0.6414 0.0000
      outer loop
         vertex 569.5001 407.8980 1095.0000
         vertex 397.1021 235.5000 546.3320
         vertex 397.1021 235.5000 1095.0000
      endloop
   endfacet
   facet normal 0.0000 -0.8433 0.5375
      outer loop
         vertex 466.0000 -467.6537 270.0000
         vertex 574.0000 -467.6537 270.0000
         vertex 574.0000 -409.1037 346.3039
      endloop
   endfacet
   facet normal 0.0000 -0.8190 0.5738
      outer loop
         vertex 466.0000 -467.6537 270.0000
         vertex 574.0000 -409.1037 346.3039
         vertex 569.5001 -407.8980 347.8752
      endloop
   endfacet
   facet normal 0.0000 -0.7934 0.6088
      outer loop
         vertex 466.0000 -467.6537 270.0000
         vertex 569.5001 -407.8980 347.8752
         vertex 543.4398 -381.8377 381.8377
      endloop
   endfacet
   facet normal 0.0000 -0.7659 0.6430
      outer loop
         vertex 466.0000 -467.6537 270.0000
         vertex 543.4398 -381.8377 381.8377
         vertex 466.0000 -381.8377 381.8377
      endloop
   endfacet
   facet normal -0.7672 -0.6414 0.0000
      outer loop
         vertex 569.5001 -407.8980 1095.0000
         vertex 397.1021 -235.5000 1095.0000
         vertex 397.1021 -235.5000 546.3320
      endloop
   endfacet
   facet normal -0.7071 -0.7071 0.0000
      outer loop
         vertex 569.5001 -407.8980 1095.0000
         vertex 397.1021 -235.5000 546.3320
         vertex 408.0000 -246.3978 541.8180
      endloop
   endfacet
   facet normal -0.6445 -0.7646 0.0000
      outer loop
         vertex 569.5001 -407.8980 1095.0000
         vertex 408.0000 -246.3978 541.8180
         vertex 443.3287 -281.7265 487.9647
      endloop
   endfacet
   facet normal -0.6445 -0.7646 0.0000
      outer loop
         vertex 569.5001 -407.8980 1095.0000
         vertex 443.3287 -281.7265 487.9647
         vertex 466.0000 -304.3979 441.2593
      endloop
   endfacet
   facet normal -0.6445 -0.7646 0.0000
      outer loop
         vertex 569.5001 -407.8980 1095.0000
         vertex 466.0000 -304.3979 441.2593
         vertex 543.4398 -381.8377 381.8377
      endloop
   endfacet
   facet normal -0.5751 -0.8181 0.0000
      outer loop
         vertex 569.5001 -407.8980 1095.0000
         vertex 543.4398 -381.8377 381.8377
         vertex 569.5001 -407.8980 347.8752
      endloop
   endfacet
   facet normal 0.0000 -0.6754 0.7374
      outer loop
         vertex 466.0000 -304.3979 441.2593
         vertex 466.0000 -381.8377 381.8377
         vertex 543.4398 -381.8377 381.8377
      endloop
   endfacet
   facet normal -0.9391 -0.3437 0.0000
      outer loop
         vertex 485.0002 0.0000 1095.0000
         vertex 527.2022 -157.5000 1095.0000
         vertex 527.2022 -157.5000 1130.0000
      endloop
   endfacet
   facet normal -0.9851 -0.1719 0.0000
      outer loop
         vertex 485.0002 0.0000 1095.0000
         vertex 527.2022 -157.5000 1130.0000
         vertex 485.0002 -0.0000 1130.0000
      endloop
   endfacet
   facet normal -0.9851 0.1719 0.0000
      outer loop
         vertex 527.2022 157.5000 1095.0000
         vertex 485.0002 0.0000 1095.0000
         vertex 485.0002 -0.0000 1130.0000
      endloop
   endfacet
   facet normal -0.9391 0.3437 0.0000
      outer loop
         vertex 527.2022 157.5000 1095.0000
         vertex 485.0002 -0.0000 1130.0000
         vertex 527.2022 157.5000 1130.0000
      endloop
   endfacet
   facet normal -0.6414 -0.7672 0.0000
      outer loop
         vertex 501.2214 -172.5000 1130.0000
         vertex 627.5002 -298.7788 1130.0000
         vertex 627.5002 -298.7788 1160.0000
      endloop
   endfacet
   facet normal -0.7672 -0.6414 0.0000
      outer loop
         vertex 501.2214 -172.5000 1130.0000
         vertex 627.5002 -298.7788 1160.0000
         vertex 501.2214 -172.5000 1160.0000
      endloop
   endfacet
   facet normal -0.6414 0.7672 0.0000
      outer loop
         vertex 501.2214 172.5000 1160.0000
         vertex 627.5002 298.7788 1160.0000
         vertex 627.5002 298.7788 1130.0000
      endloop
   endfacet
   facet normal -0.7672 0.6414 0.0000
      outer loop
         vertex 501.2214 172.5000 1160.0000
         vertex 627.5002 298.7788 1130.0000
         vertex 501.2214 172.5000 1130.0000
      endloop
   endfacet
   facet normal -0.9391 -0.3437 0.0000
      outer loop
         vertex 485.0002 -0.0000 1160.0000
         vertex 527.2022 -157.5000 1160.0000
         vertex 527.2022 -157.5000 1617.0000
      endloop
   endfacet
   facet normal -0.9851 -0.1719 0.0000
      outer loop
         vertex 485.0002 -0.0000 1160.0000
         vertex 527.2022 -157.5000 1617.0000
         vertex 485.0002 0.0000 1617.0000
      endloop
   endfacet
   facet normal -0.9851 0.1719 0.0000
      outer loop
         vertex 527.2022 157.5000 1160.0000
         vertex 485.0002 -0.0000 1160.0000
         vertex 485.0002 0.0000 1617.0000
      endloop
   endfacet
   facet normal -0.9391 0.3437 0.0000
      outer loop
         vertex 527.2022 157.5000 1160.0000
         vertex 485.0002 0.0000 1617.0000
         vertex 527.2022 157.5000 1617.0000
      endloop
   endfacet
   facet normal -0.6414 -0.7672 0.0000
      outer loop
         vertex 421.1139 -218.7500 1617.0000
         vertex 581.2500 -378.8861 1617.0000
         vertex 581.2500 -378.8861 1647.0000
      endloop
   endfacet
   facet normal -0.7672 -0.6414 0.0000
      outer loop
         vertex 421.1139 -218.7500 1617.0000
         vertex 581.2500 -378.8861 1647.0000
         vertex 421.1139 -218.7500 1647.0000
      endloop
   endfacet
   facet normal -0.6414 0.7672 0.0000
      outer loop
         vertex 421.1139 218.7500 1647.0000
         vertex 581.2500 378.8861 1647.0000
         vertex 581.2500 378.8861 1617.0000
      endloop
   endfacet
   facet normal -0.7672 0.6414 0.0000
      outer loop
         vertex 421.1139 218.7500 1647.0000
         vertex 581.2500 378.8861 1617.0000
         vertex 421.1139 218.7500 1617.0000
      endloop
   endfacet
   facet normal 0.9851 -0.1719 0.0000
      outer loop
         vertex 468.0000 0.0000 1647.0000
         vertex 468.0000 0.0000 1646.0000
         vertex 512.4796 166.0000 1646.0000
      endloop
   endfacet
   facet normal 0.9391 -0.3437 0.0000
      outer loop
         vertex 468.0000 0.0000 1647.0000
         vertex 512.4796 166.0000 1646.0000
         vertex 512.4796 166.0000 1647.0000
      endloop
   endfacet
   facet normal 0.9391 0.3437 0.0000
      outer loop
         vertex 512.4796 -166.0000 1647.0000
         vertex 512.4796 -166.0000 1646.0000
         vertex 468.0000 0.0000 1646.0000
      endloop
   endfacet
   facet normal 0.9851 0.1719 0.0000
      outer loop
         vertex 512.4796 -166.0000 1647.0000
         vertex 468.0000 0.0000 1646.0000
         vertex 468.0000 0.0000 1647.0000
      endloop
   endfacet
   facet normal 0.0000 -0.9962 0.0869
      outer loop
         vertex 632.0000 -579.5555 155.2914
         vertex 632.0000 -600.0000 0.0000
         vertex 668.0000 -600.0000 0.0000
      endloop
   endfacet
   facet normal 0.0000 -0.9848 0.1739
      outer loop
         vertex 632.0000 -579.5555 155.2914
         vertex 668.0000 -600.0000 0.0000
         vertex 668.0000 -579.5555 155.2914
      endloop
   endfacet
   facet normal 0.0000 -0.9062 -0.4228
      outer loop
         vertex 632.0000 -579.5555 -155.2914
         vertex 632.0000 -519.6152 -300.0000
         vertex 668.0000 -519.6152 -300.0000
      endloop
   endfacet
   facet normal 0.0000 -0.9398 -0.3418
      outer loop
         vertex 632.0000 -579.5555 -155.2914
         vertex 668.0000 -519.6152 -300.0000
         vertex 668.0000 -579.5555 -155.2914
      endloop
   endfacet
   facet normal 0.0000 -0.9848 -0.1739
      outer loop
         vertex 632.0000 -600.0000 0.0000
         vertex 632.0000 -579.5555 -155.2914
         vertex 668.0000 -579.5555 -155.2914
      endloop
   endfacet
   facet normal 0.0000 -0.9962 -0.0869
      outer loop
         vertex 632.0000 -600.0000 0.0000
         vertex 668.0000 -579.5555 -155.2914
         vertex 668.0000 -600.0000 0.0000
      endloop
   endfacet
   facet normal 0.0000 -0.3418 -0.9398
      outer loop
         vertex 632.0000 -300.0000 -519.6152
         vertex 632.0000 -155.2914 -579.5555
         vertex 668.0000 -155.2914 -579.5555
      endloop
   endfacet
   facet normal 0.0000 -0.4228 -0.9062
      outer loop
         vertex 632.0000 -300.0000 -519.6152
         vertex 668.0000 -155.2914 -579.5555
         vertex 668.0000 -300.0000 -519.6152
      endloop
   endfacet
   facet normal 0.0000 -0.5734 -0.8193
      outer loop
         vertex 632.0000 -424.2641 -424.2641
         vertex 632.0000 -300.0000 -519.6152
         vertex 668.0000 -300.0000 -519.6152
      endloop
   endfacet
   facet normal 0.0000 -0.6430 -0.7659
      outer loop
         vertex 632.0000 -424.2641 -424.2641
         vertex 668.0000 -300.0000 -519.6152
         vertex 668.0000 -424.2641 -424.2641
      endloop
   endfacet
   facet normal 0.0000 -0.7659 -0.6430
      outer loop
         vertex 632.0000 -519.6152 -300.0000
         vertex 632.0000 -424.2641 -424.2641
         vertex 668.0000 -424.2641 -424.2641
      endloop
   endfacet
   facet normal 0.0000 -0.8193 -0.5734
      outer loop
         vertex 632.0000 -519.6152 -300.0000
         vertex 668.0000 -424.2641 -424.2641
         vertex 668.0000 -519.6152 -300.0000
      endloop
   endfacet
   facet normal 0.0000 0.9398 -0.3418
      outer loop
         vertex 632.0000 519.6152 -300.0000
         vertex 632.0000 579.5555 -155.2914
         vertex 668.0000 579.5555 -155.2914
      endloop
   endfacet
   facet normal 0.0000 0.9062 -0.4228
      outer loop
         vertex 632.0000 519.6152 -300.0000
         vertex 668.0000 579.5555 -155.2914
         vertex 668.0000 519.6152 -300.0000
      endloop
   endfacet
   facet normal 0.0000 0.2162 -0.9763
      outer loop
         vertex 632.0000 125.0000 -583.5435
         vertex 632.0000 155.2914 -579.5555
         vertex 668.0000 155.2914 -579.5555
      endloop
   endfacet
   facet normal 0.0000 0.1734 -0.9849
      outer loop
         vertex 632.0000 125.0000 -583.5435
         vertex 668.0000 155.2914 -579.5555
         vertex 668.0000 125.0000 -583.5435
      endloop
   endfacet
   facet normal 0.0000 -0.1734 -0.9849
      outer loop
         vertex 632.0000 -155.2914 -579.5555
         vertex 632.0000 -125.0000 -583.5435
         vertex 668.0000 -125.0000 -583.5435
      endloop
   endfacet
   facet normal 0.0000 -0.2162 -0.9763
      outer loop
         vertex 632.0000 -155.2914 -579.5555
         vertex 668.0000 -125.0000 -583.5435
         vertex 668.0000 -155.2914 -579.5555
      endloop
   endfacet
   facet normal 0.0000 0.8193 -0.5734
      outer loop
         vertex 632.0000 424.2641 -424.2641
         vertex 632.0000 519.6152 -300.0000
         vertex 668.0000 519.6152 -300.0000
      endloop
   endfacet
   facet normal 0.0000 0.7659 -0.6430
      outer loop
         vertex 632.0000 424.2641 -424.2641
         vertex 668.0000 519.6152 -300.0000
         vertex 668.0000 424.2641 -424.2641
      endloop
   endfacet
   facet normal 0.0000 0.6430 -0.7659
      outer loop
         vertex 632.0000 300.0000 -519.6152
         vertex 632.0000 424.2641 -424.2641
         vertex 668.0000 424.2641 -424.2641
      endloop
   endfacet
   facet normal 0.0000 0.5734 -0.8193
      outer loop
         vertex 632.0000 300.0000 -519.6152
         vertex 668.0000 424.2641 -424.2641
         vertex 668.0000 300.0000 -519.6152
      endloop
   endfacet
   facet normal 0.0000 0.4228 -0.9062
      outer loop
         vertex 632.0000 155.2914 -579.5555
         vertex 632.0000 300.0000 -519.6152
         vertex 668.0000 300.0000 -519.6152
      endloop
   endfacet
   facet normal 0.0000 0.3418 -0.9398
      outer loop
         vertex 632.0000 155.2914 -579.5555
         vertex 668.0000 300.0000 -519.6152
         vertex 668.0000 155.2914 -579.5555
      endloop
   endfacet
   facet normal 0.0000 -0.9398 0.3418
      outer loop
         vertex 632.0000 -519.6152 300.0000
         vertex 632.0000 -579.5555 155.2914
         vertex 668.0000 -579.5555 155.2914
      endloop
   endfacet
   facet normal 0.0000 -0.9062 0.4228
      outer loop
         vertex 632.0000 -519.6152 300.0000
         vertex 668.0000 -579.5555 155.2914
         vertex 668.0000 -519.6152 300.0000
      endloop
   endfacet
   facet normal 0.0000 0.9848 0.1739
      outer loop
         vertex 632.0000 600.0000 0.0000
         vertex 632.0000 579.5555 155.2914
         vertex 668.0000 579.5555 155.2914
      endloop
   endfacet
   facet normal 0.0000 0.9962 0.0869
      outer loop
         vertex 632.0000 600.0000 0.0000
         vertex 668.0000 579.5555 155.2914
         vertex 668.0000 600.0000 0.0000
      endloop
   endfacet
   facet normal 0.0000 0.9962 -0.0869
      outer loop
         vertex 632.0000 579.5555 -155.2914
         vertex 632.0000 600.0000 0.0000
         vertex 668.0000 600.0000 0.0000
      endloop
   endfacet
   facet normal 0.0000 0.9848 -0.1739
      outer loop
         vertex 632.0000 579.5555 -155.2914
         vertex 668.0000 600.0000 0.0000
         vertex 668.0000 579.5555 -155.2914
      endloop
   endfacet
   facet normal 0.0000 0.8190 0.5738
      outer loop
         vertex 632.0000 519.6152 300.0000
         vertex 632.0000 424.6447 423.7679
         vertex 668.0000 434.2909 411.1968
      endloop
   endfacet
   facet normal 0.0000 0.8433 0.5375
      outer loop
         vertex 632.0000 519.6152 300.0000
         vertex 668.0000 434.2909 411.1968
         vertex 668.0000 519.6152 300.0000
      endloop
   endfacet
   facet normal 0.0000 0.9062 0.4228
      outer loop
         vertex 632.0000 579.5555 155.2914
         vertex 632.0000 519.6152 300.0000
         vertex 668.0000 519.6152 300.0000
      endloop
   endfacet
   facet normal 0.0000 0.9398 0.3418
      outer loop
         vertex 632.0000 579.5555 155.2914
         vertex 668.0000 519.6152 300.0000
         vertex 668.0000 579.5555 155.2914
      endloop
   endfacet
   facet normal 0.0000 -0.8433 0.5375
      outer loop
         vertex 632.0000 -424.6447 423.7679
         vertex 632.0000 -519.6152 300.0000
         vertex 668.0000 -519.6152 300.0000
      endloop
   endfacet
   facet normal 0.0000 -0.8190 0.5738
      outer loop
         vertex 632.0000 -424.6447 423.7679
         vertex 668.0000 -519.6152 300.0000
         vertex 668.0000 -434.2909 411.1968
      endloop
   endfacet
   facet normal -0.3437 -0.9391 0.0000
      outer loop
         vertex 800.0002 -315.0000 1130.0000
         vertex 642.5002 -272.7980 1130.0000
         vertex 642.5002 -272.7980 1095.0000
      endloop
   endfacet
   facet normal -0.1719 -0.9851 0.0000
      outer loop
         vertex 800.0002 -315.0000 1130.0000
         vertex 642.5002 -272.7980 1095.0000
         vertex 800.0002 -315.0000 1095.0000
      endloop
   endfacet
   facet normal -0.6414 -0.7672 0.0000
      outer loop
         vertex 527.2022 -157.5000 1095.0000
         vertex 642.5002 -272.7980 1095.0000
         vertex 642.5002 -272.7980 1130.0000
      endloop
   endfacet
   facet normal -0.7672 -0.6414 0.0000
      outer loop
         vertex 527.2022 -157.5000 1095.0000
         vertex 642.5002 -272.7980 1130.0000
         vertex 527.2022 -157.5000 1130.0000
      endloop
   endfacet
   facet normal -0.1719 0.9851 0.0000
      outer loop
         vertex 642.5002 272.7980 1130.0000
         vertex 800.0002 315.0000 1130.0000
         vertex 800.0002 315.0000 1095.0000
      endloop
   endfacet
   facet normal -0.3437 0.9391 0.0000
      outer loop
         vertex 642.5002 272.7980 1130.0000
         vertex 800.0002 315.0000 1095.0000
         vertex 642.5002 272.7980 1095.0000
      endloop
   endfacet
   facet normal -0.6414 0.7672 0.0000
      outer loop
         vertex 527.2022 157.5000 1130.0000
         vertex 642.5002 272.7980 1130.0000
         vertex 642.5002 272.7980 1095.0000
      endloop
   endfacet
   facet normal -0.7672 0.6414 0.0000
      outer loop
         vertex 527.2022 157.5000 1130.0000
         vertex 642.5002 272.7980 1095.0000
         vertex 527.2022 157.5000 1095.0000
      endloop
   endfacet
   facet normal -0.3437 -0.9391 0.0000
      outer loop
         vertex 800.0002 -345.0000 1160.0000
         vertex 627.5002 -298.7788 1160.0000
         vertex 627.5002 -298.7788 1130.0000
      endloop
   endfacet
   facet normal -0.1719 -0.9851 0.0000
      outer loop
         vertex 800.0002 -345.0000 1160.0000
         vertex 627.5002 -298.7788 1130.0000
         vertex 800.0002 -345.0000 1130.0000
      endloop
   endfacet
   facet normal -0.3437 0.9391 0.0000
      outer loop
         vertex 800.0002 345.0000 1130.0000
         vertex 627.5002 298.7788 1130.0000
         vertex 627.5002 298.7788 1160.0000
      endloop
   endfacet
   facet normal -0.1719 0.9851 0.0000
      outer loop
         vertex 800.0002 345.0000 1130.0000
         vertex 627.5002 298.7788 1160.0000
         vertex 800.0002 345.0000 1160.0000
      endloop
   endfacet
   facet normal -0.3437 -0.9391 0.0000
      outer loop
         vertex 800.0002 -315.0000 1617.0000
         vertex 642.5002 -272.7980 1617.0000
         vertex 642.5002 -272.7980 1160.0000
      endloop
   endfacet
   facet normal -0.1719 -0.9851 0.0000
      outer loop
         vertex 800.0002 -315.0000 1617.0000
         vertex 642.5002 -272.7980 1160.0000
         vertex 800.0002 -315.0000 1160.0000
      endloop
   endfacet
   facet normal -0.7672 -0.6414 0.0000
      outer loop
         vertex 642.5002 -272.7980 1617.0000
         vertex 527.2022 -157.5000 1617.0000
         vertex 527.2022 -157.5000 1160.0000
      endloop
   endfacet
   facet normal -0.6414 -0.7672 0.0000
      outer loop
         vertex 642.5002 -272.7980 1617.0000
         vertex 527.2022 -157.5000 1160.0000
         vertex 642.5002 -272.7980 1160.0000
      endloop
   endfacet
   facet normal -0.1719 0.9851 0.0000
      outer loop
         vertex 642.5002 272.7980 1617.0000
         vertex 800.0002 315.0000 1617.0000
         vertex 800.0002 315.0000 1160.0000
      endloop
   endfacet
   facet normal -0.3437 0.9391 0.0000
      outer loop
         vertex 642.5002 272.7980 1617.0000
         vertex 800.0002 315.0000 1160.0000
         vertex 642.5002 272.7980 1160.0000
      endloop
   endfacet
   facet normal -0.7672 0.6414 0.0000
      outer loop
         vertex 642.5002 272.7980 1160.0000
         vertex 527.2022 157.5000 1160.0000
         vertex 527.2022 157.5000 1617.0000
      endloop
   endfacet
   facet normal -0.6414 0.7672 0.0000
      outer loop
         vertex 642.5002 272.7980 1160.0000
         vertex 527.2022 157.5000 1617.0000
         vertex 642.5002 272.7980 1617.0000
      endloop
   endfacet
   facet normal -0.3437 -0.9391 0.0000
      outer loop
         vertex 800.0000 -437.5000 1647.0000
         vertex 581.2500 -378.8861 1647.0000
         vertex 581.2500 -378.8861 1617.0000
      endloop
   endfacet
   facet normal -0.1719 -0.9851 0.0000
      outer loop
         vertex 800.0000 -437.5000 1647.0000
         vertex 581.2500 -378.8861 1617.0000
         vertex 800.0000 -437.5000 1617.0000
      endloop
   endfacet
   facet normal -0.3437 0.9391 0.0000
      outer loop
         vertex 800.0000 437.5000 1617.0000
         vertex 581.2500 378.8861 1617.0000
         vertex 581.2500 378.8861 1647.0000
      endloop
   endfacet
   facet normal -0.1719 0.9851 0.0000
      outer loop
         vertex 800.0000 437.5000 1617.0000
         vertex 581.2500 378.8861 1647.0000
         vertex 800.0000 437.5000 1647.0000
      endloop
   endfacet
   facet normal 0.7672 0.6414 0.0000
      outer loop
         vertex 634.0000 -287.5204 1646.0000
         vertex 512.4796 -166.0000 1646.0000
         vertex 512.4796 -166.0000 1647.0000
      endloop
   endfacet
   facet normal 0.6414 0.7672 0.0000
      outer loop
         vertex 634.0000 -287.5204 1646.0000
         vertex 512.4796 -166.0000 1647.0000
         vertex 634.0000 -287.5204 1647.0000
      endloop
   endfacet
   facet normal 0.3437 -0.9391 0.0000
      outer loop
         vertex 800.0000 332.0000 1647.0000
         vertex 634.0000 287.5204 1647.0000
         vertex 634.0000 287.5204 1646.0000
      endloop
   endfacet
   facet normal 0.1719 -0.9851 0.0000
      outer loop
         vertex 800.0000 332.0000 1647.0000
         vertex 634.0000 287.5204 1646.0000
         vertex 800.0000 332.0000 1646.0000
      endloop
   endfacet
   facet normal 0.6414 -0.7672 0.0000
      outer loop
         vertex 512.4796 166.0000 1646.0000
         vertex 634.0000 287.5204 1646.0000
         vertex 634.0000 287.5204 1647.0000
      endloop
   endfacet
   facet normal 0.7672 -0.6414 0.0000
      outer loop
         vertex 512.4796 166.0000 1646.0000
         vertex 634.0000 287.5204 1647.0000
         vertex 512.4796 166.0000 1647.0000
      endloop
   endfacet
   facet normal 0.1719 0.9851 0.0000
      outer loop
         vertex 634.0000 -287.5204 1647.0000
         vertex 800.0000 -332.0000 1647.0000
         vertex 800.0000 -332.0000 1646.0000
      endloop
   endfacet
   facet normal 0.3437 0.9391 0.0000
      outer loop
         vertex 634.0000 -287.5204 1647.0000
         vertex 800.0000 -332.0000 1646.0000
         vertex 634.0000 -287.5204 1646.0000
      endloop
   endfacet
   facet normal 0.7216 0.6897 0.0602
      outer loop
         vertex 726.0000 540.0000 -0.0000
         vertex 668.0000 600.0000 0.0000
         vertex 668.0000 579.5555 155.2914
      endloop
   endfacet
   facet normal 0.7216 0.6817 0.1204
      outer loop
         vertex 726.0000 540.0000 -0.0000
         vertex 668.0000 579.5555 155.2914
         vertex 726.0000 521.6000 139.7623
      endloop
   endfacet
   facet normal 0.7216 0.6506 0.2366
      outer loop
         vertex 726.0000 467.6537 270.0000
         vertex 726.0000 521.6000 139.7623
         vertex 668.0000 579.5555 155.2914
      endloop
   endfacet
   facet normal 0.7216 0.6274 0.2927
      outer loop
         vertex 726.0000 467.6537 270.0000
         vertex 668.0000 579.5555 155.2914
         vertex 668.0000 519.6152 300.0000
      endloop
   endfacet
   facet normal 0.7187 0.5864 0.3738
      outer loop
         vertex 726.0000 449.8320 293.2257
         vertex 726.0000 467.6537 270.0000
         vertex 668.0000 519.6152 300.0000
      endloop
   endfacet
   facet normal 0.7177 0.5703 0.3996
      outer loop
         vertex 726.0000 449.8320 293.2257
         vertex 668.0000 519.6152 300.0000
         vertex 668.0000 434.2909 411.1968
      endloop
   endfacet
   facet normal 0.7187 -0.5864 0.3738
      outer loop
         vertex 668.0000 -519.6152 300.0000
         vertex 726.0000 -467.6537 270.0000
         vertex 726.0000 -449.8320 293.2257
      endloop
   endfacet
   facet normal 0.7177 -0.5703 0.3996
      outer loop
         vertex 668.0000 -519.6152 300.0000
         vertex 726.0000 -449.8320 293.2257
         vertex 668.0000 -434.2909 411.1968
      endloop
   endfacet
   facet normal 0.7216 -0.6506 0.2366
      outer loop
         vertex 668.0000 -579.5555 155.2914
         vertex 726.0000 -521.6000 139.7623
         vertex 726.0000 -467.6537 270.0000
      endloop
   endfacet
   facet normal 0.7216 -0.6274 0.2927
      outer loop
         vertex 668.0000 -579.5555 155.2914
         vertex 726.0000 -467.6537 270.0000
         vertex 668.0000 -519.6152 300.0000
      endloop
   endfacet
   facet normal 0.7216 -0.6897 0.0602
      outer loop
         vertex 668.0000 -600.0000 0.0000
         vertex 726.0000 -540.0000 0.0000
         vertex 726.0000 -521.6000 139.7623
      endloop
   endfacet
   facet normal 0.7216 -0.6817 0.1204
      outer loop
         vertex 668.0000 -600.0000 0.0000
         vertex 726.0000 -521.6000 139.7623
         vertex 668.0000 -579.5555 155.2914
      endloop
   endfacet
   facet normal 0.7216 -0.6817 -0.1204
      outer loop
         vertex 668.0000 -600.0000 0.0000
         vertex 668.0000 -579.5555 -155.2914
         vertex 726.0000 -521.6000 -139.7623
      endloop
   endfacet
   facet normal 0.7216 -0.6897 -0.0602
      outer loop
         vertex 668.0000 -600.0000 0.0000
         vertex 726.0000 -521.6000 -139.7623
         vertex 726.0000 -540.0000 0.0000
      endloop
   endfacet
   facet normal 0.7216 -0.6274 -0.2927
      outer loop
         vertex 668.0000 -579.5555 -155.2914
         vertex 668.0000 -519.6152 -300.0000
         vertex 726.0000 -467.6537 -270.0000
      endloop
   endfacet
   facet normal 0.7216 -0.6506 -0.2366
      outer loop
         vertex 668.0000 -579.5555 -155.2914
         vertex 726.0000 -467.6537 -270.0000
         vertex 726.0000 -521.6000 -139.7623
      endloop
   endfacet
   facet normal 0.7216 -0.5302 -0.4451
      outer loop
         vertex 668.0000 -519.6152 -300.0000
         vertex 668.0000 -424.2641 -424.2641
         vertex 726.0000 -381.8377 -381.8377
      endloop
   endfacet
   facet normal 0.7216 -0.5672 -0.3969
      outer loop
         vertex 668.0000 -519.6152 -300.0000
         vertex 726.0000 -381.8377 -381.8377
         vertex 726.0000 -467.6537 -270.0000
      endloop
   endfacet
   facet normal 0.7216 -0.4451 -0.5302
      outer loop
         vertex 726.0000 -381.8377 -381.8377
         vertex 668.0000 -424.2641 -424.2641
         vertex 668.0000 -300.0000 -519.6152
      endloop
   endfacet
   facet normal 0.7216 -0.3969 -0.5672
      outer loop
         vertex 726.0000 -381.8377 -381.8377
         vertex 668.0000 -300.0000 -519.6152
         vertex 726.0000 -270.0000 -467.6537
      endloop
   endfacet
   facet normal 0.7216 -0.2927 -0.6274
      outer loop
         vertex 726.0000 -270.0000 -467.6537
         vertex 668.0000 -300.0000 -519.6152
         vertex 668.0000 -155.2914 -579.5555
      endloop
   endfacet
   facet normal 0.7216 -0.2366 -0.6506
      outer loop
         vertex 726.0000 -270.0000 -467.6537
         vertex 668.0000 -155.2914 -579.5555
         vertex 726.0000 -139.7623 -521.6000
      endloop
   endfacet
   facet normal 0.7187 -0.1504 -0.6789
      outer loop
         vertex 726.0000 -139.7623 -521.6000
         vertex 668.0000 -155.2914 -579.5555
         vertex 668.0000 -125.0000 -583.5435
      endloop
   endfacet
   facet normal 0.7177 -0.1207 -0.6859
      outer loop
         vertex 726.0000 -139.7623 -521.6000
         vertex 668.0000 -125.0000 -583.5435
         vertex 726.0000 -125.0000 -523.5435
      endloop
   endfacet
   facet normal 0.7177 0.1207 -0.6859
      outer loop
         vertex 726.0000 139.7623 -521.6000
         vertex 726.0000 125.0000 -523.5435
         vertex 668.0000 125.0000 -583.5435
      endloop
   endfacet
   facet normal 0.7187 0.1504 -0.6789
      outer loop
         vertex 726.0000 139.7623 -521.6000
         vertex 668.0000 125.0000 -583.5435
         vertex 668.0000 155.2914 -579.5555
      endloop
   endfacet
   facet normal 0.7216 0.2366 -0.6506
      outer loop
         vertex 726.0000 270.0000 -467.6537
         vertex 726.0000 139.7623 -521.6000
         vertex 668.0000 155.2914 -579.5555
      endloop
   endfacet
   facet normal 0.7216 0.2927 -0.6274
      outer loop
         vertex 726.0000 270.0000 -467.6537
         vertex 668.0000 155.2914 -579.5555
         vertex 668.0000 300.0000 -519.6152
      endloop
   endfacet
   facet normal 0.7216 0.3969 -0.5672
      outer loop
         vertex 726.0000 381.8377 -381.8377
         vertex 726.0000 270.0000 -467.6537
         vertex 668.0000 300.0000 -519.6152
      endloop
   endfacet
   facet normal 0.7216 0.4451 -0.5302
      outer loop
         vertex 726.0000 381.8377 -381.8377
         vertex 668.0000 300.0000 -519.6152
         vertex 668.0000 424.2641 -424.2641
      endloop
   endfacet
   facet normal 0.7216 0.5302 -0.4451
      outer loop
         vertex 726.0000 381.8377 -381.8377
         vertex 668.0000 424.2641 -424.2641
         vertex 668.0000 519.6152 -300.0000
      endloop
   endfacet
   facet normal 0.7216 0.5672 -0.3969
      outer loop
         vertex 726.0000 381.8377 -381.8377
         vertex 668.0000 519.6152 -300.0000
         vertex 726.0000 467.6537 -270.0000
      endloop
   endfacet
   facet normal 0.7216 0.6274 -0.2927
      outer loop
         vertex 726.0000 467.6537 -270.0000
         vertex 668.0000 519.6152 -300.0000
         vertex 668.0000 579.5555 -155.2914
      endloop
   endfacet
   facet normal 0.7216 0.6506 -0.2366
      outer loop
         vertex 726.0000 467.6537 -270.0000
         vertex 668.0000 579.5555 -155.2914
         vertex 726.0000 521.6000 -139.7623
      endloop
   endfacet
   facet normal 0.7216 0.6817 -0.1204
      outer loop
         vertex 726.0000 521.6000 -139.7623
         vertex 668.0000 579.5555 -155.2914
         vertex 668.0000 600.0000 0.0000
      endloop
   endfacet
   facet normal 0.7216 0.6897 -0.0602
      outer loop
         vertex 726.0000 521.6000 -139.7623
         vertex 668.0000 600.0000 0.0000
         vertex 726.0000 540.0000 -0.0000
      endloop
   endfacet
   facet normal 0.0000 -0.9962 0.0869
      outer loop
         vertex 726.0000 -521.6000 139.7623
         vertex 726.0000 -540.0000 0.0000
         vertex 834.0000 -540.0000 0.0000
      endloop
   endfacet
   facet normal 0.0000 -0.9848 0.1739
      outer loop
         vertex 726.0000 -521.6000 139.7623
         vertex 834.0000 -540.0000 0.0000
         vertex 834.0000 -521.6000 139.7623
      endloop
   endfacet
   facet normal 0.0000 -0.9062 -0.4228
      outer loop
         vertex 726.0000 -521.6000 -139.7623
         vertex 726.0000 -467.6537 -270.0000
         vertex 834.0000 -467.6537 -270.0000
      endloop
   endfacet
   facet normal 0.0000 -0.9398 -0.3418
      outer loop
         vertex 726.0000 -521.6000 -139.7623
         vertex 834.0000 -467.6537 -270.0000
         vertex 834.0000 -521.6000 -139.7623
      endloop
   endfacet
   facet normal 0.0000 -0.9848 -0.1739
      outer loop
         vertex 726.0000 -540.0000 0.0000
         vertex 726.0000 -521.6000 -139.7623
         vertex 834.0000 -521.6000 -139.7623
      endloop
   endfacet
   facet normal 0.0000 -0.9962 -0.0869
      outer loop
         vertex 726.0000 -540.0000 0.0000
         vertex 834.0000 -521.6000 -139.7623
         vertex 834.0000 -540.0000 0.0000
      endloop
   endfacet
   facet normal 0.0000 -0.3418 -0.9398
      outer loop
         vertex 726.0000 -270.0000 -467.6537
         vertex 726.0000 -139.7623 -521.6000
         vertex 834.0000 -139.7623 -521.6000
      endloop
   endfacet
   facet normal 0.0000 -0.4228 -0.9062
      outer loop
         vertex 726.0000 -270.0000 -467.6537
         vertex 834.0000 -139.7623 -521.6000
         vertex 834.0000 -270.0000 -467.6537
      endloop
   endfacet
   facet normal 0.0000 -0.5734 -0.8193
      outer loop
         vertex 726.0000 -381.8377 -381.8377
         vertex 726.0000 -270.0000 -467.6537
         vertex 834.0000 -270.0000 -467.6537
      endloop
   endfacet
   facet normal 0.0000 -0.6430 -0.7659
      outer loop
         vertex 726.0000 -381.8377 -381.8377
         vertex 834.0000 -270.0000 -467.6537
         vertex 834.0000 -381.8377 -381.8377
      endloop
   endfacet
   facet normal 0.0000 -0.7659 -0.6430
      outer loop
         vertex 726.0000 -467.6537 -270.0000
         vertex 726.0000 -381.8377 -381.8377
         vertex 834.0000 -381.8377 -381.8377
      endloop
   endfacet
   facet normal 0.0000 -0.8193 -0.5734
      outer loop
         vertex 726.0000 -467.6537 -270.0000
         vertex 834.0000 -381.8377 -381.8377
         vertex 834.0000 -467.6537 -270.0000
      endloop
   endfacet
   facet normal 0.0000 0.9398 -0.3418
      outer loop
         vertex 726.0000 467.6537 -270.0000
         vertex 726.0000 521.6000 -139.7623
         vertex 834.0000 521.6000 -139.7623
      endloop
   endfacet
   facet normal 0.0000 0.9062 -0.4228
      outer loop
         vertex 726.0000 467.6537 -270.0000
         vertex 834.0000 521.6000 -139.7623
         vertex 834.0000 467.6537 -270.0000
      endloop
   endfacet
   facet normal 0.0000 0.2162 -0.9763
      outer loop
         vertex 726.0000 125.0000 -523.5435
         vertex 726.0000 139.7623 -521.6000
         vertex 834.0000 139.7623 -521.6000
      endloop
   endfacet
   facet normal 0.0000 0.1734 -0.9849
      outer loop
         vertex 726.0000 125.0000 -523.5435
         vertex 834.0000 139.7623 -521.6000
         vertex 834.0000 125.0000 -523.5435
      endloop
   endfacet
   facet normal 0.0000 -0.1734 -0.9849
      outer loop
         vertex 726.0000 -139.7623 -521.6000
         vertex 726.0000 -125.0000 -523.5435
         vertex 834.0000 -125.0000 -523.5435
      endloop
   endfacet
   facet normal 0.0000 -0.2162 -0.9763
      outer loop
         vertex 726.0000 -139.7623 -521.6000
         vertex 834.0000 -125.0000 -523.5435
         vertex 834.0000 -139.7623 -521.6000
      endloop
   endfacet
   facet normal 0.0000 0.8193 -0.5734
      outer loop
         vertex 726.0000 381.8377 -381.8377
         vertex 726.0000 467.6537 -270.0000
         vertex 834.0000 467.6537 -270.0000
      endloop
   endfacet
   facet normal 0.0000 0.7659 -0.6430
      outer loop
         vertex 726.0000 381.8377 -381.8377
         vertex 834.0000 467.6537 -270.0000
         vertex 834.0000 381.8377 -381.8377
      endloop
   endfacet
   facet normal 0.0000 0.6430 -0.7659
      outer loop
         vertex 726.0000 270.0000 -467.6537
         vertex 726.0000 381.8377 -381.8377
         vertex 834.0000 381.8377 -381.8377
      endloop
   endfacet
   facet normal 0.0000 0.5734 -0.8193
      outer loop
         vertex 726.0000 270.0000 -467.6537
         vertex 834.0000 381.8377 -381.8377
         vertex 834.0000 270.0000 -467.6537
      endloop
   endfacet
   facet normal 0.0000 0.4228 -0.9062
      outer loop
         vertex 726.0000 139.7623 -521.6000
         vertex 726.0000 270.0000 -467.6537
         vertex 834.0000 270.0000 -467.6537
      endloop
   endfacet
   facet normal 0.0000 0.3418 -0.9398
      outer loop
         vertex 726.0000 139.7623 -521.6000
         vertex 834.0000 270.0000 -467.6537
         vertex 834.0000 139.7623 -521.6000
      endloop
   endfacet
   facet normal 0.0000 -0.9062 0.4228
      outer loop
         vertex 834.0000 -521.6000 139.7623
         vertex 834.0000 -467.6537 270.0000
         vertex 817.4886 -467.6537 270.0000
      endloop
   endfacet
   facet normal 0.0000 -0.9239 0.3827
      outer loop
         vertex 834.0000 -521.6000 139.7623
         vertex 817.4886 -467.6537 270.0000
         vertex 805.0001 -471.0000 261.9214
      endloop
   endfacet
   facet normal 0.0000 -0.9239 0.3827
      outer loop
         vertex 834.0000 -521.6000 139.7623
         vertex 805.0001 -471.0000 261.9214
         vertex 792.5117 -467.6537 270.0000
      endloop
   endfacet
   facet normal 0.0000 -0.9062 0.4228
      outer loop
         vertex 834.0000 -521.6000 139.7623
         vertex 792.5117 -467.6537 270.0000
         vertex 726.0000 -467.6537 270.0000
      endloop
   endfacet
   facet normal 0.0000 -0.9398 0.3418
      outer loop
         vertex 834.0000 -521.6000 139.7623
         vertex 726.0000 -467.6537 270.0000
         vertex 726.0000 -521.6000 139.7623
      endloop
   endfacet
   facet normal 0.0000 0.9848 0.1739
      outer loop
         vertex 726.0000 540.0000 -0.0000
         vertex 726.0000 521.6000 139.7623
         vertex 834.0000 521.6000 139.7623
      endloop
   endfacet
   facet normal 0.0000 0.9962 0.0869
      outer loop
         vertex 726.0000 540.0000 -0.0000
         vertex 834.0000 521.6000 139.7623
         vertex 834.0000 540.0000 0.0000
      endloop
   endfacet
   facet normal 0.0000 0.9962 -0.0869
      outer loop
         vertex 726.0000 521.6000 -139.7623
         vertex 726.0000 540.0000 -0.0000
         vertex 834.0000 540.0000 0.0000
      endloop
   endfacet
   facet normal 0.0000 0.9848 -0.1739
      outer loop
         vertex 726.0000 521.6000 -139.7623
         vertex 834.0000 540.0000 0.0000
         vertex 834.0000 521.6000 -139.7623
      endloop
   endfacet
   facet normal -0.3437 -0.9391 0.0000
      outer loop
         vertex 805.0001 -471.0000 1095.0000
         vertex 569.5001 -407.8980 1095.0000
         vertex 569.5001 -407.8980 347.8752
      endloop
   endfacet
   facet normal -0.2588 -0.9659 0.0000
      outer loop
         vertex 805.0001 -471.0000 1095.0000
         vertex 569.5001 -407.8980 347.8752
         vertex 574.0000 -409.1037 346.3039
      endloop
   endfacet
   facet normal -0.1758 -0.9844 0.0000
      outer loop
         vertex 805.0001 -471.0000 1095.0000
         vertex 574.0000 -409.1037 346.3039
         vertex 632.0000 -424.6447 423.7679
      endloop
   endfacet
   facet normal -0.1758 -0.9844 0.0000
      outer loop
         vertex 805.0001 -471.0000 1095.0000
         vertex 632.0000 -424.6447 423.7679
         vertex 668.0000 -434.2909 411.1968
      endloop
   endfacet
   facet normal -0.1758 -0.9844 0.0000
      outer loop
         vertex 805.0001 -471.0000 1095.0000
         vertex 668.0000 -434.2909 411.1968
         vertex 726.0000 -449.8320 293.2257
      endloop
   endfacet
   facet normal -0.1758 -0.9844 0.0000
      outer loop
         vertex 805.0001 -471.0000 1095.0000
         vertex 726.0000 -449.8320 293.2257
         vertex 792.5117 -467.6537 270.0000
      endloop
   endfacet
   facet normal -0.0890 -0.9960 0.0000
      outer loop
         vertex 805.0001 -471.0000 1095.0000
         vertex 792.5117 -467.6537 270.0000
         vertex 805.0001 -471.0000 261.9214
      endloop
   endfacet
   facet normal 0.0000 0.8433 0.5375
      outer loop
         vertex 834.0000 467.6537 270.0000
         vertex 817.4886 467.6537 270.0000
         vertex 834.0000 463.2295 275.7657
      endloop
   endfacet
   facet normal 0.0000 0.8433 0.5375
      outer loop
         vertex 726.0000 467.6537 270.0000
         vertex 726.0000 449.8320 293.2257
         vertex 792.5117 467.6537 270.0000
      endloop
   endfacet
   facet normal 0.0000 0.8871 0.4616
      outer loop
         vertex 805.0001 471.0000 261.9214
         vertex 817.4886 467.6537 270.0000
         vertex 834.0000 467.6537 270.0000
      endloop
   endfacet
   facet normal 0.0000 0.9239 0.3827
      outer loop
         vertex 805.0001 471.0000 261.9214
         vertex 834.0000 467.6537 270.0000
         vertex 834.0000 521.6000 139.7623
      endloop
   endfacet
   facet normal 0.0000 0.9239 0.3827
      outer loop
         vertex 805.0001 471.0000 261.9214
         vertex 834.0000 521.6000 139.7623
         vertex 726.0000 467.6537 270.0000
      endloop
   endfacet
   facet normal 0.0000 0.8871 0.4616
      outer loop
         vertex 805.0001 471.0000 261.9214
         vertex 726.0000 467.6537 270.0000
         vertex 792.5117 467.6537 270.0000
      endloop
   endfacet
   facet normal 0.0000 0.9398 0.3418
      outer loop
         vertex 726.0000 467.6537 270.0000
         vertex 834.0000 521.6000 139.7623
         vertex 726.0000 521.6000 139.7623
      endloop
   endfacet
   facet normal -0.0890 0.9960 0.0000
      outer loop
         vertex 805.0001 471.0000 1095.0000
         vertex 805.0001 471.0000 261.9214
         vertex 792.5117 467.6537 270.0000
      endloop
   endfacet
   facet normal -0.1758 0.9844 0.0000
      outer loop
         vertex 805.0001 471.0000 1095.0000
         vertex 792.5117 467.6537 270.0000
         vertex 726.0000 449.8320 293.2257
      endloop
   endfacet
   facet normal -0.1758 0.9844 0.0000
      outer loop
         vertex 805.0001 471.0000 1095.0000
         vertex 726.0000 449.8320 293.2257
         vertex 668.0000 434.2909 411.1968
      endloop
   endfacet
   facet normal -0.1758 0.9844 0.0000
      outer loop
         vertex 805.0001 471.0000 1095.0000
         vertex 668.0000 434.2909 411.1968
         vertex 632.0000 424.6447 423.7679
      endloop
   endfacet
   facet normal -0.2588 0.9659 0.0000
      outer loop
         vertex 805.0001 471.0000 1095.0000
         vertex 632.0000 424.6447 423.7679
         vertex 569.5001 407.8980 1095.0000
      endloop
   endfacet
   facet normal -0.3399 0.9405 0.0000
      outer loop
         vertex 632.0000 424.6447 423.7679
         vertex 574.0000 409.1037 346.3039
         vertex 569.5001 407.8980 347.8752
      endloop
   endfacet
   facet normal -0.4210 0.9071 0.0000
      outer loop
         vertex 632.0000 424.6447 423.7679
         vertex 569.5001 407.8980 347.8752
         vertex 569.5001 407.8980 1095.0000
      endloop
   endfacet
   facet normal 0.0000 -0.8433 0.5375
      outer loop
         vertex 834.0000 -463.2295 275.7657
         vertex 817.4886 -467.6537 270.0000
         vertex 834.0000 -467.6537 270.0000
      endloop
   endfacet
   facet normal 0.0000 -0.8433 0.5375
      outer loop
         vertex 792.5117 -467.6537 270.0000
         vertex 726.0000 -449.8320 293.2257
         vertex 726.0000 -467.6537 270.0000
      endloop
   endfacet
   facet normal 0.0000 -0.9962 0.0869
      outer loop
         vertex 892.0000 -579.5555 155.2914
         vertex 892.0000 -600.0000 0.0000
         vertex 928.0000 -600.0000 0.0000
      endloop
   endfacet
   facet normal 0.0000 -0.9848 0.1739
      outer loop
         vertex 892.0000 -579.5555 155.2914
         vertex 928.0000 -600.0000 0.0000
         vertex 928.0000 -579.5555 155.2914
      endloop
   endfacet
   facet normal 0.0000 -0.9062 -0.4228
      outer loop
         vertex 892.0000 -579.5555 -155.2914
         vertex 892.0000 -519.6152 -300.0000
         vertex 928.0000 -519.6152 -300.0000
      endloop
   endfacet
   facet normal 0.0000 -0.9398 -0.3418
      outer loop
         vertex 892.0000 -579.5555 -155.2914
         vertex 928.0000 -519.6152 -300.0000
         vertex 928.0000 -579.5555 -155.2914
      endloop
   endfacet
   facet normal 0.0000 -0.9848 -0.1739
      outer loop
         vertex 892.0000 -600.0000 0.0000
         vertex 892.0000 -579.5555 -155.2914
         vertex 928.0000 -579.5555 -155.2914
      endloop
   endfacet
   facet normal 0.0000 -0.9962 -0.0869
      outer loop
         vertex 892.0000 -600.0000 0.0000
         vertex 928.0000 -579.5555 -155.2914
         vertex 928.0000 -600.0000 0.0000
      endloop
   endfacet
   facet normal 0.0000 -0.3418 -0.9398
      outer loop
         vertex 892.0000 -300.0000 -519.6152
         vertex 892.0000 -155.2914 -579.5555
         vertex 928.0000 -155.2914 -579.5555
      endloop
   endfacet
   facet normal 0.0000 -0.4228 -0.9062
      outer loop
         vertex 892.0000 -300.0000 -519.6152
         vertex 928.0000 -155.2914 -579.5555
         vertex 928.0000 -300.0000 -519.6152
      endloop
   endfacet
   facet normal 0.0000 -0.5734 -0.8193
      outer loop
         vertex 892.0000 -424.2641 -424.2641
         vertex 892.0000 -300.0000 -519.6152
         vertex 928.0000 -300.0000 -519.6152
      endloop
   endfacet
   facet normal 0.0000 -0.6430 -0.7659
      outer loop
         vertex 892.0000 -424.2641 -424.2641
         vertex 928.0000 -300.0000 -519.6152
         vertex 928.0000 -424.2641 -424.2641
      endloop
   endfacet
   facet normal 0.0000 -0.7659 -0.6430
      outer loop
         vertex 892.0000 -519.6152 -300.0000
         vertex 892.0000 -424.2641 -424.2641
         vertex 928.0000 -424.2641 -424.2641
      endloop
   endfacet
   facet normal 0.0000 -0.8193 -0.5734
      outer loop
         vertex 892.0000 -519.6152 -300.0000
         vertex 928.0000 -424.2641 -424.2641
         vertex 928.0000 -519.6152 -300.0000
      endloop
   endfacet
   facet normal 0.0000 0.9398 -0.3418
      outer loop
         vertex 892.0000 519.6152 -300.0000
         vertex 892.0000 579.5555 -155.2914
         vertex 928.0000 579.5555 -155.2914
      endloop
   endfacet
   facet normal 0.0000 0.9062 -0.4228
      outer loop
         vertex 892.0000 519.6152 -300.0000
         vertex 928.0000 579.5555 -155.2914
         vertex 928.0000 519.6152 -300.0000
      endloop
   endfacet
   facet normal 0.0000 0.1734 -0.9849
      outer loop
         vertex 928.0000 125.0000 -583.5435
         vertex 892.0000 125.0000 -583.5435
         vertex 892.0000 155.2914 -579.5555
      endloop
   endfacet
   facet normal 0.0000 0.2162 -0.9763
      outer loop
         vertex 928.0000 125.0000 -583.5435
         vertex 892.0000 155.2914 -579.5555
         vertex 928.0000 155.2914 -579.5555
      endloop
   endfacet
   facet normal 0.0000 -0.1734 -0.9849
      outer loop
         vertex 892.0000 -155.2914 -579.5555
         vertex 892.0000 -125.0000 -583.5435
         vertex 928.0000 -125.0000 -583.5435
      endloop
   endfacet
   facet normal 0.0000 -0.2162 -0.9763
      outer loop
         vertex 892.0000 -155.2914 -579.5555
         vertex 928.0000 -125.0000 -583.5435
         vertex 928.0000 -155.2914 -579.5555
      endloop
   endfacet
   facet normal 0.0000 0.0000 -1.0000
      outer loop
         vertex 1040.0000 -125.0000 -615.0000
         vertex 490.0000 -125.0000 -615.0000
         vertex 490.0000 125.0000 -615.0000
      endloop
   endfacet
   facet normal 0.0000 0.0000 -1.0000
      outer loop
         vertex 1040.0000 -125.0000 -615.0000
         vertex 490.0000 125.0000 -615.0000
         vertex 1040.0000 125.0000 -615.0000
      endloop
   endfacet
   facet normal 0.0000 -1.0000 0.0000
      outer loop
         vertex 574.0000 -125.0000 -523.5435
         vertex 490.0000 -125.0000 -523.5435
         vertex 632.0000 -125.0000 -583.5435
      endloop
   endfacet
   facet normal 0.0000 -1.0000 0.0000
      outer loop
         vertex 632.0000 -125.0000 -583.5435
         vertex 490.0000 -125.0000 -523.5435
         vertex 490.0000 -125.0000 -615.0000
      endloop
   endfacet
   facet normal 0.0000 -1.0000 0.0000
      outer loop
         vertex 632.0000 -125.0000 -583.5435
         vertex 490.0000 -125.0000 -615.0000
         vertex 668.0000 -125.0000 -583.5435
      endloop
   endfacet
   facet normal 0.0000 -1.0000 0.0000
      outer loop
         vertex 668.0000 -125.0000 -583.5435
         vertex 490.0000 -125.0000 -615.0000
         vertex 892.0000 -125.0000 -583.5435
      endloop
   endfacet
   facet normal 0.0000 -1.0000 0.0000
      outer loop
         vertex 668.0000 -125.0000 -583.5435
         vertex 892.0000 -125.0000 -583.5435
         vertex 834.0000 -125.0000 -523.5435
      endloop
   endfacet
   facet normal 0.0000 -1.0000 0.0000
      outer loop
         vertex 928.0000 -125.0000 -583.5435
         vertex 892.0000 -125.0000 -583.5435
         vertex 490.0000 -125.0000 -615.0000
      endloop
   endfacet
   facet normal 0.0000 -1.0000 0.0000
      outer loop
         vertex 928.0000 -125.0000 -583.5435
         vertex 490.0000 -125.0000 -615.0000
         vertex 1040.0000 -125.0000 -615.0000
      endloop
   endfacet
   facet normal 0.0000 -1.0000 0.0000
      outer loop
         vertex 928.0000 -125.0000 -583.5435
         vertex 1040.0000 -125.0000 -615.0000
         vertex 1040.0000 -125.0000 -523.5435
      endloop
   endfacet
   facet normal 0.0000 -1.0000 0.0000
      outer loop
         vertex 928.0000 -125.0000 -583.5435
         vertex 1040.0000 -125.0000 -523.5435
         vertex 986.0000 -125.0000 -523.5435
      endloop
   endfacet
   facet normal 0.0000 -1.0000 0.0000
      outer loop
         vertex 668.0000 -125.0000 -583.5435
         vertex 834.0000 -125.0000 -523.5435
         vertex 726.0000 -125.0000 -523.5435
      endloop
   endfacet
   facet normal 0.0000 1.0000 0.0000
      outer loop
         vertex 986.0000 125.0000 -523.5435
         vertex 1040.0000 125.0000 -523.5435
         vertex 928.0000 125.0000 -583.5435
      endloop
   endfacet
   facet normal 0.0000 1.0000 0.0000
      outer loop
         vertex 928.0000 125.0000 -583.5435
         vertex 1040.0000 125.0000 -523.5435
         vertex 1040.0000 125.0000 -615.0000
      endloop
   endfacet
   facet normal 0.0000 1.0000 0.0000
      outer loop
         vertex 928.0000 125.0000 -583.5435
         vertex 1040.0000 125.0000 -615.0000
         vertex 892.0000 125.0000 -583.5435
      endloop
   endfacet
   facet normal 0.0000 1.0000 0.0000
      outer loop
         vertex 892.0000 125.0000 -583.5435
         vertex 1040.0000 125.0000 -615.0000
         vertex 668.0000 125.0000 -583.5435
      endloop
   endfacet
   facet normal 0.0000 1.0000 0.0000
      outer loop
         vertex 892.0000 125.0000 -583.5435
         vertex 668.0000 125.0000 -583.5435
         vertex 726.0000 125.0000 -523.5435
      endloop
   endfacet
   facet normal 0.0000 1.0000 0.0000
      outer loop
         vertex 632.0000 125.0000 -583.5435
         vertex 668.0000 125.0000 -583.5435
         vertex 1040.0000 125.0000 -615.0000
      endloop
   endfacet
   facet normal 0.0000 1.0000 0.0000
      outer loop
         vertex 632.0000 125.0000 -583.5435
         vertex 1040.0000 125.0000 -615.0000
         vertex 490.0000 125.0000 -615.0000
      endloop
   endfacet
   facet normal 0.0000 1.0000 0.0000
      outer loop
         vertex 632.0000 125.0000 -583.5435
         vertex 490.0000 125.0000 -615.0000
         vertex 490.0000 125.0000 -523.5435
      endloop
   endfacet
   facet normal 0.0000 1.0000 0.0000
      outer loop
         vertex 632.0000 125.0000 -583.5435
         vertex 490.0000 125.0000 -523.5435
         vertex 574.0000 125.0000 -523.5435
      endloop
   endfacet
   facet normal 0.0000 1.0000 0.0000
      outer loop
         vertex 892.0000 125.0000 -583.5435
         vertex 726.0000 125.0000 -523.5435
         vertex 834.0000 125.0000 -523.5435
      endloop
   endfacet
   facet normal 0.0000 0.8193 -0.5734
      outer loop
         vertex 892.0000 424.2641 -424.2641
         vertex 892.0000 519.6152 -300.0000
         vertex 928.0000 519.6152 -300.0000
      endloop
   endfacet
   facet normal 0.0000 0.7659 -0.6430
      outer loop
         vertex 892.0000 424.2641 -424.2641
         vertex 928.0000 519.6152 -300.0000
         vertex 928.0000 424.2641 -424.2641
      endloop
   endfacet
   facet normal 0.0000 0.6430 -0.7659
      outer loop
         vertex 892.0000 300.0000 -519.6152
         vertex 892.0000 424.2641 -424.2641
         vertex 928.0000 424.2641 -424.2641
      endloop
   endfacet
   facet normal 0.0000 0.5734 -0.8193
      outer loop
         vertex 892.0000 300.0000 -519.6152
         vertex 928.0000 424.2641 -424.2641
         vertex 928.0000 300.0000 -519.6152
      endloop
   endfacet
   facet normal 0.0000 0.4228 -0.9062
      outer loop
         vertex 892.0000 155.2914 -579.5555
         vertex 892.0000 300.0000 -519.6152
         vertex 928.0000 300.0000 -519.6152
      endloop
   endfacet
   facet normal 0.0000 0.3418 -0.9398
      outer loop
         vertex 892.0000 155.2914 -579.5555
         vertex 928.0000 300.0000 -519.6152
         vertex 928.0000 155.2914 -579.5555
      endloop
   endfacet
   facet normal 0.0000 -0.9398 0.3418
      outer loop
         vertex 892.0000 -519.6152 300.0000
         vertex 892.0000 -579.5555 155.2914
         vertex 928.0000 -579.5555 155.2914
      endloop
   endfacet
   facet normal 0.0000 -0.9062 0.4228
      outer loop
         vertex 892.0000 -519.6152 300.0000
         vertex 928.0000 -579.5555 155.2914
         vertex 928.0000 -519.6152 300.0000
      endloop
   endfacet
   facet normal 0.0000 0.9848 0.1739
      outer loop
         vertex 892.0000 600.0000 0.0000
         vertex 892.0000 579.5555 155.2914
         vertex 928.0000 579.5555 155.2914
      endloop
   endfacet
   facet normal 0.0000 0.9962 0.0869
      outer loop
         vertex 892.0000 600.0000 0.0000
         vertex 928.0000 579.5555 155.2914
         vertex 928.0000 600.0000 0.0000
      endloop
   endfacet
   facet normal 0.0000 0.9962 -0.0869
      outer loop
         vertex 892.0000 579.5555 -155.2914
         vertex 892.0000 600.0000 0.0000
         vertex 928.0000 600.0000 0.0000
      endloop
   endfacet
   facet normal 0.0000 0.9848 -0.1739
      outer loop
         vertex 892.0000 579.5555 -155.2914
         vertex 928.0000 600.0000 0.0000
         vertex 928.0000 579.5555 -155.2914
      endloop
   endfacet
   facet normal 0.0000 0.8190 0.5738
      outer loop
         vertex 892.0000 519.6152 300.0000
         vertex 892.0000 447.6884 393.7368
         vertex 928.0000 438.0423 406.3080
      endloop
   endfacet
   facet normal 0.0000 0.8433 0.5375
      outer loop
         vertex 892.0000 519.6152 300.0000
         vertex 928.0000 438.0423 406.3080
         vertex 928.0000 519.6152 300.0000
      endloop
   endfacet
   facet normal 0.0000 0.9062 0.4228
      outer loop
         vertex 892.0000 579.5555 155.2914
         vertex 892.0000 519.6152 300.0000
         vertex 928.0000 519.6152 300.0000
      endloop
   endfacet
   facet normal 0.0000 0.9398 0.3418
      outer loop
         vertex 892.0000 579.5555 155.2914
         vertex 928.0000 519.6152 300.0000
         vertex 928.0000 579.5555 155.2914
      endloop
   endfacet
   facet normal 0.4210 0.9071 0.0000
      outer loop
         vertex 1040.5001 407.8980 1095.0000
         vertex 1040.5001 407.8980 347.8752
         vertex 986.0000 422.5012 328.8439
      endloop
   endfacet
   facet normal 0.3399 0.9405 0.0000
      outer loop
         vertex 1040.5001 407.8980 1095.0000
         vertex 986.0000 422.5012 328.8439
         vertex 928.0000 438.0423 406.3080
      endloop
   endfacet
   facet normal 0.3399 0.9405 0.0000
      outer loop
         vertex 1040.5001 407.8980 1095.0000
         vertex 928.0000 438.0423 406.3080
         vertex 892.0000 447.6884 393.7368
      endloop
   endfacet
   facet normal 0.3399 0.9405 0.0000
      outer loop
         vertex 1040.5001 407.8980 1095.0000
         vertex 892.0000 447.6884 393.7368
         vertex 834.0000 463.2295 275.7657
      endloop
   endfacet
   facet normal 0.3399 0.9405 0.0000
      outer loop
         vertex 1040.5001 407.8980 1095.0000
         vertex 834.0000 463.2295 275.7657
         vertex 817.4886 467.6537 270.0000
      endloop
   endfacet
   facet normal 0.2588 0.9659 0.0000
      outer loop
         vertex 1040.5001 407.8980 1095.0000
         vertex 817.4886 467.6537 270.0000
         vertex 805.0001 471.0000 261.9214
      endloop
   endfacet
   facet normal 0.1719 0.9851 0.0000
      outer loop
         vertex 1040.5001 407.8980 1095.0000
         vertex 805.0001 471.0000 261.9214
         vertex 805.0001 471.0000 1095.0000
      endloop
   endfacet
   facet normal 0.0000 -0.8433 0.5375
      outer loop
         vertex 892.0000 -447.6884 393.7368
         vertex 892.0000 -519.6152 300.0000
         vertex 928.0000 -519.6152 300.0000
      endloop
   endfacet
   facet normal 0.0000 -0.8190 0.5738
      outer loop
         vertex 892.0000 -447.6884 393.7368
         vertex 928.0000 -519.6152 300.0000
         vertex 928.0000 -438.0423 406.3080
      endloop
   endfacet
   facet normal 0.0890 -0.9960 0.0000
      outer loop
         vertex 805.0001 -471.0000 1095.0000
         vertex 805.0001 -471.0000 261.9214
         vertex 817.4886 -467.6537 270.0000
      endloop
   endfacet
   facet normal 0.1758 -0.9844 0.0000
      outer loop
         vertex 805.0001 -471.0000 1095.0000
         vertex 817.4886 -467.6537 270.0000
         vertex 834.0000 -463.2295 275.7657
      endloop
   endfacet
   facet normal 0.1758 -0.9844 0.0000
      outer loop
         vertex 805.0001 -471.0000 1095.0000
         vertex 834.0000 -463.2295 275.7657
         vertex 892.0000 -447.6884 393.7368
      endloop
   endfacet
   facet normal 0.1758 -0.9844 0.0000
      outer loop
         vertex 805.0001 -471.0000 1095.0000
         vertex 892.0000 -447.6884 393.7368
         vertex 928.0000 -438.0423 406.3080
      endloop
   endfacet
   facet normal 0.2588 -0.9659 0.0000
      outer loop
         vertex 805.0001 -471.0000 1095.0000
         vertex 928.0000 -438.0423 406.3080
         vertex 1040.5001 -407.8980 1095.0000
      endloop
   endfacet
   facet normal 0.3399 -0.9405 0.0000
      outer loop
         vertex 928.0000 -438.0423 406.3080
         vertex 986.0000 -422.5012 328.8439
         vertex 1040.5001 -407.8980 347.8752
      endloop
   endfacet
   facet normal 0.4210 -0.9071 0.0000
      outer loop
         vertex 928.0000 -438.0423 406.3080
         vertex 1040.5001 -407.8980 347.8752
         vertex 1040.5001 -407.8980 1095.0000
      endloop
   endfacet
   facet normal 0.3437 -0.9391 0.0000
      outer loop
         vertex 800.0002 -315.0000 1095.0000
         vertex 957.5002 -272.7980 1095.0000
         vertex 957.5002 -272.7980 1130.0000
      endloop
   endfacet
   facet normal 0.1719 -0.9851 0.0000
      outer loop
         vertex 800.0002 -315.0000 1095.0000
         vertex 957.5002 -272.7980 1130.0000
         vertex 800.0002 -315.0000 1130.0000
      endloop
   endfacet
   facet normal 0.3437 0.9391 0.0000
      outer loop
         vertex 800.0002 315.0000 1130.0000
         vertex 957.5002 272.7980 1130.0000
         vertex 957.5002 272.7980 1095.0000
      endloop
   endfacet
   facet normal 0.1719 0.9851 0.0000
      outer loop
         vertex 800.0002 315.0000 1130.0000
         vertex 957.5002 272.7980 1095.0000
         vertex 800.0002 315.0000 1095.0000
      endloop
   endfacet
   facet normal 0.3437 -0.9391 0.0000
      outer loop
         vertex 800.0002 -345.0000 1130.0000
         vertex 972.5002 -298.7788 1130.0000
         vertex 972.5002 -298.7788 1160.0000
      endloop
   endfacet
   facet normal 0.1719 -0.9851 0.0000
      outer loop
         vertex 800.0002 -345.0000 1130.0000
         vertex 972.5002 -298.7788 1160.0000
         vertex 800.0002 -345.0000 1160.0000
      endloop
   endfacet
   facet normal 0.1719 0.9851 0.0000
      outer loop
         vertex 972.5002 298.7788 1130.0000
         vertex 800.0002 345.0000 1130.0000
         vertex 800.0002 345.0000 1160.0000
      endloop
   endfacet
   facet normal 0.3437 0.9391 0.0000
      outer loop
         vertex 972.5002 298.7788 1130.0000
         vertex 800.0002 345.0000 1160.0000
         vertex 972.5002 298.7788 1160.0000
      endloop
   endfacet
   facet normal 0.1719 -0.9851 0.0000
      outer loop
         vertex 957.5002 -272.7980 1617.0000
         vertex 800.0002 -315.0000 1617.0000
         vertex 800.0002 -315.0000 1160.0000
      endloop
   endfacet
   facet normal 0.3437 -0.9391 0.0000
      outer loop
         vertex 957.5002 -272.7980 1617.0000
         vertex 800.0002 -315.0000 1160.0000
         vertex 957.5002 -272.7980 1160.0000
      endloop
   endfacet
   facet normal 0.3437 0.9391 0.0000
      outer loop
         vertex 800.0002 315.0000 1617.0000
         vertex 957.5002 272.7980 1617.0000
         vertex 957.5002 272.7980 1160.0000
      endloop
   endfacet
   facet normal 0.1719 0.9851 0.0000
      outer loop
         vertex 800.0002 315.0000 1617.0000
         vertex 957.5002 272.7980 1160.0000
         vertex 800.0002 315.0000 1160.0000
      endloop
   endfacet
   facet normal 0.1719 -0.9851 0.0000
      outer loop
         vertex 1018.7500 -378.8861 1647.0000
         vertex 800.0000 -437.5000 1647.0000
         vertex 800.0000 -437.5000 1617.0000
      endloop
   endfacet
   facet normal 0.3437 -0.9391 0.0000
      outer loop
         vertex 1018.7500 -378.8861 1647.0000
         vertex 800.0000 -437.5000 1617.0000
         vertex 1018.7500 -378.8861 1617.0000
      endloop
   endfacet
   facet normal 0.1719 0.9851 0.0000
      outer loop
         vertex 1018.7500 378.8861 1617.0000
         vertex 800.0000 437.5000 1617.0000
         vertex 800.0000 437.5000 1647.0000
      endloop
   endfacet
   facet normal 0.3437 0.9391 0.0000
      outer loop
         vertex 1018.7500 378.8861 1617.0000
         vertex 800.0000 437.5000 1647.0000
         vertex 1018.7500 378.8861 1647.0000
      endloop
   endfacet
   facet normal -0.1719 0.9851 0.0000
      outer loop
         vertex 966.0000 -287.5204 1646.0000
         vertex 800.0000 -332.0000 1646.0000
         vertex 800.0000 -332.0000 1647.0000
      endloop
   endfacet
   facet normal -0.3437 0.9391 0.0000
      outer loop
         vertex 966.0000 -287.5204 1646.0000
         vertex 800.0000 -332.0000 1647.0000
         vertex 966.0000 -287.5204 1647.0000
      endloop
   endfacet
   facet normal -0.3437 -0.9391 0.0000
      outer loop
         vertex 800.0000 332.0000 1646.0000
         vertex 966.0000 287.5204 1646.0000
         vertex 966.0000 287.5204 1647.0000
      endloop
   endfacet
   facet normal -0.1719 -0.9851 0.0000
      outer loop
         vertex 800.0000 332.0000 1646.0000
         vertex 966.0000 287.5204 1647.0000
         vertex 800.0000 332.0000 1647.0000
      endloop
   endfacet
   facet normal 0.0000 0.0000 1.0000
      outer loop
         vertex 634.0000 287.5204 1646.0000
         vertex 512.4796 166.0000 1646.0000
         vertex 468.0000 0.0000 1646.0000
      endloop
   endfacet
   facet normal 0.0000 0.0000 1.0000
      outer loop
         vertex 634.0000 287.5204 1646.0000
         vertex 468.0000 0.0000 1646.0000
         vertex 512.4796 -166.0000 1646.0000
      endloop
   endfacet
   facet normal 0.0000 0.0000 1.0000
      outer loop
         vertex 634.0000 287.5204 1646.0000
         vertex 512.4796 -166.0000 1646.0000
         vertex 634.0000 -287.5204 1646.0000
      endloop
   endfacet
   facet normal 0.0000 0.0000 1.0000
      outer loop
         vertex 634.0000 287.5204 1646.0000
         vertex 634.0000 -287.5204 1646.0000
         vertex 800.0000 -332.0000 1646.0000
      endloop
   endfacet
   facet normal 0.0000 0.0000 1.0000
      outer loop
         vertex 634.0000 287.5204 1646.0000
         vertex 800.0000 -332.0000 1646.0000
         vertex 966.0000 -287.5204 1646.0000
      endloop
   endfacet
   facet normal 0.0000 0.0000 1.0000
      outer loop
         vertex 634.0000 287.5204 1646.0000
         vertex 966.0000 -287.5204 1646.0000
         vertex 1087.5204 -166.0000 1646.0000
      endloop
   endfacet
   facet normal 0.0000 0.0000 1.0000
      outer loop
         vertex 634.0000 287.5204 1646.0000
         vertex 1087.5204 -166.0000 1646.0000
         vertex 1132.0000 0.0000 1646.0000
      endloop
   endfacet
   facet normal 0.0000 0.0000 1.0000
      outer loop
         vertex 634.0000 287.5204 1646.0000
         vertex 1132.0000 0.0000 1646.0000
         vertex 1087.5204 166.0000 1646.0000
      endloop
   endfacet
   facet normal 0.0000 0.0000 1.0000
      outer loop
         vertex 634.0000 287.5204 1646.0000
         vertex 1087.5204 166.0000 1646.0000
         vertex 966.0000 287.5204 1646.0000
      endloop
   endfacet
   facet normal 0.0000 0.0000 1.0000
      outer loop
         vertex 634.0000 287.5204 1646.0000
         vertex 966.0000 287.5204 1646.0000
         vertex 800.0000 332.0000 1646.0000
      endloop
   endfacet
   facet normal 0.7216 0.6897 0.0602
      outer loop
         vertex 986.0000 521.6000 139.7623
         vertex 986.0000 540.0000 0.0000
         vertex 928.0000 600.0000 0.0000
      endloop
   endfacet
   facet normal 0.7216 0.6817 0.1204
      outer loop
         vertex 986.0000 521.6000 139.7623
         vertex 928.0000 600.0000 0.0000
         vertex 928.0000 579.5555 155.2914
      endloop
   endfacet
   facet normal 0.7216 0.6506 0.2366
      outer loop
         vertex 986.0000 467.6537 270.0000
         vertex 986.0000 521.6000 139.7623
         vertex 928.0000 579.5555 155.2914
      endloop
   endfacet
   facet normal 0.7216 0.6274 0.2927
      outer loop
         vertex 986.0000 467.6537 270.0000
         vertex 928.0000 579.5555 155.2914
         vertex 928.0000 519.6152 300.0000
      endloop
   endfacet
   facet normal 0.7187 0.5864 0.3738
      outer loop
         vertex 986.0000 422.5012 328.8439
         vertex 986.0000 467.6537 270.0000
         vertex 928.0000 519.6152 300.0000
      endloop
   endfacet
   facet normal 0.7177 0.5703 0.3996
      outer loop
         vertex 986.0000 422.5012 328.8439
         vertex 928.0000 519.6152 300.0000
         vertex 928.0000 438.0423 406.3080
      endloop
   endfacet
   facet normal 0.6414 0.7672 0.0000
      outer loop
         vertex 1072.7982 157.5000 1095.0000
         vertex 957.5002 272.7980 1095.0000
         vertex 957.5002 272.7980 1130.0000
      endloop
   endfacet
   facet normal 0.7672 0.6414 0.0000
      outer loop
         vertex 1072.7982 157.5000 1095.0000
         vertex 957.5002 272.7980 1130.0000
         vertex 1072.7982 157.5000 1130.0000
      endloop
   endfacet
   facet normal 0.6414 0.7672 0.0000
      outer loop
         vertex 1098.7789 172.5000 1130.0000
         vertex 972.5002 298.7788 1130.0000
         vertex 972.5002 298.7788 1160.0000
      endloop
   endfacet
   facet normal 0.7672 0.6414 0.0000
      outer loop
         vertex 1098.7789 172.5000 1130.0000
         vertex 972.5002 298.7788 1160.0000
         vertex 1098.7789 172.5000 1160.0000
      endloop
   endfacet
   facet normal 0.7672 0.6414 0.0000
      outer loop
         vertex 957.5002 272.7980 1617.0000
         vertex 1072.7982 157.5000 1617.0000
         vertex 1072.7982 157.5000 1160.0000
      endloop
   endfacet
   facet normal 0.6414 0.7672 0.0000
      outer loop
         vertex 957.5002 272.7980 1617.0000
         vertex 1072.7982 157.5000 1160.0000
         vertex 957.5002 272.7980 1160.0000
      endloop
   endfacet
   facet normal -0.7672 -0.6414 0.0000
      outer loop
         vertex 966.0000 287.5204 1646.0000
         vertex 1087.5204 166.0000 1646.0000
         vertex 1087.5204 166.0000 1647.0000
      endloop
   endfacet
   facet normal -0.6414 -0.7672 0.0000
      outer loop
         vertex 966.0000 287.5204 1646.0000
         vertex 1087.5204 166.0000 1647.0000
         vertex 966.0000 287.5204 1647.0000
      endloop
   endfacet
   facet normal 0.7177 -0.5703 0.3996
      outer loop
         vertex 986.0000 -467.6537 270.0000
         vertex 986.0000 -422.5012 328.8439
         vertex 928.0000 -438.0423 406.3080
      endloop
   endfacet
   facet normal 0.7187 -0.5864 0.3738
      outer loop
         vertex 986.0000 -467.6537 270.0000
         vertex 928.0000 -438.0423 406.3080
         vertex 928.0000 -519.6152 300.0000
      endloop
   endfacet
   facet normal 0.7216 -0.6506 0.2366
      outer loop
         vertex 928.0000 -579.5555 155.2914
         vertex 986.0000 -521.6000 139.7623
         vertex 986.0000 -467.6537 270.0000
      endloop
   endfacet
   facet normal 0.7216 -0.6274 0.2927
      outer loop
         vertex 928.0000 -579.5555 155.2914
         vertex 986.0000 -467.6537 270.0000
         vertex 928.0000 -519.6152 300.0000
      endloop
   endfacet
   facet normal 0.7216 -0.6897 0.0602
      outer loop
         vertex 928.0000 -600.0000 0.0000
         vertex 986.0000 -540.0000 -0.0000
         vertex 986.0000 -521.6000 139.7623
      endloop
   endfacet
   facet normal 0.7216 -0.6817 0.1204
      outer loop
         vertex 928.0000 -600.0000 0.0000
         vertex 986.0000 -521.6000 139.7623
         vertex 928.0000 -579.5555 155.2914
      endloop
   endfacet
   facet normal 0.6414 -0.7672 0.0000
      outer loop
         vertex 1072.7982 -157.5000 1130.0000
         vertex 957.5002 -272.7980 1130.0000
         vertex 957.5002 -272.7980 1095.0000
      endloop
   endfacet
   facet normal 0.7672 -0.6414 0.0000
      outer loop
         vertex 1072.7982 -157.5000 1130.0000
         vertex 957.5002 -272.7980 1095.0000
         vertex 1072.7982 -157.5000 1095.0000
      endloop
   endfacet
   facet normal 0.6414 -0.7672 0.0000
      outer loop
         vertex 1098.7789 -172.5000 1160.0000
         vertex 972.5002 -298.7788 1160.0000
         vertex 972.5002 -298.7788 1130.0000
      endloop
   endfacet
   facet normal 0.7672 -0.6414 0.0000
      outer loop
         vertex 1098.7789 -172.5000 1160.0000
         vertex 972.5002 -298.7788 1130.0000
         vertex 1098.7789 -172.5000 1130.0000
      endloop
   endfacet
   facet normal 0.6414 -0.7672 0.0000
      outer loop
         vertex 1072.7982 -157.5000 1617.0000
         vertex 957.5002 -272.7980 1617.0000
         vertex 957.5002 -272.7980 1160.0000
      endloop
   endfacet
   facet normal 0.7672 -0.6414 0.0000
      outer loop
         vertex 1072.7982 -157.5000 1617.0000
         vertex 957.5002 -272.7980 1160.0000
         vertex 1072.7982 -157.5000 1160.0000
      endloop
   endfacet
   facet normal -0.7672 0.6414 0.0000
      outer loop
         vertex 966.0000 -287.5204 1647.0000
         vertex 1087.5204 -166.0000 1647.0000
         vertex 1087.5204 -166.0000 1646.0000
      endloop
   endfacet
   facet normal -0.6414 0.7672 0.0000
      outer loop
         vertex 966.0000 -287.5204 1647.0000
         vertex 1087.5204 -166.0000 1646.0000
         vertex 966.0000 -287.5204 1646.0000
      endloop
   endfacet
   facet normal 0.7216 -0.6817 -0.1204
      outer loop
         vertex 928.0000 -600.0000 0.0000
         vertex 928.0000 -579.5555 -155.2914
         vertex 986.0000 -521.6000 -139.7623
      endloop
   endfacet
   facet normal 0.7216 -0.6897 -0.0602
      outer loop
         vertex 928.0000 -600.0000 0.0000
         vertex 986.0000 -521.6000 -139.7623
         vertex 986.0000 -540.0000 -0.0000
      endloop
   endfacet
   facet normal 0.7216 -0.6274 -0.2927
      outer loop
         vertex 928.0000 -579.5555 -155.2914
         vertex 928.0000 -519.6152 -300.0000
         vertex 986.0000 -467.6537 -270.0000
      endloop
   endfacet
   facet normal 0.7216 -0.6506 -0.2366
      outer loop
         vertex 928.0000 -579.5555 -155.2914
         vertex 986.0000 -467.6537 -270.0000
         vertex 986.0000 -521.6000 -139.7623
      endloop
   endfacet
   facet normal 0.7216 -0.5302 -0.4451
      outer loop
         vertex 928.0000 -519.6152 -300.0000
         vertex 928.0000 -424.2641 -424.2641
         vertex 986.0000 -381.8377 -381.8377
      endloop
   endfacet
   facet normal 0.7216 -0.5672 -0.3969
      outer loop
         vertex 928.0000 -519.6152 -300.0000
         vertex 986.0000 -381.8377 -381.8377
         vertex 986.0000 -467.6537 -270.0000
      endloop
   endfacet
   facet normal 0.7216 -0.4451 -0.5302
      outer loop
         vertex 986.0000 -381.8377 -381.8377
         vertex 928.0000 -424.2641 -424.2641
         vertex 928.0000 -300.0000 -519.6152
      endloop
   endfacet
   facet normal 0.7216 -0.3969 -0.5672
      outer loop
         vertex 986.0000 -381.8377 -381.8377
         vertex 928.0000 -300.0000 -519.6152
         vertex 986.0000 -270.0000 -467.6537
      endloop
   endfacet
   facet normal 0.7216 -0.2927 -0.6274
      outer loop
         vertex 986.0000 -270.0000 -467.6537
         vertex 928.0000 -300.0000 -519.6152
         vertex 928.0000 -155.2914 -579.5555
      endloop
   endfacet
   facet normal 0.7216 -0.2366 -0.6506
      outer loop
         vertex 986.0000 -270.0000 -467.6537
         vertex 928.0000 -155.2914 -579.5555
         vertex 986.0000 -139.7623 -521.6000
      endloop
   endfacet
   facet normal 0.7187 -0.1504 -0.6789
      outer loop
         vertex 986.0000 -139.7623 -521.6000
         vertex 928.0000 -155.2914 -579.5555
         vertex 928.0000 -125.0000 -583.5435
      endloop
   endfacet
   facet normal 0.7177 -0.1207 -0.6859
      outer loop
         vertex 986.0000 -139.7623 -521.6000
         vertex 928.0000 -125.0000 -583.5435
         vertex 986.0000 -125.0000 -523.5435
      endloop
   endfacet
   facet normal 0.7177 0.1207 -0.6859
      outer loop
         vertex 986.0000 125.0000 -523.5435
         vertex 928.0000 125.0000 -583.5435
         vertex 928.0000 155.2914 -579.5555
      endloop
   endfacet
   facet normal 0.7187 0.1504 -0.6789
      outer loop
         vertex 986.0000 125.0000 -523.5435
         vertex 928.0000 155.2914 -579.5555
         vertex 986.0000 139.7623 -521.6000
      endloop
   endfacet
   facet normal 0.7216 0.2366 -0.6506
      outer loop
         vertex 986.0000 270.0000 -467.6537
         vertex 986.0000 139.7623 -521.6000
         vertex 928.0000 155.2914 -579.5555
      endloop
   endfacet
   facet normal 0.7216 0.2927 -0.6274
      outer loop
         vertex 986.0000 270.0000 -467.6537
         vertex 928.0000 155.2914 -579.5555
         vertex 928.0000 300.0000 -519.6152
      endloop
   endfacet
   facet normal 0.7216 0.3969 -0.5672
      outer loop
         vertex 986.0000 381.8377 -381.8377
         vertex 986.0000 270.0000 -467.6537
         vertex 928.0000 300.0000 -519.6152
      endloop
   endfacet
   facet normal 0.7216 0.4451 -0.5302
      outer loop
         vertex 986.0000 381.8377 -381.8377
         vertex 928.0000 300.0000 -519.6152
         vertex 928.0000 424.2641 -424.2641
      endloop
   endfacet
   facet normal 0.7216 0.5302 -0.4451
      outer loop
         vertex 986.0000 381.8377 -381.8377
         vertex 928.0000 424.2641 -424.2641
         vertex 928.0000 519.6152 -300.0000
      endloop
   endfacet
   facet normal 0.7216 0.5672 -0.3969
      outer loop
         vertex 986.0000 381.8377 -381.8377
         vertex 928.0000 519.6152 -300.0000
         vertex 986.0000 467.6537 -270.0000
      endloop
   endfacet
   facet normal 0.7216 0.6274 -0.2927
      outer loop
         vertex 986.0000 467.6537 -270.0000
         vertex 928.0000 519.6152 -300.0000
         vertex 928.0000 579.5555 -155.2914
      endloop
   endfacet
   facet normal 0.7216 0.6506 -0.2366
      outer loop
         vertex 986.0000 467.6537 -270.0000
         vertex 928.0000 579.5555 -155.2914
         vertex 986.0000 521.6000 -139.7623
      endloop
   endfacet
   facet normal 0.7216 0.6817 -0.1204
      outer loop
         vertex 986.0000 521.6000 -139.7623
         vertex 928.0000 579.5555 -155.2914
         vertex 928.0000 600.0000 0.0000
      endloop
   endfacet
   facet normal 0.7216 0.6897 -0.0602
      outer loop
         vertex 986.0000 521.6000 -139.7623
         vertex 928.0000 600.0000 0.0000
         vertex 986.0000 540.0000 0.0000
      endloop
   endfacet
   facet normal 0.0000 -0.9962 0.0869
      outer loop
         vertex 986.0000 -521.6000 139.7623
         vertex 986.0000 -540.0000 -0.0000
         vertex 1094.0000 -540.0000 0.0000
      endloop
   endfacet
   facet normal 0.0000 -0.9848 0.1739
      outer loop
         vertex 986.0000 -521.6000 139.7623
         vertex 1094.0000 -540.0000 0.0000
         vertex 1094.0000 -521.6000 139.7623
      endloop
   endfacet
   facet normal 0.0000 -0.9396 -0.3423
      outer loop
         vertex 1040.0000 -480.0000 -240.1934
         vertex 1094.0000 -480.0000 -240.1934
         vertex 1094.0000 -521.6000 -139.7623
      endloop
   endfacet
   facet normal 0.0000 -0.9536 -0.3009
      outer loop
         vertex 1040.0000 -480.0000 -240.1934
         vertex 1094.0000 -521.6000 -139.7623
         vertex 986.0000 -521.6000 -139.7623
      endloop
   endfacet
   facet normal 0.0000 -0.9239 -0.3827
      outer loop
         vertex 1040.0000 -480.0000 -240.1934
         vertex 986.0000 -521.6000 -139.7623
         vertex 986.0000 -467.6537 -270.0000
      endloop
   endfacet
   facet normal 0.0000 -0.8871 -0.4616
      outer loop
         vertex 1040.0000 -480.0000 -240.1934
         vertex 986.0000 -467.6537 -270.0000
         vertex 1040.0000 -467.6537 -270.0000
      endloop
   endfacet
   facet normal 0.0000 -0.9848 -0.1739
      outer loop
         vertex 986.0000 -521.6000 -139.7623
         vertex 1094.0000 -521.6000 -139.7623
         vertex 1094.0000 -540.0000 0.0000
      endloop
   endfacet
   facet normal 0.0000 -0.9962 -0.0869
      outer loop
         vertex 986.0000 -521.6000 -139.7623
         vertex 1094.0000 -540.0000 0.0000
         vertex 986.0000 -540.0000 -0.0000
      endloop
   endfacet
   facet normal -1.0000 0.0000 0.0000
      outer loop
         vertex 1040.0000 480.0000 -620.0000
         vertex 1040.0000 -480.0000 -620.0000
         vertex 1040.0000 -125.0000 -615.0000
      endloop
   endfacet
   facet normal -1.0000 0.0000 0.0000
      outer loop
         vertex 1040.0000 480.0000 -620.0000
         vertex 1040.0000 -125.0000 -615.0000
         vertex 1040.0000 125.0000 -615.0000
      endloop
   endfacet
   facet normal -1.0000 0.0000 0.0000
      outer loop
         vertex 1040.0000 480.0000 -620.0000
         vertex 1040.0000 125.0000 -615.0000
         vertex 1040.0000 139.7623 -521.6000
      endloop
   endfacet
   facet normal -1.0000 0.0000 0.0000
      outer loop
         vertex 1040.0000 480.0000 -620.0000
         vertex 1040.0000 139.7623 -521.6000
         vertex 1040.0000 270.0000 -467.6537
      endloop
   endfacet
   facet normal -1.0000 0.0000 0.0000
      outer loop
         vertex 1040.0000 480.0000 -620.0000
         vertex 1040.0000 270.0000 -467.6537
         vertex 1040.0000 381.8377 -381.8377
      endloop
   endfacet
   facet normal -1.0000 0.0000 0.0000
      outer loop
         vertex 1040.0000 480.0000 -620.0000
         vertex 1040.0000 381.8377 -381.8377
         vertex 1040.0000 467.6537 -270.0000
      endloop
   endfacet
   facet normal -1.0000 0.0000 0.0000
      outer loop
         vertex 1040.0000 480.0000 -620.0000
         vertex 1040.0000 467.6537 -270.0000
         vertex 1040.0000 480.0000 -240.1934
      endloop
   endfacet
   facet normal -1.0000 0.0000 0.0000
      outer loop
         vertex 1040.0000 -125.0000 -615.0000
         vertex 1040.0000 -480.0000 -620.0000
         vertex 1040.0000 -381.8377 -381.8377
      endloop
   endfacet
   facet normal -1.0000 0.0000 0.0000
      outer loop
         vertex 1040.0000 -125.0000 -615.0000
         vertex 1040.0000 -381.8377 -381.8377
         vertex 1040.0000 -270.0000 -467.6537
      endloop
   endfacet
   facet normal -1.0000 0.0000 0.0000
      outer loop
         vertex 1040.0000 -125.0000 -615.0000
         vertex 1040.0000 -270.0000 -467.6537
         vertex 1040.0000 -139.7623 -521.6000
      endloop
   endfacet
   facet normal -1.0000 0.0000 0.0000
      outer loop
         vertex 1040.0000 -125.0000 -615.0000
         vertex 1040.0000 -139.7623 -521.6000
         vertex 1040.0000 -125.0000 -523.5435
      endloop
   endfacet
   facet normal -1.0000 0.0000 0.0000
      outer loop
         vertex 1040.0000 -480.0000 -620.0000
         vertex 1040.0000 -480.0000 -240.1934
         vertex 1040.0000 -467.6537 -270.0000
      endloop
   endfacet
   facet normal -1.0000 0.0000 0.0000
      outer loop
         vertex 1040.0000 -480.0000 -620.0000
         vertex 1040.0000 -467.6537 -270.0000
         vertex 1040.0000 -381.8377 -381.8377
      endloop
   endfacet
   facet normal -1.0000 0.0000 0.0000
      outer loop
         vertex 1040.0000 139.7623 -521.6000
         vertex 1040.0000 125.0000 -615.0000
         vertex 1040.0000 125.0000 -523.5435
      endloop
   endfacet
   facet normal 0.0000 -0.3418 -0.9398
      outer loop
         vertex 986.0000 -270.0000 -467.6537
         vertex 986.0000 -139.7623 -521.6000
         vertex 1040.0000 -139.7623 -521.6000
      endloop
   endfacet
   facet normal 0.0000 -0.4228 -0.9062
      outer loop
         vertex 986.0000 -270.0000 -467.6537
         vertex 1040.0000 -139.7623 -521.6000
         vertex 1040.0000 -270.0000 -467.6537
      endloop
   endfacet
   facet normal 0.0000 -0.5734 -0.8193
      outer loop
         vertex 986.0000 -381.8377 -381.8377
         vertex 986.0000 -270.0000 -467.6537
         vertex 1040.0000 -270.0000 -467.6537
      endloop
   endfacet
   facet normal 0.0000 -0.6430 -0.7659
      outer loop
         vertex 986.0000 -381.8377 -381.8377
         vertex 1040.0000 -270.0000 -467.6537
         vertex 1040.0000 -381.8377 -381.8377
      endloop
   endfacet
   facet normal 0.0000 -0.7659 -0.6430
      outer loop
         vertex 986.0000 -467.6537 -270.0000
         vertex 986.0000 -381.8377 -381.8377
         vertex 1040.0000 -381.8377 -381.8377
      endloop
   endfacet
   facet normal 0.0000 -0.8193 -0.5734
      outer loop
         vertex 986.0000 -467.6537 -270.0000
         vertex 1040.0000 -381.8377 -381.8377
         vertex 1040.0000 -467.6537 -270.0000
      endloop
   endfacet
   facet normal 0.0000 0.9536 -0.3009
      outer loop
         vertex 986.0000 521.6000 -139.7623
         vertex 1094.0000 521.6000 -139.7623
         vertex 1094.0000 480.0000 -240.1934
      endloop
   endfacet
   facet normal 0.0000 0.9396 -0.3423
      outer loop
         vertex 986.0000 521.6000 -139.7623
         vertex 1094.0000 480.0000 -240.1934
         vertex 1040.0000 480.0000 -240.1934
      endloop
   endfacet
   facet normal 0.0000 0.9239 -0.3827
      outer loop
         vertex 986.0000 521.6000 -139.7623
         vertex 1040.0000 480.0000 -240.1934
         vertex 1040.0000 467.6537 -270.0000
      endloop
   endfacet
   facet normal 0.0000 0.9062 -0.4228
      outer loop
         vertex 986.0000 521.6000 -139.7623
         vertex 1040.0000 467.6537 -270.0000
         vertex 986.0000 467.6537 -270.0000
      endloop
   endfacet
   facet normal 0.0000 0.2162 -0.9763
      outer loop
         vertex 986.0000 125.0000 -523.5435
         vertex 986.0000 139.7623 -521.6000
         vertex 1040.0000 139.7623 -521.6000
      endloop
   endfacet
   facet normal 0.0000 0.1734 -0.9849
      outer loop
         vertex 986.0000 125.0000 -523.5435
         vertex 1040.0000 139.7623 -521.6000
         vertex 1040.0000 125.0000 -523.5435
      endloop
   endfacet
   facet normal 0.0000 -0.1734 -0.9849
      outer loop
         vertex 986.0000 -139.7623 -521.6000
         vertex 986.0000 -125.0000 -523.5435
         vertex 1040.0000 -125.0000 -523.5435
      endloop
   endfacet
   facet normal 0.0000 -0.2162 -0.9763
      outer loop
         vertex 986.0000 -139.7623 -521.6000
         vertex 1040.0000 -125.0000 -523.5435
         vertex 1040.0000 -139.7623 -521.6000
      endloop
   endfacet
   facet normal 0.0000 0.8193 -0.5734
      outer loop
         vertex 986.0000 381.8377 -381.8377
         vertex 986.0000 467.6537 -270.0000
         vertex 1040.0000 467.6537 -270.0000
      endloop
   endfacet
   facet normal 0.0000 0.7659 -0.6430
      outer loop
         vertex 986.0000 381.8377 -381.8377
         vertex 1040.0000 467.6537 -270.0000
         vertex 1040.0000 381.8377 -381.8377
      endloop
   endfacet
   facet normal 0.0000 0.6430 -0.7659
      outer loop
         vertex 986.0000 270.0000 -467.6537
         vertex 986.0000 381.8377 -381.8377
         vertex 1040.0000 381.8377 -381.8377
      endloop
   endfacet
   facet normal 0.0000 0.5734 -0.8193
      outer loop
         vertex 986.0000 270.0000 -467.6537
         vertex 1040.0000 381.8377 -381.8377
         vertex 1040.0000 270.0000 -467.6537
      endloop
   endfacet
   facet normal 0.0000 0.4228 -0.9062
      outer loop
         vertex 986.0000 139.7623 -521.6000
         vertex 986.0000 270.0000 -467.6537
         vertex 1040.0000 270.0000 -467.6537
      endloop
   endfacet
   facet normal 0.0000 0.3418 -0.9398
      outer loop
         vertex 986.0000 139.7623 -521.6000
         vertex 1040.0000 270.0000 -467.6537
         vertex 1040.0000 139.7623 -521.6000
      endloop
   endfacet
   facet normal 0.0000 -0.9398 0.3418
      outer loop
         vertex 986.0000 -467.6537 270.0000
         vertex 986.0000 -521.6000 139.7623
         vertex 1094.0000 -521.6000 139.7623
      endloop
   endfacet
   facet normal 0.0000 -0.9062 0.4228
      outer loop
         vertex 986.0000 -467.6537 270.0000
         vertex 1094.0000 -521.6000 139.7623
         vertex 1094.0000 -467.6537 270.0000
      endloop
   endfacet
   facet normal 0.0000 0.9848 0.1739
      outer loop
         vertex 986.0000 540.0000 0.0000
         vertex 986.0000 521.6000 139.7623
         vertex 1094.0000 521.6000 139.7623
      endloop
   endfacet
   facet normal 0.0000 0.9962 0.0869
      outer loop
         vertex 986.0000 540.0000 0.0000
         vertex 1094.0000 521.6000 139.7623
         vertex 1094.0000 540.0000 0.0000
      endloop
   endfacet
   facet normal 0.0000 0.9848 -0.1739
      outer loop
         vertex 1094.0000 521.6000 -139.7623
         vertex 986.0000 521.6000 -139.7623
         vertex 986.0000 540.0000 0.0000
      endloop
   endfacet
   facet normal 0.0000 0.9962 -0.0869
      outer loop
         vertex 1094.0000 521.6000 -139.7623
         vertex 986.0000 540.0000 0.0000
         vertex 1094.0000 540.0000 0.0000
      endloop
   endfacet
   facet normal 0.0000 0.6754 0.7374
      outer loop
         vertex 1094.0000 381.8377 381.8377
         vertex 1066.5604 381.8377 381.8377
         vertex 1094.0000 354.3981 402.8928
      endloop
   endfacet
   facet normal 0.0000 0.8433 0.5375
      outer loop
         vertex 1094.0000 467.6537 270.0000
         vertex 986.0000 467.6537 270.0000
         vertex 986.0000 422.5012 328.8439
      endloop
   endfacet
   facet normal 0.0000 0.8190 0.5738
      outer loop
         vertex 1094.0000 467.6537 270.0000
         vertex 986.0000 422.5012 328.8439
         vertex 1040.5001 407.8980 347.8752
      endloop
   endfacet
   facet normal 0.0000 0.7934 0.6088
      outer loop
         vertex 1094.0000 467.6537 270.0000
         vertex 1040.5001 407.8980 347.8752
         vertex 1066.5604 381.8377 381.8377
      endloop
   endfacet
   facet normal 0.0000 0.7659 0.6430
      outer loop
         vertex 1094.0000 467.6537 270.0000
         vertex 1066.5604 381.8377 381.8377
         vertex 1094.0000 381.8377 381.8377
      endloop
   endfacet
   facet normal 0.0000 0.9062 0.4228
      outer loop
         vertex 986.0000 467.6537 270.0000
         vertex 1094.0000 467.6537 270.0000
         vertex 1094.0000 521.6000 139.7623
      endloop
   endfacet
   facet normal 0.0000 0.9398 0.3418
      outer loop
         vertex 986.0000 467.6537 270.0000
         vertex 1094.0000 521.6000 139.7623
         vertex 986.0000 521.6000 139.7623
      endloop
   endfacet
   facet normal 0.0000 -0.8190 0.5738
      outer loop
         vertex 1040.5001 -407.8980 347.8752
         vertex 986.0000 -422.5012 328.8439
         vertex 986.0000 -467.6537 270.0000
      endloop
   endfacet
   facet normal 0.0000 -0.7934 0.6088
      outer loop
         vertex 1040.5001 -407.8980 347.8752
         vertex 986.0000 -467.6537 270.0000
         vertex 1094.0000 -381.8377 381.8377
      endloop
   endfacet
   facet normal 0.0000 -0.7374 0.6754
      outer loop
         vertex 1040.5001 -407.8980 347.8752
         vertex 1094.0000 -381.8377 381.8377
         vertex 1066.5604 -381.8377 381.8377
      endloop
   endfacet
   facet normal 0.0000 -0.8193 0.5734
      outer loop
         vertex 1094.0000 -381.8377 381.8377
         vertex 986.0000 -467.6537 270.0000
         vertex 1094.0000 -467.6537 270.0000
      endloop
   endfacet
   facet normal 0.0000 -0.6754 0.7374
      outer loop
         vertex 1094.0000 -354.3981 402.8928
         vertex 1066.5604 -381.8377 381.8377
         vertex 1094.0000 -381.8377 381.8377
      endloop
   endfacet
   facet normal 0.0000 0.0000 -1.0000
      outer loop
         vertex 1098.7789 172.5000 1130.0000
         vertex 1145.0001 -0.0000 1130.0000
         vertex 1115.0001 -0.0000 1130.0000
      endloop
   endfacet
   facet normal 0.0000 0.0000 -1.0000
      outer loop
         vertex 1115.0001 -0.0000 1130.0000
         vertex 1145.0001 -0.0000 1130.0000
         vertex 1098.7789 -172.5000 1130.0000
      endloop
   endfacet
   facet normal 0.0000 0.0000 -1.0000
      outer loop
         vertex 1115.0001 -0.0000 1130.0000
         vertex 1098.7789 -172.5000 1130.0000
         vertex 1072.7982 -157.5000 1130.0000
      endloop
   endfacet
   facet normal 0.0000 0.0000 -1.0000
      outer loop
         vertex 1072.7982 -157.5000 1130.0000
         vertex 1098.7789 -172.5000 1130.0000
         vertex 972.5002 -298.7788 1130.0000
      endloop
   endfacet
   facet normal 0.0000 0.0000 -1.0000
      outer loop
         vertex 1072.7982 -157.5000 1130.0000
         vertex 972.5002 -298.7788 1130.0000
         vertex 957.5002 -272.7980 1130.0000
      endloop
   endfacet
   facet normal 0.0000 0.0000 -1.0000
      outer loop
         vertex 957.5002 -272.7980 1130.0000
         vertex 972.5002 -298.7788 1130.0000
         vertex 800.0002 -345.0000 1130.0000
      endloop
   endfacet
   facet normal 0.0000 0.0000 -1.0000
      outer loop
         vertex 957.5002 -272.7980 1130.0000
         vertex 800.0002 -345.0000 1130.0000
         vertex 800.0002 -315.0000 1130.0000
      endloop
   endfacet
   facet normal 0.0000 0.0000 -1.0000
      outer loop
         vertex 800.0002 -315.0000 1130.0000
         vertex 800.0002 -345.0000 1130.0000
         vertex 642.5002 -272.7980 1130.0000
      endloop
   endfacet
   facet normal 0.0000 0.0000 -1.0000
      outer loop
         vertex 455.0002 0.0000 1130.0000
         vertex 485.0002 -0.0000 1130.0000
         vertex 501.2214 -172.5000 1130.0000
      endloop
   endfacet
   facet normal 0.0000 0.0000 -1.0000
      outer loop
         vertex 501.2214 -172.5000 1130.0000
         vertex 485.0002 -0.0000 1130.0000
         vertex 527.2022 -157.5000 1130.0000
      endloop
   endfacet
   facet normal 0.0000 0.0000 -1.0000
      outer loop
         vertex 501.2214 -172.5000 1130.0000
         vertex 527.2022 -157.5000 1130.0000
         vertex 627.5002 -298.7788 1130.0000
      endloop
   endfacet
   facet normal 0.0000 0.0000 -1.0000
      outer loop
         vertex 627.5002 -298.7788 1130.0000
         vertex 527.2022 -157.5000 1130.0000
         vertex 642.5002 -272.7980 1130.0000
      endloop
   endfacet
   facet normal 0.0000 0.0000 -1.0000
      outer loop
         vertex 627.5002 -298.7788 1130.0000
         vertex 642.5002 -272.7980 1130.0000
         vertex 800.0002 -345.0000 1130.0000
      endloop
   endfacet
   facet normal 0.0000 0.0000 -1.0000
      outer loop
         vertex 1072.7982 157.5000 1130.0000
         vertex 957.5002 272.7980 1130.0000
         vertex 972.5002 298.7788 1130.0000
      endloop
   endfacet
   facet normal 0.0000 0.0000 -1.0000
      outer loop
         vertex 1072.7982 157.5000 1130.0000
         vertex 972.5002 298.7788 1130.0000
         vertex 1098.7789 172.5000 1130.0000
      endloop
   endfacet
   facet normal 0.0000 0.0000 -1.0000
      outer loop
         vertex 1072.7982 157.5000 1130.0000
         vertex 1098.7789 172.5000 1130.0000
         vertex 1115.0001 -0.0000 1130.0000
      endloop
   endfacet
   facet normal 0.0000 0.0000 -1.0000
      outer loop
         vertex 485.0002 -0.0000 1130.0000
         vertex 501.2214 172.5000 1130.0000
         vertex 527.2022 157.5000 1130.0000
      endloop
   endfacet
   facet normal 0.0000 0.0000 -1.0000
      outer loop
         vertex 527.2022 157.5000 1130.0000
         vertex 501.2214 172.5000 1130.0000
         vertex 627.5002 298.7788 1130.0000
      endloop
   endfacet
   facet normal 0.0000 0.0000 -1.0000
      outer loop
         vertex 527.2022 157.5000 1130.0000
         vertex 627.5002 298.7788 1130.0000
         vertex 642.5002 272.7980 1130.0000
      endloop
   endfacet
   facet normal 0.0000 0.0000 -1.0000
      outer loop
         vertex 642.5002 272.7980 1130.0000
         vertex 627.5002 298.7788 1130.0000
         vertex 800.0002 345.0000 1130.0000
      endloop
   endfacet
   facet normal 0.0000 0.0000 -1.0000
      outer loop
         vertex 642.5002 272.7980 1130.0000
         vertex 800.0002 345.0000 1130.0000
         vertex 800.0002 315.0000 1130.0000
      endloop
   endfacet
   facet normal 0.0000 0.0000 -1.0000
      outer loop
         vertex 800.0002 315.0000 1130.0000
         vertex 800.0002 345.0000 1130.0000
         vertex 972.5002 298.7788 1130.0000
      endloop
   endfacet
   facet normal 0.0000 0.0000 -1.0000
      outer loop
         vertex 800.0002 315.0000 1130.0000
         vertex 972.5002 298.7788 1130.0000
         vertex 957.5002 272.7980 1130.0000
      endloop
   endfacet
   facet normal 0.0000 0.0000 -1.0000
      outer loop
         vertex 501.2214 172.5000 1130.0000
         vertex 485.0002 -0.0000 1130.0000
         vertex 455.0002 0.0000 1130.0000
      endloop
   endfacet
   facet normal 0.9851 0.1719 0.0000
      outer loop
         vertex 1072.7982 157.5000 1130.0000
         vertex 1115.0001 -0.0000 1130.0000
         vertex 1115.0001 -0.0000 1095.0000
      endloop
   endfacet
   facet normal 0.9391 0.3437 0.0000
      outer loop
         vertex 1072.7982 157.5000 1130.0000
         vertex 1115.0001 -0.0000 1095.0000
         vertex 1072.7982 157.5000 1095.0000
      endloop
   endfacet
   facet normal 0.9391 -0.3437 0.0000
      outer loop
         vertex 1115.0001 -0.0000 1130.0000
         vertex 1072.7982 -157.5000 1130.0000
         vertex 1072.7982 -157.5000 1095.0000
      endloop
   endfacet
   facet normal 0.9851 -0.1719 0.0000
      outer loop
         vertex 1115.0001 -0.0000 1130.0000
         vertex 1072.7982 -157.5000 1095.0000
         vertex 1115.0001 -0.0000 1095.0000
      endloop
   endfacet
   facet normal 0.0000 0.0000 1.0000
      outer loop
         vertex 1098.7789 -172.5000 1160.0000
         vertex 1145.0001 -0.0000 1160.0000
         vertex 1115.0001 -0.0000 1160.0000
      endloop
   endfacet
   facet normal 0.0000 0.0000 1.0000
      outer loop
         vertex 1115.0001 -0.0000 1160.0000
         vertex 1145.0001 -0.0000 1160.0000
         vertex 1098.7789 172.5000 1160.0000
      endloop
   endfacet
   facet normal 0.0000 0.0000 1.0000
      outer loop
         vertex 1115.0001 -0.0000 1160.0000
         vertex 1098.7789 172.5000 1160.0000
         vertex 1072.7982 157.5000 1160.0000
      endloop
   endfacet
   facet normal 0.0000 0.0000 1.0000
      outer loop
         vertex 1072.7982 157.5000 1160.0000
         vertex 1098.7789 172.5000 1160.0000
         vertex 972.5002 298.7788 1160.0000
      endloop
   endfacet
   facet normal 0.0000 0.0000 1.0000
      outer loop
         vertex 1072.7982 157.5000 1160.0000
         vertex 972.5002 298.7788 1160.0000
         vertex 957.5002 272.7980 1160.0000
      endloop
   endfacet
   facet normal 0.0000 0.0000 1.0000
      outer loop
         vertex 957.5002 272.7980 1160.0000
         vertex 972.5002 298.7788 1160.0000
         vertex 800.0002 345.0000 1160.0000
      endloop
   endfacet
   facet normal 0.0000 0.0000 1.0000
      outer loop
         vertex 957.5002 272.7980 1160.0000
         vertex 800.0002 345.0000 1160.0000
         vertex 800.0002 315.0000 1160.0000
      endloop
   endfacet
   facet normal 0.0000 0.0000 1.0000
      outer loop
         vertex 800.0002 315.0000 1160.0000
         vertex 800.0002 345.0000 1160.0000
         vertex 642.5002 272.7980 1160.0000
      endloop
   endfacet
   facet normal 0.0000 0.0000 1.0000
      outer loop
         vertex 455.0002 0.0000 1160.0000
         vertex 485.0002 -0.0000 1160.0000
         vertex 501.2214 172.5000 1160.0000
      endloop
   endfacet
   facet normal 0.0000 0.0000 1.0000
      outer loop
         vertex 501.2214 172.5000 1160.0000
         vertex 485.0002 -0.0000 1160.0000
         vertex 527.2022 157.5000 1160.0000
      endloop
   endfacet
   facet normal 0.0000 0.0000 1.0000
      outer loop
         vertex 501.2214 172.5000 1160.0000
         vertex 527.2022 157.5000 1160.0000
         vertex 627.5002 298.7788 1160.0000
      endloop
   endfacet
   facet normal 0.0000 0.0000 1.0000
      outer loop
         vertex 627.5002 298.7788 1160.0000
         vertex 527.2022 157.5000 1160.0000
         vertex 642.5002 272.7980 1160.0000
      endloop
   endfacet
   facet normal 0.0000 0.0000 1.0000
      outer loop
         vertex 627.5002 298.7788 1160.0000
         vertex 642.5002 272.7980 1160.0000
         vertex 800.0002 345.0000 1160.0000
      endloop
   endfacet
   facet normal 0.0000 0.0000 1.0000
      outer loop
         vertex 1072.7982 -157.5000 1160.0000
         vertex 957.5002 -272.7980 1160.0000
         vertex 972.5002 -298.7788 1160.0000
      endloop
   endfacet
   facet normal 0.0000 0.0000 1.0000
      outer loop
         vertex 1072.7982 -157.5000 1160.0000
         vertex 972.5002 -298.7788 1160.0000
         vertex 1098.7789 -172.5000 1160.0000
      endloop
   endfacet
   facet normal 0.0000 0.0000 1.0000
      outer loop
         vertex 1072.7982 -157.5000 1160.0000
         vertex 1098.7789 -172.5000 1160.0000
         vertex 1115.0001 -0.0000 1160.0000
      endloop
   endfacet
   facet normal 0.0000 0.0000 1.0000
      outer loop
         vertex 485.0002 -0.0000 1160.0000
         vertex 501.2214 -172.5000 1160.0000
         vertex 527.2022 -157.5000 1160.0000
      endloop
   endfacet
   facet normal 0.0000 0.0000 1.0000
      outer loop
         vertex 527.2022 -157.5000 1160.0000
         vertex 501.2214 -172.5000 1160.0000
         vertex 627.5002 -298.7788 1160.0000
      endloop
   endfacet
   facet normal 0.0000 0.0000 1.0000
      outer loop
         vertex 527.2022 -157.5000 1160.0000
         vertex 627.5002 -298.7788 1160.0000
         vertex 642.5002 -272.7980 1160.0000
      endloop
   endfacet
   facet normal 0.0000 0.0000 1.0000
      outer loop
         vertex 642.5002 -272.7980 1160.0000
         vertex 627.5002 -298.7788 1160.0000
         vertex 800.0002 -345.0000 1160.0000
      endloop
   endfacet
   facet normal 0.0000 0.0000 1.0000
      outer loop
         vertex 642.5002 -272.7980 1160.0000
         vertex 800.0002 -345.0000 1160.0000
         vertex 800.0002 -315.0000 1160.0000
      endloop
   endfacet
   facet normal 0.0000 0.0000 1.0000
      outer loop
         vertex 800.0002 -315.0000 1160.0000
         vertex 800.0002 -345.0000 1160.0000
         vertex 972.5002 -298.7788 1160.0000
      endloop
   endfacet
   facet normal 0.0000 0.0000 1.0000
      outer loop
         vertex 800.0002 -315.0000 1160.0000
         vertex 972.5002 -298.7788 1160.0000
         vertex 957.5002 -272.7980 1160.0000
      endloop
   endfacet
   facet normal 0.0000 0.0000 1.0000
      outer loop
         vertex 501.2214 -172.5000 1160.0000
         vertex 485.0002 -0.0000 1160.0000
         vertex 455.0002 0.0000 1160.0000
      endloop
   endfacet
   facet normal 0.0000 0.0000 -1.0000
      outer loop
         vertex 1087.5204 166.0000 1617.0000
         vertex 1132.0000 -0.0000 1617.0000
         vertex 1115.0001 -0.0000 1617.0000
      endloop
   endfacet
   facet normal 0.0000 0.0000 -1.0000
      outer loop
         vertex 1115.0001 -0.0000 1617.0000
         vertex 1132.0000 -0.0000 1617.0000
         vertex 1087.5204 -166.0000 1617.0000
      endloop
   endfacet
   facet normal 0.0000 0.0000 -1.0000
      outer loop
         vertex 1115.0001 -0.0000 1617.0000
         vertex 1087.5204 -166.0000 1617.0000
         vertex 1072.7982 -157.5000 1617.0000
      endloop
   endfacet
   facet normal 0.0000 0.0000 -1.0000
      outer loop
         vertex 1072.7982 -157.5000 1617.0000
         vertex 1087.5204 -166.0000 1617.0000
         vertex 966.0000 -287.5204 1617.0000
      endloop
   endfacet
   facet normal 0.0000 0.0000 -1.0000
      outer loop
         vertex 1072.7982 -157.5000 1617.0000
         vertex 966.0000 -287.5204 1617.0000
         vertex 957.5002 -272.7980 1617.0000
      endloop
   endfacet
   facet normal 0.0000 0.0000 -1.0000
      outer loop
         vertex 957.5002 -272.7980 1617.0000
         vertex 966.0000 -287.5204 1617.0000
         vertex 800.0002 -315.0000 1617.0000
      endloop
   endfacet
   facet normal 0.0000 0.0000 -1.0000
      outer loop
         vertex 800.0000 -332.0000 1617.0000
         vertex 634.0002 -287.5205 1617.0000
         vertex 642.5002 -272.7980 1617.0000
      endloop
   endfacet
   facet normal 0.0000 0.0000 -1.0000
      outer loop
         vertex 800.0000 -332.0000 1617.0000
         vertex 642.5002 -272.7980 1617.0000
         vertex 800.0002 -315.0000 1617.0000
      endloop
   endfacet
   facet normal 0.0000 0.0000 -1.0000
      outer loop
         vertex 800.0000 -332.0000 1617.0000
         vertex 800.0002 -315.0000 1617.0000
         vertex 966.0000 -287.5204 1617.0000
      endloop
   endfacet
   facet normal 0.0000 0.0000 -1.0000
      outer loop
         vertex 468.0000 0.0000 1617.0000
         vertex 485.0002 0.0000 1617.0000
         vertex 512.4796 -166.0000 1617.0000
      endloop
   endfacet
   facet normal 0.0000 0.0000 -1.0000
      outer loop
         vertex 512.4796 -166.0000 1617.0000
         vertex 485.0002 0.0000 1617.0000
         vertex 527.2022 -157.5000 1617.0000
      endloop
   endfacet
   facet normal 0.0000 0.0000 -1.0000
      outer loop
         vertex 512.4796 -166.0000 1617.0000
         vertex 527.2022 -157.5000 1617.0000
         vertex 634.0000 -287.5204 1617.0000
      endloop
   endfacet
   facet normal 0.0000 0.0000 -1.0000
      outer loop
         vertex 634.0000 -287.5204 1617.0000
         vertex 527.2022 -157.5000 1617.0000
         vertex 642.5002 -272.7980 1617.0000
      endloop
   endfacet
   facet normal 0.0000 0.0000 -1.0000
      outer loop
         vertex 634.0000 -287.5204 1617.0000
         vertex 642.5002 -272.7980 1617.0000
         vertex 634.0002 -287.5205 1617.0000
      endloop
   endfacet
   facet normal 0.0000 0.0000 -1.0000
      outer loop
         vertex 1072.7982 157.5000 1617.0000
         vertex 957.5002 272.7980 1617.0000
         vertex 966.0000 287.5204 1617.0000
      endloop
   endfacet
   facet normal 0.0000 0.0000 -1.0000
      outer loop
         vertex 1072.7982 157.5000 1617.0000
         vertex 966.0000 287.5204 1617.0000
         vertex 1087.5204 166.0000 1617.0000
      endloop
   endfacet
   facet normal 0.0000 0.0000 -1.0000
      outer loop
         vertex 1072.7982 157.5000 1617.0000
         vertex 1087.5204 166.0000 1617.0000
         vertex 1115.0001 -0.0000 1617.0000
      endloop
   endfacet
   facet normal 0.0000 0.0000 -1.0000
      outer loop
         vertex 485.0002 0.0000 1617.0000
         vertex 512.4796 166.0000 1617.0000
         vertex 527.2022 157.5000 1617.0000
      endloop
   endfacet
   facet normal 0.0000 0.0000 -1.0000
      outer loop
         vertex 527.2022 157.5000 1617.0000
         vertex 512.4796 166.0000 1617.0000
         vertex 634.0000 287.5204 1617.0000
      endloop
   endfacet
   facet normal 0.0000 0.0000 -1.0000
      outer loop
         vertex 527.2022 157.5000 1617.0000
         vertex 634.0000 287.5204 1617.0000
         vertex 642.5002 272.7980 1617.0000
      endloop
   endfacet
   facet normal 0.0000 0.0000 -1.0000
      outer loop
         vertex 642.5002 272.7980 1617.0000
         vertex 634.0000 287.5204 1617.0000
         vertex 800.0000 332.0000 1617.0000
      endloop
   endfacet
   facet normal 0.0000 0.0000 -1.0000
      outer loop
         vertex 642.5002 272.7980 1617.0000
         vertex 800.0000 332.0000 1617.0000
         vertex 800.0002 315.0000 1617.0000
      endloop
   endfacet
   facet normal 0.0000 0.0000 -1.0000
      outer loop
         vertex 800.0002 315.0000 1617.0000
         vertex 800.0000 332.0000 1617.0000
         vertex 966.0000 287.5204 1617.0000
      endloop
   endfacet
   facet normal 0.0000 0.0000 -1.0000
      outer loop
         vertex 800.0002 315.0000 1617.0000
         vertex 966.0000 287.5204 1617.0000
         vertex 957.5002 272.7980 1617.0000
      endloop
   endfacet
   facet normal 0.0000 0.0000 -1.0000
      outer loop
         vertex 512.4796 166.0000 1617.0000
         vertex 485.0002 0.0000 1617.0000
         vertex 468.0000 0.0000 1617.0000
      endloop
   endfacet
   facet normal 0.9851 0.1719 0.0000
      outer loop
         vertex 1072.7982 157.5000 1617.0000
         vertex 1115.0001 -0.0000 1617.0000
         vertex 1115.0001 -0.0000 1160.0000
      endloop
   endfacet
   facet normal 0.9391 0.3437 0.0000
      outer loop
         vertex 1072.7982 157.5000 1617.0000
         vertex 1115.0001 -0.0000 1160.0000
         vertex 1072.7982 157.5000 1160.0000
      endloop
   endfacet
   facet normal 0.9391 -0.3437 0.0000
      outer loop
         vertex 1115.0001 -0.0000 1617.0000
         vertex 1072.7982 -157.5000 1617.0000
         vertex 1072.7982 -157.5000 1160.0000
      endloop
   endfacet
   facet normal 0.9851 -0.1719 0.0000
      outer loop
         vertex 1115.0001 -0.0000 1617.0000
         vertex 1072.7982 -157.5000 1160.0000
         vertex 1115.0001 -0.0000 1160.0000
      endloop
   endfacet
   facet normal -0.9851 0.1719 0.0000
      outer loop
         vertex 1087.5204 -166.0000 1647.0000
         vertex 1132.0000 -0.0000 1647.0000
         vertex 1132.0000 0.0000 1646.0000
      endloop
   endfacet
   facet normal -0.9391 0.3437 0.0000
      outer loop
         vertex 1087.5204 -166.0000 1647.0000
         vertex 1132.0000 0.0000 1646.0000
         vertex 1087.5204 -166.0000 1646.0000
      endloop
   endfacet
   facet normal -0.9391 -0.3437 0.0000
      outer loop
         vertex 1132.0000 -0.0000 1647.0000
         vertex 1087.5204 166.0000 1647.0000
         vertex 1087.5204 166.0000 1646.0000
      endloop
   endfacet
   facet normal -0.9851 -0.1719 0.0000
      outer loop
         vertex 1132.0000 -0.0000 1647.0000
         vertex 1087.5204 166.0000 1646.0000
         vertex 1132.0000 0.0000 1646.0000
      endloop
   endfacet
   facet normal 0.0000 -0.9962 0.0869
      outer loop
         vertex 1152.0000 -579.5555 155.2914
         vertex 1152.0000 -600.0000 0.0000
         vertex 1188.0000 -600.0000 0.0000
      endloop
   endfacet
   facet normal 0.0000 -0.9848 0.1739
      outer loop
         vertex 1152.0000 -579.5555 155.2914
         vertex 1188.0000 -600.0000 0.0000
         vertex 1188.0000 -579.5555 155.2914
      endloop
   endfacet
   facet normal 0.0000 -0.9398 -0.3418
      outer loop
         vertex 1188.0000 -519.6152 -300.0000
         vertex 1188.0000 -579.5555 -155.2914
         vertex 1152.0000 -579.5555 -155.2914
      endloop
   endfacet
   facet normal 0.0000 -0.9062 -0.4228
      outer loop
         vertex 1188.0000 -519.6152 -300.0000
         vertex 1152.0000 -579.5555 -155.2914
         vertex 1152.0000 -519.6152 -300.0000
      endloop
   endfacet
   facet normal 0.0000 -0.9848 -0.1739
      outer loop
         vertex 1152.0000 -600.0000 0.0000
         vertex 1152.0000 -579.5555 -155.2914
         vertex 1188.0000 -579.5555 -155.2914
      endloop
   endfacet
   facet normal 0.0000 -0.9962 -0.0869
      outer loop
         vertex 1152.0000 -600.0000 0.0000
         vertex 1188.0000 -579.5555 -155.2914
         vertex 1188.0000 -600.0000 0.0000
      endloop
   endfacet
   facet normal 0.0000 0.0000 -1.0000
      outer loop
         vertex 1240.0000 -480.0000 -620.0000
         vertex 1040.0000 -480.0000 -620.0000
         vertex 1040.0000 480.0000 -620.0000
      endloop
   endfacet
   facet normal 0.0000 0.0000 -1.0000
      outer loop
         vertex 1240.0000 -480.0000 -620.0000
         vertex 1040.0000 480.0000 -620.0000
         vertex 1240.0000 480.0000 -620.0000
      endloop
   endfacet
   facet normal 0.0000 -0.8190 -0.5738
      outer loop
         vertex 1152.0000 -519.6152 -300.0000
         vertex 1152.0000 -480.0000 -351.6276
         vertex 1188.0000 -480.0000 -351.6276
      endloop
   endfacet
   facet normal 0.0000 -0.8433 -0.5375
      outer loop
         vertex 1152.0000 -519.6152 -300.0000
         vertex 1188.0000 -480.0000 -351.6276
         vertex 1188.0000 -519.6152 -300.0000
      endloop
   endfacet
   facet normal 0.0000 -1.0000 0.0000
      outer loop
         vertex 1232.2190 -480.0000 -277.1281
         vertex 1188.0000 -480.0000 -351.6276
         vertex 1040.0000 -480.0000 -620.0000
      endloop
   endfacet
   facet normal 0.0000 -1.0000 0.0000
      outer loop
         vertex 1040.0000 -480.0000 -620.0000
         vertex 1188.0000 -480.0000 -351.6276
         vertex 1152.0000 -480.0000 -351.6276
      endloop
   endfacet
   facet normal 0.0000 -1.0000 0.0000
      outer loop
         vertex 1040.0000 -480.0000 -620.0000
         vertex 1152.0000 -480.0000 -351.6276
         vertex 1040.0000 -480.0000 -240.1934
      endloop
   endfacet
   facet normal 0.0000 -1.0000 0.0000
      outer loop
         vertex 1040.0000 -480.0000 -240.1934
         vertex 1152.0000 -480.0000 -351.6276
         vertex 1107.7810 -480.0000 -277.1281
      endloop
   endfacet
   facet normal 0.0000 -1.0000 0.0000
      outer loop
         vertex 1040.0000 -480.0000 -240.1934
         vertex 1107.7810 -480.0000 -277.1281
         vertex 1094.0000 -480.0000 -240.1934
      endloop
   endfacet
   facet normal 0.0000 -1.0000 0.0000
      outer loop
         vertex 1232.2190 -480.0000 -277.1281
         vertex 1040.0000 -480.0000 -620.0000
         vertex 1240.0000 -480.0000 -620.0000
      endloop
   endfacet
   facet normal 0.0000 -1.0000 0.0000
      outer loop
         vertex 1232.2190 -480.0000 -277.1281
         vertex 1240.0000 -480.0000 -620.0000
         vertex 1240.0000 -480.0000 -256.2741
      endloop
   endfacet
   facet normal 0.0000 0.9062 -0.4228
      outer loop
         vertex 1188.0000 579.5555 -155.2914
         vertex 1188.0000 519.6152 -300.0000
         vertex 1152.0000 519.6152 -300.0000
      endloop
   endfacet
   facet normal 0.0000 0.9398 -0.3418
      outer loop
         vertex 1188.0000 579.5555 -155.2914
         vertex 1152.0000 519.6152 -300.0000
         vertex 1152.0000 579.5555 -155.2914
      endloop
   endfacet
   facet normal 0.0000 0.8433 -0.5375
      outer loop
         vertex 1152.0000 480.0000 -351.6276
         vertex 1152.0000 519.6152 -300.0000
         vertex 1188.0000 519.6152 -300.0000
      endloop
   endfacet
   facet normal 0.0000 0.8190 -0.5738
      outer loop
         vertex 1152.0000 480.0000 -351.6276
         vertex 1188.0000 519.6152 -300.0000
         vertex 1188.0000 480.0000 -351.6276
      endloop
   endfacet
   facet normal 0.0000 -0.9398 0.3418
      outer loop
         vertex 1152.0000 -519.6152 300.0000
         vertex 1152.0000 -579.5555 155.2914
         vertex 1188.0000 -579.5555 155.2914
      endloop
   endfacet
   facet normal 0.0000 -0.9062 0.4228
      outer loop
         vertex 1152.0000 -519.6152 300.0000
         vertex 1188.0000 -579.5555 155.2914
         vertex 1188.0000 -519.6152 300.0000
      endloop
   endfacet
   facet normal 0.0000 0.9848 0.1739
      outer loop
         vertex 1152.0000 600.0000 0.0000
         vertex 1152.0000 579.5555 155.2914
         vertex 1188.0000 579.5555 155.2914
      endloop
   endfacet
   facet normal 0.0000 0.9962 0.0869
      outer loop
         vertex 1152.0000 600.0000 0.0000
         vertex 1188.0000 579.5555 155.2914
         vertex 1188.0000 600.0000 0.0000
      endloop
   endfacet
   facet normal 0.0000 0.9962 -0.0869
      outer loop
         vertex 1152.0000 579.5555 -155.2914
         vertex 1152.0000 600.0000 0.0000
         vertex 1188.0000 600.0000 0.0000
      endloop
   endfacet
   facet normal 0.0000 0.9848 -0.1739
      outer loop
         vertex 1152.0000 579.5555 -155.2914
         vertex 1188.0000 600.0000 0.0000
         vertex 1188.0000 579.5555 -155.2914
      endloop
   endfacet
   facet normal 0.0000 0.5734 0.8193
      outer loop
         vertex 1152.0000 424.2641 424.2641
         vertex 1152.0000 300.0000 519.6152
         vertex 1188.0000 300.0000 519.6152
      endloop
   endfacet
   facet normal 0.0000 0.6430 0.7659
      outer loop
         vertex 1152.0000 424.2641 424.2641
         vertex 1188.0000 300.0000 519.6152
         vertex 1188.0000 424.2641 424.2641
      endloop
   endfacet
   facet normal 0.0000 0.7659 0.6430
      outer loop
         vertex 1152.0000 519.6152 300.0000
         vertex 1152.0000 424.2641 424.2641
         vertex 1188.0000 424.2641 424.2641
      endloop
   endfacet
   facet normal 0.0000 0.8193 0.5734
      outer loop
         vertex 1152.0000 519.6152 300.0000
         vertex 1188.0000 424.2641 424.2641
         vertex 1188.0000 519.6152 300.0000
      endloop
   endfacet
   facet normal 0.0000 0.9062 0.4228
      outer loop
         vertex 1152.0000 579.5555 155.2914
         vertex 1152.0000 519.6152 300.0000
         vertex 1188.0000 519.6152 300.0000
      endloop
   endfacet
   facet normal 0.0000 0.9398 0.3418
      outer loop
         vertex 1152.0000 579.5555 155.2914
         vertex 1188.0000 519.6152 300.0000
         vertex 1188.0000 579.5555 155.2914
      endloop
   endfacet
   facet normal 0.0000 -0.8193 0.5734
      outer loop
         vertex 1152.0000 -424.2641 424.2641
         vertex 1152.0000 -519.6152 300.0000
         vertex 1188.0000 -519.6152 300.0000
      endloop
   endfacet
   facet normal 0.0000 -0.7659 0.6430
      outer loop
         vertex 1152.0000 -424.2641 424.2641
         vertex 1188.0000 -519.6152 300.0000
         vertex 1188.0000 -424.2641 424.2641
      endloop
   endfacet
   facet normal 0.0000 0.4224 0.9064
      outer loop
         vertex 1152.0000 300.0000 519.6152
         vertex 1152.0000 296.3981 521.1072
         vertex 1188.0000 260.3981 536.0189
      endloop
   endfacet
   facet normal 0.0000 0.4616 0.8871
      outer loop
         vertex 1152.0000 300.0000 519.6152
         vertex 1188.0000 260.3981 536.0189
         vertex 1188.0000 300.0000 519.6152
      endloop
   endfacet
   facet normal 0.8181 0.5751 0.0000
      outer loop
         vertex 1212.8981 235.5000 1095.0000
         vertex 1212.8981 235.5000 518.6917
         vertex 1188.0000 260.3981 536.0189
      endloop
   endfacet
   facet normal 0.7646 0.6445 0.0000
      outer loop
         vertex 1212.8981 235.5000 1095.0000
         vertex 1188.0000 260.3981 536.0189
         vertex 1152.0000 296.3981 521.1072
      endloop
   endfacet
   facet normal 0.7646 0.6445 0.0000
      outer loop
         vertex 1212.8981 235.5000 1095.0000
         vertex 1152.0000 296.3981 521.1072
         vertex 1149.6260 298.7721 517.4884
      endloop
   endfacet
   facet normal 0.7646 0.6445 0.0000
      outer loop
         vertex 1212.8981 235.5000 1095.0000
         vertex 1149.6260 298.7721 517.4884
         vertex 1094.0000 354.3981 402.8928
      endloop
   endfacet
   facet normal 0.7646 0.6445 0.0000
      outer loop
         vertex 1212.8981 235.5000 1095.0000
         vertex 1094.0000 354.3981 402.8928
         vertex 1066.5604 381.8377 381.8377
      endloop
   endfacet
   facet normal 0.7071 0.7071 0.0000
      outer loop
         vertex 1212.8981 235.5000 1095.0000
         vertex 1066.5604 381.8377 381.8377
         vertex 1040.5001 407.8980 347.8752
      endloop
   endfacet
   facet normal 0.6414 0.7672 0.0000
      outer loop
         vertex 1212.8981 235.5000 1095.0000
         vertex 1040.5001 407.8980 347.8752
         vertex 1040.5001 407.8980 1095.0000
      endloop
   endfacet
   facet normal 0.0000 -0.6430 0.7659
      outer loop
         vertex 1152.0000 -300.0000 519.6152
         vertex 1152.0000 -424.2641 424.2641
         vertex 1188.0000 -424.2641 424.2641
      endloop
   endfacet
   facet normal 0.0000 -0.5734 0.8193
      outer loop
         vertex 1152.0000 -300.0000 519.6152
         vertex 1188.0000 -424.2641 424.2641
         vertex 1188.0000 -300.0000 519.6152
      endloop
   endfacet
   facet normal 0.0000 -0.4616 0.8871
      outer loop
         vertex 1152.0000 -296.3981 521.1072
         vertex 1152.0000 -300.0000 519.6152
         vertex 1188.0000 -300.0000 519.6152
      endloop
   endfacet
   facet normal 0.0000 -0.4224 0.9064
      outer loop
         vertex 1152.0000 -296.3981 521.1072
         vertex 1188.0000 -300.0000 519.6152
         vertex 1188.0000 -260.3981 536.0189
      endloop
   endfacet
   facet normal 0.5751 -0.8181 0.0000
      outer loop
         vertex 1040.5001 -407.8980 1095.0000
         vertex 1040.5001 -407.8980 347.8752
         vertex 1066.5604 -381.8377 381.8377
      endloop
   endfacet
   facet normal 0.6445 -0.7646 0.0000
      outer loop
         vertex 1040.5001 -407.8980 1095.0000
         vertex 1066.5604 -381.8377 381.8377
         vertex 1094.0000 -354.3981 402.8928
      endloop
   endfacet
   facet normal 0.6445 -0.7646 0.0000
      outer loop
         vertex 1040.5001 -407.8980 1095.0000
         vertex 1094.0000 -354.3981 402.8928
         vertex 1149.6260 -298.7721 517.4884
      endloop
   endfacet
   facet normal 0.6445 -0.7646 0.0000
      outer loop
         vertex 1040.5001 -407.8980 1095.0000
         vertex 1149.6260 -298.7721 517.4884
         vertex 1152.0000 -296.3981 521.1072
      endloop
   endfacet
   facet normal 0.6445 -0.7646 0.0000
      outer loop
         vertex 1040.5001 -407.8980 1095.0000
         vertex 1152.0000 -296.3981 521.1072
         vertex 1188.0000 -260.3981 536.0189
      endloop
   endfacet
   facet normal 0.7071 -0.7071 0.0000
      outer loop
         vertex 1040.5001 -407.8980 1095.0000
         vertex 1188.0000 -260.3981 536.0189
         vertex 1212.8981 -235.5000 518.6917
      endloop
   endfacet
   facet normal 0.7672 -0.6414 0.0000
      outer loop
         vertex 1040.5001 -407.8980 1095.0000
         vertex 1212.8981 -235.5000 518.6917
         vertex 1212.8981 -235.5000 1095.0000
      endloop
   endfacet
   facet normal 0.0000 0.0000 1.0000
      outer loop
         vertex 1212.8981 235.5000 1095.0000
         vertex 1040.5001 407.8980 1095.0000
         vertex 1072.7982 157.5000 1095.0000
      endloop
   endfacet
   facet normal 0.0000 0.0000 1.0000
      outer loop
         vertex 1212.8981 235.5000 1095.0000
         vertex 1072.7982 157.5000 1095.0000
         vertex 1115.0001 -0.0000 1095.0000
      endloop
   endfacet
   facet normal 0.0000 0.0000 1.0000
      outer loop
         vertex 1212.8981 235.5000 1095.0000
         vertex 1115.0001 -0.0000 1095.0000
         vertex 1212.8981 -235.5000 1095.0000
      endloop
   endfacet
   facet normal 0.0000 0.0000 1.0000
      outer loop
         vertex 1212.8981 235.5000 1095.0000
         vertex 1212.8981 -235.5000 1095.0000
         vertex 1276.0001 -0.0000 1095.0000
      endloop
   endfacet
   facet normal 0.0000 0.0000 1.0000
      outer loop
         vertex 642.5002 272.7980 1095.0000
         vertex 800.0002 315.0000 1095.0000
         vertex 805.0001 471.0000 1095.0000
      endloop
   endfacet
   facet normal 0.0000 0.0000 1.0000
      outer loop
         vertex 805.0001 471.0000 1095.0000
         vertex 800.0002 315.0000 1095.0000
         vertex 957.5002 272.7980 1095.0000
      endloop
   endfacet
   facet normal 0.0000 0.0000 1.0000
      outer loop
         vertex 805.0001 471.0000 1095.0000
         vertex 957.5002 272.7980 1095.0000
         vertex 1040.5001 407.8980 1095.0000
      endloop
   endfacet
   facet normal 0.0000 0.0000 1.0000
      outer loop
         vertex 1040.5001 407.8980 1095.0000
         vertex 957.5002 272.7980 1095.0000
         vertex 1072.7982 157.5000 1095.0000
      endloop
   endfacet
   facet normal 0.0000 0.0000 1.0000
      outer loop
         vertex 569.5001 407.8980 1095.0000
         vertex 397.1021 235.5000 1095.0000
         vertex 485.0002 0.0000 1095.0000
      endloop
   endfacet
   facet normal 0.0000 0.0000 1.0000
      outer loop
         vertex 569.5001 407.8980 1095.0000
         vertex 485.0002 0.0000 1095.0000
         vertex 527.2022 157.5000 1095.0000
      endloop
   endfacet
   facet normal 0.0000 0.0000 1.0000
      outer loop
         vertex 569.5001 407.8980 1095.0000
         vertex 527.2022 157.5000 1095.0000
         vertex 642.5002 272.7980 1095.0000
      endloop
   endfacet
   facet normal 0.0000 0.0000 1.0000
      outer loop
         vertex 569.5001 407.8980 1095.0000
         vertex 642.5002 272.7980 1095.0000
         vertex 805.0001 471.0000 1095.0000
      endloop
   endfacet
   facet normal 0.0000 0.0000 1.0000
      outer loop
         vertex 800.0002 -315.0000 1095.0000
         vertex 805.0001 -471.0000 1095.0000
         vertex 957.5002 -272.7980 1095.0000
      endloop
   endfacet
   facet normal 0.0000 0.0000 1.0000
      outer loop
         vertex 957.5002 -272.7980 1095.0000
         vertex 805.0001 -471.0000 1095.0000
         vertex 1040.5001 -407.8980 1095.0000
      endloop
   endfacet
   facet normal 0.0000 0.0000 1.0000
      outer loop
         vertex 957.5002 -272.7980 1095.0000
         vertex 1040.5001 -407.8980 1095.0000
         vertex 1072.7982 -157.5000 1095.0000
      endloop
   endfacet
   facet normal 0.0000 0.0000 1.0000
      outer loop
         vertex 1072.7982 -157.5000 1095.0000
         vertex 1040.5001 -407.8980 1095.0000
         vertex 1212.8981 -235.5000 1095.0000
      endloop
   endfacet
   facet normal 0.0000 0.0000 1.0000
      outer loop
         vertex 1072.7982 -157.5000 1095.0000
         vertex 1212.8981 -235.5000 1095.0000
         vertex 1115.0001 -0.0000 1095.0000
      endloop
   endfacet
   facet normal 0.0000 0.0000 1.0000
      outer loop
         vertex 642.5002 -272.7980 1095.0000
         vertex 527.2022 -157.5000 1095.0000
         vertex 569.5001 -407.8980 1095.0000
      endloop
   endfacet
   facet normal 0.0000 0.0000 1.0000
      outer loop
         vertex 642.5002 -272.7980 1095.0000
         vertex 569.5001 -407.8980 1095.0000
         vertex 805.0001 -471.0000 1095.0000
      endloop
   endfacet
   facet normal 0.0000 0.0000 1.0000
      outer loop
         vertex 642.5002 -272.7980 1095.0000
         vertex 805.0001 -471.0000 1095.0000
         vertex 800.0002 -315.0000 1095.0000
      endloop
   endfacet
   facet normal 0.0000 0.0000 1.0000
      outer loop
         vertex 334.0001 0.0000 1095.0000
         vertex 397.1021 -235.5000 1095.0000
         vertex 397.1021 235.5000 1095.0000
      endloop
   endfacet
   facet normal 0.0000 0.0000 1.0000
      outer loop
         vertex 397.1021 235.5000 1095.0000
         vertex 397.1021 -235.5000 1095.0000
         vertex 569.5001 -407.8980 1095.0000
      endloop
   endfacet
   facet normal 0.0000 0.0000 1.0000
      outer loop
         vertex 397.1021 235.5000 1095.0000
         vertex 569.5001 -407.8980 1095.0000
         vertex 485.0002 0.0000 1095.0000
      endloop
   endfacet
   facet normal 0.0000 0.0000 1.0000
      outer loop
         vertex 485.0002 0.0000 1095.0000
         vertex 569.5001 -407.8980 1095.0000
         vertex 527.2022 -157.5000 1095.0000
      endloop
   endfacet
   facet normal 0.0000 0.0000 -1.0000
      outer loop
         vertex 1178.8861 -218.7500 1617.0000
         vertex 1018.7500 -378.8861 1617.0000
         vertex 1087.5204 -166.0000 1617.0000
      endloop
   endfacet
   facet normal 0.0000 0.0000 -1.0000
      outer loop
         vertex 1178.8861 -218.7500 1617.0000
         vertex 1087.5204 -166.0000 1617.0000
         vertex 1132.0000 -0.0000 1617.0000
      endloop
   endfacet
   facet normal 0.0000 0.0000 -1.0000
      outer loop
         vertex 1178.8861 -218.7500 1617.0000
         vertex 1132.0000 -0.0000 1617.0000
         vertex 1178.8861 218.7500 1617.0000
      endloop
   endfacet
   facet normal 0.0000 0.0000 -1.0000
      outer loop
         vertex 1178.8861 -218.7500 1617.0000
         vertex 1178.8861 218.7500 1617.0000
         vertex 1237.5000 -0.0000 1617.0000
      endloop
   endfacet
   facet normal 0.0000 0.0000 -1.0000
      outer loop
         vertex 634.0002 -287.5205 1617.0000
         vertex 800.0000 -332.0000 1617.0000
         vertex 800.0000 -437.5000 1617.0000
      endloop
   endfacet
   facet normal 0.0000 0.0000 -1.0000
      outer loop
         vertex 800.0000 -437.5000 1617.0000
         vertex 800.0000 -332.0000 1617.0000
         vertex 966.0000 -287.5204 1617.0000
      endloop
   endfacet
   facet normal 0.0000 0.0000 -1.0000
      outer loop
         vertex 800.0000 -437.5000 1617.0000
         vertex 966.0000 -287.5204 1617.0000
         vertex 1018.7500 -378.8861 1617.0000
      endloop
   endfacet
   facet normal 0.0000 0.0000 -1.0000
      outer loop
         vertex 1018.7500 -378.8861 1617.0000
         vertex 966.0000 -287.5204 1617.0000
         vertex 1087.5204 -166.0000 1617.0000
      endloop
   endfacet
   facet normal 0.0000 0.0000 -1.0000
      outer loop
         vertex 1087.5204 166.0000 1617.0000
         vertex 966.0000 287.5204 1617.0000
         vertex 1018.7500 378.8861 1617.0000
      endloop
   endfacet
   facet normal 0.0000 0.0000 -1.0000
      outer loop
         vertex 1018.7500 378.8861 1617.0000
         vertex 966.0000 287.5204 1617.0000
         vertex 800.0000 332.0000 1617.0000
      endloop
   endfacet
   facet normal 0.0000 0.0000 -1.0000
      outer loop
         vertex 1018.7500 378.8861 1617.0000
         vertex 800.0000 332.0000 1617.0000
         vertex 800.0000 437.5000 1617.0000
      endloop
   endfacet
   facet normal 0.0000 0.0000 -1.0000
      outer loop
         vertex 800.0000 437.5000 1617.0000
         vertex 800.0000 332.0000 1617.0000
         vertex 634.0000 287.5204 1617.0000
      endloop
   endfacet
   facet normal 0.0000 0.0000 -1.0000
      outer loop
         vertex 800.0000 437.5000 1617.0000
         vertex 634.0000 287.5204 1617.0000
         vertex 581.2500 378.8861 1617.0000
      endloop
   endfacet
   facet normal 0.0000 0.0000 -1.0000
      outer loop
         vertex 581.2500 378.8861 1617.0000
         vertex 634.0000 287.5204 1617.0000
         vertex 512.4796 166.0000 1617.0000
      endloop
   endfacet
   facet normal 0.0000 0.0000 -1.0000
      outer loop
         vertex 581.2500 378.8861 1617.0000
         vertex 512.4796 166.0000 1617.0000
         vertex 421.1139 218.7500 1617.0000
      endloop
   endfacet
   facet normal 0.0000 0.0000 -1.0000
      outer loop
         vertex 421.1139 218.7500 1617.0000
         vertex 512.4796 166.0000 1617.0000
         vertex 468.0000 0.0000 1617.0000
      endloop
   endfacet
   facet normal 0.0000 0.0000 -1.0000
      outer loop
         vertex 421.1139 218.7500 1617.0000
         vertex 468.0000 0.0000 1617.0000
         vertex 421.1139 -218.7500 1617.0000
      endloop
   endfacet
   facet normal 0.0000 0.0000 -1.0000
      outer loop
         vertex 421.1139 -218.7500 1617.0000
         vertex 468.0000 0.0000 1617.0000
         vertex 512.4796 -166.0000 1617.0000
      endloop
   endfacet
   facet normal 0.0000 0.0000 -1.0000
      outer loop
         vertex 421.1139 -218.7500 1617.0000
         vertex 512.4796 -166.0000 1617.0000
         vertex 581.2500 -378.8861 1617.0000
      endloop
   endfacet
   facet normal 0.0000 0.0000 -1.0000
      outer loop
         vertex 581.2500 -378.8861 1617.0000
         vertex 512.4796 -166.0000 1617.0000
         vertex 634.0000 -287.5204 1617.0000
      endloop
   endfacet
   facet normal 0.0000 0.0000 -1.0000
      outer loop
         vertex 581.2500 -378.8861 1617.0000
         vertex 634.0000 -287.5204 1617.0000
         vertex 800.0000 -437.5000 1617.0000
      endloop
   endfacet
   facet normal 0.0000 0.0000 -1.0000
      outer loop
         vertex 800.0000 -437.5000 1617.0000
         vertex 634.0000 -287.5204 1617.0000
         vertex 634.0002 -287.5205 1617.0000
      endloop
   endfacet
   facet normal 0.0000 0.0000 -1.0000
      outer loop
         vertex 1087.5204 166.0000 1617.0000
         vertex 1018.7500 378.8861 1617.0000
         vertex 1178.8861 218.7500 1617.0000
      endloop
   endfacet
   facet normal 0.0000 0.0000 -1.0000
      outer loop
         vertex 1087.5204 166.0000 1617.0000
         vertex 1178.8861 218.7500 1617.0000
         vertex 1132.0000 -0.0000 1617.0000
      endloop
   endfacet
   facet normal 0.0000 0.0000 -1.0000
      outer loop
         vertex 421.1139 218.7500 1617.0000
         vertex 421.1139 -218.7500 1617.0000
         vertex 362.5000 0.0000 1617.0000
      endloop
   endfacet
   facet normal 0.0000 0.0000 1.0000
      outer loop
         vertex 1178.8861 218.7500 1647.0000
         vertex 1018.7500 378.8861 1647.0000
         vertex 1087.5204 166.0000 1647.0000
      endloop
   endfacet
   facet normal 0.0000 0.0000 1.0000
      outer loop
         vertex 1178.8861 218.7500 1647.0000
         vertex 1087.5204 166.0000 1647.0000
         vertex 1132.0000 -0.0000 1647.0000
      endloop
   endfacet
   facet normal 0.0000 0.0000 1.0000
      outer loop
         vertex 1178.8861 218.7500 1647.0000
         vertex 1132.0000 -0.0000 1647.0000
         vertex 1178.8861 -218.7500 1647.0000
      endloop
   endfacet
   facet normal 0.0000 0.0000 1.0000
      outer loop
         vertex 1178.8861 218.7500 1647.0000
         vertex 1178.8861 -218.7500 1647.0000
         vertex 1237.5000 -0.0000 1647.0000
      endloop
   endfacet
   facet normal 0.0000 0.0000 1.0000
      outer loop
         vertex 634.0000 287.5204 1647.0000
         vertex 800.0000 332.0000 1647.0000
         vertex 800.0000 437.5000 1647.0000
      endloop
   endfacet
   facet normal 0.0000 0.0000 1.0000
      outer loop
         vertex 800.0000 437.5000 1647.0000
         vertex 800.0000 332.0000 1647.0000
         vertex 966.0000 287.5204 1647.0000
      endloop
   endfacet
   facet normal 0.0000 0.0000 1.0000
      outer loop
         vertex 800.0000 437.5000 1647.0000
         vertex 966.0000 287.5204 1647.0000
         vertex 1018.7500 378.8861 1647.0000
      endloop
   endfacet
   facet normal 0.0000 0.0000 1.0000
      outer loop
         vertex 1018.7500 378.8861 1647.0000
         vertex 966.0000 287.5204 1647.0000
         vertex 1087.5204 166.0000 1647.0000
      endloop
   endfacet
   facet normal 0.0000 0.0000 1.0000
      outer loop
         vertex 1087.5204 -166.0000 1647.0000
         vertex 966.0000 -287.5204 1647.0000
         vertex 1018.7500 -378.8861 1647.0000
      endloop
   endfacet
   facet normal 0.0000 0.0000 1.0000
      outer loop
         vertex 1018.7500 -378.8861 1647.0000
         vertex 966.0000 -287.5204 1647.0000
         vertex 800.0000 -332.0000 1647.0000
      endloop
   endfacet
   facet normal 0.0000 0.0000 1.0000
      outer loop
         vertex 1018.7500 -378.8861 1647.0000
         vertex 800.0000 -332.0000 1647.0000
         vertex 800.0000 -437.5000 1647.0000
      endloop
   endfacet
   facet normal 0.0000 0.0000 1.0000
      outer loop
         vertex 800.0000 -437.5000 1647.0000
         vertex 800.0000 -332.0000 1647.0000
         vertex 634.0000 -287.5204 1647.0000
      endloop
   endfacet
   facet normal 0.0000 0.0000 1.0000
      outer loop
         vertex 800.0000 -437.5000 1647.0000
         vertex 634.0000 -287.5204 1647.0000
         vertex 581.2500 -378.8861 1647.0000
      endloop
   endfacet
   facet normal 0.0000 0.0000 1.0000
      outer loop
         vertex 581.2500 -378.8861 1647.0000
         vertex 634.0000 -287.5204 1647.0000
         vertex 512.4796 -166.0000 1647.0000
      endloop
   endfacet
   facet normal 0.0000 0.0000 1.0000
      outer loop
         vertex 581.2500 -378.8861 1647.0000
         vertex 512.4796 -166.0000 1647.0000
         vertex 421.1139 -218.7500 1647.0000
      endloop
   endfacet
   facet normal 0.0000 0.0000 1.0000
      outer loop
         vertex 421.1139 -218.7500 1647.0000
         vertex 512.4796 -166.0000 1647.0000
         vertex 468.0000 0.0000 1647.0000
      endloop
   endfacet
   facet normal 0.0000 0.0000 1.0000
      outer loop
         vertex 421.1139 -218.7500 1647.0000
         vertex 468.0000 0.0000 1647.0000
         vertex 421.1139 218.7500 1647.0000
      endloop
   endfacet
   facet normal 0.0000 0.0000 1.0000
      outer loop
         vertex 421.1139 218.7500 1647.0000
         vertex 468.0000 0.0000 1647.0000
         vertex 512.4796 166.0000 1647.0000
      endloop
   endfacet
   facet normal 0.0000 0.0000 1.0000
      outer loop
         vertex 421.1139 218.7500 1647.0000
         vertex 512.4796 166.0000 1647.0000
         vertex 581.2500 378.8861 1647.0000
      endloop
   endfacet
   facet normal 0.0000 0.0000 1.0000
      outer loop
         vertex 581.2500 378.8861 1647.0000
         vertex 512.4796 166.0000 1647.0000
         vertex 634.0000 287.5204 1647.0000
      endloop
   endfacet
   facet normal 0.0000 0.0000 1.0000
      outer loop
         vertex 581.2500 378.8861 1647.0000
         vertex 634.0000 287.5204 1647.0000
         vertex 800.0000 437.5000 1647.0000
      endloop
   endfacet
   facet normal 0.0000 0.0000 1.0000
      outer loop
         vertex 1087.5204 -166.0000 1647.0000
         vertex 1018.7500 -378.8861 1647.0000
         vertex 1178.8861 -218.7500 1647.0000
      endloop
   endfacet
   facet normal 0.0000 0.0000 1.0000
      outer loop
         vertex 1087.5204 -166.0000 1647.0000
         vertex 1178.8861 -218.7500 1647.0000
         vertex 1132.0000 -0.0000 1647.0000
      endloop
   endfacet
   facet normal 0.0000 0.0000 1.0000
      outer loop
         vertex 421.1139 -218.7500 1647.0000
         vertex 421.1139 218.7500 1647.0000
         vertex 362.5000 0.0000 1647.0000
      endloop
   endfacet
   facet normal 0.7672 -0.6414 0.0000
      outer loop
         vertex 1018.7500 -378.8861 1617.0000
         vertex 1178.8861 -218.7500 1617.0000
         vertex 1178.8861 -218.7500 1647.0000
      endloop
   endfacet
   facet normal 0.6414 -0.7672 0.0000
      outer loop
         vertex 1018.7500 -378.8861 1617.0000
         vertex 1178.8861 -218.7500 1647.0000
         vertex 1018.7500 -378.8861 1647.0000
      endloop
   endfacet
   facet normal 0.9851 0.1719 0.0000
      outer loop
         vertex 1178.8861 218.7500 1647.0000
         vertex 1237.5000 -0.0000 1647.0000
         vertex 1237.5000 -0.0000 1617.0000
      endloop
   endfacet
   facet normal 0.9391 0.3437 0.0000
      outer loop
         vertex 1178.8861 218.7500 1647.0000
         vertex 1237.5000 -0.0000 1617.0000
         vertex 1178.8861 218.7500 1617.0000
      endloop
   endfacet
   facet normal 0.9851 -0.1719 0.0000
      outer loop
         vertex 1178.8861 -218.7500 1617.0000
         vertex 1237.5000 -0.0000 1617.0000
         vertex 1237.5000 -0.0000 1647.0000
      endloop
   endfacet
   facet normal 0.9391 -0.3437 0.0000
      outer loop
         vertex 1178.8861 -218.7500 1617.0000
         vertex 1237.5000 -0.0000 1647.0000
         vertex 1178.8861 -218.7500 1647.0000
      endloop
   endfacet
   facet normal 0.7672 0.6414 0.0000
      outer loop
         vertex 1018.7500 378.8861 1647.0000
         vertex 1178.8861 218.7500 1647.0000
         vertex 1178.8861 218.7500 1617.0000
      endloop
   endfacet
   facet normal 0.6414 0.7672 0.0000
      outer loop
         vertex 1018.7500 378.8861 1647.0000
         vertex 1178.8861 218.7500 1617.0000
         vertex 1018.7500 378.8861 1617.0000
      endloop
   endfacet
   facet normal 1.0000 0.0000 0.0000
      outer loop
         vertex 1246.0000 270.0000 467.6537
         vertex 1246.0000 140.0000 521.5015
         vertex 1246.0000 140.0000 502.4871
      endloop
   endfacet
   facet normal 1.0000 0.0000 0.0000
      outer loop
         vertex 1246.0000 381.8377 381.8377
         vertex 1246.0000 270.0000 467.6537
         vertex 1246.0000 467.6537 270.0000
      endloop
   endfacet
   facet normal 1.0000 0.0000 0.0000
      outer loop
         vertex 1246.0000 521.6000 139.7623
         vertex 1246.0000 467.6537 270.0000
         vertex 1246.0000 540.0000 -0.0000
      endloop
   endfacet
   facet normal 1.0000 0.0000 0.0000
      outer loop
         vertex 1246.0000 -521.6000 139.7623
         vertex 1246.0000 -540.0000 0.0000
         vertex 1246.0000 -467.6537 270.0000
      endloop
   endfacet
   facet normal 1.0000 0.0000 0.0000
      outer loop
         vertex 1246.0000 -381.8377 381.8377
         vertex 1246.0000 -467.6537 270.0000
         vertex 1246.0000 -270.0000 467.6537
      endloop
   endfacet
   facet normal 1.0000 0.0000 0.0000
      outer loop
         vertex 1246.0000 -140.0000 521.5015
         vertex 1246.0000 -270.0000 467.6537
         vertex 1246.0000 -140.0000 502.4871
      endloop
   endfacet
   facet normal 1.0000 0.0000 0.0000
      outer loop
         vertex 1246.0000 -0.0000 -540.0000
         vertex 1246.0000 -270.0000 -467.6537
         vertex 1246.0000 -139.7623 -521.6000
      endloop
   endfacet
   facet normal 1.0000 0.0000 0.0000
      outer loop
         vertex 1246.0000 -270.0000 -467.6537
         vertex 1246.0000 -467.6537 -270.0000
         vertex 1246.0000 -381.8377 -381.8377
      endloop
   endfacet
   facet normal 1.0000 0.0000 0.0000
      outer loop
         vertex 1246.0000 -467.6537 -270.0000
         vertex 1246.0000 -540.0000 0.0000
         vertex 1246.0000 -521.6000 -139.7623
      endloop
   endfacet
   facet normal 1.0000 0.0000 0.0000
      outer loop
         vertex 1246.0000 540.0000 -0.0000
         vertex 1246.0000 467.6537 -270.0000
         vertex 1246.0000 521.6000 -139.7623
      endloop
   endfacet
   facet normal 1.0000 0.0000 0.0000
      outer loop
         vertex 1246.0000 467.6537 -270.0000
         vertex 1246.0000 270.0000 -467.6537
         vertex 1246.0000 381.8377 -381.8377
      endloop
   endfacet
   facet normal 1.0000 0.0000 0.0000
      outer loop
         vertex 1246.0000 270.0000 -467.6537
         vertex 1246.0000 -0.0000 -540.0000
         vertex 1246.0000 139.7623 -521.6000
      endloop
   endfacet
   facet normal 0.7216 0.6897 0.0602
      outer loop
         vertex 1246.0000 521.6000 139.7623
         vertex 1246.0000 540.0000 -0.0000
         vertex 1188.0000 600.0000 0.0000
      endloop
   endfacet
   facet normal 0.7216 0.6817 0.1204
      outer loop
         vertex 1246.0000 521.6000 139.7623
         vertex 1188.0000 600.0000 0.0000
         vertex 1188.0000 579.5555 155.2914
      endloop
   endfacet
   facet normal 0.7216 0.6506 0.2366
      outer loop
         vertex 1246.0000 467.6537 270.0000
         vertex 1246.0000 521.6000 139.7623
         vertex 1188.0000 579.5555 155.2914
      endloop
   endfacet
   facet normal 0.7216 0.6274 0.2927
      outer loop
         vertex 1246.0000 467.6537 270.0000
         vertex 1188.0000 579.5555 155.2914
         vertex 1188.0000 519.6152 300.0000
      endloop
   endfacet
   facet normal 0.7216 0.5672 0.3969
      outer loop
         vertex 1246.0000 381.8377 381.8377
         vertex 1246.0000 467.6537 270.0000
         vertex 1188.0000 519.6152 300.0000
      endloop
   endfacet
   facet normal 0.7216 0.5302 0.4451
      outer loop
         vertex 1246.0000 381.8377 381.8377
         vertex 1188.0000 519.6152 300.0000
         vertex 1188.0000 424.2641 424.2641
      endloop
   endfacet
   facet normal 0.7216 0.3969 0.5672
      outer loop
         vertex 1188.0000 300.0000 519.6152
         vertex 1246.0000 270.0000 467.6537
         vertex 1246.0000 381.8377 381.8377
      endloop
   endfacet
   facet normal 0.7216 0.4451 0.5302
      outer loop
         vertex 1188.0000 300.0000 519.6152
         vertex 1246.0000 381.8377 381.8377
         vertex 1188.0000 424.2641 424.2641
      endloop
   endfacet
   facet normal 0.7187 0.3209 0.6169
      outer loop
         vertex 1246.0000 270.0000 467.6537
         vertex 1188.0000 300.0000 519.6152
         vertex 1188.0000 260.3981 536.0189
      endloop
   endfacet
   facet normal 0.7177 0.2941 0.6312
      outer loop
         vertex 1246.0000 270.0000 467.6537
         vertex 1188.0000 260.3981 536.0189
         vertex 1212.8981 235.5000 518.6917
      endloop
   endfacet
   facet normal 0.7200 0.2656 0.6412
      outer loop
         vertex 1246.0000 270.0000 467.6537
         vertex 1212.8981 235.5000 518.6917
         vertex 1237.9752 141.9109 529.6186
      endloop
   endfacet
   facet normal 0.7216 0.2366 0.6506
      outer loop
         vertex 1246.0000 270.0000 467.6537
         vertex 1237.9752 141.9109 529.6186
         vertex 1245.1122 140.0000 522.4871
      endloop
   endfacet
   facet normal 0.7200 0.2656 0.6412
      outer loop
         vertex 1246.0000 270.0000 467.6537
         vertex 1245.1122 140.0000 522.4871
         vertex 1246.0000 140.0000 521.5015
      endloop
   endfacet
   facet normal 0.7187 0.1504 0.6789
      outer loop
         vertex 1237.9752 141.9109 529.6186
         vertex 1238.4872 140.0000 529.3405
         vertex 1245.1122 140.0000 522.4871
      endloop
   endfacet
   facet normal 0.0000 1.0000 0.0000
      outer loop
         vertex 1384.0000 140.0000 560.0000
         vertex 1384.0000 140.0000 285.6871
         vertex 1328.0000 140.0000 442.4871
      endloop
   endfacet
   facet normal 0.0000 1.0000 0.0000
      outer loop
         vertex 1384.0000 140.0000 560.0000
         vertex 1328.0000 140.0000 442.4871
         vertex 1246.0000 140.0000 502.4871
      endloop
   endfacet
   facet normal 0.0000 1.0000 0.0000
      outer loop
         vertex 1384.0000 140.0000 560.0000
         vertex 1246.0000 140.0000 502.4871
         vertex 1246.0000 140.0000 521.5015
      endloop
   endfacet
   facet normal 0.0000 1.0000 0.0000
      outer loop
         vertex 1384.0000 140.0000 560.0000
         vertex 1246.0000 140.0000 521.5015
         vertex 1245.1122 140.0000 522.4871
      endloop
   endfacet
   facet normal 0.0000 1.0000 0.0000
      outer loop
         vertex 1384.0000 140.0000 560.0000
         vertex 1245.1122 140.0000 522.4871
         vertex 1238.4872 140.0000 529.3405
      endloop
   endfacet
   facet normal 0.0000 1.0000 0.0000
      outer loop
         vertex 1384.0000 140.0000 560.0000
         vertex 1238.4872 140.0000 529.3405
         vertex 1238.4872 140.0000 560.0000
      endloop
   endfacet
   facet normal 0.0000 0.9071 0.4210
      outer loop
         vertex 1243.5131 121.2436 630.0000
         vertex 1384.0000 121.2436 630.0000
         vertex 1384.0000 140.0000 560.0000
      endloop
   endfacet
   facet normal 0.0000 0.9405 0.3399
      outer loop
         vertex 1243.5131 121.2436 630.0000
         vertex 1384.0000 140.0000 560.0000
         vertex 1238.4872 140.0000 560.0000
      endloop
   endfacet
   facet normal 0.0000 0.7672 0.6414
      outer loop
         vertex 1384.0000 121.2436 630.0000
         vertex 1243.5131 121.2436 630.0000
         vertex 1257.2437 70.0000 681.2435
      endloop
   endfacet
   facet normal 0.0000 0.6414 0.7672
      outer loop
         vertex 1384.0000 121.2436 630.0000
         vertex 1257.2437 70.0000 681.2435
         vertex 1384.0000 70.0000 681.2435
      endloop
   endfacet
   facet normal 0.7187 -0.1504 0.6789
      outer loop
         vertex 1238.4872 -140.0000 529.3405
         vertex 1237.9752 -141.9109 529.6186
         vertex 1245.1122 -140.0000 522.4871
      endloop
   endfacet
   facet normal 0.7200 -0.2656 0.6412
      outer loop
         vertex 1246.0000 -270.0000 467.6537
         vertex 1246.0000 -140.0000 521.5015
         vertex 1245.1122 -140.0000 522.4871
      endloop
   endfacet
   facet normal 0.7216 -0.2366 0.6506
      outer loop
         vertex 1246.0000 -270.0000 467.6537
         vertex 1245.1122 -140.0000 522.4871
         vertex 1237.9752 -141.9109 529.6186
      endloop
   endfacet
   facet normal 0.7200 -0.2656 0.6412
      outer loop
         vertex 1246.0000 -270.0000 467.6537
         vertex 1237.9752 -141.9109 529.6186
         vertex 1212.8981 -235.5000 518.6917
      endloop
   endfacet
   facet normal 0.7177 -0.2941 0.6312
      outer loop
         vertex 1246.0000 -270.0000 467.6537
         vertex 1212.8981 -235.5000 518.6917
         vertex 1188.0000 -260.3981 536.0189
      endloop
   endfacet
   facet normal 0.7187 -0.3209 0.6169
      outer loop
         vertex 1246.0000 -270.0000 467.6537
         vertex 1188.0000 -260.3981 536.0189
         vertex 1188.0000 -300.0000 519.6152
      endloop
   endfacet
   facet normal 0.7216 -0.4451 0.5302
      outer loop
         vertex 1188.0000 -300.0000 519.6152
         vertex 1188.0000 -424.2641 424.2641
         vertex 1246.0000 -381.8377 381.8377
      endloop
   endfacet
   facet normal 0.7216 -0.3969 0.5672
      outer loop
         vertex 1188.0000 -300.0000 519.6152
         vertex 1246.0000 -381.8377 381.8377
         vertex 1246.0000 -270.0000 467.6537
      endloop
   endfacet
   facet normal 0.7216 -0.5672 0.3969
      outer loop
         vertex 1188.0000 -519.6152 300.0000
         vertex 1246.0000 -467.6537 270.0000
         vertex 1246.0000 -381.8377 381.8377
      endloop
   endfacet
   facet normal 0.7216 -0.5302 0.4451
      outer loop
         vertex 1188.0000 -519.6152 300.0000
         vertex 1246.0000 -381.8377 381.8377
         vertex 1188.0000 -424.2641 424.2641
      endloop
   endfacet
   facet normal 0.7216 -0.6506 0.2366
      outer loop
         vertex 1188.0000 -579.5555 155.2914
         vertex 1246.0000 -521.6000 139.7623
         vertex 1246.0000 -467.6537 270.0000
      endloop
   endfacet
   facet normal 0.7216 -0.6274 0.2927
      outer loop
         vertex 1188.0000 -579.5555 155.2914
         vertex 1246.0000 -467.6537 270.0000
         vertex 1188.0000 -519.6152 300.0000
      endloop
   endfacet
   facet normal 0.7216 -0.6897 0.0602
      outer loop
         vertex 1188.0000 -600.0000 0.0000
         vertex 1246.0000 -540.0000 0.0000
         vertex 1246.0000 -521.6000 139.7623
      endloop
   endfacet
   facet normal 0.7216 -0.6817 0.1204
      outer loop
         vertex 1188.0000 -600.0000 0.0000
         vertex 1246.0000 -521.6000 139.7623
         vertex 1188.0000 -579.5555 155.2914
      endloop
   endfacet
   facet normal 0.0000 -1.0000 0.0000
      outer loop
         vertex 1384.0000 -140.0000 560.0000
         vertex 1238.4872 -140.0000 560.0000
         vertex 1238.4872 -140.0000 529.3405
      endloop
   endfacet
   facet normal 0.0000 -1.0000 0.0000
      outer loop
         vertex 1384.0000 -140.0000 560.0000
         vertex 1238.4872 -140.0000 529.3405
         vertex 1245.1122 -140.0000 522.4871
      endloop
   endfacet
   facet normal 0.0000 -1.0000 0.0000
      outer loop
         vertex 1384.0000 -140.0000 560.0000
         vertex 1245.1122 -140.0000 522.4871
         vertex 1246.0000 -140.0000 521.5015
      endloop
   endfacet
   facet normal 0.0000 -1.0000 0.0000
      outer loop
         vertex 1384.0000 -140.0000 560.0000
         vertex 1246.0000 -140.0000 521.5015
         vertex 1246.0000 -140.0000 502.4871
      endloop
   endfacet
   facet normal 0.0000 -1.0000 0.0000
      outer loop
         vertex 1384.0000 -140.0000 560.0000
         vertex 1246.0000 -140.0000 502.4871
         vertex 1328.0000 -140.0000 442.4871
      endloop
   endfacet
   facet normal 0.0000 -1.0000 0.0000
      outer loop
         vertex 1384.0000 -140.0000 560.0000
         vertex 1328.0000 -140.0000 442.4871
         vertex 1384.0000 -140.0000 285.6871
      endloop
   endfacet
   facet normal 0.0000 -0.9071 0.4210
      outer loop
         vertex 1384.0000 -121.2436 630.0000
         vertex 1243.5131 -121.2436 630.0000
         vertex 1238.4872 -140.0000 560.0000
      endloop
   endfacet
   facet normal 0.0000 -0.9405 0.3399
      outer loop
         vertex 1384.0000 -121.2436 630.0000
         vertex 1238.4872 -140.0000 560.0000
         vertex 1384.0000 -140.0000 560.0000
      endloop
   endfacet
   facet normal 0.0000 -0.7672 0.6414
      outer loop
         vertex 1257.2437 -70.0000 681.2435
         vertex 1243.5131 -121.2436 630.0000
         vertex 1384.0000 -121.2436 630.0000
      endloop
   endfacet
   facet normal 0.0000 -0.6414 0.7672
      outer loop
         vertex 1257.2437 -70.0000 681.2435
         vertex 1384.0000 -121.2436 630.0000
         vertex 1384.0000 -70.0000 681.2435
      endloop
   endfacet
   facet normal 0.7216 -0.6817 -0.1204
      outer loop
         vertex 1188.0000 -579.5555 -155.2914
         vertex 1246.0000 -521.6000 -139.7623
         vertex 1246.0000 -540.0000 0.0000
      endloop
   endfacet
   facet normal 0.7216 -0.6897 -0.0602
      outer loop
         vertex 1188.0000 -579.5555 -155.2914
         vertex 1246.0000 -540.0000 0.0000
         vertex 1188.0000 -600.0000 0.0000
      endloop
   endfacet
   facet normal 0.7216 -0.6506 -0.2366
      outer loop
         vertex 1246.0000 -521.6000 -139.7623
         vertex 1188.0000 -579.5555 -155.2914
         vertex 1188.0000 -519.6152 -300.0000
      endloop
   endfacet
   facet normal 0.7216 -0.6274 -0.2927
      outer loop
         vertex 1246.0000 -521.6000 -139.7623
         vertex 1188.0000 -519.6152 -300.0000
         vertex 1232.2190 -480.0000 -277.1281
      endloop
   endfacet
   facet normal 0.7200 -0.6412 -0.2656
      outer loop
         vertex 1246.0000 -521.6000 -139.7623
         vertex 1232.2190 -480.0000 -277.1281
         vertex 1240.0000 -480.0000 -256.2741
      endloop
   endfacet
   facet normal 0.7200 -0.6412 -0.2656
      outer loop
         vertex 1246.0000 -521.6000 -139.7623
         vertex 1240.0000 -480.0000 -256.2741
         vertex 1240.0000 -473.0291 -273.1035
      endloop
   endfacet
   facet normal 0.7216 -0.6274 -0.2927
      outer loop
         vertex 1246.0000 -521.6000 -139.7623
         vertex 1240.0000 -473.0291 -273.1035
         vertex 1246.0000 -467.6537 -270.0000
      endloop
   endfacet
   facet normal 0.7187 -0.5864 -0.3738
      outer loop
         vertex 1188.0000 -519.6152 -300.0000
         vertex 1188.0000 -480.0000 -351.6276
         vertex 1232.2190 -480.0000 -277.1281
      endloop
   endfacet
   facet normal 0.7216 -0.5302 -0.4451
      outer loop
         vertex 1240.0000 -473.0291 -273.1035
         vertex 1240.0000 -386.2266 -386.2266
         vertex 1246.0000 -381.8377 -381.8377
      endloop
   endfacet
   facet normal 0.7216 -0.5672 -0.3969
      outer loop
         vertex 1240.0000 -473.0291 -273.1035
         vertex 1246.0000 -381.8377 -381.8377
         vertex 1246.0000 -467.6537 -270.0000
      endloop
   endfacet
   facet normal 0.7216 -0.4451 -0.5302
      outer loop
         vertex 1246.0000 -381.8377 -381.8377
         vertex 1240.0000 -386.2266 -386.2266
         vertex 1240.0000 -273.1035 -473.0291
      endloop
   endfacet
   facet normal 0.7216 -0.3969 -0.5672
      outer loop
         vertex 1246.0000 -381.8377 -381.8377
         vertex 1240.0000 -273.1035 -473.0291
         vertex 1246.0000 -270.0000 -467.6537
      endloop
   endfacet
   facet normal 0.7216 -0.2927 -0.6274
      outer loop
         vertex 1246.0000 -270.0000 -467.6537
         vertex 1240.0000 -273.1035 -473.0291
         vertex 1240.0000 -141.3687 -527.5953
      endloop
   endfacet
   facet normal 0.7216 -0.2366 -0.6506
      outer loop
         vertex 1246.0000 -270.0000 -467.6537
         vertex 1240.0000 -141.3687 -527.5953
         vertex 1246.0000 -139.7623 -521.6000
      endloop
   endfacet
   facet normal 0.7216 -0.1204 -0.6817
      outer loop
         vertex 1246.0000 -139.7623 -521.6000
         vertex 1240.0000 -141.3687 -527.5953
         vertex 1240.0000 0.0000 -546.2069
      endloop
   endfacet
   facet normal 0.7216 -0.0602 -0.6897
      outer loop
         vertex 1246.0000 -139.7623 -521.6000
         vertex 1240.0000 0.0000 -546.2069
         vertex 1246.0000 -0.0000 -540.0000
      endloop
   endfacet
   facet normal 0.7216 0.0602 -0.6897
      outer loop
         vertex 1246.0000 139.7623 -521.6000
         vertex 1246.0000 -0.0000 -540.0000
         vertex 1240.0000 0.0000 -546.2069
      endloop
   endfacet
   facet normal 0.7216 0.1204 -0.6817
      outer loop
         vertex 1246.0000 139.7623 -521.6000
         vertex 1240.0000 0.0000 -546.2069
         vertex 1240.0000 141.3687 -527.5953
      endloop
   endfacet
   facet normal 0.7216 0.2366 -0.6506
      outer loop
         vertex 1246.0000 270.0000 -467.6537
         vertex 1246.0000 139.7623 -521.6000
         vertex 1240.0000 141.3687 -527.5953
      endloop
   endfacet
   facet normal 0.7216 0.2927 -0.6274
      outer loop
         vertex 1246.0000 270.0000 -467.6537
         vertex 1240.0000 141.3687 -527.5953
         vertex 1240.0000 273.1035 -473.0291
      endloop
   endfacet
   facet normal 0.7216 0.3969 -0.5672
      outer loop
         vertex 1246.0000 381.8377 -381.8377
         vertex 1246.0000 270.0000 -467.6537
         vertex 1240.0000 273.1035 -473.0291
      endloop
   endfacet
   facet normal 0.7216 0.4451 -0.5302
      outer loop
         vertex 1246.0000 381.8377 -381.8377
         vertex 1240.0000 273.1035 -473.0291
         vertex 1240.0000 386.2266 -386.2266
      endloop
   endfacet
   facet normal 0.7187 0.5864 -0.3738
      outer loop
         vertex 1232.2190 480.0000 -277.1281
         vertex 1188.0000 480.0000 -351.6276
         vertex 1188.0000 519.6152 -300.0000
      endloop
   endfacet
   facet normal 0.7216 0.5302 -0.4451
      outer loop
         vertex 1246.0000 381.8377 -381.8377
         vertex 1240.0000 386.2266 -386.2266
         vertex 1240.0000 473.0291 -273.1035
      endloop
   endfacet
   facet normal 0.7216 0.5672 -0.3969
      outer loop
         vertex 1246.0000 381.8377 -381.8377
         vertex 1240.0000 473.0291 -273.1035
         vertex 1246.0000 467.6537 -270.0000
      endloop
   endfacet
   facet normal 0.7216 0.6274 -0.2927
      outer loop
         vertex 1246.0000 521.6000 -139.7623
         vertex 1246.0000 467.6537 -270.0000
         vertex 1240.0000 473.0291 -273.1035
      endloop
   endfacet
   facet normal 0.7200 0.6412 -0.2656
      outer loop
         vertex 1246.0000 521.6000 -139.7623
         vertex 1240.0000 473.0291 -273.1035
         vertex 1240.0000 480.0000 -256.2741
      endloop
   endfacet
   facet normal 0.7200 0.6412 -0.2656
      outer loop
         vertex 1246.0000 521.6000 -139.7623
         vertex 1240.0000 480.0000 -256.2741
         vertex 1188.0000 519.6152 -300.0000
      endloop
   endfacet
   facet normal 0.7216 0.6506 -0.2366
      outer loop
         vertex 1246.0000 521.6000 -139.7623
         vertex 1188.0000 519.6152 -300.0000
         vertex 1188.0000 579.5555 -155.2914
      endloop
   endfacet
   facet normal 0.7187 0.6169 -0.3209
      outer loop
         vertex 1188.0000 519.6152 -300.0000
         vertex 1240.0000 480.0000 -256.2741
         vertex 1232.2190 480.0000 -277.1281
      endloop
   endfacet
   facet normal 0.7216 0.6817 -0.1204
      outer loop
         vertex 1246.0000 521.6000 -139.7623
         vertex 1188.0000 579.5555 -155.2914
         vertex 1188.0000 600.0000 0.0000
      endloop
   endfacet
   facet normal 0.7216 0.6897 -0.0602
      outer loop
         vertex 1246.0000 521.6000 -139.7623
         vertex 1188.0000 600.0000 0.0000
         vertex 1246.0000 540.0000 -0.0000
      endloop
   endfacet
   facet normal 1.0000 0.0000 0.0000
      outer loop
         vertex 1240.0000 480.0000 -620.0000
         vertex 1240.0000 480.0000 -256.2741
         vertex 1240.0000 473.0291 -273.1035
      endloop
   endfacet
   facet normal 1.0000 0.0000 0.0000
      outer loop
         vertex 1240.0000 480.0000 -620.0000
         vertex 1240.0000 473.0291 -273.1035
         vertex 1240.0000 386.2266 -386.2266
      endloop
   endfacet
   facet normal 1.0000 0.0000 0.0000
      outer loop
         vertex 1240.0000 480.0000 -620.0000
         vertex 1240.0000 386.2266 -386.2266
         vertex 1240.0000 273.1035 -473.0291
      endloop
   endfacet
   facet normal 1.0000 0.0000 0.0000
      outer loop
         vertex 1240.0000 480.0000 -620.0000
         vertex 1240.0000 273.1035 -473.0291
         vertex 1240.0000 141.3687 -527.5953
      endloop
   endfacet
   facet normal 1.0000 0.0000 0.0000
      outer loop
         vertex 1240.0000 480.0000 -620.0000
         vertex 1240.0000 141.3687 -527.5953
         vertex 1240.0000 0.0000 -546.2069
      endloop
   endfacet
   facet normal 1.0000 0.0000 0.0000
      outer loop
         vertex 1240.0000 480.0000 -620.0000
         vertex 1240.0000 0.0000 -546.2069
         vertex 1240.0000 -141.3687 -527.5953
      endloop
   endfacet
   facet normal 1.0000 0.0000 0.0000
      outer loop
         vertex 1240.0000 480.0000 -620.0000
         vertex 1240.0000 -141.3687 -527.5953
         vertex 1240.0000 -480.0000 -620.0000
      endloop
   endfacet
   facet normal 1.0000 0.0000 0.0000
      outer loop
         vertex 1240.0000 -480.0000 -620.0000
         vertex 1240.0000 -141.3687 -527.5953
         vertex 1240.0000 -273.1035 -473.0291
      endloop
   endfacet
   facet normal 1.0000 0.0000 0.0000
      outer loop
         vertex 1240.0000 -480.0000 -620.0000
         vertex 1240.0000 -273.1035 -473.0291
         vertex 1240.0000 -386.2266 -386.2266
      endloop
   endfacet
   facet normal 1.0000 0.0000 0.0000
      outer loop
         vertex 1240.0000 -480.0000 -620.0000
         vertex 1240.0000 -386.2266 -386.2266
         vertex 1240.0000 -473.0291 -273.1035
      endloop
   endfacet
   facet normal 1.0000 0.0000 0.0000
      outer loop
         vertex 1240.0000 -480.0000 -620.0000
         vertex 1240.0000 -473.0291 -273.1035
         vertex 1240.0000 -480.0000 -256.2741
      endloop
   endfacet
   facet normal 0.0000 1.0000 0.0000
      outer loop
         vertex 1240.0000 480.0000 -620.0000
         vertex 1040.0000 480.0000 -620.0000
         vertex 1040.0000 480.0000 -240.1934
      endloop
   endfacet
   facet normal 0.0000 1.0000 0.0000
      outer loop
         vertex 1240.0000 480.0000 -620.0000
         vertex 1040.0000 480.0000 -240.1934
         vertex 1152.0000 480.0000 -351.6276
      endloop
   endfacet
   facet normal 0.0000 1.0000 0.0000
      outer loop
         vertex 1240.0000 480.0000 -620.0000
         vertex 1152.0000 480.0000 -351.6276
         vertex 1188.0000 480.0000 -351.6276
      endloop
   endfacet
   facet normal 0.0000 1.0000 0.0000
      outer loop
         vertex 1240.0000 480.0000 -620.0000
         vertex 1188.0000 480.0000 -351.6276
         vertex 1232.2190 480.0000 -277.1281
      endloop
   endfacet
   facet normal 0.0000 1.0000 0.0000
      outer loop
         vertex 1240.0000 480.0000 -620.0000
         vertex 1232.2190 480.0000 -277.1281
         vertex 1240.0000 480.0000 -256.2741
      endloop
   endfacet
   facet normal 0.0000 1.0000 0.0000
      outer loop
         vertex 1107.7810 480.0000 -277.1281
         vertex 1152.0000 480.0000 -351.6276
         vertex 1040.0000 480.0000 -240.1934
      endloop
   endfacet
   facet normal 0.0000 1.0000 0.0000
      outer loop
         vertex 1107.7810 480.0000 -277.1281
         vertex 1040.0000 480.0000 -240.1934
         vertex 1094.0000 480.0000 -240.1934
      endloop
   endfacet
   facet normal 0.6023 0.7864 0.1372
      outer loop
         vertex 1328.0000 480.0000 0.0000
         vertex 1246.0000 540.0000 -0.0000
         vertex 1246.0000 467.6537 270.0000
      endloop
   endfacet
   facet normal 0.6023 0.7496 0.2744
      outer loop
         vertex 1328.0000 480.0000 0.0000
         vertex 1246.0000 467.6537 270.0000
         vertex 1328.0000 415.6922 240.0000
      endloop
   endfacet
   facet normal 0.6023 0.6124 0.5120
      outer loop
         vertex 1328.0000 240.0000 415.6922
         vertex 1328.0000 415.6922 240.0000
         vertex 1246.0000 467.6537 270.0000
      endloop
   endfacet
   facet normal 0.6023 0.5120 0.6124
      outer loop
         vertex 1328.0000 240.0000 415.6922
         vertex 1246.0000 467.6537 270.0000
         vertex 1246.0000 270.0000 467.6537
      endloop
   endfacet
   facet normal 0.5845 0.2758 0.7631
      outer loop
         vertex 1246.0000 140.0000 502.4871
         vertex 1328.0000 140.0000 442.4871
         vertex 1328.0000 240.0000 415.6922
      endloop
   endfacet
   facet normal 0.5890 0.3402 0.7330
      outer loop
         vertex 1246.0000 140.0000 502.4871
         vertex 1328.0000 240.0000 415.6922
         vertex 1246.0000 270.0000 467.6537
      endloop
   endfacet
   facet normal 0.0000 0.1719 0.9851
      outer loop
         vertex 1257.2437 70.0000 681.2435
         vertex 1276.0001 0.0000 700.0000
         vertex 1384.0000 0.0000 700.0000
      endloop
   endfacet
   facet normal 0.0000 0.3437 0.9391
      outer loop
         vertex 1257.2437 70.0000 681.2435
         vertex 1384.0000 0.0000 700.0000
         vertex 1384.0000 70.0000 681.2435
      endloop
   endfacet
   facet normal 0.9659 0.2588 0.0000
      outer loop
         vertex 1212.8981 235.5000 1095.0000
         vertex 1276.0001 -0.0000 1095.0000
         vertex 1268.6315 27.5001 980.0000
      endloop
   endfacet
   facet normal 0.9405 0.3399 0.0000
      outer loop
         vertex 1212.8981 235.5000 1095.0000
         vertex 1268.6315 27.5001 980.0000
         vertex 1257.2437 70.0000 681.2435
      endloop
   endfacet
   facet normal 0.9405 0.3399 0.0000
      outer loop
         vertex 1212.8981 235.5000 1095.0000
         vertex 1257.2437 70.0000 681.2435
         vertex 1243.5131 121.2436 630.0000
      endloop
   endfacet
   facet normal 0.9405 0.3399 0.0000
      outer loop
         vertex 1212.8981 235.5000 1095.0000
         vertex 1243.5131 121.2436 630.0000
         vertex 1238.4872 140.0000 560.0000
      endloop
   endfacet
   facet normal 0.9405 0.3399 0.0000
      outer loop
         vertex 1212.8981 235.5000 1095.0000
         vertex 1238.4872 140.0000 560.0000
         vertex 1237.9752 141.9109 529.6186
      endloop
   endfacet
   facet normal 0.9071 0.4210 0.0000
      outer loop
         vertex 1212.8981 235.5000 1095.0000
         vertex 1237.9752 141.9109 529.6186
         vertex 1212.8981 235.5000 518.6917
      endloop
   endfacet
   facet normal 0.9960 0.0890 0.0000
      outer loop
         vertex 1268.6315 27.5001 830.0000
         vertex 1276.0001 -0.0000 830.0000
         vertex 1276.0001 0.0000 700.0000
      endloop
   endfacet
   facet normal 0.9844 0.1758 0.0000
      outer loop
         vertex 1268.6315 27.5001 830.0000
         vertex 1276.0001 0.0000 700.0000
         vertex 1257.2437 70.0000 681.2435
      endloop
   endfacet
   facet normal 0.9659 0.2588 0.0000
      outer loop
         vertex 1268.6315 27.5001 830.0000
         vertex 1257.2437 70.0000 681.2435
         vertex 1268.6315 27.5001 980.0000
      endloop
   endfacet
   facet normal 0.9659 0.2588 0.0000
      outer loop
         vertex 1237.9752 141.9109 529.6186
         vertex 1238.4872 140.0000 560.0000
         vertex 1238.4872 140.0000 529.3405
      endloop
   endfacet
   facet normal 0.9960 0.0890 0.0000
      outer loop
         vertex 1268.6315 27.5001 980.0000
         vertex 1276.0001 -0.0000 1095.0000
         vertex 1276.0001 -0.0000 980.0000
      endloop
   endfacet
   facet normal 0.0000 0.0000 1.0000
      outer loop
         vertex 1385.0000 27.5001 980.0000
         vertex 1268.6315 27.5001 980.0000
         vertex 1276.0001 -0.0000 980.0000
      endloop
   endfacet
   facet normal 0.0000 0.0000 1.0000
      outer loop
         vertex 1385.0000 27.5001 980.0000
         vertex 1276.0001 -0.0000 980.0000
         vertex 1268.6316 -27.4999 980.0000
      endloop
   endfacet
   facet normal 0.0000 0.0000 1.0000
      outer loop
         vertex 1385.0000 27.5001 980.0000
         vertex 1268.6316 -27.4999 980.0000
         vertex 1385.0000 -27.4999 980.0000
      endloop
   endfacet
   facet normal 0.0000 0.0000 -1.0000
      outer loop
         vertex 1276.0001 -0.0000 830.0000
         vertex 1268.6315 27.5001 830.0000
         vertex 1385.0000 27.5001 830.0000
      endloop
   endfacet
   facet normal 0.0000 0.0000 -1.0000
      outer loop
         vertex 1276.0001 -0.0000 830.0000
         vertex 1385.0000 27.5001 830.0000
         vertex 1385.0000 -27.4999 830.0000
      endloop
   endfacet
   facet normal 0.0000 0.0000 -1.0000
      outer loop
         vertex 1276.0001 -0.0000 830.0000
         vertex 1385.0000 -27.4999 830.0000
         vertex 1268.6316 -27.4999 830.0000
      endloop
   endfacet
   facet normal 0.0000 1.0000 0.0000
      outer loop
         vertex 1385.0000 27.5001 830.0000
         vertex 1268.6315 27.5001 830.0000
         vertex 1268.6315 27.5001 980.0000
      endloop
   endfacet
   facet normal 0.0000 1.0000 0.0000
      outer loop
         vertex 1385.0000 27.5001 830.0000
         vertex 1268.6315 27.5001 980.0000
         vertex 1385.0000 27.5001 980.0000
      endloop
   endfacet
   facet normal 0.5890 -0.3402 0.7330
      outer loop
         vertex 1246.0000 -140.0000 502.4871
         vertex 1246.0000 -270.0000 467.6537
         vertex 1328.0000 -240.0000 415.6922
      endloop
   endfacet
   facet normal 0.5845 -0.2758 0.7631
      outer loop
         vertex 1246.0000 -140.0000 502.4871
         vertex 1328.0000 -240.0000 415.6922
         vertex 1328.0000 -140.0000 442.4871
      endloop
   endfacet
   facet normal 0.6023 -0.5120 0.6124
      outer loop
         vertex 1328.0000 -415.6922 240.0000
         vertex 1328.0000 -240.0000 415.6922
         vertex 1246.0000 -270.0000 467.6537
      endloop
   endfacet
   facet normal 0.6023 -0.6124 0.5120
      outer loop
         vertex 1328.0000 -415.6922 240.0000
         vertex 1246.0000 -270.0000 467.6537
         vertex 1246.0000 -467.6537 270.0000
      endloop
   endfacet
   facet normal 0.6023 -0.7496 0.2744
      outer loop
         vertex 1328.0000 -480.0000 0.0000
         vertex 1328.0000 -415.6922 240.0000
         vertex 1246.0000 -467.6537 270.0000
      endloop
   endfacet
   facet normal 0.6023 -0.7864 0.1372
      outer loop
         vertex 1328.0000 -480.0000 0.0000
         vertex 1246.0000 -467.6537 270.0000
         vertex 1246.0000 -540.0000 0.0000
      endloop
   endfacet
   facet normal 0.0000 -0.3437 0.9391
      outer loop
         vertex 1257.2437 -70.0000 681.2435
         vertex 1384.0000 -70.0000 681.2435
         vertex 1384.0000 0.0000 700.0000
      endloop
   endfacet
   facet normal 0.0000 -0.1719 0.9851
      outer loop
         vertex 1257.2437 -70.0000 681.2435
         vertex 1384.0000 0.0000 700.0000
         vertex 1276.0001 0.0000 700.0000
      endloop
   endfacet
   facet normal 0.9659 -0.2588 0.0000
      outer loop
         vertex 1276.0001 -0.0000 1095.0000
         vertex 1212.8981 -235.5000 1095.0000
         vertex 1238.4872 -140.0000 560.0000
      endloop
   endfacet
   facet normal 0.9844 -0.1758 0.0000
      outer loop
         vertex 1276.0001 -0.0000 1095.0000
         vertex 1238.4872 -140.0000 560.0000
         vertex 1243.5131 -121.2436 630.0000
      endloop
   endfacet
   facet normal 0.9844 -0.1758 0.0000
      outer loop
         vertex 1276.0001 -0.0000 1095.0000
         vertex 1243.5131 -121.2436 630.0000
         vertex 1268.6316 -27.4999 980.0000
      endloop
   endfacet
   facet normal 0.9960 -0.0890 0.0000
      outer loop
         vertex 1276.0001 -0.0000 1095.0000
         vertex 1268.6316 -27.4999 980.0000
         vertex 1276.0001 -0.0000 980.0000
      endloop
   endfacet
   facet normal 0.9844 -0.1758 0.0000
      outer loop
         vertex 1257.2437 -70.0000 681.2435
         vertex 1276.0001 0.0000 700.0000
         vertex 1268.6316 -27.4999 830.0000
      endloop
   endfacet
   facet normal 0.9659 -0.2588 0.0000
      outer loop
         vertex 1257.2437 -70.0000 681.2435
         vertex 1268.6316 -27.4999 830.0000
         vertex 1268.6316 -27.4999 980.0000
      endloop
   endfacet
   facet normal 0.9659 -0.2588 0.0000
      outer loop
         vertex 1257.2437 -70.0000 681.2435
         vertex 1268.6316 -27.4999 980.0000
         vertex 1243.5131 -121.2436 630.0000
      endloop
   endfacet
   facet normal 0.9659 -0.2588 0.0000
      outer loop
         vertex 1237.9752 -141.9109 529.6186
         vertex 1238.4872 -140.0000 529.3405
         vertex 1238.4872 -140.0000 560.0000
      endloop
   endfacet
   facet normal 0.9405 -0.3399 0.0000
      outer loop
         vertex 1237.9752 -141.9109 529.6186
         vertex 1238.4872 -140.0000 560.0000
         vertex 1212.8981 -235.5000 1095.0000
      endloop
   endfacet
   facet normal 0.9071 -0.4210 0.0000
      outer loop
         vertex 1237.9752 -141.9109 529.6186
         vertex 1212.8981 -235.5000 1095.0000
         vertex 1212.8981 -235.5000 518.6917
      endloop
   endfacet
   facet normal 0.9960 -0.0890 0.0000
      outer loop
         vertex 1268.6316 -27.4999 830.0000
         vertex 1276.0001 0.0000 700.0000
         vertex 1276.0001 -0.0000 830.0000
      endloop
   endfacet
   facet normal 0.0000 -1.0000 0.0000
      outer loop
         vertex 1268.6316 -27.4999 830.0000
         vertex 1385.0000 -27.4999 830.0000
         vertex 1385.0000 -27.4999 980.0000
      endloop
   endfacet
   facet normal 0.0000 -1.0000 0.0000
      outer loop
         vertex 1268.6316 -27.4999 830.0000
         vertex 1385.0000 -27.4999 980.0000
         vertex 1268.6316 -27.4999 980.0000
      endloop
   endfacet
   facet normal 0.6023 -0.7864 -0.1372
      outer loop
         vertex 1328.0000 -415.6922 -240.0000
         vertex 1328.0000 -480.0000 0.0000
         vertex 1246.0000 -540.0000 0.0000
      endloop
   endfacet
   facet normal 0.6023 -0.7496 -0.2744
      outer loop
         vertex 1328.0000 -415.6922 -240.0000
         vertex 1246.0000 -540.0000 0.0000
         vertex 1246.0000 -467.6537 -270.0000
      endloop
   endfacet
   facet normal 0.6023 -0.6124 -0.5120
      outer loop
         vertex 1328.0000 -240.0000 -415.6922
         vertex 1328.0000 -415.6922 -240.0000
         vertex 1246.0000 -467.6537 -270.0000
      endloop
   endfacet
   facet normal 0.6023 -0.5120 -0.6124
      outer loop
         vertex 1328.0000 -240.0000 -415.6922
         vertex 1246.0000 -467.6537 -270.0000
         vertex 1246.0000 -270.0000 -467.6537
      endloop
   endfacet
   facet normal 0.6023 -0.2744 -0.7496
      outer loop
         vertex 1328.0000 -240.0000 -415.6922
         vertex 1246.0000 -270.0000 -467.6537
         vertex 1246.0000 -0.0000 -540.0000
      endloop
   endfacet
   facet normal 0.6023 -0.1372 -0.7864
      outer loop
         vertex 1328.0000 -240.0000 -415.6922
         vertex 1246.0000 -0.0000 -540.0000
         vertex 1328.0000 -0.0000 -480.0000
      endloop
   endfacet
   facet normal 0.6023 0.1372 -0.7864
      outer loop
         vertex 1328.0000 -0.0000 -480.0000
         vertex 1246.0000 -0.0000 -540.0000
         vertex 1246.0000 270.0000 -467.6537
      endloop
   endfacet
   facet normal 0.6023 0.2744 -0.7496
      outer loop
         vertex 1328.0000 -0.0000 -480.0000
         vertex 1246.0000 270.0000 -467.6537
         vertex 1328.0000 240.0000 -415.6922
      endloop
   endfacet
   facet normal 0.6023 0.5120 -0.6124
      outer loop
         vertex 1328.0000 415.6922 -240.0000
         vertex 1328.0000 240.0000 -415.6922
         vertex 1246.0000 270.0000 -467.6537
      endloop
   endfacet
   facet normal 0.6023 0.6124 -0.5120
      outer loop
         vertex 1328.0000 415.6922 -240.0000
         vertex 1246.0000 270.0000 -467.6537
         vertex 1246.0000 467.6537 -270.0000
      endloop
   endfacet
   facet normal 0.6023 0.7496 -0.2744
      outer loop
         vertex 1328.0000 480.0000 0.0000
         vertex 1328.0000 415.6922 -240.0000
         vertex 1246.0000 467.6537 -270.0000
      endloop
   endfacet
   facet normal 0.6023 0.7864 -0.1372
      outer loop
         vertex 1328.0000 480.0000 0.0000
         vertex 1246.0000 467.6537 -270.0000
         vertex 1246.0000 540.0000 -0.0000
      endloop
   endfacet
   facet normal 1.0000 0.0000 0.0000
      outer loop
         vertex 1428.0000 -173.2051 100.0000
         vertex 1428.0000 -200.0000 0.0000
         vertex 1428.0000 -173.2051 -100.0000
      endloop
   endfacet
   facet normal 1.0000 0.0000 0.0000
      outer loop
         vertex 1428.0000 -173.2051 100.0000
         vertex 1428.0000 -173.2051 -100.0000
         vertex 1428.0000 -123.2051 -150.0000
      endloop
   endfacet
   facet normal 1.0000 0.0000 0.0000
      outer loop
         vertex 1428.0000 -173.2051 100.0000
         vertex 1428.0000 -123.2051 -150.0000
         vertex 1428.0000 123.2051 -150.0000
      endloop
   endfacet
   facet normal 1.0000 0.0000 0.0000
      outer loop
         vertex 1428.0000 -173.2051 100.0000
         vertex 1428.0000 123.2051 -150.0000
         vertex 1428.0000 173.2051 -100.0000
      endloop
   endfacet
   facet normal 1.0000 0.0000 0.0000
      outer loop
         vertex 1428.0000 -173.2051 100.0000
         vertex 1428.0000 173.2051 -100.0000
         vertex 1428.0000 200.0000 -0.0000
      endloop
   endfacet
   facet normal 1.0000 0.0000 0.0000
      outer loop
         vertex 1428.0000 -173.2051 100.0000
         vertex 1428.0000 200.0000 -0.0000
         vertex 1428.0000 173.2051 100.0000
      endloop
   endfacet
   facet normal 1.0000 0.0000 0.0000
      outer loop
         vertex 1428.0000 -173.2051 100.0000
         vertex 1428.0000 173.2051 100.0000
         vertex 1428.0000 123.2051 150.0000
      endloop
   endfacet
   facet normal 1.0000 0.0000 0.0000
      outer loop
         vertex 1428.0000 -173.2051 100.0000
         vertex 1428.0000 123.2051 150.0000
         vertex 1428.0000 -123.2051 150.0000
      endloop
   endfacet
   facet normal 0.9449 0.3073 0.1125
      outer loop
         vertex 1328.0000 480.0000 0.0000
         vertex 1328.0000 415.6922 240.0000
         vertex 1375.7107 300.0000 173.2051
      endloop
   endfacet
   facet normal 0.9429 0.3217 0.0862
      outer loop
         vertex 1328.0000 480.0000 0.0000
         vertex 1375.7107 300.0000 173.2051
         vertex 1377.9313 300.0000 150.0000
      endloop
   endfacet
   facet normal 0.9429 0.3217 0.0862
      outer loop
         vertex 1328.0000 480.0000 0.0000
         vertex 1377.9313 300.0000 150.0000
         vertex 1392.2858 259.8076 150.0000
      endloop
   endfacet
   facet normal 0.9449 0.3224 0.0562
      outer loop
         vertex 1328.0000 480.0000 0.0000
         vertex 1392.2858 259.8076 150.0000
         vertex 1428.0000 200.0000 -0.0000
      endloop
   endfacet
   facet normal 0.9449 0.3073 0.1125
      outer loop
         vertex 1428.0000 200.0000 -0.0000
         vertex 1392.2858 259.8076 150.0000
         vertex 1428.0000 173.2051 100.0000
      endloop
   endfacet
   facet normal 0.9413 0.2761 0.1941
      outer loop
         vertex 1392.2858 259.8076 150.0000
         vertex 1428.0000 123.2051 150.0000
         vertex 1428.0000 173.2051 100.0000
      endloop
   endfacet
   facet normal 0.9413 0.2761 0.1941
      outer loop
         vertex 1353.5413 300.0000 258.0000
         vertex 1375.7107 300.0000 173.2051
         vertex 1328.0000 415.6922 240.0000
      endloop
   endfacet
   facet normal 0.9429 0.2355 0.2355
      outer loop
         vertex 1353.5413 300.0000 258.0000
         vertex 1328.0000 415.6922 240.0000
         vertex 1328.0000 240.0000 415.6922
      endloop
   endfacet
   facet normal 0.9413 0.1941 0.2761
      outer loop
         vertex 1353.5413 300.0000 258.0000
         vertex 1328.0000 240.0000 415.6922
         vertex 1393.0311 148.9564 258.0000
      endloop
   endfacet
   facet normal 0.9413 0.1421 0.3062
      outer loop
         vertex 1393.0311 148.9564 258.0000
         vertex 1328.0000 240.0000 415.6922
         vertex 1328.0000 140.0000 442.4871
      endloop
   endfacet
   facet normal 0.9400 0.1159 0.3207
      outer loop
         vertex 1393.0311 148.9564 258.0000
         vertex 1328.0000 140.0000 442.4871
         vertex 1384.0000 140.0000 285.6871
      endloop
   endfacet
   facet normal 0.9429 0.0862 0.3217
      outer loop
         vertex 1393.0311 148.9564 258.0000
         vertex 1384.0000 140.0000 285.6871
         vertex 1384.0000 0.0000 323.2000
      endloop
   endfacet
   facet normal 0.9449 0.0562 0.3224
      outer loop
         vertex 1393.0311 148.9564 258.0000
         vertex 1384.0000 0.0000 323.2000
         vertex 1407.2858 0.0000 258.0000
      endloop
   endfacet
   facet normal 0.0000 0.1719 -0.9851
      outer loop
         vertex 1581.0000 0.0001 405.0000
         vertex 1384.0000 0.0001 405.0000
         vertex 1384.0000 62.5001 421.7468
      endloop
   endfacet
   facet normal 0.0000 0.3437 -0.9391
      outer loop
         vertex 1581.0000 0.0001 405.0000
         vertex 1384.0000 62.5001 421.7468
         vertex 1581.0000 62.5001 421.7468
      endloop
   endfacet
   facet normal 0.0000 -0.1719 -0.9851
      outer loop
         vertex 1384.0000 0.0001 405.0000
         vertex 1581.0000 0.0001 405.0000
         vertex 1581.0000 -62.4999 421.7468
      endloop
   endfacet
   facet normal 0.0000 -0.3437 -0.9391
      outer loop
         vertex 1384.0000 0.0001 405.0000
         vertex 1581.0000 -62.4999 421.7468
         vertex 1384.0000 -62.4999 421.7468
      endloop
   endfacet
   facet normal 0.0000 -0.2588 -0.9659
      outer loop
         vertex 1384.0000 0.0001 405.0000
         vertex 1384.0000 -62.4999 421.7468
         vertex 1384.0000 0.0000 405.0000
      endloop
   endfacet
   facet normal 0.0000 1.0000 0.0000
      outer loop
         vertex 1375.7107 300.0000 173.2051
         vertex 1353.5413 300.0000 258.0000
         vertex 1455.0000 300.0000 258.0000
      endloop
   endfacet
   facet normal 0.0000 1.0000 0.0000
      outer loop
         vertex 1375.7107 300.0000 173.2051
         vertex 1455.0000 300.0000 258.0000
         vertex 1455.0000 300.0000 150.0000
      endloop
   endfacet
   facet normal 0.0000 1.0000 0.0000
      outer loop
         vertex 1375.7107 300.0000 173.2051
         vertex 1455.0000 300.0000 150.0000
         vertex 1377.9313 300.0000 150.0000
      endloop
   endfacet
   facet normal 0.0000 0.7672 -0.6414
      outer loop
         vertex 1384.0000 108.2533 467.5000
         vertex 1581.0000 108.2533 467.5000
         vertex 1581.0000 62.5001 421.7468
      endloop
   endfacet
   facet normal 0.0000 0.6414 -0.7672
      outer loop
         vertex 1384.0000 108.2533 467.5000
         vertex 1581.0000 62.5001 421.7468
         vertex 1384.0000 62.5001 421.7468
      endloop
   endfacet
   facet normal 0.0000 0.9071 0.4210
      outer loop
         vertex 1384.0000 116.9616 560.0000
         vertex 1384.0000 108.2533 592.5000
         vertex 1581.0000 108.2533 592.5000
      endloop
   endfacet
   facet normal 0.0000 0.9659 0.2588
      outer loop
         vertex 1384.0000 116.9616 560.0000
         vertex 1581.0000 108.2533 592.5000
         vertex 1581.0000 125.0001 530.0000
      endloop
   endfacet
   facet normal 0.0000 0.9960 0.0890
      outer loop
         vertex 1384.0000 116.9616 560.0000
         vertex 1581.0000 125.0001 530.0000
         vertex 1384.0000 125.0001 530.0000
      endloop
   endfacet
   facet normal 0.0000 0.9391 -0.3437
      outer loop
         vertex 1581.0000 108.2533 467.5000
         vertex 1384.0000 108.2533 467.5000
         vertex 1384.0000 125.0001 530.0000
      endloop
   endfacet
   facet normal 0.0000 0.9851 -0.1719
      outer loop
         vertex 1581.0000 108.2533 467.5000
         vertex 1384.0000 125.0001 530.0000
         vertex 1581.0000 125.0001 530.0000
      endloop
   endfacet
   facet normal 0.0000 -0.3437 0.9391
      outer loop
         vertex 1384.0000 -62.4999 638.2532
         vertex 1581.0000 -62.4999 638.2532
         vertex 1581.0000 0.0001 655.0000
      endloop
   endfacet
   facet normal 0.0000 -0.1719 0.9851
      outer loop
         vertex 1384.0000 -62.4999 638.2532
         vertex 1581.0000 0.0001 655.0000
         vertex 1384.0000 0.0001 655.0000
      endloop
   endfacet
   facet normal 0.0000 -0.2588 0.9659
      outer loop
         vertex 1384.0000 -62.4999 638.2532
         vertex 1384.0000 0.0001 655.0000
         vertex 1384.0000 0.0000 655.0000
      endloop
   endfacet
   facet normal 0.0000 0.3437 0.9391
      outer loop
         vertex 1581.0000 62.5001 638.2532
         vertex 1384.0000 62.5001 638.2532
         vertex 1384.0000 0.0001 655.0000
      endloop
   endfacet
   facet normal 0.0000 0.1719 0.9851
      outer loop
         vertex 1581.0000 62.5001 638.2532
         vertex 1384.0000 0.0001 655.0000
         vertex 1581.0000 0.0001 655.0000
      endloop
   endfacet
   facet normal 0.0000 0.6414 0.7672
      outer loop
         vertex 1384.0000 62.5001 638.2532
         vertex 1581.0000 62.5001 638.2532
         vertex 1581.0000 108.2533 592.5000
      endloop
   endfacet
   facet normal 0.0000 0.7672 0.6414
      outer loop
         vertex 1384.0000 62.5001 638.2532
         vertex 1581.0000 108.2533 592.5000
         vertex 1384.0000 108.2533 592.5000
      endloop
   endfacet
   facet normal 1.0000 0.0000 0.0000
      outer loop
         vertex 1385.0000 -27.4999 830.0000
         vertex 1385.0000 27.5001 830.0000
         vertex 1385.0000 27.5001 980.0000
      endloop
   endfacet
   facet normal 1.0000 0.0000 0.0000
      outer loop
         vertex 1385.0000 -27.4999 830.0000
         vertex 1385.0000 27.5001 980.0000
         vertex 1385.0000 -27.4999 980.0000
      endloop
   endfacet
   facet normal 0.9429 -0.0862 0.3217
      outer loop
         vertex 1393.0311 -148.9564 258.0000
         vertex 1407.2858 0.0000 258.0000
         vertex 1384.0000 -140.0000 285.6871
      endloop
   endfacet
   facet normal 0.9400 -0.1159 0.3207
      outer loop
         vertex 1393.0311 -148.9564 258.0000
         vertex 1384.0000 -140.0000 285.6871
         vertex 1328.0000 -140.0000 442.4871
      endloop
   endfacet
   facet normal 0.9413 -0.1421 0.3062
      outer loop
         vertex 1393.0311 -148.9564 258.0000
         vertex 1328.0000 -140.0000 442.4871
         vertex 1328.0000 -240.0000 415.6922
      endloop
   endfacet
   facet normal 0.9413 -0.0300 0.3362
      outer loop
         vertex 1384.0000 -140.0000 285.6871
         vertex 1407.2858 0.0000 258.0000
         vertex 1384.0000 0.0000 323.2000
      endloop
   endfacet
   facet normal 0.9413 -0.1941 0.2761
      outer loop
         vertex 1353.5413 -300.0000 258.0000
         vertex 1393.0311 -148.9564 258.0000
         vertex 1328.0000 -240.0000 415.6922
      endloop
   endfacet
   facet normal 0.9429 -0.2355 0.2355
      outer loop
         vertex 1353.5413 -300.0000 258.0000
         vertex 1328.0000 -240.0000 415.6922
         vertex 1328.0000 -415.6922 240.0000
      endloop
   endfacet
   facet normal 0.9413 -0.2761 0.1941
      outer loop
         vertex 1353.5413 -300.0000 258.0000
         vertex 1328.0000 -415.6922 240.0000
         vertex 1375.7107 -300.0000 173.2051
      endloop
   endfacet
   facet normal 0.9413 -0.2761 0.1941
      outer loop
         vertex 1428.0000 -123.2051 150.0000
         vertex 1392.2858 -259.8076 150.0000
         vertex 1428.0000 -173.2051 100.0000
      endloop
   endfacet
   facet normal 0.9449 -0.3073 0.1125
      outer loop
         vertex 1428.0000 -173.2051 100.0000
         vertex 1392.2858 -259.8076 150.0000
         vertex 1428.0000 -200.0000 0.0000
      endloop
   endfacet
   facet normal 0.9429 -0.3217 0.0862
      outer loop
         vertex 1428.0000 -200.0000 0.0000
         vertex 1392.2858 -259.8076 150.0000
         vertex 1377.9313 -300.0000 150.0000
      endloop
   endfacet
   facet normal 0.9429 -0.3217 0.0862
      outer loop
         vertex 1428.0000 -200.0000 0.0000
         vertex 1377.9313 -300.0000 150.0000
         vertex 1328.0000 -415.6922 240.0000
      endloop
   endfacet
   facet normal 0.9413 -0.3062 0.1421
      outer loop
         vertex 1328.0000 -415.6922 240.0000
         vertex 1377.9313 -300.0000 150.0000
         vertex 1375.7107 -300.0000 173.2051
      endloop
   endfacet
   facet normal 0.9449 -0.3224 0.0562
      outer loop
         vertex 1428.0000 -200.0000 0.0000
         vertex 1328.0000 -415.6922 240.0000
         vertex 1328.0000 -480.0000 0.0000
      endloop
   endfacet
   facet normal 0.0000 0.0000 -1.0000
      outer loop
         vertex 1377.9313 -300.0000 150.0000
         vertex 1392.2858 -259.8076 150.0000
         vertex 1455.0000 -300.0000 150.0000
      endloop
   endfacet
   facet normal 0.0000 0.0000 -1.0000
      outer loop
         vertex 1455.0000 -300.0000 150.0000
         vertex 1392.2858 -259.8076 150.0000
         vertex 1428.0000 -123.2051 150.0000
      endloop
   endfacet
   facet normal 0.0000 0.0000 -1.0000
      outer loop
         vertex 1455.0000 -300.0000 150.0000
         vertex 1428.0000 -123.2051 150.0000
         vertex 1455.0000 300.0000 150.0000
      endloop
   endfacet
   facet normal 0.0000 0.0000 -1.0000
      outer loop
         vertex 1455.0000 300.0000 150.0000
         vertex 1428.0000 -123.2051 150.0000
         vertex 1428.0000 123.2051 150.0000
      endloop
   endfacet
   facet normal 0.0000 0.0000 -1.0000
      outer loop
         vertex 1455.0000 300.0000 150.0000
         vertex 1428.0000 123.2051 150.0000
         vertex 1392.2858 259.8076 150.0000
      endloop
   endfacet
   facet normal 0.0000 0.0000 -1.0000
      outer loop
         vertex 1455.0000 300.0000 150.0000
         vertex 1392.2858 259.8076 150.0000
         vertex 1377.9313 300.0000 150.0000
      endloop
   endfacet
   facet normal 0.0000 -1.0000 0.0000
      outer loop
         vertex 1455.0000 -300.0000 258.0000
         vertex 1353.5413 -300.0000 258.0000
         vertex 1375.7107 -300.0000 173.2051
      endloop
   endfacet
   facet normal 0.0000 -1.0000 0.0000
      outer loop
         vertex 1455.0000 -300.0000 258.0000
         vertex 1375.7107 -300.0000 173.2051
         vertex 1377.9313 -300.0000 150.0000
      endloop
   endfacet
   facet normal 0.0000 -1.0000 0.0000
      outer loop
         vertex 1455.0000 -300.0000 258.0000
         vertex 1377.9313 -300.0000 150.0000
         vertex 1455.0000 -300.0000 150.0000
      endloop
   endfacet
   facet normal 0.0000 0.0000 1.0000
      outer loop
         vertex 1353.5413 300.0000 258.0000
         vertex 1393.0311 148.9564 258.0000
         vertex 1455.0000 300.0000 258.0000
      endloop
   endfacet
   facet normal 0.0000 0.0000 1.0000
      outer loop
         vertex 1455.0000 300.0000 258.0000
         vertex 1393.0311 148.9564 258.0000
         vertex 1407.2858 0.0000 258.0000
      endloop
   endfacet
   facet normal 0.0000 0.0000 1.0000
      outer loop
         vertex 1455.0000 300.0000 258.0000
         vertex 1407.2858 0.0000 258.0000
         vertex 1455.0000 -300.0000 258.0000
      endloop
   endfacet
   facet normal 0.0000 0.0000 1.0000
      outer loop
         vertex 1455.0000 -300.0000 258.0000
         vertex 1407.2858 0.0000 258.0000
         vertex 1393.0311 -148.9564 258.0000
      endloop
   endfacet
   facet normal 0.0000 0.0000 1.0000
      outer loop
         vertex 1455.0000 -300.0000 258.0000
         vertex 1393.0311 -148.9564 258.0000
         vertex 1353.5413 -300.0000 258.0000
      endloop
   endfacet
   facet normal 1.0000 0.0000 0.0000
      outer loop
         vertex 1384.0000 0.0001 655.0000
         vertex 1384.0000 62.5001 638.2532
         vertex 1384.0000 70.0000 681.2435
      endloop
   endfacet
   facet normal 1.0000 0.0000 0.0000
      outer loop
         vertex 1384.0000 70.0000 681.2435
         vertex 1384.0000 62.5001 638.2532
         vertex 1384.0000 108.2533 592.5000
      endloop
   endfacet
   facet normal 1.0000 0.0000 0.0000
      outer loop
         vertex 1384.0000 70.0000 681.2435
         vertex 1384.0000 108.2533 592.5000
         vertex 1384.0000 121.2436 630.0000
      endloop
   endfacet
   facet normal 1.0000 0.0000 0.0000
      outer loop
         vertex 1384.0000 121.2436 630.0000
         vertex 1384.0000 108.2533 592.5000
         vertex 1384.0000 116.9616 560.0000
      endloop
   endfacet
   facet normal 1.0000 0.0000 0.0000
      outer loop
         vertex 1384.0000 121.2436 630.0000
         vertex 1384.0000 116.9616 560.0000
         vertex 1384.0000 140.0000 560.0000
      endloop
   endfacet
   facet normal 1.0000 0.0000 0.0000
      outer loop
         vertex 1384.0000 0.0000 700.0000
         vertex 1384.0000 -70.0000 681.2435
         vertex 1384.0000 -62.4999 638.2532
      endloop
   endfacet
   facet normal 1.0000 0.0000 0.0000
      outer loop
         vertex 1384.0000 0.0000 700.0000
         vertex 1384.0000 -62.4999 638.2532
         vertex 1384.0000 0.0000 655.0000
      endloop
   endfacet
   facet normal 1.0000 0.0000 0.0000
      outer loop
         vertex 1384.0000 0.0000 700.0000
         vertex 1384.0000 0.0000 655.0000
         vertex 1384.0000 0.0001 655.0000
      endloop
   endfacet
   facet normal 1.0000 0.0000 0.0000
      outer loop
         vertex 1384.0000 0.0000 700.0000
         vertex 1384.0000 0.0001 655.0000
         vertex 1384.0000 70.0000 681.2435
      endloop
   endfacet
   facet normal 1.0000 0.0000 0.0000
      outer loop
         vertex 1384.0000 -140.0000 560.0000
         vertex 1384.0000 -116.9614 560.0000
         vertex 1384.0000 -121.2436 630.0000
      endloop
   endfacet
   facet normal 1.0000 0.0000 0.0000
      outer loop
         vertex 1384.0000 -121.2436 630.0000
         vertex 1384.0000 -116.9614 560.0000
         vertex 1384.0000 -108.2531 592.5000
      endloop
   endfacet
   facet normal 1.0000 0.0000 0.0000
      outer loop
         vertex 1384.0000 -121.2436 630.0000
         vertex 1384.0000 -108.2531 592.5000
         vertex 1384.0000 -70.0000 681.2435
      endloop
   endfacet
   facet normal 1.0000 0.0000 0.0000
      outer loop
         vertex 1384.0000 -70.0000 681.2435
         vertex 1384.0000 -108.2531 592.5000
         vertex 1384.0000 -62.4999 638.2532
      endloop
   endfacet
   facet normal 1.0000 0.0000 0.0000
      outer loop
         vertex 1384.0000 -140.0000 560.0000
         vertex 1384.0000 -140.0000 285.6871
         vertex 1384.0000 -108.2531 467.5000
      endloop
   endfacet
   facet normal 1.0000 0.0000 0.0000
      outer loop
         vertex 1384.0000 -140.0000 560.0000
         vertex 1384.0000 -108.2531 467.5000
         vertex 1384.0000 -124.9999 530.0000
      endloop
   endfacet
   facet normal 1.0000 0.0000 0.0000
      outer loop
         vertex 1384.0000 -140.0000 560.0000
         vertex 1384.0000 -124.9999 530.0000
         vertex 1384.0000 -116.9614 560.0000
      endloop
   endfacet
   facet normal 1.0000 0.0000 0.0000
      outer loop
         vertex 1384.0000 140.0000 285.6871
         vertex 1384.0000 140.0000 560.0000
         vertex 1384.0000 125.0001 530.0000
      endloop
   endfacet
   facet normal 1.0000 0.0000 0.0000
      outer loop
         vertex 1384.0000 140.0000 285.6871
         vertex 1384.0000 125.0001 530.0000
         vertex 1384.0000 108.2533 467.5000
      endloop
   endfacet
   facet normal 1.0000 0.0000 0.0000
      outer loop
         vertex 1384.0000 140.0000 285.6871
         vertex 1384.0000 108.2533 467.5000
         vertex 1384.0000 62.5001 421.7468
      endloop
   endfacet
   facet normal 1.0000 0.0000 0.0000
      outer loop
         vertex 1384.0000 140.0000 285.6871
         vertex 1384.0000 62.5001 421.7468
         vertex 1384.0000 0.0001 405.0000
      endloop
   endfacet
   facet normal 1.0000 0.0000 0.0000
      outer loop
         vertex 1384.0000 140.0000 285.6871
         vertex 1384.0000 0.0001 405.0000
         vertex 1384.0000 0.0000 323.2000
      endloop
   endfacet
   facet normal 1.0000 0.0000 0.0000
      outer loop
         vertex 1384.0000 0.0000 323.2000
         vertex 1384.0000 0.0001 405.0000
         vertex 1384.0000 0.0000 405.0000
      endloop
   endfacet
   facet normal 1.0000 0.0000 0.0000
      outer loop
         vertex 1384.0000 0.0000 323.2000
         vertex 1384.0000 0.0000 405.0000
         vertex 1384.0000 -62.4999 421.7468
      endloop
   endfacet
   facet normal 1.0000 0.0000 0.0000
      outer loop
         vertex 1384.0000 0.0000 323.2000
         vertex 1384.0000 -62.4999 421.7468
         vertex 1384.0000 -108.2531 467.5000
      endloop
   endfacet
   facet normal 1.0000 0.0000 0.0000
      outer loop
         vertex 1384.0000 0.0000 323.2000
         vertex 1384.0000 -108.2531 467.5000
         vertex 1384.0000 -140.0000 285.6871
      endloop
   endfacet
   facet normal 1.0000 0.0000 0.0000
      outer loop
         vertex 1384.0000 125.0001 530.0000
         vertex 1384.0000 140.0000 560.0000
         vertex 1384.0000 116.9616 560.0000
      endloop
   endfacet
   facet normal 0.0000 -0.9071 0.4210
      outer loop
         vertex 1581.0000 -108.2531 592.5000
         vertex 1384.0000 -108.2531 592.5000
         vertex 1384.0000 -116.9614 560.0000
      endloop
   endfacet
   facet normal 0.0000 -0.9659 0.2588
      outer loop
         vertex 1581.0000 -108.2531 592.5000
         vertex 1384.0000 -116.9614 560.0000
         vertex 1384.0000 -124.9999 530.0000
      endloop
   endfacet
   facet normal 0.0000 -0.9851 0.1719
      outer loop
         vertex 1581.0000 -108.2531 592.5000
         vertex 1384.0000 -124.9999 530.0000
         vertex 1581.0000 -124.9999 530.0000
      endloop
   endfacet
   facet normal 0.0000 -0.6414 -0.7672
      outer loop
         vertex 1384.0000 -62.4999 421.7468
         vertex 1581.0000 -62.4999 421.7468
         vertex 1581.0000 -108.2531 467.5000
      endloop
   endfacet
   facet normal 0.0000 -0.7672 -0.6414
      outer loop
         vertex 1384.0000 -62.4999 421.7468
         vertex 1581.0000 -108.2531 467.5000
         vertex 1384.0000 -108.2531 467.5000
      endloop
   endfacet
   facet normal 0.0000 -0.9851 -0.1719
      outer loop
         vertex 1581.0000 -124.9999 530.0000
         vertex 1384.0000 -124.9999 530.0000
         vertex 1384.0000 -108.2531 467.5000
      endloop
   endfacet
   facet normal 0.0000 -0.9391 -0.3437
      outer loop
         vertex 1581.0000 -124.9999 530.0000
         vertex 1384.0000 -108.2531 467.5000
         vertex 1581.0000 -108.2531 467.5000
      endloop
   endfacet
   facet normal 0.0000 -0.6414 0.7672
      outer loop
         vertex 1581.0000 -62.4999 638.2532
         vertex 1384.0000 -62.4999 638.2532
         vertex 1384.0000 -108.2531 592.5000
      endloop
   endfacet
   facet normal 0.0000 -0.7672 0.6414
      outer loop
         vertex 1581.0000 -62.4999 638.2532
         vertex 1384.0000 -108.2531 592.5000
         vertex 1581.0000 -108.2531 592.5000
      endloop
   endfacet
   facet normal 0.9449 -0.3073 -0.1125
      outer loop
         vertex 1328.0000 -480.0000 0.0000
         vertex 1328.0000 -415.6922 -240.0000
         vertex 1375.7107 -300.0000 -173.2051
      endloop
   endfacet
   facet normal 0.9429 -0.3217 -0.0862
      outer loop
         vertex 1328.0000 -480.0000 0.0000
         vertex 1375.7107 -300.0000 -173.2051
         vertex 1377.9313 -300.0000 -150.0000
      endloop
   endfacet
   facet normal 0.9429 -0.3217 -0.0862
      outer loop
         vertex 1328.0000 -480.0000 0.0000
         vertex 1377.9313 -300.0000 -150.0000
         vertex 1392.2858 -259.8076 -150.0000
      endloop
   endfacet
   facet normal 0.9449 -0.3073 -0.1125
      outer loop
         vertex 1328.0000 -480.0000 0.0000
         vertex 1392.2858 -259.8076 -150.0000
         vertex 1428.0000 -173.2051 -100.0000
      endloop
   endfacet
   facet normal 0.9449 -0.3224 -0.0562
      outer loop
         vertex 1328.0000 -480.0000 0.0000
         vertex 1428.0000 -173.2051 -100.0000
         vertex 1428.0000 -200.0000 0.0000
      endloop
   endfacet
   facet normal 0.9413 -0.2761 -0.1941
      outer loop
         vertex 1353.5413 -300.0000 -258.0000
         vertex 1375.7107 -300.0000 -173.2051
         vertex 1328.0000 -415.6922 -240.0000
      endloop
   endfacet
   facet normal 0.9429 -0.2355 -0.2355
      outer loop
         vertex 1353.5413 -300.0000 -258.0000
         vertex 1328.0000 -415.6922 -240.0000
         vertex 1328.0000 -240.0000 -415.6922
      endloop
   endfacet
   facet normal 0.9413 -0.1941 -0.2761
      outer loop
         vertex 1353.5413 -300.0000 -258.0000
         vertex 1328.0000 -240.0000 -415.6922
         vertex 1393.0311 -148.9564 -258.0000
      endloop
   endfacet
   facet normal 0.9413 -0.2761 -0.1941
      outer loop
         vertex 1428.0000 -173.2051 -100.0000
         vertex 1392.2858 -259.8076 -150.0000
         vertex 1428.0000 -123.2051 -150.0000
      endloop
   endfacet
   facet normal 0.9449 -0.1125 -0.3073
      outer loop
         vertex 1393.0311 -148.9564 -258.0000
         vertex 1328.0000 -240.0000 -415.6922
         vertex 1328.0000 -0.0000 -480.0000
      endloop
   endfacet
   facet normal 0.9449 -0.0562 -0.3224
      outer loop
         vertex 1393.0311 -148.9564 -258.0000
         vertex 1328.0000 -0.0000 -480.0000
         vertex 1407.2858 -0.0000 -258.0000
      endloop
   endfacet
   facet normal 0.0000 -1.0000 0.0000
      outer loop
         vertex 1455.0000 -300.0000 -150.0000
         vertex 1377.9313 -300.0000 -150.0000
         vertex 1375.7107 -300.0000 -173.2051
      endloop
   endfacet
   facet normal 0.0000 -1.0000 0.0000
      outer loop
         vertex 1455.0000 -300.0000 -150.0000
         vertex 1375.7107 -300.0000 -173.2051
         vertex 1353.5413 -300.0000 -258.0000
      endloop
   endfacet
   facet normal 0.0000 -1.0000 0.0000
      outer loop
         vertex 1455.0000 -300.0000 -150.0000
         vertex 1353.5413 -300.0000 -258.0000
         vertex 1455.0000 -300.0000 -258.0000
      endloop
   endfacet
   facet normal 0.9449 0.0562 -0.3224
      outer loop
         vertex 1393.0311 148.9564 -258.0000
         vertex 1407.2858 -0.0000 -258.0000
         vertex 1328.0000 -0.0000 -480.0000
      endloop
   endfacet
   facet normal 0.9449 0.1125 -0.3073
      outer loop
         vertex 1393.0311 148.9564 -258.0000
         vertex 1328.0000 -0.0000 -480.0000
         vertex 1328.0000 240.0000 -415.6922
      endloop
   endfacet
   facet normal 0.9413 0.1941 -0.2761
      outer loop
         vertex 1353.5413 300.0000 -258.0000
         vertex 1393.0311 148.9564 -258.0000
         vertex 1328.0000 240.0000 -415.6922
      endloop
   endfacet
   facet normal 0.9429 0.2355 -0.2355
      outer loop
         vertex 1353.5413 300.0000 -258.0000
         vertex 1328.0000 240.0000 -415.6922
         vertex 1328.0000 415.6922 -240.0000
      endloop
   endfacet
   facet normal 0.9413 0.2761 -0.1941
      outer loop
         vertex 1353.5413 300.0000 -258.0000
         vertex 1328.0000 415.6922 -240.0000
         vertex 1375.7107 300.0000 -173.2051
      endloop
   endfacet
   facet normal 0.9413 0.2761 -0.1941
      outer loop
         vertex 1428.0000 173.2051 -100.0000
         vertex 1428.0000 123.2051 -150.0000
         vertex 1392.2858 259.8076 -150.0000
      endloop
   endfacet
   facet normal 0.9449 0.3224 -0.0562
      outer loop
         vertex 1328.0000 480.0000 0.0000
         vertex 1428.0000 200.0000 -0.0000
         vertex 1428.0000 173.2051 -100.0000
      endloop
   endfacet
   facet normal 0.9449 0.3073 -0.1125
      outer loop
         vertex 1328.0000 480.0000 0.0000
         vertex 1428.0000 173.2051 -100.0000
         vertex 1392.2858 259.8076 -150.0000
      endloop
   endfacet
   facet normal 0.9429 0.3217 -0.0862
      outer loop
         vertex 1328.0000 480.0000 0.0000
         vertex 1392.2858 259.8076 -150.0000
         vertex 1377.9313 300.0000 -150.0000
      endloop
   endfacet
   facet normal 0.9429 0.3217 -0.0862
      outer loop
         vertex 1328.0000 480.0000 0.0000
         vertex 1377.9313 300.0000 -150.0000
         vertex 1375.7107 300.0000 -173.2051
      endloop
   endfacet
   facet normal 0.9449 0.3073 -0.1125
      outer loop
         vertex 1328.0000 480.0000 0.0000
         vertex 1375.7107 300.0000 -173.2051
         vertex 1328.0000 415.6922 -240.0000
      endloop
   endfacet
   facet normal 0.0000 0.0000 1.0000
      outer loop
         vertex 1377.9313 300.0000 -150.0000
         vertex 1392.2858 259.8076 -150.0000
         vertex 1455.0000 300.0000 -150.0000
      endloop
   endfacet
   facet normal 0.0000 0.0000 1.0000
      outer loop
         vertex 1455.0000 300.0000 -150.0000
         vertex 1392.2858 259.8076 -150.0000
         vertex 1428.0000 123.2051 -150.0000
      endloop
   endfacet
   facet normal 0.0000 0.0000 1.0000
      outer loop
         vertex 1455.0000 300.0000 -150.0000
         vertex 1428.0000 123.2051 -150.0000
         vertex 1455.0000 -300.0000 -150.0000
      endloop
   endfacet
   facet normal 0.0000 0.0000 1.0000
      outer loop
         vertex 1455.0000 -300.0000 -150.0000
         vertex 1428.0000 123.2051 -150.0000
         vertex 1428.0000 -123.2051 -150.0000
      endloop
   endfacet
   facet normal 0.0000 0.0000 1.0000
      outer loop
         vertex 1455.0000 -300.0000 -150.0000
         vertex 1428.0000 -123.2051 -150.0000
         vertex 1392.2858 -259.8076 -150.0000
      endloop
   endfacet
   facet normal 0.0000 0.0000 1.0000
      outer loop
         vertex 1455.0000 -300.0000 -150.0000
         vertex 1392.2858 -259.8076 -150.0000
         vertex 1377.9313 -300.0000 -150.0000
      endloop
   endfacet
   facet normal 0.0000 1.0000 0.0000
      outer loop
         vertex 1455.0000 300.0000 -258.0000
         vertex 1353.5413 300.0000 -258.0000
         vertex 1375.7107 300.0000 -173.2051
      endloop
   endfacet
   facet normal 0.0000 1.0000 0.0000
      outer loop
         vertex 1455.0000 300.0000 -258.0000
         vertex 1375.7107 300.0000 -173.2051
         vertex 1377.9313 300.0000 -150.0000
      endloop
   endfacet
   facet normal 0.0000 1.0000 0.0000
      outer loop
         vertex 1455.0000 300.0000 -258.0000
         vertex 1377.9313 300.0000 -150.0000
         vertex 1455.0000 300.0000 -150.0000
      endloop
   endfacet
   facet normal 0.0000 0.0000 -1.0000
      outer loop
         vertex 1353.5413 -300.0000 -258.0000
         vertex 1393.0311 -148.9564 -258.0000
         vertex 1455.0000 -300.0000 -258.0000
      endloop
   endfacet
   facet normal 0.0000 0.0000 -1.0000
      outer loop
         vertex 1455.0000 -300.0000 -258.0000
         vertex 1393.0311 -148.9564 -258.0000
         vertex 1407.2858 -0.0000 -258.0000
      endloop
   endfacet
   facet normal 0.0000 0.0000 -1.0000
      outer loop
         vertex 1455.0000 -300.0000 -258.0000
         vertex 1407.2858 -0.0000 -258.0000
         vertex 1455.0000 300.0000 -258.0000
      endloop
   endfacet
   facet normal 0.0000 0.0000 -1.0000
      outer loop
         vertex 1455.0000 300.0000 -258.0000
         vertex 1407.2858 -0.0000 -258.0000
         vertex 1393.0311 148.9564 -258.0000
      endloop
   endfacet
   facet normal 0.0000 0.0000 -1.0000
      outer loop
         vertex 1455.0000 300.0000 -258.0000
         vertex 1393.0311 148.9564 -258.0000
         vertex 1353.5413 300.0000 -258.0000
      endloop
   endfacet
   facet normal 1.0000 0.0000 0.0000
      outer loop
         vertex 1455.0000 -300.0000 -150.0000
         vertex 1455.0000 -300.0000 -258.0000
         vertex 1455.0000 300.0000 -258.0000
      endloop
   endfacet
   facet normal 1.0000 0.0000 0.0000
      outer loop
         vertex 1455.0000 -300.0000 -150.0000
         vertex 1455.0000 300.0000 -258.0000
         vertex 1455.0000 300.0000 -150.0000
      endloop
   endfacet
   facet normal 1.0000 0.0000 0.0000
      outer loop
         vertex 1455.0000 -300.0000 258.0000
         vertex 1455.0000 -300.0000 150.0000
         vertex 1455.0000 300.0000 150.0000
      endloop
   endfacet
   facet normal 1.0000 0.0000 0.0000
      outer loop
         vertex 1455.0000 -300.0000 258.0000
         vertex 1455.0000 300.0000 150.0000
         vertex 1455.0000 300.0000 258.0000
      endloop
   endfacet
   facet normal 1.0000 0.0000 0.0000
      outer loop
         vertex 1581.0000 -108.2531 592.5000
         vertex 1581.0000 -124.9999 530.0000
         vertex 1581.0000 -108.2531 467.5000
      endloop
   endfacet
   facet normal 1.0000 0.0000 0.0000
      outer loop
         vertex 1581.0000 -108.2531 592.5000
         vertex 1581.0000 -108.2531 467.5000
         vertex 1581.0000 -62.4999 421.7468
      endloop
   endfacet
   facet normal 1.0000 0.0000 0.0000
      outer loop
         vertex 1581.0000 -108.2531 592.5000
         vertex 1581.0000 -62.4999 421.7468
         vertex 1581.0000 0.0001 405.0000
      endloop
   endfacet
   facet normal 1.0000 0.0000 0.0000
      outer loop
         vertex 1581.0000 -108.2531 592.5000
         vertex 1581.0000 0.0001 405.0000
         vertex 1581.0000 62.5001 421.7468
      endloop
   endfacet
   facet normal 1.0000 0.0000 0.0000
      outer loop
         vertex 1581.0000 -108.2531 592.5000
         vertex 1581.0000 62.5001 421.7468
         vertex 1581.0000 108.2533 467.5000
      endloop
   endfacet
   facet normal 1.0000 0.0000 0.0000
      outer loop
         vertex 1581.0000 -108.2531 592.5000
         vertex 1581.0000 108.2533 467.5000
         vertex 1581.0000 125.0001 530.0000
      endloop
   endfacet
   facet normal 1.0000 0.0000 0.0000
      outer loop
         vertex 1581.0000 -108.2531 592.5000
         vertex 1581.0000 125.0001 530.0000
         vertex 1581.0000 108.2533 592.5000
      endloop
   endfacet
   facet normal 1.0000 0.0000 0.0000
      outer loop
         vertex 1581.0000 -108.2531 592.5000
         vertex 1581.0000 108.2533 592.5000
         vertex 1581.0000 62.5001 638.2532
      endloop
   endfacet
   facet normal 1.0000 0.0000 0.0000
      outer loop
         vertex 1581.0000 -108.2531 592.5000
         vertex 1581.0000 62.5001 638.2532
         vertex 1581.0000 0.0001 655.0000
      endloop
   endfacet
   facet normal 1.0000 0.0000 0.0000
      outer loop
         vertex 1581.0000 -108.2531 592.5000
         vertex 1581.0000 0.0001 655.0000
         vertex 1581.0000 -62.4999 638.2532
      endloop
   endfacet
   facet normal -0.7216 -0.6897 0.0602
      outer loop
         vertex 1094.0000 -521.6000 139.7623
         vertex 1094.0000 -540.0000 0.0000
         vertex 1152.0000 -600.0000 0.0000
      endloop
   endfacet
   facet normal -0.7216 -0.6817 0.1204
      outer loop
         vertex 1094.0000 -521.6000 139.7623
         vertex 1152.0000 -600.0000 0.0000
         vertex 1152.0000 -579.5555 155.2914
      endloop
   endfacet
   facet normal -0.7216 -0.6506 0.2366
      outer loop
         vertex 1094.0000 -467.6537 270.0000
         vertex 1094.0000 -521.6000 139.7623
         vertex 1152.0000 -579.5555 155.2914
      endloop
   endfacet
   facet normal -0.7216 -0.6274 0.2927
      outer loop
         vertex 1094.0000 -467.6537 270.0000
         vertex 1152.0000 -579.5555 155.2914
         vertex 1152.0000 -519.6152 300.0000
      endloop
   endfacet
   facet normal -0.7216 -0.5672 0.3969
      outer loop
         vertex 1094.0000 -381.8377 381.8377
         vertex 1094.0000 -467.6537 270.0000
         vertex 1152.0000 -519.6152 300.0000
      endloop
   endfacet
   facet normal -0.7216 -0.5302 0.4451
      outer loop
         vertex 1094.0000 -381.8377 381.8377
         vertex 1152.0000 -519.6152 300.0000
         vertex 1152.0000 -424.2641 424.2641
      endloop
   endfacet
   facet normal -0.7216 -0.4451 0.5302
      outer loop
         vertex 1094.0000 -381.8377 381.8377
         vertex 1152.0000 -424.2641 424.2641
         vertex 1152.0000 -300.0000 519.6152
      endloop
   endfacet
   facet normal -0.7216 -0.3969 0.5672
      outer loop
         vertex 1094.0000 -381.8377 381.8377
         vertex 1152.0000 -300.0000 519.6152
         vertex 1149.6260 -298.7721 517.4884
      endloop
   endfacet
   facet normal -0.7200 -0.4225 0.5506
      outer loop
         vertex 1094.0000 -381.8377 381.8377
         vertex 1149.6260 -298.7721 517.4884
         vertex 1094.0000 -354.3981 402.8928
      endloop
   endfacet
   facet normal -0.7187 -0.3209 0.6169
      outer loop
         vertex 1149.6260 -298.7721 517.4884
         vertex 1152.0000 -300.0000 519.6152
         vertex 1152.0000 -296.3981 521.1072
      endloop
   endfacet
   facet normal 0.9391 -0.3437 0.0000
      outer loop
         vertex 1145.0001 -0.0000 1160.0000
         vertex 1098.7789 -172.5000 1160.0000
         vertex 1098.7789 -172.5000 1130.0000
      endloop
   endfacet
   facet normal 0.9851 -0.1719 0.0000
      outer loop
         vertex 1145.0001 -0.0000 1160.0000
         vertex 1098.7789 -172.5000 1130.0000
         vertex 1145.0001 -0.0000 1130.0000
      endloop
   endfacet
   facet normal -0.7187 0.3209 0.6169
      outer loop
         vertex 1149.6260 298.7721 517.4884
         vertex 1152.0000 296.3981 521.1072
         vertex 1152.0000 300.0000 519.6152
      endloop
   endfacet
   facet normal -0.7187 0.3738 0.5864
      outer loop
         vertex 1094.0000 354.3981 402.8928
         vertex 1149.6260 298.7721 517.4884
         vertex 1152.0000 300.0000 519.6152
      endloop
   endfacet
   facet normal -0.7200 0.4225 0.5506
      outer loop
         vertex 1094.0000 354.3981 402.8928
         vertex 1152.0000 300.0000 519.6152
         vertex 1152.0000 424.2641 424.2641
      endloop
   endfacet
   facet normal -0.7187 0.4697 0.5128
      outer loop
         vertex 1094.0000 354.3981 402.8928
         vertex 1152.0000 424.2641 424.2641
         vertex 1094.0000 381.8377 381.8377
      endloop
   endfacet
   facet normal -0.7216 0.5672 0.3969
      outer loop
         vertex 1152.0000 519.6152 300.0000
         vertex 1094.0000 467.6537 270.0000
         vertex 1094.0000 381.8377 381.8377
      endloop
   endfacet
   facet normal -0.7216 0.5302 0.4451
      outer loop
         vertex 1152.0000 519.6152 300.0000
         vertex 1094.0000 381.8377 381.8377
         vertex 1152.0000 424.2641 424.2641
      endloop
   endfacet
   facet normal -0.7216 0.6506 0.2366
      outer loop
         vertex 1152.0000 579.5555 155.2914
         vertex 1094.0000 521.6000 139.7623
         vertex 1094.0000 467.6537 270.0000
      endloop
   endfacet
   facet normal -0.7216 0.6274 0.2927
      outer loop
         vertex 1152.0000 579.5555 155.2914
         vertex 1094.0000 467.6537 270.0000
         vertex 1152.0000 519.6152 300.0000
      endloop
   endfacet
   facet normal -0.7216 0.6897 0.0602
      outer loop
         vertex 1152.0000 600.0000 0.0000
         vertex 1094.0000 540.0000 0.0000
         vertex 1094.0000 521.6000 139.7623
      endloop
   endfacet
   facet normal -0.7216 0.6817 0.1204
      outer loop
         vertex 1152.0000 600.0000 0.0000
         vertex 1094.0000 521.6000 139.7623
         vertex 1152.0000 579.5555 155.2914
      endloop
   endfacet
   facet normal 0.9391 0.3437 0.0000
      outer loop
         vertex 1145.0001 -0.0000 1130.0000
         vertex 1098.7789 172.5000 1130.0000
         vertex 1098.7789 172.5000 1160.0000
      endloop
   endfacet
   facet normal 0.9851 0.1719 0.0000
      outer loop
         vertex 1145.0001 -0.0000 1130.0000
         vertex 1098.7789 172.5000 1160.0000
         vertex 1145.0001 -0.0000 1160.0000
      endloop
   endfacet
   facet normal -0.7216 0.6817 -0.1204
      outer loop
         vertex 1152.0000 600.0000 0.0000
         vertex 1152.0000 579.5555 -155.2914
         vertex 1094.0000 521.6000 -139.7623
      endloop
   endfacet
   facet normal -0.7216 0.6897 -0.0602
      outer loop
         vertex 1152.0000 600.0000 0.0000
         vertex 1094.0000 521.6000 -139.7623
         vertex 1094.0000 540.0000 0.0000
      endloop
   endfacet
   facet normal -0.7216 0.6274 -0.2927
      outer loop
         vertex 1152.0000 579.5555 -155.2914
         vertex 1152.0000 519.6152 -300.0000
         vertex 1107.7810 480.0000 -277.1281
      endloop
   endfacet
   facet normal -0.7200 0.6412 -0.2656
      outer loop
         vertex 1152.0000 579.5555 -155.2914
         vertex 1107.7810 480.0000 -277.1281
         vertex 1094.0000 480.0000 -240.1934
      endloop
   endfacet
   facet normal -0.7187 0.6631 -0.2092
      outer loop
         vertex 1152.0000 579.5555 -155.2914
         vertex 1094.0000 480.0000 -240.1934
         vertex 1094.0000 521.6000 -139.7623
      endloop
   endfacet
   facet normal -0.7187 0.5864 -0.3738
      outer loop
         vertex 1152.0000 519.6152 -300.0000
         vertex 1152.0000 480.0000 -351.6276
         vertex 1107.7810 480.0000 -277.1281
      endloop
   endfacet
   facet normal -0.7187 -0.5864 -0.3738
      outer loop
         vertex 1107.7810 -480.0000 -277.1281
         vertex 1152.0000 -480.0000 -351.6276
         vertex 1152.0000 -519.6152 -300.0000
      endloop
   endfacet
   facet normal -0.7200 -0.6412 -0.2656
      outer loop
         vertex 1094.0000 -521.6000 -139.7623
         vertex 1094.0000 -480.0000 -240.1934
         vertex 1107.7810 -480.0000 -277.1281
      endloop
   endfacet
   facet normal -0.7216 -0.6274 -0.2927
      outer loop
         vertex 1094.0000 -521.6000 -139.7623
         vertex 1107.7810 -480.0000 -277.1281
         vertex 1152.0000 -519.6152 -300.0000
      endloop
   endfacet
   facet normal -0.7216 -0.6506 -0.2366
      outer loop
         vertex 1094.0000 -521.6000 -139.7623
         vertex 1152.0000 -519.6152 -300.0000
         vertex 1152.0000 -579.5555 -155.2914
      endloop
   endfacet
   facet normal -0.7216 -0.6817 -0.1204
      outer loop
         vertex 1094.0000 -521.6000 -139.7623
         vertex 1152.0000 -579.5555 -155.2914
         vertex 1152.0000 -600.0000 0.0000
      endloop
   endfacet
   facet normal -0.7216 -0.6897 -0.0602
      outer loop
         vertex 1094.0000 -521.6000 -139.7623
         vertex 1152.0000 -600.0000 0.0000
         vertex 1094.0000 -540.0000 0.0000
      endloop
   endfacet
   facet normal -0.7216 -0.6897 0.0602
      outer loop
         vertex 834.0000 -521.6000 139.7623
         vertex 834.0000 -540.0000 0.0000
         vertex 892.0000 -600.0000 0.0000
      endloop
   endfacet
   facet normal -0.7216 -0.6817 0.1204
      outer loop
         vertex 834.0000 -521.6000 139.7623
         vertex 892.0000 -600.0000 0.0000
         vertex 892.0000 -579.5555 155.2914
      endloop
   endfacet
   facet normal -0.7216 -0.6506 0.2366
      outer loop
         vertex 834.0000 -467.6537 270.0000
         vertex 834.0000 -521.6000 139.7623
         vertex 892.0000 -579.5555 155.2914
      endloop
   endfacet
   facet normal -0.7216 -0.6274 0.2927
      outer loop
         vertex 834.0000 -467.6537 270.0000
         vertex 892.0000 -579.5555 155.2914
         vertex 892.0000 -519.6152 300.0000
      endloop
   endfacet
   facet normal -0.7187 -0.5864 0.3738
      outer loop
         vertex 834.0000 -463.2295 275.7657
         vertex 834.0000 -467.6537 270.0000
         vertex 892.0000 -519.6152 300.0000
      endloop
   endfacet
   facet normal -0.7177 -0.5703 0.3996
      outer loop
         vertex 834.0000 -463.2295 275.7657
         vertex 892.0000 -519.6152 300.0000
         vertex 892.0000 -447.6884 393.7368
      endloop
   endfacet
   facet normal -0.7187 0.5864 0.3738
      outer loop
         vertex 892.0000 519.6152 300.0000
         vertex 834.0000 467.6537 270.0000
         vertex 834.0000 463.2295 275.7657
      endloop
   endfacet
   facet normal -0.7177 0.5703 0.3996
      outer loop
         vertex 892.0000 519.6152 300.0000
         vertex 834.0000 463.2295 275.7657
         vertex 892.0000 447.6884 393.7368
      endloop
   endfacet
   facet normal -0.7216 0.6274 0.2927
      outer loop
         vertex 834.0000 521.6000 139.7623
         vertex 834.0000 467.6537 270.0000
         vertex 892.0000 519.6152 300.0000
      endloop
   endfacet
   facet normal -0.7216 0.6506 0.2366
      outer loop
         vertex 834.0000 521.6000 139.7623
         vertex 892.0000 519.6152 300.0000
         vertex 892.0000 579.5555 155.2914
      endloop
   endfacet
   facet normal -0.7216 0.6897 0.0602
      outer loop
         vertex 892.0000 579.5555 155.2914
         vertex 892.0000 600.0000 0.0000
         vertex 834.0000 540.0000 0.0000
      endloop
   endfacet
   facet normal -0.7216 0.6817 0.1204
      outer loop
         vertex 892.0000 579.5555 155.2914
         vertex 834.0000 540.0000 0.0000
         vertex 834.0000 521.6000 139.7623
      endloop
   endfacet
   facet normal -0.7216 0.6817 -0.1204
      outer loop
         vertex 892.0000 600.0000 0.0000
         vertex 892.0000 579.5555 -155.2914
         vertex 834.0000 521.6000 -139.7623
      endloop
   endfacet
   facet normal -0.7216 0.6897 -0.0602
      outer loop
         vertex 892.0000 600.0000 0.0000
         vertex 834.0000 521.6000 -139.7623
         vertex 834.0000 540.0000 0.0000
      endloop
   endfacet
   facet normal -0.7216 0.6274 -0.2927
      outer loop
         vertex 892.0000 579.5555 -155.2914
         vertex 892.0000 519.6152 -300.0000
         vertex 834.0000 467.6537 -270.0000
      endloop
   endfacet
   facet normal -0.7216 0.6506 -0.2366
      outer loop
         vertex 892.0000 579.5555 -155.2914
         vertex 834.0000 467.6537 -270.0000
         vertex 834.0000 521.6000 -139.7623
      endloop
   endfacet
   facet normal -0.7216 0.5302 -0.4451
      outer loop
         vertex 892.0000 519.6152 -300.0000
         vertex 892.0000 424.2641 -424.2641
         vertex 834.0000 381.8377 -381.8377
      endloop
   endfacet
   facet normal -0.7216 0.5672 -0.3969
      outer loop
         vertex 892.0000 519.6152 -300.0000
         vertex 834.0000 381.8377 -381.8377
         vertex 834.0000 467.6537 -270.0000
      endloop
   endfacet
   facet normal -0.7216 0.3969 -0.5672
      outer loop
         vertex 892.0000 300.0000 -519.6152
         vertex 834.0000 270.0000 -467.6537
         vertex 834.0000 381.8377 -381.8377
      endloop
   endfacet
   facet normal -0.7216 0.4451 -0.5302
      outer loop
         vertex 892.0000 300.0000 -519.6152
         vertex 834.0000 381.8377 -381.8377
         vertex 892.0000 424.2641 -424.2641
      endloop
   endfacet
   facet normal -0.7216 0.2366 -0.6506
      outer loop
         vertex 892.0000 155.2914 -579.5555
         vertex 834.0000 139.7623 -521.6000
         vertex 834.0000 270.0000 -467.6537
      endloop
   endfacet
   facet normal -0.7216 0.2927 -0.6274
      outer loop
         vertex 892.0000 155.2914 -579.5555
         vertex 834.0000 270.0000 -467.6537
         vertex 892.0000 300.0000 -519.6152
      endloop
   endfacet
   facet normal -0.7177 0.1207 -0.6859
      outer loop
         vertex 892.0000 155.2914 -579.5555
         vertex 892.0000 125.0000 -583.5435
         vertex 834.0000 125.0000 -523.5435
      endloop
   endfacet
   facet normal -0.7187 0.1504 -0.6789
      outer loop
         vertex 892.0000 155.2914 -579.5555
         vertex 834.0000 125.0000 -523.5435
         vertex 834.0000 139.7623 -521.6000
      endloop
   endfacet
   facet normal -0.7187 -0.1504 -0.6789
      outer loop
         vertex 892.0000 -125.0000 -583.5435
         vertex 892.0000 -155.2914 -579.5555
         vertex 834.0000 -139.7623 -521.6000
      endloop
   endfacet
   facet normal -0.7177 -0.1207 -0.6859
      outer loop
         vertex 892.0000 -125.0000 -583.5435
         vertex 834.0000 -139.7623 -521.6000
         vertex 834.0000 -125.0000 -523.5435
      endloop
   endfacet
   facet normal -0.7216 -0.2927 -0.6274
      outer loop
         vertex 892.0000 -155.2914 -579.5555
         vertex 892.0000 -300.0000 -519.6152
         vertex 834.0000 -270.0000 -467.6537
      endloop
   endfacet
   facet normal -0.7216 -0.2366 -0.6506
      outer loop
         vertex 892.0000 -155.2914 -579.5555
         vertex 834.0000 -270.0000 -467.6537
         vertex 834.0000 -139.7623 -521.6000
      endloop
   endfacet
   facet normal -0.7216 -0.4451 -0.5302
      outer loop
         vertex 892.0000 -300.0000 -519.6152
         vertex 892.0000 -424.2641 -424.2641
         vertex 834.0000 -381.8377 -381.8377
      endloop
   endfacet
   facet normal -0.7216 -0.3969 -0.5672
      outer loop
         vertex 892.0000 -300.0000 -519.6152
         vertex 834.0000 -381.8377 -381.8377
         vertex 834.0000 -270.0000 -467.6537
      endloop
   endfacet
   facet normal -0.7216 -0.5302 -0.4451
      outer loop
         vertex 834.0000 -381.8377 -381.8377
         vertex 892.0000 -424.2641 -424.2641
         vertex 892.0000 -519.6152 -300.0000
      endloop
   endfacet
   facet normal -0.7216 -0.5672 -0.3969
      outer loop
         vertex 834.0000 -381.8377 -381.8377
         vertex 892.0000 -519.6152 -300.0000
         vertex 834.0000 -467.6537 -270.0000
      endloop
   endfacet
   facet normal -0.7216 -0.6274 -0.2927
      outer loop
         vertex 834.0000 -467.6537 -270.0000
         vertex 892.0000 -519.6152 -300.0000
         vertex 892.0000 -579.5555 -155.2914
      endloop
   endfacet
   facet normal -0.7216 -0.6506 -0.2366
      outer loop
         vertex 834.0000 -467.6537 -270.0000
         vertex 892.0000 -579.5555 -155.2914
         vertex 834.0000 -521.6000 -139.7623
      endloop
   endfacet
   facet normal -0.7216 -0.6817 -0.1204
      outer loop
         vertex 834.0000 -521.6000 -139.7623
         vertex 892.0000 -579.5555 -155.2914
         vertex 892.0000 -600.0000 0.0000
      endloop
   endfacet
   facet normal -0.7216 -0.6897 -0.0602
      outer loop
         vertex 834.0000 -521.6000 -139.7623
         vertex 892.0000 -600.0000 0.0000
         vertex 834.0000 -540.0000 0.0000
      endloop
   endfacet
   facet normal -0.7216 -0.6897 0.0602
      outer loop
         vertex 574.0000 -540.0000 0.0000
         vertex 632.0000 -600.0000 0.0000
         vertex 632.0000 -579.5555 155.2914
      endloop
   endfacet
   facet normal -0.7216 -0.6817 0.1204
      outer loop
         vertex 574.0000 -540.0000 0.0000
         vertex 632.0000 -579.5555 155.2914
         vertex 574.0000 -521.6000 139.7623
      endloop
   endfacet
   facet normal -0.7216 -0.6506 0.2366
      outer loop
         vertex 574.0000 -467.6537 270.0000
         vertex 574.0000 -521.6000 139.7623
         vertex 632.0000 -579.5555 155.2914
      endloop
   endfacet
   facet normal -0.7216 -0.6274 0.2927
      outer loop
         vertex 574.0000 -467.6537 270.0000
         vertex 632.0000 -579.5555 155.2914
         vertex 632.0000 -519.6152 300.0000
      endloop
   endfacet
   facet normal -0.7187 -0.5864 0.3738
      outer loop
         vertex 574.0000 -409.1037 346.3039
         vertex 574.0000 -467.6537 270.0000
         vertex 632.0000 -519.6152 300.0000
      endloop
   endfacet
   facet normal -0.7177 -0.5703 0.3996
      outer loop
         vertex 574.0000 -409.1037 346.3039
         vertex 632.0000 -519.6152 300.0000
         vertex 632.0000 -424.6447 423.7679
      endloop
   endfacet
   facet normal -0.7177 0.5703 0.3996
      outer loop
         vertex 574.0000 467.6537 270.0000
         vertex 574.0000 409.1037 346.3039
         vertex 632.0000 424.6447 423.7679
      endloop
   endfacet
   facet normal -0.7187 0.5864 0.3738
      outer loop
         vertex 574.0000 467.6537 270.0000
         vertex 632.0000 424.6447 423.7679
         vertex 632.0000 519.6152 300.0000
      endloop
   endfacet
   facet normal -0.7216 0.6506 0.2366
      outer loop
         vertex 632.0000 579.5555 155.2914
         vertex 574.0000 521.6000 139.7623
         vertex 574.0000 467.6537 270.0000
      endloop
   endfacet
   facet normal -0.7216 0.6274 0.2927
      outer loop
         vertex 632.0000 579.5555 155.2914
         vertex 574.0000 467.6537 270.0000
         vertex 632.0000 519.6152 300.0000
      endloop
   endfacet
   facet normal -0.7216 0.6897 0.0602
      outer loop
         vertex 632.0000 600.0000 0.0000
         vertex 574.0000 540.0000 0.0000
         vertex 574.0000 521.6000 139.7623
      endloop
   endfacet
   facet normal -0.7216 0.6817 0.1204
      outer loop
         vertex 632.0000 600.0000 0.0000
         vertex 574.0000 521.6000 139.7623
         vertex 632.0000 579.5555 155.2914
      endloop
   endfacet
   facet normal -0.7216 0.6817 -0.1204
      outer loop
         vertex 632.0000 600.0000 0.0000
         vertex 632.0000 579.5555 -155.2914
         vertex 574.0000 521.6000 -139.7623
      endloop
   endfacet
   facet normal -0.7216 0.6897 -0.0602
      outer loop
         vertex 632.0000 600.0000 0.0000
         vertex 574.0000 521.6000 -139.7623
         vertex 574.0000 540.0000 0.0000
      endloop
   endfacet
   facet normal -0.7216 0.6274 -0.2927
      outer loop
         vertex 632.0000 579.5555 -155.2914
         vertex 632.0000 519.6152 -300.0000
         vertex 574.0000 467.6537 -270.0000
      endloop
   endfacet
   facet normal -0.7216 0.6506 -0.2366
      outer loop
         vertex 632.0000 579.5555 -155.2914
         vertex 574.0000 467.6537 -270.0000
         vertex 574.0000 521.6000 -139.7623
      endloop
   endfacet
   facet normal -0.7216 0.5302 -0.4451
      outer loop
         vertex 632.0000 519.6152 -300.0000
         vertex 632.0000 424.2641 -424.2641
         vertex 574.0000 381.8377 -381.8377
      endloop
   endfacet
   facet normal -0.7216 0.5672 -0.3969
      outer loop
         vertex 632.0000 519.6152 -300.0000
         vertex 574.0000 381.8377 -381.8377
         vertex 574.0000 467.6537 -270.0000
      endloop
   endfacet
   facet normal -0.7216 0.3969 -0.5672
      outer loop
         vertex 632.0000 300.0000 -519.6152
         vertex 574.0000 270.0000 -467.6537
         vertex 574.0000 381.8377 -381.8377
      endloop
   endfacet
   facet normal -0.7216 0.4451 -0.5302
      outer loop
         vertex 632.0000 300.0000 -519.6152
         vertex 574.0000 381.8377 -381.8377
         vertex 632.0000 424.2641 -424.2641
      endloop
   endfacet
   facet normal -0.7216 0.2366 -0.6506
      outer loop
         vertex 632.0000 155.2914 -579.5555
         vertex 574.0000 139.7623 -521.6000
         vertex 574.0000 270.0000 -467.6537
      endloop
   endfacet
   facet normal -0.7216 0.2927 -0.6274
      outer loop
         vertex 632.0000 155.2914 -579.5555
         vertex 574.0000 270.0000 -467.6537
         vertex 632.0000 300.0000 -519.6152
      endloop
   endfacet
   facet normal -0.7177 0.1207 -0.6859
      outer loop
         vertex 632.0000 155.2914 -579.5555
         vertex 632.0000 125.0000 -583.5435
         vertex 574.0000 125.0000 -523.5435
      endloop
   endfacet
   facet normal -0.7187 0.1504 -0.6789
      outer loop
         vertex 632.0000 155.2914 -579.5555
         vertex 574.0000 125.0000 -523.5435
         vertex 574.0000 139.7623 -521.6000
      endloop
   endfacet
   facet normal -0.7187 -0.1504 -0.6789
      outer loop
         vertex 632.0000 -125.0000 -583.5435
         vertex 632.0000 -155.2914 -579.5555
         vertex 574.0000 -139.7623 -521.6000
      endloop
   endfacet
   facet normal -0.7177 -0.1207 -0.6859
      outer loop
         vertex 632.0000 -125.0000 -583.5435
         vertex 574.0000 -139.7623 -521.6000
         vertex 574.0000 -125.0000 -523.5435
      endloop
   endfacet
   facet normal -0.7216 -0.2927 -0.6274
      outer loop
         vertex 632.0000 -155.2914 -579.5555
         vertex 632.0000 -300.0000 -519.6152
         vertex 574.0000 -270.0000 -467.6537
      endloop
   endfacet
   facet normal -0.7216 -0.2366 -0.6506
      outer loop
         vertex 632.0000 -155.2914 -579.5555
         vertex 574.0000 -270.0000 -467.6537
         vertex 574.0000 -139.7623 -521.6000
      endloop
   endfacet
   facet normal -0.7216 -0.4451 -0.5302
      outer loop
         vertex 632.0000 -300.0000 -519.6152
         vertex 632.0000 -424.2641 -424.2641
         vertex 574.0000 -381.8377 -381.8377
      endloop
   endfacet
   facet normal -0.7216 -0.3969 -0.5672
      outer loop
         vertex 632.0000 -300.0000 -519.6152
         vertex 574.0000 -381.8377 -381.8377
         vertex 574.0000 -270.0000 -467.6537
      endloop
   endfacet
   facet normal -0.7216 -0.5302 -0.4451
      outer loop
         vertex 574.0000 -381.8377 -381.8377
         vertex 632.0000 -424.2641 -424.2641
         vertex 632.0000 -519.6152 -300.0000
      endloop
   endfacet
   facet normal -0.7216 -0.5672 -0.3969
      outer loop
         vertex 574.0000 -381.8377 -381.8377
         vertex 632.0000 -519.6152 -300.0000
         vertex 574.0000 -467.6537 -270.0000
      endloop
   endfacet
   facet normal -0.7216 -0.6274 -0.2927
      outer loop
         vertex 574.0000 -467.6537 -270.0000
         vertex 632.0000 -519.6152 -300.0000
         vertex 632.0000 -579.5555 -155.2914
      endloop
   endfacet
   facet normal -0.7216 -0.6506 -0.2366
      outer loop
         vertex 574.0000 -467.6537 -270.0000
         vertex 632.0000 -579.5555 -155.2914
         vertex 574.0000 -521.6000 -139.7623
      endloop
   endfacet
   facet normal -0.7216 -0.6817 -0.1204
      outer loop
         vertex 574.0000 -521.6000 -139.7623
         vertex 632.0000 -579.5555 -155.2914
         vertex 632.0000 -600.0000 0.0000
      endloop
   endfacet
   facet normal -0.7216 -0.6897 -0.0602
      outer loop
         vertex 574.0000 -521.6000 -139.7623
         vertex 632.0000 -600.0000 0.0000
         vertex 574.0000 -540.0000 0.0000
      endloop
   endfacet
   facet normal -0.7216 -0.6897 0.0602
      outer loop
         vertex 314.0000 -521.6000 139.7623
         vertex 314.0000 -540.0000 0.0000
         vertex 372.0000 -600.0000 0.0000
      endloop
   endfacet
   facet normal -0.7216 -0.6817 0.1204
      outer loop
         vertex 314.0000 -521.6000 139.7623
         vertex 372.0000 -600.0000 0.0000
         vertex 372.0000 -579.5555 155.2914
      endloop
   endfacet
   facet normal -0.7216 -0.6506 0.2366
      outer loop
         vertex 314.0000 -467.6537 270.0000
         vertex 314.0000 -521.6000 139.7623
         vertex 372.0000 -579.5555 155.2914
      endloop
   endfacet
   facet normal -0.7216 -0.6274 0.2927
      outer loop
         vertex 314.0000 -467.6537 270.0000
         vertex 372.0000 -579.5555 155.2914
         vertex 372.0000 -519.6152 300.0000
      endloop
   endfacet
   facet normal -0.7216 -0.5672 0.3969
      outer loop
         vertex 314.0000 -381.8377 381.8377
         vertex 314.0000 -467.6537 270.0000
         vertex 372.0000 -519.6152 300.0000
      endloop
   endfacet
   facet normal -0.7216 -0.5302 0.4451
      outer loop
         vertex 314.0000 -381.8377 381.8377
         vertex 372.0000 -519.6152 300.0000
         vertex 372.0000 -424.2641 424.2641
      endloop
   endfacet
   facet normal -0.7216 -0.4451 0.5302
      outer loop
         vertex 314.0000 -381.8377 381.8377
         vertex 372.0000 -424.2641 424.2641
         vertex 372.0000 -300.0000 519.6152
      endloop
   endfacet
   facet normal -0.7216 -0.3969 0.5672
      outer loop
         vertex 314.0000 -381.8377 381.8377
         vertex 372.0000 -300.0000 519.6152
         vertex 314.0000 -270.0000 467.6537
      endloop
   endfacet
   facet normal -0.7187 -0.2092 0.6631
      outer loop
         vertex 372.0000 -155.2914 579.5555
         vertex 314.8878 -140.0000 522.4871
         vertex 314.0000 -140.0000 521.5015
      endloop
   endfacet
   facet normal -0.7200 -0.2656 0.6412
      outer loop
         vertex 372.0000 -155.2914 579.5555
         vertex 314.0000 -140.0000 521.5015
         vertex 314.0000 -270.0000 467.6537
      endloop
   endfacet
   facet normal -0.7216 -0.2927 0.6274
      outer loop
         vertex 372.0000 -155.2914 579.5555
         vertex 314.0000 -270.0000 467.6537
         vertex 372.0000 -300.0000 519.6152
      endloop
   endfacet
   facet normal -0.7160 -0.0911 0.6921
      outer loop
         vertex 372.0000 -141.8175 581.3293
         vertex 370.0574 -134.5675 580.2742
         vertex 351.1503 -140.0000 560.0000
      endloop
   endfacet
   facet normal -0.7177 -0.1207 0.6859
      outer loop
         vertex 372.0000 -141.8175 581.3293
         vertex 351.1503 -140.0000 560.0000
         vertex 314.8878 -140.0000 522.4871
      endloop
   endfacet
   facet normal -0.7187 -0.1504 0.6789
      outer loop
         vertex 372.0000 -141.8175 581.3293
         vertex 314.8878 -140.0000 522.4871
         vertex 372.0000 -155.2914 579.5555
      endloop
   endfacet
   facet normal 0.0000 -1.0000 0.0000
      outer loop
         vertex 205.1122 -140.0000 522.4871
         vertex 206.0000 -140.0000 521.5015
         vertex 314.8878 -140.0000 522.4871
      endloop
   endfacet
   facet normal 0.0000 -1.0000 0.0000
      outer loop
         vertex 205.1122 -140.0000 522.4871
         vertex 314.8878 -140.0000 522.4871
         vertex 351.1503 -140.0000 560.0000
      endloop
   endfacet
   facet normal 0.0000 -1.0000 0.0000
      outer loop
         vertex 205.1122 -140.0000 522.4871
         vertex 351.1503 -140.0000 560.0000
         vertex 168.8497 -140.0000 560.0000
      endloop
   endfacet
   facet normal 0.0000 -1.0000 0.0000
      outer loop
         vertex 314.8878 -140.0000 522.4871
         vertex 206.0000 -140.0000 521.5015
         vertex 314.0000 -140.0000 521.5015
      endloop
   endfacet
   facet normal 0.0000 -0.9659 0.2588
      outer loop
         vertex -91.1503 -140.0000 560.0000
         vertex 112.0000 -134.0094 582.3574
         vertex -112.0000 -134.0094 582.3574
      endloop
   endfacet
   facet normal 0.0000 -0.9405 0.3399
      outer loop
         vertex -112.0000 -134.0094 582.3574
         vertex 112.0000 -134.0094 582.3574
         vertex 366.4872 -121.2436 630.0000
      endloop
   endfacet
   facet normal 0.0000 -0.9405 0.3399
      outer loop
         vertex -112.0000 -134.0094 582.3574
         vertex 366.4872 -121.2436 630.0000
         vertex -148.0000 -134.0094 582.3574
      endloop
   endfacet
   facet normal 0.0000 -0.9071 0.4210
      outer loop
         vertex -148.0000 -134.0094 582.3574
         vertex 366.4872 -121.2436 630.0000
         vertex -366.4872 -121.2436 630.0000
      endloop
   endfacet
   facet normal 0.0000 -0.9405 0.3399
      outer loop
         vertex -148.0000 -134.0094 582.3574
         vertex -366.4872 -121.2436 630.0000
         vertex -370.0574 -134.5675 580.2742
      endloop
   endfacet
   facet normal 0.0000 -0.9659 0.2588
      outer loop
         vertex -351.1503 -140.0000 560.0000
         vertex -168.8497 -140.0000 560.0000
         vertex -148.0000 -134.0094 582.3574
      endloop
   endfacet
   facet normal 0.0000 -0.9659 0.2588
      outer loop
         vertex -351.1503 -140.0000 560.0000
         vertex -148.0000 -134.0094 582.3574
         vertex -370.0574 -134.5675 580.2742
      endloop
   endfacet
   facet normal 0.0000 -0.9659 0.2588
      outer loop
         vertex 148.0000 -134.0094 582.3574
         vertex 168.8497 -140.0000 560.0000
         vertex 370.0574 -134.5675 580.2742
      endloop
   endfacet
   facet normal 0.0000 -0.9405 0.3399
      outer loop
         vertex 148.0000 -134.0094 582.3574
         vertex 370.0574 -134.5675 580.2742
         vertex 366.4872 -121.2436 630.0000
      endloop
   endfacet
   facet normal 0.0000 -0.9405 0.3399
      outer loop
         vertex 148.0000 -134.0094 582.3574
         vertex 366.4872 -121.2436 630.0000
         vertex 112.0000 -134.0094 582.3574
      endloop
   endfacet
   facet normal 0.0000 -0.9659 0.2588
      outer loop
         vertex 370.0574 -134.5675 580.2742
         vertex 168.8497 -140.0000 560.0000
         vertex 351.1503 -140.0000 560.0000
      endloop
   endfacet
   facet normal 0.0000 -0.9659 0.2588
      outer loop
         vertex 112.0000 -134.0094 582.3574
         vertex -91.1503 -140.0000 560.0000
         vertex 91.1503 -140.0000 560.0000
      endloop
   endfacet
   facet normal 0.0000 -0.7672 0.6414
      outer loop
         vertex -366.4872 -121.2436 630.0000
         vertex 366.4872 -121.2436 630.0000
         vertex 352.7566 -70.0000 681.2435
      endloop
   endfacet
   facet normal 0.0000 -0.6414 0.7672
      outer loop
         vertex -366.4872 -121.2436 630.0000
         vertex 352.7566 -70.0000 681.2435
         vertex -352.7566 -70.0000 681.2435
      endloop
   endfacet
   facet normal 0.0000 -0.1719 0.9851
      outer loop
         vertex 334.0001 0.0000 700.0000
         vertex -334.0001 -0.0000 700.0000
         vertex -352.7566 -70.0000 681.2435
      endloop
   endfacet
   facet normal 0.0000 -0.3437 0.9391
      outer loop
         vertex 334.0001 0.0000 700.0000
         vertex -352.7566 -70.0000 681.2435
         vertex 352.7566 -70.0000 681.2435
      endloop
   endfacet
   facet normal -0.9960 -0.0890 0.0000
      outer loop
         vertex 334.0001 0.0000 1095.0000
         vertex 334.0001 0.0000 700.0000
         vertex 352.7566 -70.0000 681.2435
      endloop
   endfacet
   facet normal -0.9844 -0.1758 0.0000
      outer loop
         vertex 334.0001 0.0000 1095.0000
         vertex 352.7566 -70.0000 681.2435
         vertex 366.4872 -121.2436 630.0000
      endloop
   endfacet
   facet normal -0.9844 -0.1758 0.0000
      outer loop
         vertex 334.0001 0.0000 1095.0000
         vertex 366.4872 -121.2436 630.0000
         vertex 370.0574 -134.5675 580.2742
      endloop
   endfacet
   facet normal -0.9844 -0.1758 0.0000
      outer loop
         vertex 334.0001 0.0000 1095.0000
         vertex 370.0574 -134.5675 580.2742
         vertex 372.0000 -141.8175 581.3293
      endloop
   endfacet
   facet normal -0.9844 -0.1758 0.0000
      outer loop
         vertex 334.0001 0.0000 1095.0000
         vertex 372.0000 -141.8175 581.3293
         vertex 375.6103 -155.2914 579.5555
      endloop
   endfacet
   facet normal -0.9659 -0.2588 0.0000
      outer loop
         vertex 334.0001 0.0000 1095.0000
         vertex 375.6103 -155.2914 579.5555
         vertex 397.1021 -235.5000 546.3320
      endloop
   endfacet
   facet normal -0.9391 -0.3437 0.0000
      outer loop
         vertex 334.0001 0.0000 1095.0000
         vertex 397.1021 -235.5000 546.3320
         vertex 397.1021 -235.5000 1095.0000
      endloop
   endfacet
   facet normal -0.7187 0.1504 0.6789
      outer loop
         vertex 372.0000 155.2914 579.5555
         vertex 314.8878 140.0000 522.4871
         vertex 351.1503 140.0000 560.0000
      endloop
   endfacet
   facet normal -0.7177 0.1207 0.6859
      outer loop
         vertex 372.0000 155.2914 579.5555
         vertex 351.1503 140.0000 560.0000
         vertex 370.0574 134.5675 580.2742
      endloop
   endfacet
   facet normal -0.7177 0.1207 0.6859
      outer loop
         vertex 372.0000 155.2914 579.5555
         vertex 370.0574 134.5675 580.2742
         vertex 372.0000 141.8175 581.3293
      endloop
   endfacet
   facet normal -0.7216 0.2927 0.6274
      outer loop
         vertex 372.0000 155.2914 579.5555
         vertex 372.0000 300.0000 519.6152
         vertex 314.0000 270.0000 467.6537
      endloop
   endfacet
   facet normal -0.7200 0.2656 0.6412
      outer loop
         vertex 372.0000 155.2914 579.5555
         vertex 314.0000 270.0000 467.6537
         vertex 314.0000 140.0000 521.5015
      endloop
   endfacet
   facet normal -0.7187 0.2092 0.6631
      outer loop
         vertex 372.0000 155.2914 579.5555
         vertex 314.0000 140.0000 521.5015
         vertex 314.8878 140.0000 522.4871
      endloop
   endfacet
   facet normal -0.7216 0.3969 0.5672
      outer loop
         vertex 314.0000 381.8377 381.8377
         vertex 314.0000 270.0000 467.6537
         vertex 372.0000 300.0000 519.6152
      endloop
   endfacet
   facet normal -0.7216 0.4451 0.5302
      outer loop
         vertex 314.0000 381.8377 381.8377
         vertex 372.0000 300.0000 519.6152
         vertex 372.0000 424.2641 424.2641
      endloop
   endfacet
   facet normal -0.7216 0.5672 0.3969
      outer loop
         vertex 372.0000 519.6152 300.0000
         vertex 314.0000 467.6537 270.0000
         vertex 314.0000 381.8377 381.8377
      endloop
   endfacet
   facet normal -0.7216 0.5302 0.4451
      outer loop
         vertex 372.0000 519.6152 300.0000
         vertex 314.0000 381.8377 381.8377
         vertex 372.0000 424.2641 424.2641
      endloop
   endfacet
   facet normal -0.7216 0.6506 0.2366
      outer loop
         vertex 372.0000 579.5555 155.2914
         vertex 314.0000 521.6000 139.7623
         vertex 314.0000 467.6537 270.0000
      endloop
   endfacet
   facet normal -0.7216 0.6274 0.2927
      outer loop
         vertex 372.0000 579.5555 155.2914
         vertex 314.0000 467.6537 270.0000
         vertex 372.0000 519.6152 300.0000
      endloop
   endfacet
   facet normal -0.7216 0.6897 0.0602
      outer loop
         vertex 372.0000 579.5555 155.2914
         vertex 372.0000 600.0000 0.0000
         vertex 314.0000 540.0000 0.0000
      endloop
   endfacet
   facet normal -0.7216 0.6817 0.1204
      outer loop
         vertex 372.0000 579.5555 155.2914
         vertex 314.0000 540.0000 0.0000
         vertex 314.0000 521.6000 139.7623
      endloop
   endfacet
   facet normal -0.7216 0.6817 -0.1204
      outer loop
         vertex 372.0000 600.0000 0.0000
         vertex 372.0000 579.5555 -155.2914
         vertex 314.0000 521.6000 -139.7623
      endloop
   endfacet
   facet normal -0.7216 0.6897 -0.0602
      outer loop
         vertex 372.0000 600.0000 0.0000
         vertex 314.0000 521.6000 -139.7623
         vertex 314.0000 540.0000 0.0000
      endloop
   endfacet
   facet normal -0.7216 0.6274 -0.2927
      outer loop
         vertex 372.0000 579.5555 -155.2914
         vertex 372.0000 519.6152 -300.0000
         vertex 327.7810 480.0000 -277.1281
      endloop
   endfacet
   facet normal -0.7200 0.6412 -0.2656
      outer loop
         vertex 372.0000 579.5555 -155.2914
         vertex 327.7810 480.0000 -277.1281
         vertex 314.0000 480.0000 -240.1934
      endloop
   endfacet
   facet normal -0.7187 0.6631 -0.2092
      outer loop
         vertex 372.0000 579.5555 -155.2914
         vertex 314.0000 480.0000 -240.1934
         vertex 314.0000 521.6000 -139.7623
      endloop
   endfacet
   facet normal -0.7187 0.5864 -0.3738
      outer loop
         vertex 372.0000 519.6152 -300.0000
         vertex 372.0000 480.0000 -351.6276
         vertex 327.7810 480.0000 -277.1281
      endloop
   endfacet
   facet normal -0.7187 -0.5864 -0.3738
      outer loop
         vertex 327.7810 -480.0000 -277.1281
         vertex 372.0000 -480.0000 -351.6276
         vertex 372.0000 -519.6152 -300.0000
      endloop
   endfacet
   facet normal -0.7200 -0.6412 -0.2656
      outer loop
         vertex 314.0000 -521.6000 -139.7623
         vertex 314.0000 -480.0000 -240.1934
         vertex 327.7810 -480.0000 -277.1281
      endloop
   endfacet
   facet normal -0.7216 -0.6274 -0.2927
      outer loop
         vertex 314.0000 -521.6000 -139.7623
         vertex 327.7810 -480.0000 -277.1281
         vertex 372.0000 -519.6152 -300.0000
      endloop
   endfacet
   facet normal -0.7216 -0.6506 -0.2366
      outer loop
         vertex 314.0000 -521.6000 -139.7623
         vertex 372.0000 -519.6152 -300.0000
         vertex 372.0000 -579.5555 -155.2914
      endloop
   endfacet
   facet normal -0.7216 -0.6817 -0.1204
      outer loop
         vertex 314.0000 -521.6000 -139.7623
         vertex 372.0000 -579.5555 -155.2914
         vertex 372.0000 -600.0000 0.0000
      endloop
   endfacet
   facet normal -0.7216 -0.6897 -0.0602
      outer loop
         vertex 314.0000 -521.6000 -139.7623
         vertex 372.0000 -600.0000 0.0000
         vertex 314.0000 -540.0000 0.0000
      endloop
   endfacet
   facet normal -0.7216 -0.6897 0.0602
      outer loop
         vertex 54.0000 -521.6000 139.7623
         vertex 54.0000 -540.0000 0.0000
         vertex 112.0000 -600.0000 0.0000
      endloop
   endfacet
   facet normal -0.7216 -0.6817 0.1204
      outer loop
         vertex 54.0000 -521.6000 139.7623
         vertex 112.0000 -600.0000 0.0000
         vertex 112.0000 -579.5555 155.2914
      endloop
   endfacet
   facet normal -0.7216 -0.6506 0.2366
      outer loop
         vertex 54.0000 -467.6537 270.0000
         vertex 54.0000 -521.6000 139.7623
         vertex 112.0000 -579.5555 155.2914
      endloop
   endfacet
   facet normal -0.7216 -0.6274 0.2927
      outer loop
         vertex 54.0000 -467.6537 270.0000
         vertex 112.0000 -579.5555 155.2914
         vertex 112.0000 -519.6152 300.0000
      endloop
   endfacet
   facet normal -0.7216 -0.5672 0.3969
      outer loop
         vertex 54.0000 -381.8377 381.8377
         vertex 54.0000 -467.6537 270.0000
         vertex 112.0000 -519.6152 300.0000
      endloop
   endfacet
   facet normal -0.7216 -0.5302 0.4451
      outer loop
         vertex 54.0000 -381.8377 381.8377
         vertex 112.0000 -519.6152 300.0000
         vertex 112.0000 -424.2641 424.2641
      endloop
   endfacet
   facet normal -0.7216 -0.4451 0.5302
      outer loop
         vertex 54.0000 -381.8377 381.8377
         vertex 112.0000 -424.2641 424.2641
         vertex 112.0000 -300.0000 519.6152
      endloop
   endfacet
   facet normal -0.7216 -0.3969 0.5672
      outer loop
         vertex 54.0000 -381.8377 381.8377
         vertex 112.0000 -300.0000 519.6152
         vertex 54.0000 -270.0000 467.6537
      endloop
   endfacet
   facet normal -0.7216 -0.2366 0.6506
      outer loop
         vertex 112.0000 -300.0000 519.6152
         vertex 112.0000 -155.2914 579.5555
         vertex 54.8878 -140.0000 522.4871
      endloop
   endfacet
   facet normal -0.7200 -0.2656 0.6412
      outer loop
         vertex 112.0000 -300.0000 519.6152
         vertex 54.8878 -140.0000 522.4871
         vertex 54.0000 -140.0000 521.5015
      endloop
   endfacet
   facet normal -0.7187 -0.3209 0.6169
      outer loop
         vertex 112.0000 -300.0000 519.6152
         vertex 54.0000 -140.0000 521.5015
         vertex 54.0000 -270.0000 467.6537
      endloop
   endfacet
   facet normal -0.7177 -0.1207 0.6859
      outer loop
         vertex 112.0000 -155.2914 579.5555
         vertex 112.0000 -134.0094 582.3574
         vertex 91.1503 -140.0000 560.0000
      endloop
   endfacet
   facet normal -0.7187 -0.1504 0.6789
      outer loop
         vertex 112.0000 -155.2914 579.5555
         vertex 91.1503 -140.0000 560.0000
         vertex 54.8878 -140.0000 522.4871
      endloop
   endfacet
   facet normal 0.0000 -1.0000 0.0000
      outer loop
         vertex -54.8878 -140.0000 522.4871
         vertex -54.0000 -140.0000 521.5015
         vertex 54.8878 -140.0000 522.4871
      endloop
   endfacet
   facet normal 0.0000 -1.0000 0.0000
      outer loop
         vertex -54.8878 -140.0000 522.4871
         vertex 54.8878 -140.0000 522.4871
         vertex 91.1503 -140.0000 560.0000
      endloop
   endfacet
   facet normal 0.0000 -1.0000 0.0000
      outer loop
         vertex -54.8878 -140.0000 522.4871
         vertex 91.1503 -140.0000 560.0000
         vertex -91.1503 -140.0000 560.0000
      endloop
   endfacet
   facet normal 0.0000 -1.0000 0.0000
      outer loop
         vertex 54.8878 -140.0000 522.4871
         vertex -54.0000 -140.0000 521.5015
         vertex 54.0000 -140.0000 521.5015
      endloop
   endfacet
   facet normal -0.7187 0.1504 0.6789
      outer loop
         vertex 112.0000 155.2914 579.5555
         vertex 54.8878 140.0000 522.4871
         vertex 91.1503 140.0000 560.0000
      endloop
   endfacet
   facet normal -0.7177 0.1207 0.6859
      outer loop
         vertex 112.0000 155.2914 579.5555
         vertex 91.1503 140.0000 560.0000
         vertex 112.0000 134.0094 582.3574
      endloop
   endfacet
   facet normal -0.7216 0.2366 0.6506
      outer loop
         vertex 54.8878 140.0000 522.4871
         vertex 112.0000 155.2914 579.5555
         vertex 112.0000 300.0000 519.6152
      endloop
   endfacet
   facet normal -0.7216 0.2927 0.6274
      outer loop
         vertex 54.8878 140.0000 522.4871
         vertex 112.0000 300.0000 519.6152
         vertex 54.0000 270.0000 467.6537
      endloop
   endfacet
   facet normal -0.7200 0.2656 0.6412
      outer loop
         vertex 54.8878 140.0000 522.4871
         vertex 54.0000 270.0000 467.6537
         vertex 54.0000 140.0000 521.5015
      endloop
   endfacet
   facet normal -0.7216 0.3969 0.5672
      outer loop
         vertex 54.0000 381.8377 381.8377
         vertex 54.0000 270.0000 467.6537
         vertex 112.0000 300.0000 519.6152
      endloop
   endfacet
   facet normal -0.7216 0.4451 0.5302
      outer loop
         vertex 54.0000 381.8377 381.8377
         vertex 112.0000 300.0000 519.6152
         vertex 112.0000 424.2641 424.2641
      endloop
   endfacet
   facet normal -0.7216 0.5672 0.3969
      outer loop
         vertex 112.0000 519.6152 300.0000
         vertex 54.0000 467.6537 270.0000
         vertex 54.0000 381.8377 381.8377
      endloop
   endfacet
   facet normal -0.7216 0.5302 0.4451
      outer loop
         vertex 112.0000 519.6152 300.0000
         vertex 54.0000 381.8377 381.8377
         vertex 112.0000 424.2641 424.2641
      endloop
   endfacet
   facet normal -0.7216 0.6506 0.2366
      outer loop
         vertex 112.0000 579.5555 155.2914
         vertex 54.0000 521.6000 139.7623
         vertex 54.0000 467.6537 270.0000
      endloop
   endfacet
   facet normal -0.7216 0.6274 0.2927
      outer loop
         vertex 112.0000 579.5555 155.2914
         vertex 54.0000 467.6537 270.0000
         vertex 112.0000 519.6152 300.0000
      endloop
   endfacet
   facet normal -0.7216 0.6897 0.0602
      outer loop
         vertex 112.0000 600.0000 0.0000
         vertex 54.0000 540.0000 0.0000
         vertex 54.0000 521.6000 139.7623
      endloop
   endfacet
   facet normal -0.7216 0.6817 0.1204
      outer loop
         vertex 112.0000 600.0000 0.0000
         vertex 54.0000 521.6000 139.7623
         vertex 112.0000 579.5555 155.2914
      endloop
   endfacet
   facet normal -0.7216 0.6817 -0.1204
      outer loop
         vertex 112.0000 600.0000 0.0000
         vertex 112.0000 579.5555 -155.2914
         vertex 54.0000 521.6000 -139.7623
      endloop
   endfacet
   facet normal -0.7216 0.6897 -0.0602
      outer loop
         vertex 112.0000 600.0000 0.0000
         vertex 54.0000 521.6000 -139.7623
         vertex 54.0000 540.0000 0.0000
      endloop
   endfacet
   facet normal -0.7216 0.6274 -0.2927
      outer loop
         vertex 112.0000 579.5555 -155.2914
         vertex 112.0000 519.6152 -300.0000
         vertex 54.0000 467.6537 -270.0000
      endloop
   endfacet
   facet normal -0.7216 0.6506 -0.2366
      outer loop
         vertex 112.0000 579.5555 -155.2914
         vertex 54.0000 467.6537 -270.0000
         vertex 54.0000 521.6000 -139.7623
      endloop
   endfacet
   facet normal -0.7216 0.5302 -0.4451
      outer loop
         vertex 112.0000 519.6152 -300.0000
         vertex 112.0000 424.2641 -424.2641
         vertex 54.0000 381.8377 -381.8377
      endloop
   endfacet
   facet normal -0.7216 0.5672 -0.3969
      outer loop
         vertex 112.0000 519.6152 -300.0000
         vertex 54.0000 381.8377 -381.8377
         vertex 54.0000 467.6537 -270.0000
      endloop
   endfacet
   facet normal -0.7216 0.3969 -0.5672
      outer loop
         vertex 112.0000 300.0000 -519.6152
         vertex 54.0000 270.0000 -467.6537
         vertex 54.0000 381.8377 -381.8377
      endloop
   endfacet
   facet normal -0.7216 0.4451 -0.5302
      outer loop
         vertex 112.0000 300.0000 -519.6152
         vertex 54.0000 381.8377 -381.8377
         vertex 112.0000 424.2641 -424.2641
      endloop
   endfacet
   facet normal -0.7216 0.2366 -0.6506
      outer loop
         vertex 112.0000 155.2914 -579.5555
         vertex 54.0000 139.7623 -521.6000
         vertex 54.0000 270.0000 -467.6537
      endloop
   endfacet
   facet normal -0.7216 0.2927 -0.6274
      outer loop
         vertex 112.0000 155.2914 -579.5555
         vertex 54.0000 270.0000 -467.6537
         vertex 112.0000 300.0000 -519.6152
      endloop
   endfacet
   facet normal -0.7177 0.1207 -0.6859
      outer loop
         vertex 112.0000 155.2914 -579.5555
         vertex 112.0000 125.0000 -583.5435
         vertex 54.0000 125.0000 -523.5435
      endloop
   endfacet
   facet normal -0.7187 0.1504 -0.6789
      outer loop
         vertex 112.0000 155.2914 -579.5555
         vertex 54.0000 125.0000 -523.5435
         vertex 54.0000 139.7623 -521.6000
      endloop
   endfacet
   facet normal -0.7187 -0.1504 -0.6789
      outer loop
         vertex 112.0000 -125.0000 -583.5435
         vertex 112.0000 -155.2914 -579.5555
         vertex 54.0000 -139.7623 -521.6000
      endloop
   endfacet
   facet normal -0.7177 -0.1207 -0.6859
      outer loop
         vertex 112.0000 -125.0000 -583.5435
         vertex 54.0000 -139.7623 -521.6000
         vertex 54.0000 -125.0000 -523.5435
      endloop
   endfacet
   facet normal -0.7216 -0.2927 -0.6274
      outer loop
         vertex 112.0000 -155.2914 -579.5555
         vertex 112.0000 -300.0000 -519.6152
         vertex 54.0000 -270.0000 -467.6537
      endloop
   endfacet
   facet normal -0.7216 -0.2366 -0.6506
      outer loop
         vertex 112.0000 -155.2914 -579.5555
         vertex 54.0000 -270.0000 -467.6537
         vertex 54.0000 -139.7623 -521.6000
      endloop
   endfacet
   facet normal -0.7216 -0.4451 -0.5302
      outer loop
         vertex 112.0000 -300.0000 -519.6152
         vertex 112.0000 -424.2641 -424.2641
         vertex 54.0000 -381.8377 -381.8377
      endloop
   endfacet
   facet normal -0.7216 -0.3969 -0.5672
      outer loop
         vertex 112.0000 -300.0000 -519.6152
         vertex 54.0000 -381.8377 -381.8377
         vertex 54.0000 -270.0000 -467.6537
      endloop
   endfacet
   facet normal -0.7216 -0.5302 -0.4451
      outer loop
         vertex 54.0000 -381.8377 -381.8377
         vertex 112.0000 -424.2641 -424.2641
         vertex 112.0000 -519.6152 -300.0000
      endloop
   endfacet
   facet normal -0.7216 -0.5672 -0.3969
      outer loop
         vertex 54.0000 -381.8377 -381.8377
         vertex 112.0000 -519.6152 -300.0000
         vertex 54.0000 -467.6537 -270.0000
      endloop
   endfacet
   facet normal -0.7216 -0.6274 -0.2927
      outer loop
         vertex 54.0000 -467.6537 -270.0000
         vertex 112.0000 -519.6152 -300.0000
         vertex 112.0000 -579.5555 -155.2914
      endloop
   endfacet
   facet normal -0.7216 -0.6506 -0.2366
      outer loop
         vertex 54.0000 -467.6537 -270.0000
         vertex 112.0000 -579.5555 -155.2914
         vertex 54.0000 -521.6000 -139.7623
      endloop
   endfacet
   facet normal -0.7216 -0.6817 -0.1204
      outer loop
         vertex 54.0000 -521.6000 -139.7623
         vertex 112.0000 -579.5555 -155.2914
         vertex 112.0000 -600.0000 0.0000
      endloop
   endfacet
   facet normal -0.7216 -0.6897 -0.0602
      outer loop
         vertex 54.0000 -521.6000 -139.7623
         vertex 112.0000 -600.0000 0.0000
         vertex 54.0000 -540.0000 0.0000
      endloop
   endfacet
   facet normal -0.7216 -0.6897 0.0602
      outer loop
         vertex -206.0000 -521.6000 139.7623
         vertex -206.0000 -540.0000 0.0000
         vertex -148.0000 -600.0000 0.0000
      endloop
   endfacet
   facet normal -0.7216 -0.6817 0.1204
      outer loop
         vertex -206.0000 -521.6000 139.7623
         vertex -148.0000 -600.0000 0.0000
         vertex -148.0000 -579.5555 155.2914
      endloop
   endfacet
   facet normal -0.7216 -0.6506 0.2366
      outer loop
         vertex -206.0000 -467.6537 270.0000
         vertex -206.0000 -521.6000 139.7623
         vertex -148.0000 -579.5555 155.2914
      endloop
   endfacet
   facet normal -0.7216 -0.6274 0.2927
      outer loop
         vertex -206.0000 -467.6537 270.0000
         vertex -148.0000 -579.5555 155.2914
         vertex -148.0000 -519.6152 300.0000
      endloop
   endfacet
   facet normal -0.7216 -0.5672 0.3969
      outer loop
         vertex -206.0000 -381.8377 381.8377
         vertex -206.0000 -467.6537 270.0000
         vertex -148.0000 -519.6152 300.0000
      endloop
   endfacet
   facet normal -0.7216 -0.5302 0.4451
      outer loop
         vertex -206.0000 -381.8377 381.8377
         vertex -148.0000 -519.6152 300.0000
         vertex -148.0000 -424.2641 424.2641
      endloop
   endfacet
   facet normal -0.7216 -0.4451 0.5302
      outer loop
         vertex -206.0000 -381.8377 381.8377
         vertex -148.0000 -424.2641 424.2641
         vertex -148.0000 -300.0000 519.6152
      endloop
   endfacet
   facet normal -0.7216 -0.3969 0.5672
      outer loop
         vertex -206.0000 -381.8377 381.8377
         vertex -148.0000 -300.0000 519.6152
         vertex -206.0000 -270.0000 467.6537
      endloop
   endfacet
   facet normal -0.7216 -0.2366 0.6506
      outer loop
         vertex -148.0000 -300.0000 519.6152
         vertex -148.0000 -155.2914 579.5555
         vertex -205.1122 -140.0000 522.4871
      endloop
   endfacet
   facet normal -0.7200 -0.2656 0.6412
      outer loop
         vertex -148.0000 -300.0000 519.6152
         vertex -205.1122 -140.0000 522.4871
         vertex -206.0000 -140.0000 521.5015
      endloop
   endfacet
   facet normal -0.7187 -0.3209 0.6169
      outer loop
         vertex -148.0000 -300.0000 519.6152
         vertex -206.0000 -140.0000 521.5015
         vertex -206.0000 -270.0000 467.6537
      endloop
   endfacet
   facet normal -0.7177 -0.1207 0.6859
      outer loop
         vertex -148.0000 -155.2914 579.5555
         vertex -148.0000 -134.0094 582.3574
         vertex -168.8497 -140.0000 560.0000
      endloop
   endfacet
   facet normal -0.7187 -0.1504 0.6789
      outer loop
         vertex -148.0000 -155.2914 579.5555
         vertex -168.8497 -140.0000 560.0000
         vertex -205.1122 -140.0000 522.4871
      endloop
   endfacet
   facet normal 0.0000 -1.0000 0.0000
      outer loop
         vertex -314.8878 -140.0000 522.4871
         vertex -314.0000 -140.0000 521.5015
         vertex -205.1122 -140.0000 522.4871
      endloop
   endfacet
   facet normal 0.0000 -1.0000 0.0000
      outer loop
         vertex -314.8878 -140.0000 522.4871
         vertex -205.1122 -140.0000 522.4871
         vertex -168.8497 -140.0000 560.0000
      endloop
   endfacet
   facet normal 0.0000 -1.0000 0.0000
      outer loop
         vertex -314.8878 -140.0000 522.4871
         vertex -168.8497 -140.0000 560.0000
         vertex -351.1503 -140.0000 560.0000
      endloop
   endfacet
   facet normal 0.0000 -1.0000 0.0000
      outer loop
         vertex -205.1122 -140.0000 522.4871
         vertex -314.0000 -140.0000 521.5015
         vertex -206.0000 -140.0000 521.5015
      endloop
   endfacet
   facet normal -0.7187 0.1504 0.6789
      outer loop
         vertex -148.0000 155.2914 579.5555
         vertex -205.1122 140.0000 522.4871
         vertex -168.8497 140.0000 560.0000
      endloop
   endfacet
   facet normal -0.7177 0.1207 0.6859
      outer loop
         vertex -148.0000 155.2914 579.5555
         vertex -168.8497 140.0000 560.0000
         vertex -148.0000 134.0094 582.3574
      endloop
   endfacet
   facet normal -0.7216 0.2366 0.6506
      outer loop
         vertex -205.1122 140.0000 522.4871
         vertex -148.0000 155.2914 579.5555
         vertex -148.0000 300.0000 519.6152
      endloop
   endfacet
   facet normal -0.7216 0.2927 0.6274
      outer loop
         vertex -205.1122 140.0000 522.4871
         vertex -148.0000 300.0000 519.6152
         vertex -206.0000 270.0000 467.6537
      endloop
   endfacet
   facet normal -0.7200 0.2656 0.6412
      outer loop
         vertex -205.1122 140.0000 522.4871
         vertex -206.0000 270.0000 467.6537
         vertex -206.0000 140.0000 521.5015
      endloop
   endfacet
   facet normal -0.7216 0.3969 0.5672
      outer loop
         vertex -206.0000 381.8377 381.8377
         vertex -206.0000 270.0000 467.6537
         vertex -148.0000 300.0000 519.6152
      endloop
   endfacet
   facet normal -0.7216 0.4451 0.5302
      outer loop
         vertex -206.0000 381.8377 381.8377
         vertex -148.0000 300.0000 519.6152
         vertex -148.0000 424.2641 424.2641
      endloop
   endfacet
   facet normal -0.7216 0.5672 0.3969
      outer loop
         vertex -148.0000 519.6152 300.0000
         vertex -206.0000 467.6537 270.0000
         vertex -206.0000 381.8377 381.8377
      endloop
   endfacet
   facet normal -0.7216 0.5302 0.4451
      outer loop
         vertex -148.0000 519.6152 300.0000
         vertex -206.0000 381.8377 381.8377
         vertex -148.0000 424.2641 424.2641
      endloop
   endfacet
   facet normal -0.7216 0.6506 0.2366
      outer loop
         vertex -148.0000 579.5555 155.2914
         vertex -206.0000 521.6000 139.7623
         vertex -206.0000 467.6537 270.0000
      endloop
   endfacet
   facet normal -0.7216 0.6274 0.2927
      outer loop
         vertex -148.0000 579.5555 155.2914
         vertex -206.0000 467.6537 270.0000
         vertex -148.0000 519.6152 300.0000
      endloop
   endfacet
   facet normal -0.7216 0.6897 0.0602
      outer loop
         vertex -148.0000 600.0000 0.0000
         vertex -206.0000 540.0000 0.0000
         vertex -206.0000 521.6000 139.7623
      endloop
   endfacet
   facet normal -0.7216 0.6817 0.1204
      outer loop
         vertex -148.0000 600.0000 0.0000
         vertex -206.0000 521.6000 139.7623
         vertex -148.0000 579.5555 155.2914
      endloop
   endfacet
   facet normal -0.7216 0.6817 -0.1204
      outer loop
         vertex -148.0000 600.0000 0.0000
         vertex -148.0000 579.5555 -155.2914
         vertex -206.0000 521.6000 -139.7623
      endloop
   endfacet
   facet normal -0.7216 0.6897 -0.0602
      outer loop
         vertex -148.0000 600.0000 0.0000
         vertex -206.0000 521.6000 -139.7623
         vertex -206.0000 540.0000 0.0000
      endloop
   endfacet
   facet normal -0.7216 0.6274 -0.2927
      outer loop
         vertex -148.0000 579.5555 -155.2914
         vertex -148.0000 519.6152 -300.0000
         vertex -206.0000 467.6537 -270.0000
      endloop
   endfacet
   facet normal -0.7216 0.6506 -0.2366
      outer loop
         vertex -148.0000 579.5555 -155.2914
         vertex -206.0000 467.6537 -270.0000
         vertex -206.0000 521.6000 -139.7623
      endloop
   endfacet
   facet normal -0.7216 0.5302 -0.4451
      outer loop
         vertex -148.0000 519.6152 -300.0000
         vertex -148.0000 424.2641 -424.2641
         vertex -206.0000 381.8377 -381.8377
      endloop
   endfacet
   facet normal -0.7216 0.5672 -0.3969
      outer loop
         vertex -148.0000 519.6152 -300.0000
         vertex -206.0000 381.8377 -381.8377
         vertex -206.0000 467.6537 -270.0000
      endloop
   endfacet
   facet normal -0.7216 0.3969 -0.5672
      outer loop
         vertex -148.0000 300.0000 -519.6152
         vertex -206.0000 270.0000 -467.6537
         vertex -206.0000 381.8377 -381.8377
      endloop
   endfacet
   facet normal -0.7216 0.4451 -0.5302
      outer loop
         vertex -148.0000 300.0000 -519.6152
         vertex -206.0000 381.8377 -381.8377
         vertex -148.0000 424.2641 -424.2641
      endloop
   endfacet
   facet normal -0.7216 0.2366 -0.6506
      outer loop
         vertex -148.0000 155.2914 -579.5555
         vertex -206.0000 139.7623 -521.6000
         vertex -206.0000 270.0000 -467.6537
      endloop
   endfacet
   facet normal -0.7216 0.2927 -0.6274
      outer loop
         vertex -148.0000 155.2914 -579.5555
         vertex -206.0000 270.0000 -467.6537
         vertex -148.0000 300.0000 -519.6152
      endloop
   endfacet
   facet normal -0.7177 0.1207 -0.6859
      outer loop
         vertex -148.0000 155.2914 -579.5555
         vertex -148.0000 125.0000 -583.5435
         vertex -206.0000 125.0000 -523.5435
      endloop
   endfacet
   facet normal -0.7187 0.1504 -0.6789
      outer loop
         vertex -148.0000 155.2914 -579.5555
         vertex -206.0000 125.0000 -523.5435
         vertex -206.0000 139.7623 -521.6000
      endloop
   endfacet
   facet normal -0.7187 -0.1504 -0.6789
      outer loop
         vertex -148.0000 -125.0000 -583.5435
         vertex -148.0000 -155.2914 -579.5555
         vertex -206.0000 -139.7623 -521.6000
      endloop
   endfacet
   facet normal -0.7177 -0.1207 -0.6859
      outer loop
         vertex -148.0000 -125.0000 -583.5435
         vertex -206.0000 -139.7623 -521.6000
         vertex -206.0000 -125.0000 -523.5435
      endloop
   endfacet
   facet normal -0.7216 -0.2927 -0.6274
      outer loop
         vertex -148.0000 -155.2914 -579.5555
         vertex -148.0000 -300.0000 -519.6152
         vertex -206.0000 -270.0000 -467.6537
      endloop
   endfacet
   facet normal -0.7216 -0.2366 -0.6506
      outer loop
         vertex -148.0000 -155.2914 -579.5555
         vertex -206.0000 -270.0000 -467.6537
         vertex -206.0000 -139.7623 -521.6000
      endloop
   endfacet
   facet normal -0.7216 -0.4451 -0.5302
      outer loop
         vertex -148.0000 -300.0000 -519.6152
         vertex -148.0000 -424.2641 -424.2641
         vertex -206.0000 -381.8377 -381.8377
      endloop
   endfacet
   facet normal -0.7216 -0.3969 -0.5672
      outer loop
         vertex -148.0000 -300.0000 -519.6152
         vertex -206.0000 -381.8377 -381.8377
         vertex -206.0000 -270.0000 -467.6537
      endloop
   endfacet
   facet normal -0.7216 -0.5302 -0.4451
      outer loop
         vertex -206.0000 -381.8377 -381.8377
         vertex -148.0000 -424.2641 -424.2641
         vertex -148.0000 -519.6152 -300.0000
      endloop
   endfacet
   facet normal -0.7216 -0.5672 -0.3969
      outer loop
         vertex -206.0000 -381.8377 -381.8377
         vertex -148.0000 -519.6152 -300.0000
         vertex -206.0000 -467.6537 -270.0000
      endloop
   endfacet
   facet normal -0.7216 -0.6274 -0.2927
      outer loop
         vertex -206.0000 -467.6537 -270.0000
         vertex -148.0000 -519.6152 -300.0000
         vertex -148.0000 -579.5555 -155.2914
      endloop
   endfacet
   facet normal -0.7216 -0.6506 -0.2366
      outer loop
         vertex -206.0000 -467.6537 -270.0000
         vertex -148.0000 -579.5555 -155.2914
         vertex -206.0000 -521.6000 -139.7623
      endloop
   endfacet
   facet normal -0.7216 -0.6817 -0.1204
      outer loop
         vertex -206.0000 -521.6000 -139.7623
         vertex -148.0000 -579.5555 -155.2914
         vertex -148.0000 -600.0000 0.0000
      endloop
   endfacet
   facet normal -0.7216 -0.6897 -0.0602
      outer loop
         vertex -206.0000 -521.6000 -139.7623
         vertex -148.0000 -600.0000 0.0000
         vertex -206.0000 -540.0000 0.0000
      endloop
   endfacet
   facet normal -0.7216 -0.6897 0.0602
      outer loop
         vertex -466.0000 -521.6000 139.7623
         vertex -466.0000 -540.0000 0.0000
         vertex -408.0000 -600.0000 0.0000
      endloop
   endfacet
   facet normal -0.7216 -0.6817 0.1204
      outer loop
         vertex -466.0000 -521.6000 139.7623
         vertex -408.0000 -600.0000 0.0000
         vertex -408.0000 -579.5555 155.2914
      endloop
   endfacet
   facet normal -0.7216 -0.6506 0.2366
      outer loop
         vertex -466.0000 -467.6537 270.0000
         vertex -466.0000 -521.6000 139.7623
         vertex -408.0000 -579.5555 155.2914
      endloop
   endfacet
   facet normal -0.7216 -0.6274 0.2927
      outer loop
         vertex -466.0000 -467.6537 270.0000
         vertex -408.0000 -579.5555 155.2914
         vertex -408.0000 -519.6152 300.0000
      endloop
   endfacet
   facet normal -0.7216 -0.5672 0.3969
      outer loop
         vertex -466.0000 -381.8377 381.8377
         vertex -466.0000 -467.6537 270.0000
         vertex -408.0000 -519.6152 300.0000
      endloop
   endfacet
   facet normal -0.7216 -0.5302 0.4451
      outer loop
         vertex -466.0000 -381.8377 381.8377
         vertex -408.0000 -519.6152 300.0000
         vertex -408.0000 -424.2641 424.2641
      endloop
   endfacet
   facet normal -0.7216 -0.4451 0.5302
      outer loop
         vertex -466.0000 -381.8377 381.8377
         vertex -408.0000 -424.2641 424.2641
         vertex -408.0000 -300.0000 519.6152
      endloop
   endfacet
   facet normal -0.7216 -0.3969 0.5672
      outer loop
         vertex -466.0000 -381.8377 381.8377
         vertex -408.0000 -300.0000 519.6152
         vertex -443.3287 -281.7265 487.9647
      endloop
   endfacet
   facet normal -0.7200 -0.4225 0.5506
      outer loop
         vertex -466.0000 -381.8377 381.8377
         vertex -443.3287 -281.7265 487.9647
         vertex -466.0000 -304.3979 441.2593
      endloop
   endfacet
   facet normal -0.7187 -0.3209 0.6169
      outer loop
         vertex -408.0000 -300.0000 519.6152
         vertex -408.0000 -246.3978 541.8180
         vertex -443.3287 -281.7265 487.9647
      endloop
   endfacet
   facet normal -0.7187 0.3209 0.6169
      outer loop
         vertex -443.3287 281.7265 487.9647
         vertex -408.0000 246.3978 541.8180
         vertex -408.0000 300.0000 519.6152
      endloop
   endfacet
   facet normal -0.7187 0.3738 0.5864
      outer loop
         vertex -466.0000 304.3979 441.2593
         vertex -443.3287 281.7265 487.9647
         vertex -408.0000 300.0000 519.6152
      endloop
   endfacet
   facet normal -0.7200 0.4225 0.5506
      outer loop
         vertex -466.0000 304.3979 441.2593
         vertex -408.0000 300.0000 519.6152
         vertex -408.0000 424.2641 424.2641
      endloop
   endfacet
   facet normal -0.7187 0.4697 0.5128
      outer loop
         vertex -466.0000 304.3979 441.2593
         vertex -408.0000 424.2641 424.2641
         vertex -466.0000 381.8377 381.8377
      endloop
   endfacet
   facet normal -0.7216 0.5672 0.3969
      outer loop
         vertex -408.0000 519.6152 300.0000
         vertex -466.0000 467.6537 270.0000
         vertex -466.0000 381.8377 381.8377
      endloop
   endfacet
   facet normal -0.7216 0.5302 0.4451
      outer loop
         vertex -408.0000 519.6152 300.0000
         vertex -466.0000 381.8377 381.8377
         vertex -408.0000 424.2641 424.2641
      endloop
   endfacet
   facet normal -0.7216 0.6506 0.2366
      outer loop
         vertex -408.0000 579.5555 155.2914
         vertex -466.0000 521.6000 139.7623
         vertex -466.0000 467.6537 270.0000
      endloop
   endfacet
   facet normal -0.7216 0.6274 0.2927
      outer loop
         vertex -408.0000 579.5555 155.2914
         vertex -466.0000 467.6537 270.0000
         vertex -408.0000 519.6152 300.0000
      endloop
   endfacet
   facet normal -0.7216 0.6897 0.0602
      outer loop
         vertex -408.0000 579.5555 155.2914
         vertex -408.0000 600.0000 0.0000
         vertex -466.0000 540.0000 0.0000
      endloop
   endfacet
   facet normal -0.7216 0.6817 0.1204
      outer loop
         vertex -408.0000 579.5555 155.2914
         vertex -466.0000 540.0000 0.0000
         vertex -466.0000 521.6000 139.7623
      endloop
   endfacet
   facet normal -0.7216 0.6817 -0.1204
      outer loop
         vertex -408.0000 600.0000 0.0000
         vertex -408.0000 579.5555 -155.2914
         vertex -466.0000 521.6000 -139.7623
      endloop
   endfacet
   facet normal -0.7216 0.6897 -0.0602
      outer loop
         vertex -408.0000 600.0000 0.0000
         vertex -466.0000 521.6000 -139.7623
         vertex -466.0000 540.0000 0.0000
      endloop
   endfacet
   facet normal -0.7216 0.6274 -0.2927
      outer loop
         vertex -408.0000 579.5555 -155.2914
         vertex -408.0000 519.6152 -300.0000
         vertex -452.2190 480.0000 -277.1281
      endloop
   endfacet
   facet normal -0.7200 0.6412 -0.2656
      outer loop
         vertex -408.0000 579.5555 -155.2914
         vertex -452.2190 480.0000 -277.1281
         vertex -466.0000 480.0000 -240.1934
      endloop
   endfacet
   facet normal -0.7187 0.6631 -0.2092
      outer loop
         vertex -408.0000 579.5555 -155.2914
         vertex -466.0000 480.0000 -240.1934
         vertex -466.0000 521.6000 -139.7623
      endloop
   endfacet
   facet normal -0.7187 0.5864 -0.3738
      outer loop
         vertex -408.0000 519.6152 -300.0000
         vertex -408.0000 480.0000 -351.6276
         vertex -452.2190 480.0000 -277.1281
      endloop
   endfacet
   facet normal -0.7187 -0.5864 -0.3738
      outer loop
         vertex -452.2190 -480.0000 -277.1281
         vertex -408.0000 -480.0000 -351.6276
         vertex -408.0000 -519.6152 -300.0000
      endloop
   endfacet
   facet normal -0.7200 -0.6412 -0.2656
      outer loop
         vertex -466.0000 -521.6000 -139.7623
         vertex -466.0000 -480.0000 -240.1934
         vertex -452.2190 -480.0000 -277.1281
      endloop
   endfacet
   facet normal -0.7216 -0.6274 -0.2927
      outer loop
         vertex -466.0000 -521.6000 -139.7623
         vertex -452.2190 -480.0000 -277.1281
         vertex -408.0000 -519.6152 -300.0000
      endloop
   endfacet
   facet normal -0.7216 -0.6506 -0.2366
      outer loop
         vertex -466.0000 -521.6000 -139.7623
         vertex -408.0000 -519.6152 -300.0000
         vertex -408.0000 -579.5555 -155.2914
      endloop
   endfacet
   facet normal -0.7216 -0.6817 -0.1204
      outer loop
         vertex -466.0000 -521.6000 -139.7623
         vertex -408.0000 -579.5555 -155.2914
         vertex -408.0000 -600.0000 0.0000
      endloop
   endfacet
   facet normal -0.7216 -0.6897 -0.0602
      outer loop
         vertex -466.0000 -521.6000 -139.7623
         vertex -408.0000 -600.0000 0.0000
         vertex -466.0000 -540.0000 0.0000
      endloop
   endfacet
   facet normal -0.7216 -0.6897 0.0602
      outer loop
         vertex -726.0000 -540.0000 0.0000
         vertex -668.0000 -600.0000 0.0000
         vertex -668.0000 -579.5555 155.2914
      endloop
   endfacet
   facet normal -0.7216 -0.6817 0.1204
      outer loop
         vertex -726.0000 -540.0000 0.0000
         vertex -668.0000 -579.5555 155.2914
         vertex -726.0000 -521.6000 139.7623
      endloop
   endfacet
   facet normal -0.7216 -0.6506 0.2366
      outer loop
         vertex -726.0000 -467.6537 270.0000
         vertex -726.0000 -521.6000 139.7623
         vertex -668.0000 -579.5555 155.2914
      endloop
   endfacet
   facet normal -0.7216 -0.6274 0.2927
      outer loop
         vertex -726.0000 -467.6537 270.0000
         vertex -668.0000 -579.5555 155.2914
         vertex -668.0000 -519.6152 300.0000
      endloop
   endfacet
   facet normal -0.7187 -0.5864 0.3738
      outer loop
         vertex -726.0000 -449.8320 293.2257
         vertex -726.0000 -467.6537 270.0000
         vertex -668.0000 -519.6152 300.0000
      endloop
   endfacet
   facet normal -0.7177 -0.5703 0.3996
      outer loop
         vertex -726.0000 -449.8320 293.2257
         vertex -668.0000 -519.6152 300.0000
         vertex -668.0000 -434.2909 411.1968
      endloop
   endfacet
   facet normal -0.7187 0.5864 0.3738
      outer loop
         vertex -668.0000 519.6152 300.0000
         vertex -726.0000 467.6537 270.0000
         vertex -726.0000 449.8320 293.2257
      endloop
   endfacet
   facet normal -0.7177 0.5703 0.3996
      outer loop
         vertex -668.0000 519.6152 300.0000
         vertex -726.0000 449.8320 293.2257
         vertex -668.0000 434.2909 411.1968
      endloop
   endfacet
   facet normal -0.7216 0.6506 0.2366
      outer loop
         vertex -668.0000 579.5555 155.2914
         vertex -726.0000 521.6000 139.7623
         vertex -726.0000 467.6537 270.0000
      endloop
   endfacet
   facet normal -0.7216 0.6274 0.2927
      outer loop
         vertex -668.0000 579.5555 155.2914
         vertex -726.0000 467.6537 270.0000
         vertex -668.0000 519.6152 300.0000
      endloop
   endfacet
   facet normal -0.7216 0.6897 0.0602
      outer loop
         vertex -668.0000 600.0000 0.0000
         vertex -726.0000 540.0000 0.0000
         vertex -726.0000 521.6000 139.7623
      endloop
   endfacet
   facet normal -0.7216 0.6817 0.1204
      outer loop
         vertex -668.0000 600.0000 0.0000
         vertex -726.0000 521.6000 139.7623
         vertex -668.0000 579.5555 155.2914
      endloop
   endfacet
   facet normal -0.7216 0.6817 -0.1204
      outer loop
         vertex -668.0000 600.0000 0.0000
         vertex -668.0000 579.5555 -155.2914
         vertex -726.0000 521.6000 -139.7623
      endloop
   endfacet
   facet normal -0.7216 0.6897 -0.0602
      outer loop
         vertex -668.0000 600.0000 0.0000
         vertex -726.0000 521.6000 -139.7623
         vertex -726.0000 540.0000 0.0000
      endloop
   endfacet
   facet normal -0.7216 0.6274 -0.2927
      outer loop
         vertex -668.0000 579.5555 -155.2914
         vertex -668.0000 519.6152 -300.0000
         vertex -726.0000 467.6537 -270.0000
      endloop
   endfacet
   facet normal -0.7216 0.6506 -0.2366
      outer loop
         vertex -668.0000 579.5555 -155.2914
         vertex -726.0000 467.6537 -270.0000
         vertex -726.0000 521.6000 -139.7623
      endloop
   endfacet
   facet normal -0.7216 0.5302 -0.4451
      outer loop
         vertex -668.0000 519.6152 -300.0000
         vertex -668.0000 424.2641 -424.2641
         vertex -726.0000 381.8377 -381.8377
      endloop
   endfacet
   facet normal -0.7216 0.5672 -0.3969
      outer loop
         vertex -668.0000 519.6152 -300.0000
         vertex -726.0000 381.8377 -381.8377
         vertex -726.0000 467.6537 -270.0000
      endloop
   endfacet
   facet normal -0.7216 0.3969 -0.5672
      outer loop
         vertex -668.0000 300.0000 -519.6152
         vertex -726.0000 270.0000 -467.6537
         vertex -726.0000 381.8377 -381.8377
      endloop
   endfacet
   facet normal -0.7216 0.4451 -0.5302
      outer loop
         vertex -668.0000 300.0000 -519.6152
         vertex -726.0000 381.8377 -381.8377
         vertex -668.0000 424.2641 -424.2641
      endloop
   endfacet
   facet normal -0.7216 0.2366 -0.6506
      outer loop
         vertex -668.0000 155.2914 -579.5555
         vertex -726.0000 139.7623 -521.6000
         vertex -726.0000 270.0000 -467.6537
      endloop
   endfacet
   facet normal -0.7216 0.2927 -0.6274
      outer loop
         vertex -668.0000 155.2914 -579.5555
         vertex -726.0000 270.0000 -467.6537
         vertex -668.0000 300.0000 -519.6152
      endloop
   endfacet
   facet normal -0.7177 0.1207 -0.6859
      outer loop
         vertex -668.0000 155.2914 -579.5555
         vertex -668.0000 125.0000 -583.5435
         vertex -726.0000 125.0000 -523.5435
      endloop
   endfacet
   facet normal -0.7187 0.1504 -0.6789
      outer loop
         vertex -668.0000 155.2914 -579.5555
         vertex -726.0000 125.0000 -523.5435
         vertex -726.0000 139.7623 -521.6000
      endloop
   endfacet
   facet normal -0.7187 -0.1504 -0.6789
      outer loop
         vertex -668.0000 -125.0000 -583.5435
         vertex -668.0000 -155.2914 -579.5555
         vertex -726.0000 -139.7623 -521.6000
      endloop
   endfacet
   facet normal -0.7177 -0.1207 -0.6859
      outer loop
         vertex -668.0000 -125.0000 -583.5435
         vertex -726.0000 -139.7623 -521.6000
         vertex -726.0000 -125.0000 -523.5435
      endloop
   endfacet
   facet normal -0.7216 -0.2927 -0.6274
      outer loop
         vertex -668.0000 -155.2914 -579.5555
         vertex -668.0000 -300.0000 -519.6152
         vertex -726.0000 -270.0000 -467.6537
      endloop
   endfacet
   facet normal -0.7216 -0.2366 -0.6506
      outer loop
         vertex -668.0000 -155.2914 -579.5555
         vertex -726.0000 -270.0000 -467.6537
         vertex -726.0000 -139.7623 -521.6000
      endloop
   endfacet
   facet normal -0.7216 -0.4451 -0.5302
      outer loop
         vertex -668.0000 -300.0000 -519.6152
         vertex -668.0000 -424.2641 -424.2641
         vertex -726.0000 -381.8377 -381.8377
      endloop
   endfacet
   facet normal -0.7216 -0.3969 -0.5672
      outer loop
         vertex -668.0000 -300.0000 -519.6152
         vertex -726.0000 -381.8377 -381.8377
         vertex -726.0000 -270.0000 -467.6537
      endloop
   endfacet
   facet normal -0.7216 -0.5302 -0.4451
      outer loop
         vertex -726.0000 -381.8377 -381.8377
         vertex -668.0000 -424.2641 -424.2641
         vertex -668.0000 -519.6152 -300.0000
      endloop
   endfacet
   facet normal -0.7216 -0.5672 -0.3969
      outer loop
         vertex -726.0000 -381.8377 -381.8377
         vertex -668.0000 -519.6152 -300.0000
         vertex -726.0000 -467.6537 -270.0000
      endloop
   endfacet
   facet normal -0.7216 -0.6274 -0.2927
      outer loop
         vertex -726.0000 -467.6537 -270.0000
         vertex -668.0000 -519.6152 -300.0000
         vertex -668.0000 -579.5555 -155.2914
      endloop
   endfacet
   facet normal -0.7216 -0.6506 -0.2366
      outer loop
         vertex -726.0000 -467.6537 -270.0000
         vertex -668.0000 -579.5555 -155.2914
         vertex -726.0000 -521.6000 -139.7623
      endloop
   endfacet
   facet normal -0.7216 -0.6817 -0.1204
      outer loop
         vertex -726.0000 -521.6000 -139.7623
         vertex -668.0000 -579.5555 -155.2914
         vertex -668.0000 -600.0000 0.0000
      endloop
   endfacet
   facet normal -0.7216 -0.6897 -0.0602
      outer loop
         vertex -726.0000 -521.6000 -139.7623
         vertex -668.0000 -600.0000 0.0000
         vertex -726.0000 -540.0000 0.0000
      endloop
   endfacet
   facet normal -1.0000 0.0000 0.0000
      outer loop
         vertex -986.0000 -521.6000 -139.7623
         vertex -986.0000 -540.0000 -0.0000
         vertex -986.0000 -467.6537 -270.0000
      endloop
   endfacet
   facet normal -1.0000 0.0000 0.0000
      outer loop
         vertex -986.0000 -381.8377 -381.8377
         vertex -986.0000 -467.6537 -270.0000
         vertex -986.0000 -270.0000 -467.6537
      endloop
   endfacet
   facet normal -1.0000 0.0000 0.0000
      outer loop
         vertex -986.0000 -467.6537 270.0000
         vertex -986.0000 -540.0000 -0.0000
         vertex -986.0000 -521.6000 139.7623
      endloop
   endfacet
   facet normal -1.0000 0.0000 0.0000
      outer loop
         vertex -986.0000 -139.7623 -521.6000
         vertex -986.0000 -270.0000 -467.6537
         vertex -986.0000 -125.0000 -506.5063
      endloop
   endfacet
   facet normal -1.0000 0.0000 0.0000
      outer loop
         vertex -986.0000 -139.7623 -521.6000
         vertex -986.0000 -125.0000 -506.5063
         vertex -986.0000 -125.0000 -523.5435
      endloop
   endfacet
   facet normal -1.0000 0.0000 0.0000
      outer loop
         vertex -986.0000 139.7623 -521.6000
         vertex -986.0000 125.0000 -523.5435
         vertex -986.0000 125.0000 -506.5063
      endloop
   endfacet
   facet normal -1.0000 0.0000 0.0000
      outer loop
         vertex -986.0000 139.7623 -521.6000
         vertex -986.0000 125.0000 -506.5063
         vertex -986.0000 270.0000 -467.6537
      endloop
   endfacet
   facet normal -1.0000 0.0000 0.0000
      outer loop
         vertex -986.0000 381.8377 -381.8377
         vertex -986.0000 270.0000 -467.6537
         vertex -986.0000 467.6537 -270.0000
      endloop
   endfacet
   facet normal -1.0000 0.0000 0.0000
      outer loop
         vertex -986.0000 521.6000 -139.7623
         vertex -986.0000 467.6537 -270.0000
         vertex -986.0000 540.0000 0.0000
      endloop
   endfacet
   facet normal -1.0000 0.0000 0.0000
      outer loop
         vertex -986.0000 540.0000 0.0000
         vertex -986.0000 467.6537 270.0000
         vertex -986.0000 521.6000 139.7623
      endloop
   endfacet
   facet normal -1.0000 0.0000 0.0000
      outer loop
         vertex -986.0000 -422.5012 315.1525
         vertex -986.0000 -467.6537 270.0000
         vertex -986.0000 -422.5012 328.8439
      endloop
   endfacet
   facet normal -1.0000 0.0000 0.0000
      outer loop
         vertex -986.0000 467.6537 270.0000
         vertex -986.0000 422.5012 315.1525
         vertex -986.0000 422.5012 328.8439
      endloop
   endfacet
   facet normal -0.7216 -0.6897 0.0602
      outer loop
         vertex -986.0000 -521.6000 139.7623
         vertex -986.0000 -540.0000 -0.0000
         vertex -928.0000 -600.0000 0.0000
      endloop
   endfacet
   facet normal -0.7216 -0.6817 0.1204
      outer loop
         vertex -986.0000 -521.6000 139.7623
         vertex -928.0000 -600.0000 0.0000
         vertex -928.0000 -579.5555 155.2914
      endloop
   endfacet
   facet normal -0.7216 -0.6506 0.2366
      outer loop
         vertex -986.0000 -467.6537 270.0000
         vertex -986.0000 -521.6000 139.7623
         vertex -928.0000 -579.5555 155.2914
      endloop
   endfacet
   facet normal -0.7216 -0.6274 0.2927
      outer loop
         vertex -986.0000 -467.6537 270.0000
         vertex -928.0000 -579.5555 155.2914
         vertex -928.0000 -519.6152 300.0000
      endloop
   endfacet
   facet normal -0.7187 -0.5864 0.3738
      outer loop
         vertex -986.0000 -422.5012 328.8439
         vertex -986.0000 -467.6537 270.0000
         vertex -928.0000 -519.6152 300.0000
      endloop
   endfacet
   facet normal -0.7177 -0.5703 0.3996
      outer loop
         vertex -986.0000 -422.5012 328.8439
         vertex -928.0000 -519.6152 300.0000
         vertex -928.0000 -438.0423 406.3080
      endloop
   endfacet
   facet normal -0.6414 -0.7672 0.0000
      outer loop
         vertex -1072.7980 -157.5000 1095.0000
         vertex -957.5000 -272.7980 1095.0000
         vertex -957.5000 -272.7980 1130.0000
      endloop
   endfacet
   facet normal -0.7672 -0.6414 0.0000
      outer loop
         vertex -1072.7980 -157.5000 1095.0000
         vertex -957.5000 -272.7980 1130.0000
         vertex -1072.7980 -157.5000 1130.0000
      endloop
   endfacet
   facet normal -0.7672 -0.6414 0.0000
      outer loop
         vertex -972.5000 -298.7788 1160.0000
         vertex -1098.7788 -172.5000 1160.0000
         vertex -1098.7788 -172.5000 1130.0000
      endloop
   endfacet
   facet normal -0.6414 -0.7672 0.0000
      outer loop
         vertex -972.5000 -298.7788 1160.0000
         vertex -1098.7788 -172.5000 1130.0000
         vertex -972.5000 -298.7788 1130.0000
      endloop
   endfacet
   facet normal -0.7672 -0.6414 0.0000
      outer loop
         vertex -957.5000 -272.7980 1617.0000
         vertex -1072.7980 -157.5000 1617.0000
         vertex -1072.7980 -157.5000 1160.0000
      endloop
   endfacet
   facet normal -0.6414 -0.7672 0.0000
      outer loop
         vertex -957.5000 -272.7980 1617.0000
         vertex -1072.7980 -157.5000 1160.0000
         vertex -957.5000 -272.7980 1160.0000
      endloop
   endfacet
   facet normal 0.6414 0.7672 0.0000
      outer loop
         vertex -1087.5204 -166.0000 1647.0000
         vertex -966.0000 -287.5204 1647.0000
         vertex -966.0000 -287.5204 1646.0000
      endloop
   endfacet
   facet normal 0.7672 0.6414 0.0000
      outer loop
         vertex -1087.5204 -166.0000 1647.0000
         vertex -966.0000 -287.5204 1646.0000
         vertex -1087.5204 -166.0000 1646.0000
      endloop
   endfacet
   facet normal -0.7177 0.5703 0.3996
      outer loop
         vertex -986.0000 467.6537 270.0000
         vertex -986.0000 422.5012 328.8439
         vertex -928.0000 438.0423 406.3080
      endloop
   endfacet
   facet normal -0.7187 0.5864 0.3738
      outer loop
         vertex -986.0000 467.6537 270.0000
         vertex -928.0000 438.0423 406.3080
         vertex -928.0000 519.6152 300.0000
      endloop
   endfacet
   facet normal -0.7216 0.6506 0.2366
      outer loop
         vertex -928.0000 579.5555 155.2914
         vertex -986.0000 521.6000 139.7623
         vertex -986.0000 467.6537 270.0000
      endloop
   endfacet
   facet normal -0.7216 0.6274 0.2927
      outer loop
         vertex -928.0000 579.5555 155.2914
         vertex -986.0000 467.6537 270.0000
         vertex -928.0000 519.6152 300.0000
      endloop
   endfacet
   facet normal -0.7216 0.6897 0.0602
      outer loop
         vertex -928.0000 600.0000 0.0000
         vertex -986.0000 540.0000 0.0000
         vertex -986.0000 521.6000 139.7623
      endloop
   endfacet
   facet normal -0.7216 0.6817 0.1204
      outer loop
         vertex -928.0000 600.0000 0.0000
         vertex -986.0000 521.6000 139.7623
         vertex -928.0000 579.5555 155.2914
      endloop
   endfacet
   facet normal -0.6414 0.7672 0.0000
      outer loop
         vertex -1072.7980 157.5000 1130.0000
         vertex -957.5000 272.7980 1130.0000
         vertex -957.5000 272.7980 1095.0000
      endloop
   endfacet
   facet normal -0.7672 0.6414 0.0000
      outer loop
         vertex -1072.7980 157.5000 1130.0000
         vertex -957.5000 272.7980 1095.0000
         vertex -1072.7980 157.5000 1095.0000
      endloop
   endfacet
   facet normal -0.6414 0.7672 0.0000
      outer loop
         vertex -1098.7788 172.5000 1160.0000
         vertex -972.5000 298.7788 1160.0000
         vertex -972.5000 298.7788 1130.0000
      endloop
   endfacet
   facet normal -0.7672 0.6414 0.0000
      outer loop
         vertex -1098.7788 172.5000 1160.0000
         vertex -972.5000 298.7788 1130.0000
         vertex -1098.7788 172.5000 1130.0000
      endloop
   endfacet
   facet normal -0.6414 0.7672 0.0000
      outer loop
         vertex -1072.7980 157.5000 1617.0000
         vertex -957.5000 272.7980 1617.0000
         vertex -957.5000 272.7980 1160.0000
      endloop
   endfacet
   facet normal -0.7672 0.6414 0.0000
      outer loop
         vertex -1072.7980 157.5000 1617.0000
         vertex -957.5000 272.7980 1160.0000
         vertex -1072.7980 157.5000 1160.0000
      endloop
   endfacet
   facet normal 0.7672 -0.6414 0.0000
      outer loop
         vertex -966.0000 287.5204 1647.0000
         vertex -1087.5204 166.0000 1647.0000
         vertex -1087.5204 166.0000 1646.0000
      endloop
   endfacet
   facet normal 0.6414 -0.7672 0.0000
      outer loop
         vertex -966.0000 287.5204 1647.0000
         vertex -1087.5204 166.0000 1646.0000
         vertex -966.0000 287.5204 1646.0000
      endloop
   endfacet
   facet normal -0.7216 0.6817 -0.1204
      outer loop
         vertex -928.0000 600.0000 0.0000
         vertex -928.0000 579.5555 -155.2914
         vertex -986.0000 521.6000 -139.7623
      endloop
   endfacet
   facet normal -0.7216 0.6897 -0.0602
      outer loop
         vertex -928.0000 600.0000 0.0000
         vertex -986.0000 521.6000 -139.7623
         vertex -986.0000 540.0000 0.0000
      endloop
   endfacet
   facet normal -0.7216 0.6274 -0.2927
      outer loop
         vertex -928.0000 579.5555 -155.2914
         vertex -928.0000 519.6152 -300.0000
         vertex -986.0000 467.6537 -270.0000
      endloop
   endfacet
   facet normal -0.7216 0.6506 -0.2366
      outer loop
         vertex -928.0000 579.5555 -155.2914
         vertex -986.0000 467.6537 -270.0000
         vertex -986.0000 521.6000 -139.7623
      endloop
   endfacet
   facet normal -0.7216 0.5302 -0.4451
      outer loop
         vertex -928.0000 519.6152 -300.0000
         vertex -928.0000 424.2641 -424.2641
         vertex -986.0000 381.8377 -381.8377
      endloop
   endfacet
   facet normal -0.7216 0.5672 -0.3969
      outer loop
         vertex -928.0000 519.6152 -300.0000
         vertex -986.0000 381.8377 -381.8377
         vertex -986.0000 467.6537 -270.0000
      endloop
   endfacet
   facet normal -0.7216 0.3969 -0.5672
      outer loop
         vertex -928.0000 300.0000 -519.6152
         vertex -986.0000 270.0000 -467.6537
         vertex -986.0000 381.8377 -381.8377
      endloop
   endfacet
   facet normal -0.7216 0.4451 -0.5302
      outer loop
         vertex -928.0000 300.0000 -519.6152
         vertex -986.0000 381.8377 -381.8377
         vertex -928.0000 424.2641 -424.2641
      endloop
   endfacet
   facet normal -0.7216 0.2366 -0.6506
      outer loop
         vertex -928.0000 155.2914 -579.5555
         vertex -986.0000 139.7623 -521.6000
         vertex -986.0000 270.0000 -467.6537
      endloop
   endfacet
   facet normal -0.7216 0.2927 -0.6274
      outer loop
         vertex -928.0000 155.2914 -579.5555
         vertex -986.0000 270.0000 -467.6537
         vertex -928.0000 300.0000 -519.6152
      endloop
   endfacet
   facet normal -0.7177 0.1207 -0.6859
      outer loop
         vertex -928.0000 125.0000 -583.5435
         vertex -986.0000 125.0000 -523.5435
         vertex -986.0000 139.7623 -521.6000
      endloop
   endfacet
   facet normal -0.7187 0.1504 -0.6789
      outer loop
         vertex -928.0000 125.0000 -583.5435
         vertex -986.0000 139.7623 -521.6000
         vertex -928.0000 155.2914 -579.5555
      endloop
   endfacet
   facet normal -0.7187 -0.1504 -0.6789
      outer loop
         vertex -928.0000 -125.0000 -583.5435
         vertex -928.0000 -155.2914 -579.5555
         vertex -986.0000 -139.7623 -521.6000
      endloop
   endfacet
   facet normal -0.7177 -0.1207 -0.6859
      outer loop
         vertex -928.0000 -125.0000 -583.5435
         vertex -986.0000 -139.7623 -521.6000
         vertex -986.0000 -125.0000 -523.5435
      endloop
   endfacet
   facet normal -0.7216 -0.2927 -0.6274
      outer loop
         vertex -928.0000 -155.2914 -579.5555
         vertex -928.0000 -300.0000 -519.6152
         vertex -986.0000 -270.0000 -467.6537
      endloop
   endfacet
   facet normal -0.7216 -0.2366 -0.6506
      outer loop
         vertex -928.0000 -155.2914 -579.5555
         vertex -986.0000 -270.0000 -467.6537
         vertex -986.0000 -139.7623 -521.6000
      endloop
   endfacet
   facet normal -0.7216 -0.4451 -0.5302
      outer loop
         vertex -928.0000 -300.0000 -519.6152
         vertex -928.0000 -424.2641 -424.2641
         vertex -986.0000 -381.8377 -381.8377
      endloop
   endfacet
   facet normal -0.7216 -0.3969 -0.5672
      outer loop
         vertex -928.0000 -300.0000 -519.6152
         vertex -986.0000 -381.8377 -381.8377
         vertex -986.0000 -270.0000 -467.6537
      endloop
   endfacet
   facet normal -0.7216 -0.5302 -0.4451
      outer loop
         vertex -986.0000 -381.8377 -381.8377
         vertex -928.0000 -424.2641 -424.2641
         vertex -928.0000 -519.6152 -300.0000
      endloop
   endfacet
   facet normal -0.7216 -0.5672 -0.3969
      outer loop
         vertex -986.0000 -381.8377 -381.8377
         vertex -928.0000 -519.6152 -300.0000
         vertex -986.0000 -467.6537 -270.0000
      endloop
   endfacet
   facet normal -0.7216 -0.6274 -0.2927
      outer loop
         vertex -986.0000 -467.6537 -270.0000
         vertex -928.0000 -519.6152 -300.0000
         vertex -928.0000 -579.5555 -155.2914
      endloop
   endfacet
   facet normal -0.7216 -0.6506 -0.2366
      outer loop
         vertex -986.0000 -467.6537 -270.0000
         vertex -928.0000 -579.5555 -155.2914
         vertex -986.0000 -521.6000 -139.7623
      endloop
   endfacet
   facet normal -0.7216 -0.6817 -0.1204
      outer loop
         vertex -986.0000 -521.6000 -139.7623
         vertex -928.0000 -579.5555 -155.2914
         vertex -928.0000 -600.0000 0.0000
      endloop
   endfacet
   facet normal -0.7216 -0.6897 -0.0602
      outer loop
         vertex -986.0000 -521.6000 -139.7623
         vertex -928.0000 -600.0000 0.0000
         vertex -986.0000 -540.0000 -0.0000
      endloop
   endfacet
   facet normal 1.0000 0.0000 0.0000
      outer loop
         vertex -1094.0000 -480.0000 -223.9230
         vertex -1094.0000 -540.0000 0.0000
         vertex -1094.0000 -521.6000 -139.7623
      endloop
   endfacet
   facet normal 1.0000 0.0000 0.0000
      outer loop
         vertex -1094.0000 -480.0000 -223.9230
         vertex -1094.0000 -521.6000 -139.7623
         vertex -1094.0000 -480.0000 -240.1934
      endloop
   endfacet
   facet normal 1.0000 0.0000 0.0000
      outer loop
         vertex -1094.0000 -521.6000 139.7623
         vertex -1094.0000 -540.0000 0.0000
         vertex -1094.0000 -467.6537 270.0000
      endloop
   endfacet
   facet normal 1.0000 0.0000 0.0000
      outer loop
         vertex -1094.0000 480.0000 -240.1934
         vertex -1094.0000 521.6000 -139.7623
         vertex -1094.0000 540.0000 -0.0000
      endloop
   endfacet
   facet normal 1.0000 0.0000 0.0000
      outer loop
         vertex -1094.0000 480.0000 -240.1934
         vertex -1094.0000 540.0000 -0.0000
         vertex -1094.0000 480.0000 -223.9230
      endloop
   endfacet
   facet normal 1.0000 0.0000 0.0000
      outer loop
         vertex -1094.0000 521.6000 139.7623
         vertex -1094.0000 467.6537 270.0000
         vertex -1094.0000 540.0000 -0.0000
      endloop
   endfacet
   facet normal 1.0000 0.0000 0.0000
      outer loop
         vertex -1094.0000 -381.8377 381.8377
         vertex -1094.0000 -467.6537 270.0000
         vertex -1094.0000 -354.3981 383.2556
      endloop
   endfacet
   facet normal 1.0000 0.0000 0.0000
      outer loop
         vertex -1094.0000 -381.8377 381.8377
         vertex -1094.0000 -354.3981 383.2556
         vertex -1094.0000 -354.3981 402.8928
      endloop
   endfacet
   facet normal 1.0000 0.0000 0.0000
      outer loop
         vertex -1094.0000 381.8377 381.8377
         vertex -1094.0000 354.3981 402.8928
         vertex -1094.0000 354.3981 383.2556
      endloop
   endfacet
   facet normal 1.0000 0.0000 0.0000
      outer loop
         vertex -1094.0000 381.8377 381.8377
         vertex -1094.0000 354.3981 383.2556
         vertex -1094.0000 467.6537 270.0000
      endloop
   endfacet
   facet normal 0.0000 -0.9851 0.1719
      outer loop
         vertex -1094.0000 -540.0000 0.0000
         vertex -986.0000 -540.0000 -0.0000
         vertex -986.0000 -467.6537 270.0000
      endloop
   endfacet
   facet normal 0.0000 -0.9391 0.3437
      outer loop
         vertex -1094.0000 -540.0000 0.0000
         vertex -986.0000 -467.6537 270.0000
         vertex -1094.0000 -467.6537 270.0000
      endloop
   endfacet
   facet normal 0.0000 -0.7672 -0.6414
      outer loop
         vertex -986.0000 -467.6537 -270.0000
         vertex -1040.0000 -467.6537 -270.0000
         vertex -1040.0000 -270.0000 -467.6537
      endloop
   endfacet
   facet normal 0.0000 -0.6414 -0.7672
      outer loop
         vertex -986.0000 -467.6537 -270.0000
         vertex -1040.0000 -270.0000 -467.6537
         vertex -986.0000 -270.0000 -467.6537
      endloop
   endfacet
   facet normal 0.0000 -0.9960 -0.0890
      outer loop
         vertex -986.0000 -540.0000 -0.0000
         vertex -1094.0000 -540.0000 0.0000
         vertex -1094.0000 -480.0000 -223.9230
      endloop
   endfacet
   facet normal 0.0000 -0.9844 -0.1758
      outer loop
         vertex -986.0000 -540.0000 -0.0000
         vertex -1094.0000 -480.0000 -223.9230
         vertex -1040.0000 -480.0000 -223.9230
      endloop
   endfacet
   facet normal 0.0000 -0.9659 -0.2588
      outer loop
         vertex -986.0000 -540.0000 -0.0000
         vertex -1040.0000 -480.0000 -223.9230
         vertex -1040.0000 -467.6537 -270.0000
      endloop
   endfacet
   facet normal 0.0000 -0.9391 -0.3437
      outer loop
         vertex -986.0000 -540.0000 -0.0000
         vertex -1040.0000 -467.6537 -270.0000
         vertex -986.0000 -467.6537 -270.0000
      endloop
   endfacet
   facet normal 1.0000 0.0000 0.0000
      outer loop
         vertex -1040.0000 -125.0000 -615.0000
         vertex -1040.0000 -125.0000 -506.5063
         vertex -1040.0000 -270.0000 -467.6537
      endloop
   endfacet
   facet normal 1.0000 0.0000 0.0000
      outer loop
         vertex -1040.0000 -125.0000 -615.0000
         vertex -1040.0000 -270.0000 -467.6537
         vertex -1040.0000 -467.6537 -270.0000
      endloop
   endfacet
   facet normal 1.0000 0.0000 0.0000
      outer loop
         vertex -1040.0000 -125.0000 -615.0000
         vertex -1040.0000 -467.6537 -270.0000
         vertex -1040.0000 -480.0000 -620.0000
      endloop
   endfacet
   facet normal 1.0000 0.0000 0.0000
      outer loop
         vertex -1040.0000 -125.0000 -615.0000
         vertex -1040.0000 -480.0000 -620.0000
         vertex -1040.0000 480.0000 -620.0000
      endloop
   endfacet
   facet normal 1.0000 0.0000 0.0000
      outer loop
         vertex -1040.0000 -125.0000 -615.0000
         vertex -1040.0000 480.0000 -620.0000
         vertex -1040.0000 125.0000 -615.0000
      endloop
   endfacet
   facet normal 1.0000 0.0000 0.0000
      outer loop
         vertex -1040.0000 480.0000 -620.0000
         vertex -1040.0000 480.0000 -223.9230
         vertex -1040.0000 467.6537 -270.0000
      endloop
   endfacet
   facet normal 1.0000 0.0000 0.0000
      outer loop
         vertex -1040.0000 480.0000 -620.0000
         vertex -1040.0000 467.6537 -270.0000
         vertex -1040.0000 270.0000 -467.6537
      endloop
   endfacet
   facet normal 1.0000 0.0000 0.0000
      outer loop
         vertex -1040.0000 480.0000 -620.0000
         vertex -1040.0000 270.0000 -467.6537
         vertex -1040.0000 125.0000 -506.5063
      endloop
   endfacet
   facet normal 1.0000 0.0000 0.0000
      outer loop
         vertex -1040.0000 480.0000 -620.0000
         vertex -1040.0000 125.0000 -506.5063
         vertex -1040.0000 125.0000 -615.0000
      endloop
   endfacet
   facet normal 1.0000 0.0000 0.0000
      outer loop
         vertex -1040.0000 -480.0000 -620.0000
         vertex -1040.0000 -467.6537 -270.0000
         vertex -1040.0000 -480.0000 -223.9230
      endloop
   endfacet
   facet normal 0.0000 0.6414 -0.7672
      outer loop
         vertex -986.0000 270.0000 -467.6537
         vertex -1040.0000 270.0000 -467.6537
         vertex -1040.0000 467.6537 -270.0000
      endloop
   endfacet
   facet normal 0.0000 0.7672 -0.6414
      outer loop
         vertex -986.0000 270.0000 -467.6537
         vertex -1040.0000 467.6537 -270.0000
         vertex -986.0000 467.6537 -270.0000
      endloop
   endfacet
   facet normal 0.0000 0.3399 -0.9405
      outer loop
         vertex -986.0000 125.0000 -506.5063
         vertex -1040.0000 125.0000 -506.5063
         vertex -1040.0000 270.0000 -467.6537
      endloop
   endfacet
   facet normal 0.0000 0.4210 -0.9071
      outer loop
         vertex -986.0000 125.0000 -506.5063
         vertex -1040.0000 270.0000 -467.6537
         vertex -986.0000 270.0000 -467.6537
      endloop
   endfacet
   facet normal 0.0000 -0.3399 -0.9405
      outer loop
         vertex -1040.0000 -270.0000 -467.6537
         vertex -1040.0000 -125.0000 -506.5063
         vertex -986.0000 -125.0000 -506.5063
      endloop
   endfacet
   facet normal 0.0000 -0.4210 -0.9071
      outer loop
         vertex -1040.0000 -270.0000 -467.6537
         vertex -986.0000 -125.0000 -506.5063
         vertex -986.0000 -270.0000 -467.6537
      endloop
   endfacet
   facet normal 0.0000 -0.8181 0.5751
      outer loop
         vertex -1094.0000 -467.6537 270.0000
         vertex -986.0000 -467.6537 270.0000
         vertex -986.0000 -422.5012 315.1525
      endloop
   endfacet
   facet normal 0.0000 -0.7646 0.6445
      outer loop
         vertex -1094.0000 -467.6537 270.0000
         vertex -986.0000 -422.5012 315.1525
         vertex -1040.5001 -407.8980 329.7558
      endloop
   endfacet
   facet normal 0.0000 -0.7646 0.6445
      outer loop
         vertex -1094.0000 -467.6537 270.0000
         vertex -1040.5001 -407.8980 329.7558
         vertex -1094.0000 -354.3981 383.2556
      endloop
   endfacet
   facet normal 0.0000 0.9851 0.1719
      outer loop
         vertex -986.0000 540.0000 0.0000
         vertex -1094.0000 540.0000 -0.0000
         vertex -1094.0000 467.6537 270.0000
      endloop
   endfacet
   facet normal 0.0000 0.9391 0.3437
      outer loop
         vertex -986.0000 540.0000 0.0000
         vertex -1094.0000 467.6537 270.0000
         vertex -986.0000 467.6537 270.0000
      endloop
   endfacet
   facet normal 0.0000 0.9844 -0.1758
      outer loop
         vertex -1040.0000 480.0000 -223.9230
         vertex -1094.0000 480.0000 -223.9230
         vertex -1094.0000 540.0000 -0.0000
      endloop
   endfacet
   facet normal 0.0000 0.9960 -0.0890
      outer loop
         vertex -1040.0000 480.0000 -223.9230
         vertex -1094.0000 540.0000 -0.0000
         vertex -986.0000 540.0000 0.0000
      endloop
   endfacet
   facet normal 0.0000 0.9659 -0.2588
      outer loop
         vertex -1040.0000 480.0000 -223.9230
         vertex -986.0000 540.0000 0.0000
         vertex -986.0000 467.6537 -270.0000
      endloop
   endfacet
   facet normal 0.0000 0.9071 -0.4210
      outer loop
         vertex -1040.0000 480.0000 -223.9230
         vertex -986.0000 467.6537 -270.0000
         vertex -1040.0000 467.6537 -270.0000
      endloop
   endfacet
   facet normal 0.0000 0.8181 0.5751
      outer loop
         vertex -986.0000 467.6537 270.0000
         vertex -1094.0000 467.6537 270.0000
         vertex -1094.0000 354.3981 383.2556
      endloop
   endfacet
   facet normal 0.0000 0.7646 0.6445
      outer loop
         vertex -986.0000 467.6537 270.0000
         vertex -1094.0000 354.3981 383.2556
         vertex -1040.5001 407.8980 329.7558
      endloop
   endfacet
   facet normal 0.0000 0.7646 0.6445
      outer loop
         vertex -986.0000 467.6537 270.0000
         vertex -1040.5001 407.8980 329.7558
         vertex -986.0000 422.5012 315.1525
      endloop
   endfacet
   facet normal 0.0000 0.0000 -1.0000
      outer loop
         vertex -501.2212 172.5000 1130.0000
         vertex -455.0000 -0.0000 1130.0000
         vertex -485.0000 0.0000 1130.0000
      endloop
   endfacet
   facet normal 0.0000 0.0000 -1.0000
      outer loop
         vertex -485.0000 0.0000 1130.0000
         vertex -455.0000 -0.0000 1130.0000
         vertex -501.2212 -172.5000 1130.0000
      endloop
   endfacet
   facet normal 0.0000 0.0000 -1.0000
      outer loop
         vertex -485.0000 0.0000 1130.0000
         vertex -501.2212 -172.5000 1130.0000
         vertex -527.2020 -157.5000 1130.0000
      endloop
   endfacet
   facet normal 0.0000 0.0000 -1.0000
      outer loop
         vertex -527.2020 -157.5000 1130.0000
         vertex -501.2212 -172.5000 1130.0000
         vertex -627.5000 -298.7788 1130.0000
      endloop
   endfacet
   facet normal 0.0000 0.0000 -1.0000
      outer loop
         vertex -527.2020 -157.5000 1130.0000
         vertex -627.5000 -298.7788 1130.0000
         vertex -642.5000 -272.7980 1130.0000
      endloop
   endfacet
   facet normal 0.0000 0.0000 -1.0000
      outer loop
         vertex -642.5000 -272.7980 1130.0000
         vertex -627.5000 -298.7788 1130.0000
         vertex -800.0000 -345.0000 1130.0000
      endloop
   endfacet
   facet normal 0.0000 0.0000 -1.0000
      outer loop
         vertex -642.5000 -272.7980 1130.0000
         vertex -800.0000 -345.0000 1130.0000
         vertex -800.0000 -315.0000 1130.0000
      endloop
   endfacet
   facet normal 0.0000 0.0000 -1.0000
      outer loop
         vertex -800.0000 -315.0000 1130.0000
         vertex -800.0000 -345.0000 1130.0000
         vertex -957.5000 -272.7980 1130.0000
      endloop
   endfacet
   facet normal 0.0000 0.0000 -1.0000
      outer loop
         vertex -1145.0000 0.0000 1130.0000
         vertex -1115.0000 0.0000 1130.0000
         vertex -1098.7788 -172.5000 1130.0000
      endloop
   endfacet
   facet normal 0.0000 0.0000 -1.0000
      outer loop
         vertex -1098.7788 -172.5000 1130.0000
         vertex -1115.0000 0.0000 1130.0000
         vertex -1072.7980 -157.5000 1130.0000
      endloop
   endfacet
   facet normal 0.0000 0.0000 -1.0000
      outer loop
         vertex -1098.7788 -172.5000 1130.0000
         vertex -1072.7980 -157.5000 1130.0000
         vertex -972.5000 -298.7788 1130.0000
      endloop
   endfacet
   facet normal 0.0000 0.0000 -1.0000
      outer loop
         vertex -972.5000 -298.7788 1130.0000
         vertex -1072.7980 -157.5000 1130.0000
         vertex -957.5000 -272.7980 1130.0000
      endloop
   endfacet
   facet normal 0.0000 0.0000 -1.0000
      outer loop
         vertex -972.5000 -298.7788 1130.0000
         vertex -957.5000 -272.7980 1130.0000
         vertex -800.0000 -345.0000 1130.0000
      endloop
   endfacet
   facet normal 0.0000 0.0000 -1.0000
      outer loop
         vertex -527.2020 157.5000 1130.0000
         vertex -642.5000 272.7980 1130.0000
         vertex -627.5000 298.7788 1130.0000
      endloop
   endfacet
   facet normal 0.0000 0.0000 -1.0000
      outer loop
         vertex -527.2020 157.5000 1130.0000
         vertex -627.5000 298.7788 1130.0000
         vertex -501.2212 172.5000 1130.0000
      endloop
   endfacet
   facet normal 0.0000 0.0000 -1.0000
      outer loop
         vertex -527.2020 157.5000 1130.0000
         vertex -501.2212 172.5000 1130.0000
         vertex -485.0000 0.0000 1130.0000
      endloop
   endfacet
   facet normal 0.0000 0.0000 -1.0000
      outer loop
         vertex -1115.0000 0.0000 1130.0000
         vertex -1098.7788 172.5000 1130.0000
         vertex -1072.7980 157.5000 1130.0000
      endloop
   endfacet
   facet normal 0.0000 0.0000 -1.0000
      outer loop
         vertex -1072.7980 157.5000 1130.0000
         vertex -1098.7788 172.5000 1130.0000
         vertex -972.5000 298.7788 1130.0000
      endloop
   endfacet
   facet normal 0.0000 0.0000 -1.0000
      outer loop
         vertex -1072.7980 157.5000 1130.0000
         vertex -972.5000 298.7788 1130.0000
         vertex -957.5000 272.7980 1130.0000
      endloop
   endfacet
   facet normal 0.0000 0.0000 -1.0000
      outer loop
         vertex -957.5000 272.7980 1130.0000
         vertex -972.5000 298.7788 1130.0000
         vertex -800.0000 345.0000 1130.0000
      endloop
   endfacet
   facet normal 0.0000 0.0000 -1.0000
      outer loop
         vertex -957.5000 272.7980 1130.0000
         vertex -800.0000 345.0000 1130.0000
         vertex -800.0000 315.0000 1130.0000
      endloop
   endfacet
   facet normal 0.0000 0.0000 -1.0000
      outer loop
         vertex -800.0000 315.0000 1130.0000
         vertex -800.0000 345.0000 1130.0000
         vertex -627.5000 298.7788 1130.0000
      endloop
   endfacet
   facet normal 0.0000 0.0000 -1.0000
      outer loop
         vertex -800.0000 315.0000 1130.0000
         vertex -627.5000 298.7788 1130.0000
         vertex -642.5000 272.7980 1130.0000
      endloop
   endfacet
   facet normal 0.0000 0.0000 -1.0000
      outer loop
         vertex -1098.7788 172.5000 1130.0000
         vertex -1115.0000 0.0000 1130.0000
         vertex -1145.0000 0.0000 1130.0000
      endloop
   endfacet
   facet normal -0.9851 -0.1719 0.0000
      outer loop
         vertex -1072.7980 -157.5000 1130.0000
         vertex -1115.0000 0.0000 1130.0000
         vertex -1115.0000 0.0000 1095.0000
      endloop
   endfacet
   facet normal -0.9391 -0.3437 0.0000
      outer loop
         vertex -1072.7980 -157.5000 1130.0000
         vertex -1115.0000 0.0000 1095.0000
         vertex -1072.7980 -157.5000 1095.0000
      endloop
   endfacet
   facet normal -0.9391 0.3437 0.0000
      outer loop
         vertex -1115.0000 0.0000 1130.0000
         vertex -1072.7980 157.5000 1130.0000
         vertex -1072.7980 157.5000 1095.0000
      endloop
   endfacet
   facet normal -0.9851 0.1719 0.0000
      outer loop
         vertex -1115.0000 0.0000 1130.0000
         vertex -1072.7980 157.5000 1095.0000
         vertex -1115.0000 0.0000 1095.0000
      endloop
   endfacet
   facet normal 0.0000 0.0000 1.0000
      outer loop
         vertex -501.2212 -172.5000 1160.0000
         vertex -455.0000 -0.0000 1160.0000
         vertex -485.0000 0.0000 1160.0000
      endloop
   endfacet
   facet normal 0.0000 0.0000 1.0000
      outer loop
         vertex -485.0000 0.0000 1160.0000
         vertex -455.0000 -0.0000 1160.0000
         vertex -501.2212 172.5000 1160.0000
      endloop
   endfacet
   facet normal 0.0000 0.0000 1.0000
      outer loop
         vertex -485.0000 0.0000 1160.0000
         vertex -501.2212 172.5000 1160.0000
         vertex -527.2020 157.5000 1160.0000
      endloop
   endfacet
   facet normal 0.0000 0.0000 1.0000
      outer loop
         vertex -527.2020 157.5000 1160.0000
         vertex -501.2212 172.5000 1160.0000
         vertex -627.5000 298.7788 1160.0000
      endloop
   endfacet
   facet normal 0.0000 0.0000 1.0000
      outer loop
         vertex -527.2020 157.5000 1160.0000
         vertex -627.5000 298.7788 1160.0000
         vertex -642.5000 272.7980 1160.0000
      endloop
   endfacet
   facet normal 0.0000 0.0000 1.0000
      outer loop
         vertex -642.5000 272.7980 1160.0000
         vertex -627.5000 298.7788 1160.0000
         vertex -800.0000 345.0000 1160.0000
      endloop
   endfacet
   facet normal 0.0000 0.0000 1.0000
      outer loop
         vertex -642.5000 272.7980 1160.0000
         vertex -800.0000 345.0000 1160.0000
         vertex -800.0000 315.0000 1160.0000
      endloop
   endfacet
   facet normal 0.0000 0.0000 1.0000
      outer loop
         vertex -800.0000 315.0000 1160.0000
         vertex -800.0000 345.0000 1160.0000
         vertex -957.5000 272.7980 1160.0000
      endloop
   endfacet
   facet normal 0.0000 0.0000 1.0000
      outer loop
         vertex -1145.0000 0.0000 1160.0000
         vertex -1115.0000 0.0000 1160.0000
         vertex -1098.7788 172.5000 1160.0000
      endloop
   endfacet
   facet normal 0.0000 0.0000 1.0000
      outer loop
         vertex -1098.7788 172.5000 1160.0000
         vertex -1115.0000 0.0000 1160.0000
         vertex -1072.7980 157.5000 1160.0000
      endloop
   endfacet
   facet normal 0.0000 0.0000 1.0000
      outer loop
         vertex -1098.7788 172.5000 1160.0000
         vertex -1072.7980 157.5000 1160.0000
         vertex -972.5000 298.7788 1160.0000
      endloop
   endfacet
   facet normal 0.0000 0.0000 1.0000
      outer loop
         vertex -972.5000 298.7788 1160.0000
         vertex -1072.7980 157.5000 1160.0000
         vertex -957.5000 272.7980 1160.0000
      endloop
   endfacet
   facet normal 0.0000 0.0000 1.0000
      outer loop
         vertex -972.5000 298.7788 1160.0000
         vertex -957.5000 272.7980 1160.0000
         vertex -800.0000 345.0000 1160.0000
      endloop
   endfacet
   facet normal 0.0000 0.0000 1.0000
      outer loop
         vertex -527.2020 -157.5000 1160.0000
         vertex -642.5000 -272.7980 1160.0000
         vertex -627.5000 -298.7788 1160.0000
      endloop
   endfacet
   facet normal 0.0000 0.0000 1.0000
      outer loop
         vertex -527.2020 -157.5000 1160.0000
         vertex -627.5000 -298.7788 1160.0000
         vertex -501.2212 -172.5000 1160.0000
      endloop
   endfacet
   facet normal 0.0000 0.0000 1.0000
      outer loop
         vertex -527.2020 -157.5000 1160.0000
         vertex -501.2212 -172.5000 1160.0000
         vertex -485.0000 0.0000 1160.0000
      endloop
   endfacet
   facet normal 0.0000 0.0000 1.0000
      outer loop
         vertex -1115.0000 0.0000 1160.0000
         vertex -1098.7788 -172.5000 1160.0000
         vertex -1072.7980 -157.5000 1160.0000
      endloop
   endfacet
   facet normal 0.0000 0.0000 1.0000
      outer loop
         vertex -1072.7980 -157.5000 1160.0000
         vertex -1098.7788 -172.5000 1160.0000
         vertex -972.5000 -298.7788 1160.0000
      endloop
   endfacet
   facet normal 0.0000 0.0000 1.0000
      outer loop
         vertex -1072.7980 -157.5000 1160.0000
         vertex -972.5000 -298.7788 1160.0000
         vertex -957.5000 -272.7980 1160.0000
      endloop
   endfacet
   facet normal 0.0000 0.0000 1.0000
      outer loop
         vertex -957.5000 -272.7980 1160.0000
         vertex -972.5000 -298.7788 1160.0000
         vertex -800.0000 -345.0000 1160.0000
      endloop
   endfacet
   facet normal 0.0000 0.0000 1.0000
      outer loop
         vertex -957.5000 -272.7980 1160.0000
         vertex -800.0000 -345.0000 1160.0000
         vertex -800.0000 -315.0000 1160.0000
      endloop
   endfacet
   facet normal 0.0000 0.0000 1.0000
      outer loop
         vertex -800.0000 -315.0000 1160.0000
         vertex -800.0000 -345.0000 1160.0000
         vertex -627.5000 -298.7788 1160.0000
      endloop
   endfacet
   facet normal 0.0000 0.0000 1.0000
      outer loop
         vertex -800.0000 -315.0000 1160.0000
         vertex -627.5000 -298.7788 1160.0000
         vertex -642.5000 -272.7980 1160.0000
      endloop
   endfacet
   facet normal 0.0000 0.0000 1.0000
      outer loop
         vertex -1098.7788 -172.5000 1160.0000
         vertex -1115.0000 0.0000 1160.0000
         vertex -1145.0000 0.0000 1160.0000
      endloop
   endfacet
   facet normal 0.0000 0.0000 -1.0000
      outer loop
         vertex -512.4796 166.0000 1617.0000
         vertex -468.0000 -0.0000 1617.0000
         vertex -485.0000 -0.0000 1617.0000
      endloop
   endfacet
   facet normal 0.0000 0.0000 -1.0000
      outer loop
         vertex -485.0000 -0.0000 1617.0000
         vertex -468.0000 -0.0000 1617.0000
         vertex -512.4796 -166.0000 1617.0000
      endloop
   endfacet
   facet normal 0.0000 0.0000 -1.0000
      outer loop
         vertex -485.0000 -0.0000 1617.0000
         vertex -512.4796 -166.0000 1617.0000
         vertex -527.2020 -157.5000 1617.0000
      endloop
   endfacet
   facet normal 0.0000 0.0000 -1.0000
      outer loop
         vertex -527.2020 -157.5000 1617.0000
         vertex -512.4796 -166.0000 1617.0000
         vertex -634.0000 -287.5204 1617.0000
      endloop
   endfacet
   facet normal 0.0000 0.0000 -1.0000
      outer loop
         vertex -527.2020 -157.5000 1617.0000
         vertex -634.0000 -287.5204 1617.0000
         vertex -642.5000 -272.7980 1617.0000
      endloop
   endfacet
   facet normal 0.0000 0.0000 -1.0000
      outer loop
         vertex -642.5000 -272.7980 1617.0000
         vertex -634.0000 -287.5204 1617.0000
         vertex -800.0000 -332.0000 1617.0000
      endloop
   endfacet
   facet normal 0.0000 0.0000 -1.0000
      outer loop
         vertex -642.5000 -272.7980 1617.0000
         vertex -800.0000 -332.0000 1617.0000
         vertex -800.0000 -315.0000 1617.0000
      endloop
   endfacet
   facet normal 0.0000 0.0000 -1.0000
      outer loop
         vertex -800.0000 -315.0000 1617.0000
         vertex -800.0000 -332.0000 1617.0000
         vertex -957.5000 -272.7980 1617.0000
      endloop
   endfacet
   facet normal 0.0000 0.0000 -1.0000
      outer loop
         vertex -1132.0000 0.0000 1617.0000
         vertex -1115.0000 0.0000 1617.0000
         vertex -1087.5204 -166.0000 1617.0000
      endloop
   endfacet
   facet normal 0.0000 0.0000 -1.0000
      outer loop
         vertex -1087.5204 -166.0000 1617.0000
         vertex -1115.0000 0.0000 1617.0000
         vertex -1072.7980 -157.5000 1617.0000
      endloop
   endfacet
   facet normal 0.0000 0.0000 -1.0000
      outer loop
         vertex -1087.5204 -166.0000 1617.0000
         vertex -1072.7980 -157.5000 1617.0000
         vertex -966.0000 -287.5204 1617.0000
      endloop
   endfacet
   facet normal 0.0000 0.0000 -1.0000
      outer loop
         vertex -966.0000 -287.5204 1617.0000
         vertex -1072.7980 -157.5000 1617.0000
         vertex -957.5000 -272.7980 1617.0000
      endloop
   endfacet
   facet normal 0.0000 0.0000 -1.0000
      outer loop
         vertex -966.0000 -287.5204 1617.0000
         vertex -957.5000 -272.7980 1617.0000
         vertex -800.0000 -332.0000 1617.0000
      endloop
   endfacet
   facet normal 0.0000 0.0000 -1.0000
      outer loop
         vertex -527.2020 157.5000 1617.0000
         vertex -642.5000 272.7980 1617.0000
         vertex -634.0000 287.5204 1617.0000
      endloop
   endfacet
   facet normal 0.0000 0.0000 -1.0000
      outer loop
         vertex -527.2020 157.5000 1617.0000
         vertex -634.0000 287.5204 1617.0000
         vertex -512.4796 166.0000 1617.0000
      endloop
   endfacet
   facet normal 0.0000 0.0000 -1.0000
      outer loop
         vertex -527.2020 157.5000 1617.0000
         vertex -512.4796 166.0000 1617.0000
         vertex -485.0000 -0.0000 1617.0000
      endloop
   endfacet
   facet normal 0.0000 0.0000 -1.0000
      outer loop
         vertex -1115.0000 0.0000 1617.0000
         vertex -1087.5204 166.0000 1617.0000
         vertex -1072.7980 157.5000 1617.0000
      endloop
   endfacet
   facet normal 0.0000 0.0000 -1.0000
      outer loop
         vertex -1072.7980 157.5000 1617.0000
         vertex -1087.5204 166.0000 1617.0000
         vertex -966.0000 287.5204 1617.0000
      endloop
   endfacet
   facet normal 0.0000 0.0000 -1.0000
      outer loop
         vertex -1072.7980 157.5000 1617.0000
         vertex -966.0000 287.5204 1617.0000
         vertex -957.5000 272.7980 1617.0000
      endloop
   endfacet
   facet normal 0.0000 0.0000 -1.0000
      outer loop
         vertex -957.5000 272.7980 1617.0000
         vertex -966.0000 287.5204 1617.0000
         vertex -800.0000 332.0000 1617.0000
      endloop
   endfacet
   facet normal 0.0000 0.0000 -1.0000
      outer loop
         vertex -957.5000 272.7980 1617.0000
         vertex -800.0000 332.0000 1617.0000
         vertex -800.0000 315.0000 1617.0000
      endloop
   endfacet
   facet normal 0.0000 0.0000 -1.0000
      outer loop
         vertex -800.0000 315.0000 1617.0000
         vertex -800.0000 332.0000 1617.0000
         vertex -634.0000 287.5204 1617.0000
      endloop
   endfacet
   facet normal 0.0000 0.0000 -1.0000
      outer loop
         vertex -800.0000 315.0000 1617.0000
         vertex -634.0000 287.5204 1617.0000
         vertex -642.5000 272.7980 1617.0000
      endloop
   endfacet
   facet normal 0.0000 0.0000 -1.0000
      outer loop
         vertex -1087.5204 166.0000 1617.0000
         vertex -1115.0000 0.0000 1617.0000
         vertex -1132.0000 0.0000 1617.0000
      endloop
   endfacet
   facet normal -0.9851 -0.1719 0.0000
      outer loop
         vertex -1115.0000 0.0000 1617.0000
         vertex -1115.0000 0.0000 1160.0000
         vertex -1072.7980 -157.5000 1160.0000
      endloop
   endfacet
   facet normal -0.9391 -0.3437 0.0000
      outer loop
         vertex -1115.0000 0.0000 1617.0000
         vertex -1072.7980 -157.5000 1160.0000
         vertex -1072.7980 -157.5000 1617.0000
      endloop
   endfacet
   facet normal -0.9851 0.1719 0.0000
      outer loop
         vertex -1115.0000 0.0000 1160.0000
         vertex -1115.0000 0.0000 1617.0000
         vertex -1072.7980 157.5000 1617.0000
      endloop
   endfacet
   facet normal -0.9391 0.3437 0.0000
      outer loop
         vertex -1115.0000 0.0000 1160.0000
         vertex -1072.7980 157.5000 1617.0000
         vertex -1072.7980 157.5000 1160.0000
      endloop
   endfacet
   facet normal 0.9391 -0.3437 0.0000
      outer loop
         vertex -1132.0000 0.0000 1646.0000
         vertex -1087.5204 166.0000 1646.0000
         vertex -1087.5204 166.0000 1647.0000
      endloop
   endfacet
   facet normal 0.9851 -0.1719 0.0000
      outer loop
         vertex -1132.0000 0.0000 1646.0000
         vertex -1087.5204 166.0000 1647.0000
         vertex -1132.0000 0.0000 1647.0000
      endloop
   endfacet
   facet normal 0.9851 0.1719 0.0000
      outer loop
         vertex -1087.5204 -166.0000 1646.0000
         vertex -1132.0000 0.0000 1646.0000
         vertex -1132.0000 0.0000 1647.0000
      endloop
   endfacet
   facet normal 0.9391 0.3437 0.0000
      outer loop
         vertex -1087.5204 -166.0000 1646.0000
         vertex -1132.0000 0.0000 1647.0000
         vertex -1087.5204 -166.0000 1647.0000
      endloop
   endfacet
   facet normal -1.0000 0.0000 0.0000
      outer loop
         vertex -1188.0000 -260.3981 530.2266
         vertex -1188.0000 -300.0000 519.6152
         vertex -1188.0000 -260.3981 536.0189
      endloop
   endfacet
   facet normal -1.0000 0.0000 0.0000
      outer loop
         vertex -1188.0000 -300.0000 519.6152
         vertex -1188.0000 -519.6152 300.0000
         vertex -1188.0000 -424.2641 424.2641
      endloop
   endfacet
   facet normal -1.0000 0.0000 0.0000
      outer loop
         vertex -1188.0000 -519.6152 300.0000
         vertex -1188.0000 -600.0000 0.0000
         vertex -1188.0000 -579.5555 155.2914
      endloop
   endfacet
   facet normal -1.0000 0.0000 0.0000
      outer loop
         vertex -1188.0000 600.0000 0.0000
         vertex -1188.0000 519.6152 300.0000
         vertex -1188.0000 579.5555 155.2914
      endloop
   endfacet
   facet normal -1.0000 0.0000 0.0000
      outer loop
         vertex -1188.0000 519.6152 300.0000
         vertex -1188.0000 300.0000 519.6152
         vertex -1188.0000 424.2641 424.2641
      endloop
   endfacet
   facet normal -1.0000 0.0000 0.0000
      outer loop
         vertex -1188.0000 300.0000 519.6152
         vertex -1188.0000 260.3981 530.2266
         vertex -1188.0000 260.3981 536.0189
      endloop
   endfacet
   facet normal -1.0000 0.0000 0.0000
      outer loop
         vertex -1188.0000 519.6152 -300.0000
         vertex -1188.0000 480.0000 -351.6276
         vertex -1188.0000 480.0000 -339.6152
      endloop
   endfacet
   facet normal -1.0000 0.0000 0.0000
      outer loop
         vertex -1188.0000 519.6152 -300.0000
         vertex -1188.0000 600.0000 0.0000
         vertex -1188.0000 579.5555 -155.2914
      endloop
   endfacet
   facet normal -1.0000 0.0000 0.0000
      outer loop
         vertex -1188.0000 -600.0000 0.0000
         vertex -1188.0000 -519.6152 -300.0000
         vertex -1188.0000 -579.5555 -155.2914
      endloop
   endfacet
   facet normal -1.0000 0.0000 0.0000
      outer loop
         vertex -1188.0000 -480.0000 -351.6276
         vertex -1188.0000 -519.6152 -300.0000
         vertex -1188.0000 -480.0000 -339.6152
      endloop
   endfacet
   facet normal 0.0000 -0.9962 0.0869
      outer loop
         vertex -1188.0000 -579.5555 155.2914
         vertex -1188.0000 -600.0000 0.0000
         vertex -1152.0000 -600.0000 0.0000
      endloop
   endfacet
   facet normal 0.0000 -0.9848 0.1739
      outer loop
         vertex -1188.0000 -579.5555 155.2914
         vertex -1152.0000 -600.0000 0.0000
         vertex -1152.0000 -579.5555 155.2914
      endloop
   endfacet
   facet normal 0.0000 -0.9398 -0.3418
      outer loop
         vertex -1152.0000 -519.6152 -300.0000
         vertex -1152.0000 -579.5555 -155.2914
         vertex -1188.0000 -579.5555 -155.2914
      endloop
   endfacet
   facet normal 0.0000 -0.9062 -0.4228
      outer loop
         vertex -1152.0000 -519.6152 -300.0000
         vertex -1188.0000 -579.5555 -155.2914
         vertex -1188.0000 -519.6152 -300.0000
      endloop
   endfacet
   facet normal 0.0000 -0.9848 -0.1739
      outer loop
         vertex -1188.0000 -600.0000 0.0000
         vertex -1188.0000 -579.5555 -155.2914
         vertex -1152.0000 -579.5555 -155.2914
      endloop
   endfacet
   facet normal 0.0000 -0.9962 -0.0869
      outer loop
         vertex -1188.0000 -600.0000 0.0000
         vertex -1152.0000 -579.5555 -155.2914
         vertex -1152.0000 -600.0000 0.0000
      endloop
   endfacet
   facet normal 0.0000 0.0000 -1.0000
      outer loop
         vertex -1040.0000 -480.0000 -620.0000
         vertex -1240.0000 -480.0000 -620.0000
         vertex -1240.0000 480.0000 -620.0000
      endloop
   endfacet
   facet normal 0.0000 0.0000 -1.0000
      outer loop
         vertex -1040.0000 -480.0000 -620.0000
         vertex -1240.0000 480.0000 -620.0000
         vertex -1040.0000 480.0000 -620.0000
      endloop
   endfacet
   facet normal 0.0000 -0.8190 -0.5738
      outer loop
         vertex -1188.0000 -519.6152 -300.0000
         vertex -1188.0000 -480.0000 -351.6276
         vertex -1152.0000 -480.0000 -351.6276
      endloop
   endfacet
   facet normal 0.0000 -0.8433 -0.5375
      outer loop
         vertex -1188.0000 -519.6152 -300.0000
         vertex -1152.0000 -480.0000 -351.6276
         vertex -1152.0000 -519.6152 -300.0000
      endloop
   endfacet
   facet normal 0.0000 0.9062 -0.4228
      outer loop
         vertex -1152.0000 579.5555 -155.2914
         vertex -1152.0000 519.6152 -300.0000
         vertex -1188.0000 519.6152 -300.0000
      endloop
   endfacet
   facet normal 0.0000 0.9398 -0.3418
      outer loop
         vertex -1152.0000 579.5555 -155.2914
         vertex -1188.0000 519.6152 -300.0000
         vertex -1188.0000 579.5555 -155.2914
      endloop
   endfacet
   facet normal 0.0000 0.8433 -0.5375
      outer loop
         vertex -1188.0000 480.0000 -351.6276
         vertex -1188.0000 519.6152 -300.0000
         vertex -1152.0000 519.6152 -300.0000
      endloop
   endfacet
   facet normal 0.0000 0.8190 -0.5738
      outer loop
         vertex -1188.0000 480.0000 -351.6276
         vertex -1152.0000 519.6152 -300.0000
         vertex -1152.0000 480.0000 -351.6276
      endloop
   endfacet
   facet normal 0.0000 1.0000 0.0000
      outer loop
         vertex -1040.0000 480.0000 -223.9230
         vertex -1040.0000 480.0000 -620.0000
         vertex -1152.0000 480.0000 -351.6276
      endloop
   endfacet
   facet normal 0.0000 1.0000 0.0000
      outer loop
         vertex -1040.0000 480.0000 -223.9230
         vertex -1152.0000 480.0000 -351.6276
         vertex -1107.7810 480.0000 -277.1281
      endloop
   endfacet
   facet normal 0.0000 1.0000 0.0000
      outer loop
         vertex -1040.0000 480.0000 -223.9230
         vertex -1107.7810 480.0000 -277.1281
         vertex -1094.0000 480.0000 -240.1934
      endloop
   endfacet
   facet normal 0.0000 1.0000 0.0000
      outer loop
         vertex -1040.0000 480.0000 -223.9230
         vertex -1094.0000 480.0000 -240.1934
         vertex -1094.0000 480.0000 -223.9230
      endloop
   endfacet
   facet normal 0.0000 1.0000 0.0000
      outer loop
         vertex -1040.0000 480.0000 -620.0000
         vertex -1240.0000 480.0000 -620.0000
         vertex -1232.2190 480.0000 -277.1281
      endloop
   endfacet
   facet normal 0.0000 1.0000 0.0000
      outer loop
         vertex -1040.0000 480.0000 -620.0000
         vertex -1232.2190 480.0000 -277.1281
         vertex -1188.0000 480.0000 -351.6276
      endloop
   endfacet
   facet normal 0.0000 1.0000 0.0000
      outer loop
         vertex -1040.0000 480.0000 -620.0000
         vertex -1188.0000 480.0000 -351.6276
         vertex -1152.0000 480.0000 -351.6276
      endloop
   endfacet
   facet normal 0.0000 1.0000 0.0000
      outer loop
         vertex -1232.2190 480.0000 -277.1281
         vertex -1240.0000 480.0000 -620.0000
         vertex -1240.0000 480.0000 -247.0875
      endloop
   endfacet
   facet normal 0.0000 1.0000 0.0000
      outer loop
         vertex -1188.0000 480.0000 -351.6276
         vertex -1232.2190 480.0000 -277.1281
         vertex -1188.0000 480.0000 -339.6152
      endloop
   endfacet
   facet normal 0.0000 -0.9398 0.3418
      outer loop
         vertex -1188.0000 -519.6152 300.0000
         vertex -1188.0000 -579.5555 155.2914
         vertex -1152.0000 -579.5555 155.2914
      endloop
   endfacet
   facet normal 0.0000 -0.9062 0.4228
      outer loop
         vertex -1188.0000 -519.6152 300.0000
         vertex -1152.0000 -579.5555 155.2914
         vertex -1152.0000 -519.6152 300.0000
      endloop
   endfacet
   facet normal 0.0000 0.9848 0.1739
      outer loop
         vertex -1188.0000 600.0000 0.0000
         vertex -1188.0000 579.5555 155.2914
         vertex -1152.0000 579.5555 155.2914
      endloop
   endfacet
   facet normal 0.0000 0.9962 0.0869
      outer loop
         vertex -1188.0000 600.0000 0.0000
         vertex -1152.0000 579.5555 155.2914
         vertex -1152.0000 600.0000 0.0000
      endloop
   endfacet
   facet normal 0.0000 0.9962 -0.0869
      outer loop
         vertex -1188.0000 579.5555 -155.2914
         vertex -1188.0000 600.0000 0.0000
         vertex -1152.0000 600.0000 0.0000
      endloop
   endfacet
   facet normal 0.0000 0.9848 -0.1739
      outer loop
         vertex -1188.0000 579.5555 -155.2914
         vertex -1152.0000 600.0000 0.0000
         vertex -1152.0000 579.5555 -155.2914
      endloop
   endfacet
   facet normal 0.0000 0.5734 0.8193
      outer loop
         vertex -1188.0000 424.2641 424.2641
         vertex -1188.0000 300.0000 519.6152
         vertex -1152.0000 300.0000 519.6152
      endloop
   endfacet
   facet normal 0.0000 0.6430 0.7659
      outer loop
         vertex -1188.0000 424.2641 424.2641
         vertex -1152.0000 300.0000 519.6152
         vertex -1152.0000 424.2641 424.2641
      endloop
   endfacet
   facet normal 0.0000 0.7659 0.6430
      outer loop
         vertex -1188.0000 519.6152 300.0000
         vertex -1188.0000 424.2641 424.2641
         vertex -1152.0000 424.2641 424.2641
      endloop
   endfacet
   facet normal 0.0000 0.8193 0.5734
      outer loop
         vertex -1188.0000 519.6152 300.0000
         vertex -1152.0000 424.2641 424.2641
         vertex -1152.0000 519.6152 300.0000
      endloop
   endfacet
   facet normal 0.0000 0.9062 0.4228
      outer loop
         vertex -1188.0000 579.5555 155.2914
         vertex -1188.0000 519.6152 300.0000
         vertex -1152.0000 519.6152 300.0000
      endloop
   endfacet
   facet normal 0.0000 0.9398 0.3418
      outer loop
         vertex -1188.0000 579.5555 155.2914
         vertex -1152.0000 519.6152 300.0000
         vertex -1152.0000 579.5555 155.2914
      endloop
   endfacet
   facet normal 0.0000 -0.8193 0.5734
      outer loop
         vertex -1188.0000 -424.2641 424.2641
         vertex -1188.0000 -519.6152 300.0000
         vertex -1152.0000 -519.6152 300.0000
      endloop
   endfacet
   facet normal 0.0000 -0.7659 0.6430
      outer loop
         vertex -1188.0000 -424.2641 424.2641
         vertex -1152.0000 -519.6152 300.0000
         vertex -1152.0000 -424.2641 424.2641
      endloop
   endfacet
   facet normal 0.0000 0.4224 0.9064
      outer loop
         vertex -1188.0000 300.0000 519.6152
         vertex -1188.0000 260.3981 536.0189
         vertex -1152.0000 296.3981 521.1072
      endloop
   endfacet
   facet normal 0.0000 0.4616 0.8871
      outer loop
         vertex -1188.0000 300.0000 519.6152
         vertex -1152.0000 296.3981 521.1072
         vertex -1152.0000 300.0000 519.6152
      endloop
   endfacet
   facet normal -0.6445 0.7646 0.0000
      outer loop
         vertex -1149.6260 298.7721 517.4884
         vertex -1152.0000 296.3981 521.1072
         vertex -1040.5001 407.8980 1095.0000
      endloop
   endfacet
   facet normal -0.6445 0.7646 0.0000
      outer loop
         vertex -1040.5001 407.8980 1095.0000
         vertex -1152.0000 296.3981 521.1072
         vertex -1188.0000 260.3981 536.0189
      endloop
   endfacet
   facet normal -0.7071 0.7071 0.0000
      outer loop
         vertex -1040.5001 407.8980 1095.0000
         vertex -1188.0000 260.3981 536.0189
         vertex -1212.8981 235.5000 511.1413
      endloop
   endfacet
   facet normal -0.7646 0.6445 0.0000
      outer loop
         vertex -1212.8981 235.5000 511.1413
         vertex -1188.0000 260.3981 536.0189
         vertex -1188.0000 260.3981 530.2266
      endloop
   endfacet
   facet normal -0.5751 0.8181 0.0000
      outer loop
         vertex -1040.5001 407.8980 1095.0000
         vertex -1040.5001 407.8980 329.7558
         vertex -1094.0000 354.3981 383.2556
      endloop
   endfacet
   facet normal -0.6445 0.7646 0.0000
      outer loop
         vertex -1040.5001 407.8980 1095.0000
         vertex -1094.0000 354.3981 383.2556
         vertex -1094.0000 354.3981 402.8928
      endloop
   endfacet
   facet normal -0.6445 0.7646 0.0000
      outer loop
         vertex -1040.5001 407.8980 1095.0000
         vertex -1094.0000 354.3981 402.8928
         vertex -1149.6260 298.7721 517.4884
      endloop
   endfacet
   facet normal -0.7672 0.6414 0.0000
      outer loop
         vertex -1040.5001 407.8980 1095.0000
         vertex -1212.8981 235.5000 511.1413
         vertex -1212.8981 235.5000 1095.0000
      endloop
   endfacet
   facet normal 0.0000 -0.6430 0.7659
      outer loop
         vertex -1188.0000 -300.0000 519.6152
         vertex -1188.0000 -424.2641 424.2641
         vertex -1152.0000 -424.2641 424.2641
      endloop
   endfacet
   facet normal 0.0000 -0.5734 0.8193
      outer loop
         vertex -1188.0000 -300.0000 519.6152
         vertex -1152.0000 -424.2641 424.2641
         vertex -1152.0000 -300.0000 519.6152
      endloop
   endfacet
   facet normal 0.0000 -0.4616 0.8871
      outer loop
         vertex -1188.0000 -260.3981 536.0189
         vertex -1188.0000 -300.0000 519.6152
         vertex -1152.0000 -300.0000 519.6152
      endloop
   endfacet
   facet normal 0.0000 -0.4224 0.9064
      outer loop
         vertex -1188.0000 -260.3981 536.0189
         vertex -1152.0000 -300.0000 519.6152
         vertex -1152.0000 -296.3981 521.1072
      endloop
   endfacet
   facet normal -0.7646 -0.6445 0.0000
      outer loop
         vertex -1152.0000 -296.3981 521.1072
         vertex -1149.6260 -298.7721 517.4884
         vertex -1212.8981 -235.5000 1095.0000
      endloop
   endfacet
   facet normal -0.7646 -0.6445 0.0000
      outer loop
         vertex -1212.8981 -235.5000 1095.0000
         vertex -1149.6260 -298.7721 517.4884
         vertex -1094.0000 -354.3981 402.8928
      endloop
   endfacet
   facet normal -0.7071 -0.7071 0.0000
      outer loop
         vertex -1212.8981 -235.5000 1095.0000
         vertex -1094.0000 -354.3981 402.8928
         vertex -1040.5001 -407.8980 329.7558
      endloop
   endfacet
   facet normal -0.6445 -0.7646 0.0000
      outer loop
         vertex -1040.5001 -407.8980 329.7558
         vertex -1094.0000 -354.3981 402.8928
         vertex -1094.0000 -354.3981 383.2556
      endloop
   endfacet
   facet normal -0.8181 -0.5751 0.0000
      outer loop
         vertex -1212.8981 -235.5000 1095.0000
         vertex -1212.8981 -235.5000 511.1413
         vertex -1188.0000 -260.3981 530.2266
      endloop
   endfacet
   facet normal -0.7646 -0.6445 0.0000
      outer loop
         vertex -1212.8981 -235.5000 1095.0000
         vertex -1188.0000 -260.3981 530.2266
         vertex -1188.0000 -260.3981 536.0189
      endloop
   endfacet
   facet normal -0.7646 -0.6445 0.0000
      outer loop
         vertex -1212.8981 -235.5000 1095.0000
         vertex -1188.0000 -260.3981 536.0189
         vertex -1152.0000 -296.3981 521.1072
      endloop
   endfacet
   facet normal -0.6414 -0.7672 0.0000
      outer loop
         vertex -1212.8981 -235.5000 1095.0000
         vertex -1040.5001 -407.8980 329.7558
         vertex -1040.5001 -407.8980 1095.0000
      endloop
   endfacet
   facet normal 0.0000 0.0000 1.0000
      outer loop
         vertex -397.1021 235.5000 1095.0000
         vertex -569.5001 407.8980 1095.0000
         vertex -527.2020 157.5000 1095.0000
      endloop
   endfacet
   facet normal 0.0000 0.0000 1.0000
      outer loop
         vertex -397.1021 235.5000 1095.0000
         vertex -527.2020 157.5000 1095.0000
         vertex -485.0000 -0.0000 1095.0000
      endloop
   endfacet
   facet normal 0.0000 0.0000 1.0000
      outer loop
         vertex -397.1021 235.5000 1095.0000
         vertex -485.0000 -0.0000 1095.0000
         vertex -397.1021 -235.5000 1095.0000
      endloop
   endfacet
   facet normal 0.0000 0.0000 1.0000
      outer loop
         vertex -397.1021 235.5000 1095.0000
         vertex -397.1021 -235.5000 1095.0000
         vertex -334.0001 -0.0000 1095.0000
      endloop
   endfacet
   facet normal 0.0000 0.0000 1.0000
      outer loop
         vertex -1115.0000 0.0000 1095.0000
         vertex -1072.7980 157.5000 1095.0000
         vertex -1040.5001 407.8980 1095.0000
      endloop
   endfacet
   facet normal 0.0000 0.0000 1.0000
      outer loop
         vertex -1040.5001 407.8980 1095.0000
         vertex -1072.7980 157.5000 1095.0000
         vertex -957.5000 272.7980 1095.0000
      endloop
   endfacet
   facet normal 0.0000 0.0000 1.0000
      outer loop
         vertex -1040.5001 407.8980 1095.0000
         vertex -957.5000 272.7980 1095.0000
         vertex -805.0001 471.0000 1095.0000
      endloop
   endfacet
   facet normal 0.0000 0.0000 1.0000
      outer loop
         vertex -805.0001 471.0000 1095.0000
         vertex -957.5000 272.7980 1095.0000
         vertex -800.0000 315.0000 1095.0000
      endloop
   endfacet
   facet normal 0.0000 0.0000 1.0000
      outer loop
         vertex -805.0001 471.0000 1095.0000
         vertex -800.0000 315.0000 1095.0000
         vertex -569.5001 407.8980 1095.0000
      endloop
   endfacet
   facet normal 0.0000 0.0000 1.0000
      outer loop
         vertex -569.5001 407.8980 1095.0000
         vertex -800.0000 315.0000 1095.0000
         vertex -642.5000 272.7980 1095.0000
      endloop
   endfacet
   facet normal 0.0000 0.0000 1.0000
      outer loop
         vertex -569.5001 407.8980 1095.0000
         vertex -642.5000 272.7980 1095.0000
         vertex -527.2020 157.5000 1095.0000
      endloop
   endfacet
   facet normal 0.0000 0.0000 1.0000
      outer loop
         vertex -1212.8981 235.5000 1095.0000
         vertex -1276.0001 0.0000 1095.0000
         vertex -1212.8981 -235.5000 1095.0000
      endloop
   endfacet
   facet normal 0.0000 0.0000 1.0000
      outer loop
         vertex -1212.8981 235.5000 1095.0000
         vertex -1212.8981 -235.5000 1095.0000
         vertex -1040.5001 -407.8980 1095.0000
      endloop
   endfacet
   facet normal 0.0000 0.0000 1.0000
      outer loop
         vertex -1212.8981 235.5000 1095.0000
         vertex -1040.5001 -407.8980 1095.0000
         vertex -1115.0000 0.0000 1095.0000
      endloop
   endfacet
   facet normal 0.0000 0.0000 1.0000
      outer loop
         vertex -1212.8981 235.5000 1095.0000
         vertex -1115.0000 0.0000 1095.0000
         vertex -1040.5001 407.8980 1095.0000
      endloop
   endfacet
   facet normal 0.0000 0.0000 1.0000
      outer loop
         vertex -527.2020 -157.5000 1095.0000
         vertex -642.5000 -272.7980 1095.0000
         vertex -569.5001 -407.8980 1095.0000
      endloop
   endfacet
   facet normal 0.0000 0.0000 1.0000
      outer loop
         vertex -527.2020 -157.5000 1095.0000
         vertex -569.5001 -407.8980 1095.0000
         vertex -397.1021 -235.5000 1095.0000
      endloop
   endfacet
   facet normal 0.0000 0.0000 1.0000
      outer loop
         vertex -527.2020 -157.5000 1095.0000
         vertex -397.1021 -235.5000 1095.0000
         vertex -485.0000 -0.0000 1095.0000
      endloop
   endfacet
   facet normal 0.0000 0.0000 1.0000
      outer loop
         vertex -1072.7980 -157.5000 1095.0000
         vertex -1040.5001 -407.8980 1095.0000
         vertex -957.5000 -272.7980 1095.0000
      endloop
   endfacet
   facet normal 0.0000 0.0000 1.0000
      outer loop
         vertex -957.5000 -272.7980 1095.0000
         vertex -1040.5001 -407.8980 1095.0000
         vertex -805.0001 -471.0000 1095.0000
      endloop
   endfacet
   facet normal 0.0000 0.0000 1.0000
      outer loop
         vertex -957.5000 -272.7980 1095.0000
         vertex -805.0001 -471.0000 1095.0000
         vertex -800.0000 -315.0000 1095.0000
      endloop
   endfacet
   facet normal 0.0000 0.0000 1.0000
      outer loop
         vertex -800.0000 -315.0000 1095.0000
         vertex -805.0001 -471.0000 1095.0000
         vertex -569.5001 -407.8980 1095.0000
      endloop
   endfacet
   facet normal 0.0000 0.0000 1.0000
      outer loop
         vertex -800.0000 -315.0000 1095.0000
         vertex -569.5001 -407.8980 1095.0000
         vertex -642.5000 -272.7980 1095.0000
      endloop
   endfacet
   facet normal 0.0000 0.0000 1.0000
      outer loop
         vertex -1115.0000 0.0000 1095.0000
         vertex -1040.5001 -407.8980 1095.0000
         vertex -1072.7980 -157.5000 1095.0000
      endloop
   endfacet
   facet normal 0.0000 0.0000 -1.0000
      outer loop
         vertex -421.1139 -218.7500 1617.0000
         vertex -581.2500 -378.8861 1617.0000
         vertex -512.4796 -166.0000 1617.0000
      endloop
   endfacet
   facet normal 0.0000 0.0000 -1.0000
      outer loop
         vertex -421.1139 -218.7500 1617.0000
         vertex -512.4796 -166.0000 1617.0000
         vertex -468.0000 -0.0000 1617.0000
      endloop
   endfacet
   facet normal 0.0000 0.0000 -1.0000
      outer loop
         vertex -421.1139 -218.7500 1617.0000
         vertex -468.0000 -0.0000 1617.0000
         vertex -421.1139 218.7500 1617.0000
      endloop
   endfacet
   facet normal 0.0000 0.0000 -1.0000
      outer loop
         vertex -421.1139 -218.7500 1617.0000
         vertex -421.1139 218.7500 1617.0000
         vertex -362.5000 -0.0000 1617.0000
      endloop
   endfacet
   facet normal 0.0000 0.0000 -1.0000
      outer loop
         vertex -966.0000 -287.5204 1617.0000
         vertex -800.0000 -332.0000 1617.0000
         vertex -800.0000 -437.5000 1617.0000
      endloop
   endfacet
   facet normal 0.0000 0.0000 -1.0000
      outer loop
         vertex -800.0000 -437.5000 1617.0000
         vertex -800.0000 -332.0000 1617.0000
         vertex -634.0000 -287.5204 1617.0000
      endloop
   endfacet
   facet normal 0.0000 0.0000 -1.0000
      outer loop
         vertex -800.0000 -437.5000 1617.0000
         vertex -634.0000 -287.5204 1617.0000
         vertex -581.2500 -378.8861 1617.0000
      endloop
   endfacet
   facet normal 0.0000 0.0000 -1.0000
      outer loop
         vertex -581.2500 -378.8861 1617.0000
         vertex -634.0000 -287.5204 1617.0000
         vertex -512.4796 -166.0000 1617.0000
      endloop
   endfacet
   facet normal 0.0000 0.0000 -1.0000
      outer loop
         vertex -512.4796 166.0000 1617.0000
         vertex -634.0000 287.5204 1617.0000
         vertex -581.2500 378.8861 1617.0000
      endloop
   endfacet
   facet normal 0.0000 0.0000 -1.0000
      outer loop
         vertex -581.2500 378.8861 1617.0000
         vertex -634.0000 287.5204 1617.0000
         vertex -800.0000 332.0000 1617.0000
      endloop
   endfacet
   facet normal 0.0000 0.0000 -1.0000
      outer loop
         vertex -581.2500 378.8861 1617.0000
         vertex -800.0000 332.0000 1617.0000
         vertex -800.0000 437.5000 1617.0000
      endloop
   endfacet
   facet normal 0.0000 0.0000 -1.0000
      outer loop
         vertex -800.0000 437.5000 1617.0000
         vertex -800.0000 332.0000 1617.0000
         vertex -966.0000 287.5204 1617.0000
      endloop
   endfacet
   facet normal 0.0000 0.0000 -1.0000
      outer loop
         vertex -800.0000 437.5000 1617.0000
         vertex -966.0000 287.5204 1617.0000
         vertex -1018.7500 378.8861 1617.0000
      endloop
   endfacet
   facet normal 0.0000 0.0000 -1.0000
      outer loop
         vertex -1018.7500 378.8861 1617.0000
         vertex -966.0000 287.5204 1617.0000
         vertex -1087.5204 166.0000 1617.0000
      endloop
   endfacet
   facet normal 0.0000 0.0000 -1.0000
      outer loop
         vertex -1018.7500 378.8861 1617.0000
         vertex -1087.5204 166.0000 1617.0000
         vertex -1178.8861 218.7500 1617.0000
      endloop
   endfacet
   facet normal 0.0000 0.0000 -1.0000
      outer loop
         vertex -1178.8861 218.7500 1617.0000
         vertex -1087.5204 166.0000 1617.0000
         vertex -1132.0000 0.0000 1617.0000
      endloop
   endfacet
   facet normal 0.0000 0.0000 -1.0000
      outer loop
         vertex -1178.8861 218.7500 1617.0000
         vertex -1132.0000 0.0000 1617.0000
         vertex -1178.8861 -218.7500 1617.0000
      endloop
   endfacet
   facet normal 0.0000 0.0000 -1.0000
      outer loop
         vertex -1178.8861 -218.7500 1617.0000
         vertex -1132.0000 0.0000 1617.0000
         vertex -1087.5204 -166.0000 1617.0000
      endloop
   endfacet
   facet normal 0.0000 0.0000 -1.0000
      outer loop
         vertex -1178.8861 -218.7500 1617.0000
         vertex -1087.5204 -166.0000 1617.0000
         vertex -1018.7500 -378.8861 1617.0000
      endloop
   endfacet
   facet normal 0.0000 0.0000 -1.0000
      outer loop
         vertex -1018.7500 -378.8861 1617.0000
         vertex -1087.5204 -166.0000 1617.0000
         vertex -966.0000 -287.5204 1617.0000
      endloop
   endfacet
   facet normal 0.0000 0.0000 -1.0000
      outer loop
         vertex -1018.7500 -378.8861 1617.0000
         vertex -966.0000 -287.5204 1617.0000
         vertex -800.0000 -437.5000 1617.0000
      endloop
   endfacet
   facet normal 0.0000 0.0000 -1.0000
      outer loop
         vertex -512.4796 166.0000 1617.0000
         vertex -581.2500 378.8861 1617.0000
         vertex -421.1139 218.7500 1617.0000
      endloop
   endfacet
   facet normal 0.0000 0.0000 -1.0000
      outer loop
         vertex -512.4796 166.0000 1617.0000
         vertex -421.1139 218.7500 1617.0000
         vertex -468.0000 -0.0000 1617.0000
      endloop
   endfacet
   facet normal 0.0000 0.0000 -1.0000
      outer loop
         vertex -1178.8861 218.7500 1617.0000
         vertex -1178.8861 -218.7500 1617.0000
         vertex -1237.5000 0.0000 1617.0000
      endloop
   endfacet
   facet normal 0.0000 0.0000 1.0000
      outer loop
         vertex -421.1139 218.7500 1647.0000
         vertex -581.2500 378.8861 1647.0000
         vertex -512.4796 166.0000 1647.0000
      endloop
   endfacet
   facet normal 0.0000 0.0000 1.0000
      outer loop
         vertex -421.1139 218.7500 1647.0000
         vertex -512.4796 166.0000 1647.0000
         vertex -468.0000 -0.0000 1647.0000
      endloop
   endfacet
   facet normal 0.0000 0.0000 1.0000
      outer loop
         vertex -421.1139 218.7500 1647.0000
         vertex -468.0000 -0.0000 1647.0000
         vertex -421.1139 -218.7500 1647.0000
      endloop
   endfacet
   facet normal 0.0000 0.0000 1.0000
      outer loop
         vertex -421.1139 218.7500 1647.0000
         vertex -421.1139 -218.7500 1647.0000
         vertex -362.5000 -0.0000 1647.0000
      endloop
   endfacet
   facet normal 0.0000 0.0000 1.0000
      outer loop
         vertex -966.0000 287.5204 1647.0000
         vertex -800.0000 332.0000 1647.0000
         vertex -800.0000 437.5000 1647.0000
      endloop
   endfacet
   facet normal 0.0000 0.0000 1.0000
      outer loop
         vertex -800.0000 437.5000 1647.0000
         vertex -800.0000 332.0000 1647.0000
         vertex -634.0000 287.5204 1647.0000
      endloop
   endfacet
   facet normal 0.0000 0.0000 1.0000
      outer loop
         vertex -800.0000 437.5000 1647.0000
         vertex -634.0000 287.5204 1647.0000
         vertex -581.2500 378.8861 1647.0000
      endloop
   endfacet
   facet normal 0.0000 0.0000 1.0000
      outer loop
         vertex -581.2500 378.8861 1647.0000
         vertex -634.0000 287.5204 1647.0000
         vertex -512.4796 166.0000 1647.0000
      endloop
   endfacet
   facet normal 0.0000 0.0000 1.0000
      outer loop
         vertex -512.4796 -166.0000 1647.0000
         vertex -634.0000 -287.5204 1647.0000
         vertex -581.2500 -378.8861 1647.0000
      endloop
   endfacet
   facet normal 0.0000 0.0000 1.0000
      outer loop
         vertex -581.2500 -378.8861 1647.0000
         vertex -634.0000 -287.5204 1647.0000
         vertex -800.0000 -332.0000 1647.0000
      endloop
   endfacet
   facet normal 0.0000 0.0000 1.0000
      outer loop
         vertex -581.2500 -378.8861 1647.0000
         vertex -800.0000 -332.0000 1647.0000
         vertex -800.0000 -437.5000 1647.0000
      endloop
   endfacet
   facet normal 0.0000 0.0000 1.0000
      outer loop
         vertex -800.0000 -437.5000 1647.0000
         vertex -800.0000 -332.0000 1647.0000
         vertex -966.0000 -287.5204 1647.0000
      endloop
   endfacet
   facet normal 0.0000 0.0000 1.0000
      outer loop
         vertex -800.0000 -437.5000 1647.0000
         vertex -966.0000 -287.5204 1647.0000
         vertex -1018.7500 -378.8861 1647.0000
      endloop
   endfacet
   facet normal 0.0000 0.0000 1.0000
      outer loop
         vertex -1018.7500 -378.8861 1647.0000
         vertex -966.0000 -287.5204 1647.0000
         vertex -1087.5204 -166.0000 1647.0000
      endloop
   endfacet
   facet normal 0.0000 0.0000 1.0000
      outer loop
         vertex -1018.7500 -378.8861 1647.0000
         vertex -1087.5204 -166.0000 1647.0000
         vertex -1178.8861 -218.7500 1647.0000
      endloop
   endfacet
   facet normal 0.0000 0.0000 1.0000
      outer loop
         vertex -1178.8861 -218.7500 1647.0000
         vertex -1087.5204 -166.0000 1647.0000
         vertex -1132.0000 0.0000 1647.0000
      endloop
   endfacet
   facet normal 0.0000 0.0000 1.0000
      outer loop
         vertex -1178.8861 -218.7500 1647.0000
         vertex -1132.0000 0.0000 1647.0000
         vertex -1178.8861 218.7500 1647.0000
      endloop
   endfacet
   facet normal 0.0000 0.0000 1.0000
      outer loop
         vertex -1178.8861 218.7500 1647.0000
         vertex -1132.0000 0.0000 1647.0000
         vertex -1087.5204 166.0000 1647.0000
      endloop
   endfacet
   facet normal 0.0000 0.0000 1.0000
      outer loop
         vertex -1178.8861 218.7500 1647.0000
         vertex -1087.5204 166.0000 1647.0000
         vertex -1018.7500 378.8861 1647.0000
      endloop
   endfacet
   facet normal 0.0000 0.0000 1.0000
      outer loop
         vertex -1018.7500 378.8861 1647.0000
         vertex -1087.5204 166.0000 1647.0000
         vertex -966.0000 287.5204 1647.0000
      endloop
   endfacet
   facet normal 0.0000 0.0000 1.0000
      outer loop
         vertex -1018.7500 378.8861 1647.0000
         vertex -966.0000 287.5204 1647.0000
         vertex -800.0000 437.5000 1647.0000
      endloop
   endfacet
   facet normal 0.0000 0.0000 1.0000
      outer loop
         vertex -512.4796 -166.0000 1647.0000
         vertex -581.2500 -378.8861 1647.0000
         vertex -421.1139 -218.7500 1647.0000
      endloop
   endfacet
   facet normal 0.0000 0.0000 1.0000
      outer loop
         vertex -512.4796 -166.0000 1647.0000
         vertex -421.1139 -218.7500 1647.0000
         vertex -468.0000 -0.0000 1647.0000
      endloop
   endfacet
   facet normal 0.0000 0.0000 1.0000
      outer loop
         vertex -1178.8861 -218.7500 1647.0000
         vertex -1178.8861 218.7500 1647.0000
         vertex -1237.5000 0.0000 1647.0000
      endloop
   endfacet
   facet normal -0.6414 0.7672 0.0000
      outer loop
         vertex -1018.7500 378.8861 1647.0000
         vertex -1018.7500 378.8861 1617.0000
         vertex -1178.8861 218.7500 1617.0000
      endloop
   endfacet
   facet normal -0.7672 0.6414 0.0000
      outer loop
         vertex -1018.7500 378.8861 1647.0000
         vertex -1178.8861 218.7500 1617.0000
         vertex -1178.8861 218.7500 1647.0000
      endloop
   endfacet
   facet normal -0.9391 0.3437 0.0000
      outer loop
         vertex -1237.5000 0.0000 1647.0000
         vertex -1178.8861 218.7500 1647.0000
         vertex -1178.8861 218.7500 1617.0000
      endloop
   endfacet
   facet normal -0.9851 0.1719 0.0000
      outer loop
         vertex -1237.5000 0.0000 1647.0000
         vertex -1178.8861 218.7500 1617.0000
         vertex -1237.5000 0.0000 1617.0000
      endloop
   endfacet
   facet normal -0.7672 -0.6414 0.0000
      outer loop
         vertex -1018.7500 -378.8861 1647.0000
         vertex -1178.8861 -218.7500 1647.0000
         vertex -1178.8861 -218.7500 1617.0000
      endloop
   endfacet
   facet normal -0.6414 -0.7672 0.0000
      outer loop
         vertex -1018.7500 -378.8861 1647.0000
         vertex -1178.8861 -218.7500 1617.0000
         vertex -1018.7500 -378.8861 1617.0000
      endloop
   endfacet
   facet normal -0.7296 -0.6737 0.1175
      outer loop
         vertex -1246.0000 -540.0000 0.0000
         vertex -1188.0000 -600.0000 0.0000
         vertex -1188.0000 -519.6152 300.0000
      endloop
   endfacet
   facet normal -0.7296 -0.6422 0.2351
      outer loop
         vertex -1246.0000 -540.0000 0.0000
         vertex -1188.0000 -519.6152 300.0000
         vertex -1246.0000 -467.6537 270.0000
      endloop
   endfacet
   facet normal -0.7296 -0.5247 0.4387
      outer loop
         vertex -1246.0000 -467.6537 270.0000
         vertex -1188.0000 -519.6152 300.0000
         vertex -1188.0000 -300.0000 519.6152
      endloop
   endfacet
   facet normal -0.7296 -0.4387 0.5247
      outer loop
         vertex -1246.0000 -467.6537 270.0000
         vertex -1188.0000 -300.0000 519.6152
         vertex -1246.0000 -270.0000 467.6537
      endloop
   endfacet
   facet normal -0.7176 -0.2932 0.6317
      outer loop
         vertex -1188.0000 -300.0000 519.6152
         vertex -1188.0000 -260.3981 530.2266
         vertex -1246.0000 -270.0000 467.6537
      endloop
   endfacet
   facet normal -0.7135 -0.2382 0.6589
      outer loop
         vertex -1246.0000 -270.0000 467.6537
         vertex -1188.0000 -260.3981 530.2266
         vertex -1212.8981 -235.5000 511.1413
      endloop
   endfacet
   facet normal -0.7135 -0.2382 0.6589
      outer loop
         vertex -1246.0000 -270.0000 467.6537
         vertex -1212.8981 -235.5000 511.1413
         vertex -1246.0000 -140.0000 502.4871
      endloop
   endfacet
   facet normal -0.7068 -0.1831 0.6833
      outer loop
         vertex -1246.0000 -140.0000 502.4871
         vertex -1212.8981 -235.5000 511.1413
         vertex -1238.4872 -140.0000 510.2589
      endloop
   endfacet
   facet normal -0.9851 -0.1719 0.0000
      outer loop
         vertex -1178.8861 -218.7500 1647.0000
         vertex -1237.5000 0.0000 1647.0000
         vertex -1237.5000 0.0000 1617.0000
      endloop
   endfacet
   facet normal -0.9391 -0.3437 0.0000
      outer loop
         vertex -1178.8861 -218.7500 1647.0000
         vertex -1237.5000 0.0000 1617.0000
         vertex -1178.8861 -218.7500 1617.0000
      endloop
   endfacet
   facet normal -0.7135 0.2382 0.6589
      outer loop
         vertex -1246.0000 270.0000 467.6537
         vertex -1246.0000 140.0000 502.4871
         vertex -1238.4872 140.0000 510.2589
      endloop
   endfacet
   facet normal -0.7135 0.2382 0.6589
      outer loop
         vertex -1246.0000 270.0000 467.6537
         vertex -1238.4872 140.0000 510.2589
         vertex -1212.8981 235.5000 511.1413
      endloop
   endfacet
   facet normal -0.7135 0.2382 0.6589
      outer loop
         vertex -1246.0000 270.0000 467.6537
         vertex -1212.8981 235.5000 511.1413
         vertex -1188.0000 260.3981 530.2266
      endloop
   endfacet
   facet normal -0.7176 0.2932 0.6317
      outer loop
         vertex -1246.0000 270.0000 467.6537
         vertex -1188.0000 260.3981 530.2266
         vertex -1188.0000 300.0000 519.6152
      endloop
   endfacet
   facet normal -0.7296 0.4387 0.5247
      outer loop
         vertex -1246.0000 467.6537 270.0000
         vertex -1246.0000 270.0000 467.6537
         vertex -1188.0000 300.0000 519.6152
      endloop
   endfacet
   facet normal -0.7296 0.5247 0.4387
      outer loop
         vertex -1246.0000 467.6537 270.0000
         vertex -1188.0000 300.0000 519.6152
         vertex -1188.0000 519.6152 300.0000
      endloop
   endfacet
   facet normal -0.7296 0.6737 0.1175
      outer loop
         vertex -1188.0000 600.0000 0.0000
         vertex -1246.0000 540.0000 -0.0000
         vertex -1246.0000 467.6537 270.0000
      endloop
   endfacet
   facet normal -0.7296 0.6422 0.2351
      outer loop
         vertex -1188.0000 600.0000 0.0000
         vertex -1246.0000 467.6537 270.0000
         vertex -1188.0000 519.6152 300.0000
      endloop
   endfacet
   facet normal -0.7296 0.6737 -0.1175
      outer loop
         vertex -1246.0000 540.0000 -0.0000
         vertex -1188.0000 600.0000 0.0000
         vertex -1188.0000 519.6152 -300.0000
      endloop
   endfacet
   facet normal -0.7296 0.6422 -0.2351
      outer loop
         vertex -1246.0000 540.0000 -0.0000
         vertex -1188.0000 519.6152 -300.0000
         vertex -1232.2190 480.0000 -277.1281
      endloop
   endfacet
   facet normal -0.7228 0.6675 -0.1789
      outer loop
         vertex -1246.0000 540.0000 -0.0000
         vertex -1232.2190 480.0000 -277.1281
         vertex -1240.0000 480.0000 -247.0875
      endloop
   endfacet
   facet normal -0.7228 0.6675 -0.1789
      outer loop
         vertex -1246.0000 540.0000 -0.0000
         vertex -1240.0000 480.0000 -247.0875
         vertex -1240.0000 473.0291 -273.1035
      endloop
   endfacet
   facet normal -0.7296 0.6422 -0.2351
      outer loop
         vertex -1246.0000 540.0000 -0.0000
         vertex -1240.0000 473.0291 -273.1035
         vertex -1246.0000 467.6537 -270.0000
      endloop
   endfacet
   facet normal -0.7176 0.5698 -0.4005
      outer loop
         vertex -1188.0000 480.0000 -339.6152
         vertex -1232.2190 480.0000 -277.1281
         vertex -1188.0000 519.6152 -300.0000
      endloop
   endfacet
   facet normal -0.7296 0.4387 -0.5247
      outer loop
         vertex -1240.0000 273.1035 -473.0291
         vertex -1246.0000 270.0000 -467.6537
         vertex -1246.0000 467.6537 -270.0000
      endloop
   endfacet
   facet normal -0.7296 0.5247 -0.4387
      outer loop
         vertex -1240.0000 273.1035 -473.0291
         vertex -1246.0000 467.6537 -270.0000
         vertex -1240.0000 473.0291 -273.1035
      endloop
   endfacet
   facet normal -0.7296 0.1175 -0.6737
      outer loop
         vertex -1240.0000 0.0000 -546.2069
         vertex -1246.0000 0.0000 -540.0000
         vertex -1246.0000 270.0000 -467.6537
      endloop
   endfacet
   facet normal -0.7296 0.2351 -0.6422
      outer loop
         vertex -1240.0000 0.0000 -546.2069
         vertex -1246.0000 270.0000 -467.6537
         vertex -1240.0000 273.1035 -473.0291
      endloop
   endfacet
   facet normal -0.7296 -0.2351 -0.6422
      outer loop
         vertex -1240.0000 0.0000 -546.2069
         vertex -1240.0000 -273.1035 -473.0291
         vertex -1246.0000 -270.0000 -467.6537
      endloop
   endfacet
   facet normal -0.7296 -0.1175 -0.6737
      outer loop
         vertex -1240.0000 0.0000 -546.2069
         vertex -1246.0000 -270.0000 -467.6537
         vertex -1246.0000 0.0000 -540.0000
      endloop
   endfacet
   facet normal -0.7176 -0.5698 -0.4005
      outer loop
         vertex -1188.0000 -480.0000 -339.6152
         vertex -1188.0000 -519.6152 -300.0000
         vertex -1232.2190 -480.0000 -277.1281
      endloop
   endfacet
   facet normal -0.7296 -0.5247 -0.4387
      outer loop
         vertex -1240.0000 -273.1035 -473.0291
         vertex -1240.0000 -473.0291 -273.1035
         vertex -1246.0000 -467.6537 -270.0000
      endloop
   endfacet
   facet normal -0.7296 -0.4387 -0.5247
      outer loop
         vertex -1240.0000 -273.1035 -473.0291
         vertex -1246.0000 -467.6537 -270.0000
         vertex -1246.0000 -270.0000 -467.6537
      endloop
   endfacet
   facet normal -0.7176 -0.6317 -0.2932
      outer loop
         vertex -1240.0000 -480.0000 -247.0875
         vertex -1232.2190 -480.0000 -277.1281
         vertex -1188.0000 -519.6152 -300.0000
      endloop
   endfacet
   facet normal -0.7228 -0.6675 -0.1789
      outer loop
         vertex -1240.0000 -480.0000 -247.0875
         vertex -1188.0000 -519.6152 -300.0000
         vertex -1246.0000 -540.0000 0.0000
      endloop
   endfacet
   facet normal -0.7228 -0.6675 -0.1789
      outer loop
         vertex -1240.0000 -480.0000 -247.0875
         vertex -1246.0000 -540.0000 0.0000
         vertex -1246.0000 -467.6537 -270.0000
      endloop
   endfacet
   facet normal -0.7176 -0.6317 -0.2932
      outer loop
         vertex -1240.0000 -480.0000 -247.0875
         vertex -1246.0000 -467.6537 -270.0000
         vertex -1240.0000 -473.0291 -273.1035
      endloop
   endfacet
   facet normal -0.7296 -0.6737 -0.1175
      outer loop
         vertex -1246.0000 -540.0000 0.0000
         vertex -1188.0000 -519.6152 -300.0000
         vertex -1188.0000 -600.0000 0.0000
      endloop
   endfacet
   facet normal -1.0000 0.0000 0.0000
      outer loop
         vertex -1240.0000 480.0000 -620.0000
         vertex -1240.0000 -480.0000 -620.0000
         vertex -1240.0000 0.0000 -546.2069
      endloop
   endfacet
   facet normal -1.0000 0.0000 0.0000
      outer loop
         vertex -1240.0000 480.0000 -620.0000
         vertex -1240.0000 0.0000 -546.2069
         vertex -1240.0000 273.1035 -473.0291
      endloop
   endfacet
   facet normal -1.0000 0.0000 0.0000
      outer loop
         vertex -1240.0000 480.0000 -620.0000
         vertex -1240.0000 273.1035 -473.0291
         vertex -1240.0000 473.0291 -273.1035
      endloop
   endfacet
   facet normal -1.0000 0.0000 0.0000
      outer loop
         vertex -1240.0000 480.0000 -620.0000
         vertex -1240.0000 473.0291 -273.1035
         vertex -1240.0000 480.0000 -247.0875
      endloop
   endfacet
   facet normal -1.0000 0.0000 0.0000
      outer loop
         vertex -1240.0000 -480.0000 -620.0000
         vertex -1240.0000 -480.0000 -247.0875
         vertex -1240.0000 -473.0291 -273.1035
      endloop
   endfacet
   facet normal -1.0000 0.0000 0.0000
      outer loop
         vertex -1240.0000 -480.0000 -620.0000
         vertex -1240.0000 -473.0291 -273.1035
         vertex -1240.0000 -273.1035 -473.0291
      endloop
   endfacet
   facet normal -1.0000 0.0000 0.0000
      outer loop
         vertex -1240.0000 -480.0000 -620.0000
         vertex -1240.0000 -273.1035 -473.0291
         vertex -1240.0000 0.0000 -546.2069
      endloop
   endfacet
   facet normal 0.0000 -1.0000 0.0000
      outer loop
         vertex -1094.0000 -480.0000 -240.1934
         vertex -1107.7810 -480.0000 -277.1281
         vertex -1040.0000 -480.0000 -223.9230
      endloop
   endfacet
   facet normal 0.0000 -1.0000 0.0000
      outer loop
         vertex -1040.0000 -480.0000 -223.9230
         vertex -1107.7810 -480.0000 -277.1281
         vertex -1152.0000 -480.0000 -351.6276
      endloop
   endfacet
   facet normal 0.0000 -1.0000 0.0000
      outer loop
         vertex -1040.0000 -480.0000 -223.9230
         vertex -1152.0000 -480.0000 -351.6276
         vertex -1240.0000 -480.0000 -620.0000
      endloop
   endfacet
   facet normal 0.0000 -1.0000 0.0000
      outer loop
         vertex -1240.0000 -480.0000 -620.0000
         vertex -1152.0000 -480.0000 -351.6276
         vertex -1188.0000 -480.0000 -351.6276
      endloop
   endfacet
   facet normal 0.0000 -1.0000 0.0000
      outer loop
         vertex -1240.0000 -480.0000 -620.0000
         vertex -1188.0000 -480.0000 -351.6276
         vertex -1232.2190 -480.0000 -277.1281
      endloop
   endfacet
   facet normal 0.0000 -1.0000 0.0000
      outer loop
         vertex -1232.2190 -480.0000 -277.1281
         vertex -1188.0000 -480.0000 -351.6276
         vertex -1188.0000 -480.0000 -339.6152
      endloop
   endfacet
   facet normal 0.0000 -1.0000 0.0000
      outer loop
         vertex -1040.0000 -480.0000 -223.9230
         vertex -1240.0000 -480.0000 -620.0000
         vertex -1040.0000 -480.0000 -620.0000
      endloop
   endfacet
   facet normal 0.0000 -1.0000 0.0000
      outer loop
         vertex -1094.0000 -480.0000 -240.1934
         vertex -1040.0000 -480.0000 -223.9230
         vertex -1094.0000 -480.0000 -223.9230
      endloop
   endfacet
   facet normal 0.0000 -1.0000 0.0000
      outer loop
         vertex -1240.0000 -480.0000 -620.0000
         vertex -1232.2190 -480.0000 -277.1281
         vertex -1240.0000 -480.0000 -247.0875
      endloop
   endfacet
   facet normal -1.0000 0.0000 0.0000
      outer loop
         vertex -1428.0000 -173.2051 -100.0000
         vertex -1428.0000 -200.0000 0.0000
         vertex -1428.0000 -173.2051 100.0000
      endloop
   endfacet
   facet normal -1.0000 0.0000 0.0000
      outer loop
         vertex -1428.0000 -173.2051 -100.0000
         vertex -1428.0000 -173.2051 100.0000
         vertex -1428.0000 -123.2051 150.0000
      endloop
   endfacet
   facet normal -1.0000 0.0000 0.0000
      outer loop
         vertex -1428.0000 -173.2051 -100.0000
         vertex -1428.0000 -123.2051 150.0000
         vertex -1428.0000 123.2051 150.0000
      endloop
   endfacet
   facet normal -1.0000 0.0000 0.0000
      outer loop
         vertex -1428.0000 -173.2051 -100.0000
         vertex -1428.0000 123.2051 150.0000
         vertex -1428.0000 173.2051 100.0000
      endloop
   endfacet
   facet normal -1.0000 0.0000 0.0000
      outer loop
         vertex -1428.0000 -173.2051 -100.0000
         vertex -1428.0000 173.2051 100.0000
         vertex -1428.0000 200.0000 -0.0000
      endloop
   endfacet
   facet normal -1.0000 0.0000 0.0000
      outer loop
         vertex -1428.0000 -173.2051 -100.0000
         vertex -1428.0000 200.0000 -0.0000
         vertex -1428.0000 173.2051 -100.0000
      endloop
   endfacet
   facet normal -1.0000 0.0000 0.0000
      outer loop
         vertex -1428.0000 -173.2051 -100.0000
         vertex -1428.0000 173.2051 -100.0000
         vertex -1428.0000 123.2051 -150.0000
      endloop
   endfacet
   facet normal -1.0000 0.0000 0.0000
      outer loop
         vertex -1428.0000 -173.2051 -100.0000
         vertex -1428.0000 123.2051 -150.0000
         vertex -1428.0000 -123.2051 -150.0000
      endloop
   endfacet
   facet normal -1.0000 0.0000 0.0000
      outer loop
         vertex -1455.0000 -300.0000 -258.0000
         vertex -1455.0000 -300.0000 -150.0000
         vertex -1455.0000 300.0000 -150.0000
      endloop
   endfacet
   facet normal -1.0000 0.0000 0.0000
      outer loop
         vertex -1455.0000 -300.0000 -258.0000
         vertex -1455.0000 300.0000 -150.0000
         vertex -1455.0000 300.0000 -258.0000
      endloop
   endfacet
   facet normal -1.0000 0.0000 0.0000
      outer loop
         vertex -1455.0000 -300.0000 150.0000
         vertex -1455.0000 -300.0000 258.0000
         vertex -1455.0000 300.0000 258.0000
      endloop
   endfacet
   facet normal -1.0000 0.0000 0.0000
      outer loop
         vertex -1455.0000 -300.0000 150.0000
         vertex -1455.0000 300.0000 258.0000
         vertex -1455.0000 300.0000 150.0000
      endloop
   endfacet
   facet normal 0.0000 -0.9391 0.3437
      outer loop
         vertex -1384.0000 -108.2532 622.5000
         vertex -1581.0000 -108.2532 622.5000
         vertex -1581.0000 -125.0000 560.0000
      endloop
   endfacet
   facet normal 0.0000 -0.9851 0.1719
      outer loop
         vertex -1384.0000 -108.2532 622.5000
         vertex -1581.0000 -125.0000 560.0000
         vertex -1384.0000 -125.0000 560.0000
      endloop
   endfacet
   facet normal 0.0000 -0.6414 -0.7672
      outer loop
         vertex -1581.0000 -62.5000 451.7468
         vertex -1384.0000 -62.5000 451.7468
         vertex -1384.0000 -108.2532 497.5000
      endloop
   endfacet
   facet normal 0.0000 -0.7672 -0.6414
      outer loop
         vertex -1581.0000 -62.5000 451.7468
         vertex -1384.0000 -108.2532 497.5000
         vertex -1581.0000 -108.2532 497.5000
      endloop
   endfacet
   facet normal 0.0000 -0.9391 -0.3437
      outer loop
         vertex -1581.0000 -108.2532 497.5000
         vertex -1384.0000 -108.2532 497.5000
         vertex -1384.0000 -125.0000 560.0000
      endloop
   endfacet
   facet normal 0.0000 -0.9851 -0.1719
      outer loop
         vertex -1581.0000 -108.2532 497.5000
         vertex -1384.0000 -125.0000 560.0000
         vertex -1581.0000 -125.0000 560.0000
      endloop
   endfacet
   facet normal 0.0000 0.7672 -0.6414
      outer loop
         vertex -1581.0000 108.2532 497.5000
         vertex -1384.0000 108.2532 497.5000
         vertex -1384.0000 62.5000 451.7468
      endloop
   endfacet
   facet normal 0.0000 0.6414 -0.7672
      outer loop
         vertex -1581.0000 108.2532 497.5000
         vertex -1384.0000 62.5000 451.7468
         vertex -1581.0000 62.5000 451.7468
      endloop
   endfacet
   facet normal 0.0000 -0.3437 -0.9391
      outer loop
         vertex -1384.0000 -62.5000 451.7468
         vertex -1581.0000 -62.5000 451.7468
         vertex -1581.0000 -0.0000 435.0000
      endloop
   endfacet
   facet normal 0.0000 -0.1719 -0.9851
      outer loop
         vertex -1384.0000 -62.5000 451.7468
         vertex -1581.0000 -0.0000 435.0000
         vertex -1384.0000 0.0000 435.0000
      endloop
   endfacet
   facet normal 0.0000 -0.7672 0.6414
      outer loop
         vertex -1581.0000 -108.2532 622.5000
         vertex -1384.0000 -108.2532 622.5000
         vertex -1384.0000 -62.5000 668.2532
      endloop
   endfacet
   facet normal 0.0000 -0.6414 0.7672
      outer loop
         vertex -1581.0000 -108.2532 622.5000
         vertex -1384.0000 -62.5000 668.2532
         vertex -1581.0000 -62.5000 668.2532
      endloop
   endfacet
   facet normal 0.0000 -0.3437 0.9391
      outer loop
         vertex -1581.0000 -62.5000 668.2532
         vertex -1384.0000 -62.5000 668.2532
         vertex -1384.0000 0.0000 685.0000
      endloop
   endfacet
   facet normal 0.0000 -0.1719 0.9851
      outer loop
         vertex -1581.0000 -62.5000 668.2532
         vertex -1384.0000 0.0000 685.0000
         vertex -1581.0000 0.0000 685.0000
      endloop
   endfacet
   facet normal 0.0000 0.3437 0.9391
      outer loop
         vertex -1384.0000 62.5000 668.2532
         vertex -1581.0000 62.5000 668.2532
         vertex -1581.0000 0.0000 685.0000
      endloop
   endfacet
   facet normal 0.0000 0.1719 0.9851
      outer loop
         vertex -1384.0000 62.5000 668.2532
         vertex -1581.0000 0.0000 685.0000
         vertex -1384.0000 0.0000 685.0000
      endloop
   endfacet
   facet normal -1.0000 0.0000 0.0000
      outer loop
         vertex -1581.0000 -108.2532 497.5000
         vertex -1581.0000 -125.0000 560.0000
         vertex -1581.0000 -108.2532 622.5000
      endloop
   endfacet
   facet normal -1.0000 0.0000 0.0000
      outer loop
         vertex -1581.0000 -108.2532 497.5000
         vertex -1581.0000 -108.2532 622.5000
         vertex -1581.0000 -62.5000 668.2532
      endloop
   endfacet
   facet normal -1.0000 0.0000 0.0000
      outer loop
         vertex -1581.0000 -108.2532 497.5000
         vertex -1581.0000 -62.5000 668.2532
         vertex -1581.0000 0.0000 685.0000
      endloop
   endfacet
   facet normal -1.0000 0.0000 0.0000
      outer loop
         vertex -1581.0000 -108.2532 497.5000
         vertex -1581.0000 0.0000 685.0000
         vertex -1581.0000 62.5000 668.2532
      endloop
   endfacet
   facet normal -1.0000 0.0000 0.0000
      outer loop
         vertex -1581.0000 -108.2532 497.5000
         vertex -1581.0000 62.5000 668.2532
         vertex -1581.0000 108.2532 622.5000
      endloop
   endfacet
   facet normal -1.0000 0.0000 0.0000
      outer loop
         vertex -1581.0000 -108.2532 497.5000
         vertex -1581.0000 108.2532 622.5000
         vertex -1581.0000 125.0000 560.0000
      endloop
   endfacet
   facet normal -1.0000 0.0000 0.0000
      outer loop
         vertex -1581.0000 -108.2532 497.5000
         vertex -1581.0000 125.0000 560.0000
         vertex -1581.0000 108.2532 497.5000
      endloop
   endfacet
   facet normal -1.0000 0.0000 0.0000
      outer loop
         vertex -1581.0000 -108.2532 497.5000
         vertex -1581.0000 108.2532 497.5000
         vertex -1581.0000 62.5000 451.7468
      endloop
   endfacet
   facet normal -1.0000 0.0000 0.0000
      outer loop
         vertex -1581.0000 -108.2532 497.5000
         vertex -1581.0000 62.5000 451.7468
         vertex -1581.0000 -0.0000 435.0000
      endloop
   endfacet
   facet normal -1.0000 0.0000 0.0000
      outer loop
         vertex -1581.0000 -108.2532 497.5000
         vertex -1581.0000 -0.0000 435.0000
         vertex -1581.0000 -62.5000 451.7468
      endloop
   endfacet
   facet normal -0.9449 0.3224 0.0562
      outer loop
         vertex -1328.0000 480.0000 -0.0000
         vertex -1428.0000 200.0000 -0.0000
         vertex -1428.0000 173.2051 100.0000
      endloop
   endfacet
   facet normal -0.9449 0.3073 0.1125
      outer loop
         vertex -1328.0000 480.0000 -0.0000
         vertex -1428.0000 173.2051 100.0000
         vertex -1392.2858 259.8076 150.0000
      endloop
   endfacet
   facet normal -0.9429 0.3217 0.0862
      outer loop
         vertex -1328.0000 480.0000 -0.0000
         vertex -1392.2858 259.8076 150.0000
         vertex -1377.9313 300.0000 150.0000
      endloop
   endfacet
   facet normal -0.9429 0.3217 0.0862
      outer loop
         vertex -1328.0000 480.0000 -0.0000
         vertex -1377.9313 300.0000 150.0000
         vertex -1375.7107 300.0000 173.2051
      endloop
   endfacet
   facet normal -0.9449 0.3073 0.1125
      outer loop
         vertex -1328.0000 480.0000 -0.0000
         vertex -1375.7107 300.0000 173.2051
         vertex -1328.0000 415.6922 240.0000
      endloop
   endfacet
   facet normal -0.9413 0.2761 0.1941
      outer loop
         vertex -1428.0000 173.2051 100.0000
         vertex -1428.0000 123.2051 150.0000
         vertex -1392.2858 259.8076 150.0000
      endloop
   endfacet
   facet normal -0.9413 0.1941 0.2761
      outer loop
         vertex -1353.5413 300.0000 258.0000
         vertex -1393.0311 148.9564 258.0000
         vertex -1328.0000 240.0000 415.6922
      endloop
   endfacet
   facet normal -0.9429 0.2355 0.2355
      outer loop
         vertex -1353.5413 300.0000 258.0000
         vertex -1328.0000 240.0000 415.6922
         vertex -1328.0000 415.6922 240.0000
      endloop
   endfacet
   facet normal -0.9413 0.2761 0.1941
      outer loop
         vertex -1353.5413 300.0000 258.0000
         vertex -1328.0000 415.6922 240.0000
         vertex -1375.7107 300.0000 173.2051
      endloop
   endfacet
   facet normal -0.9449 0.0562 0.3224
      outer loop
         vertex -1407.2858 -0.0000 258.0000
         vertex -1384.0000 -0.0000 323.2000
         vertex -1393.0311 148.9564 258.0000
      endloop
   endfacet
   facet normal -0.9429 0.0862 0.3217
      outer loop
         vertex -1393.0311 148.9564 258.0000
         vertex -1384.0000 -0.0000 323.2000
         vertex -1384.0000 140.0000 285.6871
      endloop
   endfacet
   facet normal -0.9413 0.1421 0.3062
      outer loop
         vertex -1393.0311 148.9564 258.0000
         vertex -1384.0000 140.0000 285.6871
         vertex -1328.0000 240.0000 415.6922
      endloop
   endfacet
   facet normal -0.9400 0.1159 0.3207
      outer loop
         vertex -1328.0000 240.0000 415.6922
         vertex -1384.0000 140.0000 285.6871
         vertex -1328.0000 140.0000 442.4871
      endloop
   endfacet
   facet normal 0.0000 1.0000 0.0000
      outer loop
         vertex -1384.0000 140.0000 560.0000
         vertex -1238.4872 140.0000 560.0000
         vertex -1238.4872 140.0000 510.2589
      endloop
   endfacet
   facet normal 0.0000 1.0000 0.0000
      outer loop
         vertex -1384.0000 140.0000 560.0000
         vertex -1238.4872 140.0000 510.2589
         vertex -1246.0000 140.0000 502.4871
      endloop
   endfacet
   facet normal 0.0000 1.0000 0.0000
      outer loop
         vertex -1384.0000 140.0000 560.0000
         vertex -1246.0000 140.0000 502.4871
         vertex -1328.0000 140.0000 442.4871
      endloop
   endfacet
   facet normal 0.0000 1.0000 0.0000
      outer loop
         vertex -1384.0000 140.0000 560.0000
         vertex -1328.0000 140.0000 442.4871
         vertex -1384.0000 140.0000 285.6871
      endloop
   endfacet
   facet normal 0.0000 0.3437 -0.9391
      outer loop
         vertex -1581.0000 62.5000 451.7468
         vertex -1384.0000 62.5000 451.7468
         vertex -1384.0000 0.0000 435.0000
      endloop
   endfacet
   facet normal 0.0000 0.1719 -0.9851
      outer loop
         vertex -1581.0000 62.5000 451.7468
         vertex -1384.0000 0.0000 435.0000
         vertex -1581.0000 -0.0000 435.0000
      endloop
   endfacet
   facet normal 0.0000 1.0000 0.0000
      outer loop
         vertex -1455.0000 300.0000 258.0000
         vertex -1353.5413 300.0000 258.0000
         vertex -1375.7107 300.0000 173.2051
      endloop
   endfacet
   facet normal 0.0000 1.0000 0.0000
      outer loop
         vertex -1455.0000 300.0000 258.0000
         vertex -1375.7107 300.0000 173.2051
         vertex -1377.9313 300.0000 150.0000
      endloop
   endfacet
   facet normal 0.0000 1.0000 0.0000
      outer loop
         vertex -1455.0000 300.0000 258.0000
         vertex -1377.9313 300.0000 150.0000
         vertex -1455.0000 300.0000 150.0000
      endloop
   endfacet
   facet normal 0.0000 0.9405 0.3399
      outer loop
         vertex -1238.4872 140.0000 560.0000
         vertex -1384.0000 140.0000 560.0000
         vertex -1384.0000 121.2436 630.0000
      endloop
   endfacet
   facet normal 0.0000 0.9071 0.4210
      outer loop
         vertex -1238.4872 140.0000 560.0000
         vertex -1384.0000 121.2436 630.0000
         vertex -1243.5131 121.2436 630.0000
      endloop
   endfacet
   facet normal 0.0000 0.6414 0.7672
      outer loop
         vertex -1384.0000 70.0000 681.2435
         vertex -1257.2437 70.0000 681.2435
         vertex -1243.5131 121.2436 630.0000
      endloop
   endfacet
   facet normal 0.0000 0.7672 0.6414
      outer loop
         vertex -1384.0000 70.0000 681.2435
         vertex -1243.5131 121.2436 630.0000
         vertex -1384.0000 121.2436 630.0000
      endloop
   endfacet
   facet normal 0.0000 0.0000 1.0000
      outer loop
         vertex -1385.0000 27.5000 980.0000
         vertex -1385.0000 -27.5000 980.0000
         vertex -1268.6315 -27.5000 980.0000
      endloop
   endfacet
   facet normal 0.0000 0.0000 1.0000
      outer loop
         vertex -1385.0000 27.5000 980.0000
         vertex -1268.6315 -27.5000 980.0000
         vertex -1276.0001 0.0000 980.0000
      endloop
   endfacet
   facet normal 0.0000 0.0000 1.0000
      outer loop
         vertex -1385.0000 27.5000 980.0000
         vertex -1276.0001 0.0000 980.0000
         vertex -1268.6315 27.5000 980.0000
      endloop
   endfacet
   facet normal 0.0000 1.0000 0.0000
      outer loop
         vertex -1268.6315 27.5000 830.0000
         vertex -1385.0000 27.5000 830.0000
         vertex -1385.0000 27.5000 980.0000
      endloop
   endfacet
   facet normal 0.0000 1.0000 0.0000
      outer loop
         vertex -1268.6315 27.5000 830.0000
         vertex -1385.0000 27.5000 980.0000
         vertex -1268.6315 27.5000 980.0000
      endloop
   endfacet
   facet normal 0.0000 0.0000 -1.0000
      outer loop
         vertex -1385.0000 27.5000 830.0000
         vertex -1268.6315 27.5000 830.0000
         vertex -1276.0001 0.0000 830.0000
      endloop
   endfacet
   facet normal 0.0000 0.0000 -1.0000
      outer loop
         vertex -1385.0000 27.5000 830.0000
         vertex -1276.0001 0.0000 830.0000
         vertex -1268.6315 -27.5000 830.0000
      endloop
   endfacet
   facet normal 0.0000 0.0000 -1.0000
      outer loop
         vertex -1385.0000 27.5000 830.0000
         vertex -1268.6315 -27.5000 830.0000
         vertex -1385.0000 -27.5000 830.0000
      endloop
   endfacet
   facet normal 0.0000 0.9391 0.3437
      outer loop
         vertex -1581.0000 108.2532 622.5000
         vertex -1384.0000 108.2532 622.5000
         vertex -1384.0000 125.0000 560.0000
      endloop
   endfacet
   facet normal 0.0000 0.9851 0.1719
      outer loop
         vertex -1581.0000 108.2532 622.5000
         vertex -1384.0000 125.0000 560.0000
         vertex -1581.0000 125.0000 560.0000
      endloop
   endfacet
   facet normal 0.0000 0.9391 -0.3437
      outer loop
         vertex -1384.0000 108.2532 497.5000
         vertex -1581.0000 108.2532 497.5000
         vertex -1581.0000 125.0000 560.0000
      endloop
   endfacet
   facet normal 0.0000 0.9851 -0.1719
      outer loop
         vertex -1384.0000 108.2532 497.5000
         vertex -1581.0000 125.0000 560.0000
         vertex -1384.0000 125.0000 560.0000
      endloop
   endfacet
   facet normal 0.0000 0.7672 0.6414
      outer loop
         vertex -1384.0000 108.2532 622.5000
         vertex -1581.0000 108.2532 622.5000
         vertex -1581.0000 62.5000 668.2532
      endloop
   endfacet
   facet normal 0.0000 0.6414 0.7672
      outer loop
         vertex -1384.0000 108.2532 622.5000
         vertex -1581.0000 62.5000 668.2532
         vertex -1384.0000 62.5000 668.2532
      endloop
   endfacet
   facet normal -1.0000 0.0000 0.0000
      outer loop
         vertex -1385.0000 27.5000 830.0000
         vertex -1385.0000 -27.5000 830.0000
         vertex -1385.0000 -27.5000 980.0000
      endloop
   endfacet
   facet normal -1.0000 0.0000 0.0000
      outer loop
         vertex -1385.0000 27.5000 830.0000
         vertex -1385.0000 -27.5000 980.0000
         vertex -1385.0000 27.5000 980.0000
      endloop
   endfacet
   facet normal -0.9413 -0.0300 0.3362
      outer loop
         vertex -1384.0000 -140.0000 285.6871
         vertex -1384.0000 -0.0000 323.2000
         vertex -1407.2858 -0.0000 258.0000
      endloop
   endfacet
   facet normal -0.9429 -0.0862 0.3217
      outer loop
         vertex -1384.0000 -140.0000 285.6871
         vertex -1407.2858 -0.0000 258.0000
         vertex -1393.0311 -148.9564 258.0000
      endloop
   endfacet
   facet normal -0.9413 -0.1421 0.3062
      outer loop
         vertex -1384.0000 -140.0000 285.6871
         vertex -1393.0311 -148.9564 258.0000
         vertex -1328.0000 -240.0000 415.6922
      endloop
   endfacet
   facet normal -0.9400 -0.1159 0.3207
      outer loop
         vertex -1384.0000 -140.0000 285.6871
         vertex -1328.0000 -240.0000 415.6922
         vertex -1328.0000 -140.0000 442.4871
      endloop
   endfacet
   facet normal -0.9413 -0.2761 0.1941
      outer loop
         vertex -1353.5413 -300.0000 258.0000
         vertex -1375.7107 -300.0000 173.2051
         vertex -1328.0000 -415.6922 240.0000
      endloop
   endfacet
   facet normal -0.9429 -0.2355 0.2355
      outer loop
         vertex -1353.5413 -300.0000 258.0000
         vertex -1328.0000 -415.6922 240.0000
         vertex -1328.0000 -240.0000 415.6922
      endloop
   endfacet
   facet normal -0.9413 -0.1941 0.2761
      outer loop
         vertex -1353.5413 -300.0000 258.0000
         vertex -1328.0000 -240.0000 415.6922
         vertex -1393.0311 -148.9564 258.0000
      endloop
   endfacet
   facet normal -0.9413 -0.2761 0.1941
      outer loop
         vertex -1428.0000 -173.2051 100.0000
         vertex -1392.2858 -259.8076 150.0000
         vertex -1428.0000 -123.2051 150.0000
      endloop
   endfacet
   facet normal -0.9449 -0.3073 0.1125
      outer loop
         vertex -1328.0000 -480.0000 0.0000
         vertex -1328.0000 -415.6922 240.0000
         vertex -1375.7107 -300.0000 173.2051
      endloop
   endfacet
   facet normal -0.9429 -0.3217 0.0862
      outer loop
         vertex -1328.0000 -480.0000 0.0000
         vertex -1375.7107 -300.0000 173.2051
         vertex -1377.9313 -300.0000 150.0000
      endloop
   endfacet
   facet normal -0.9429 -0.3217 0.0862
      outer loop
         vertex -1328.0000 -480.0000 0.0000
         vertex -1377.9313 -300.0000 150.0000
         vertex -1392.2858 -259.8076 150.0000
      endloop
   endfacet
   facet normal -0.9449 -0.3073 0.1125
      outer loop
         vertex -1328.0000 -480.0000 0.0000
         vertex -1392.2858 -259.8076 150.0000
         vertex -1428.0000 -173.2051 100.0000
      endloop
   endfacet
   facet normal -0.9449 -0.3224 0.0562
      outer loop
         vertex -1328.0000 -480.0000 0.0000
         vertex -1428.0000 -173.2051 100.0000
         vertex -1428.0000 -200.0000 0.0000
      endloop
   endfacet
   facet normal 0.0000 0.0000 -1.0000
      outer loop
         vertex -1377.9313 300.0000 150.0000
         vertex -1392.2858 259.8076 150.0000
         vertex -1455.0000 300.0000 150.0000
      endloop
   endfacet
   facet normal 0.0000 0.0000 -1.0000
      outer loop
         vertex -1455.0000 300.0000 150.0000
         vertex -1392.2858 259.8076 150.0000
         vertex -1428.0000 123.2051 150.0000
      endloop
   endfacet
   facet normal 0.0000 0.0000 -1.0000
      outer loop
         vertex -1455.0000 300.0000 150.0000
         vertex -1428.0000 123.2051 150.0000
         vertex -1455.0000 -300.0000 150.0000
      endloop
   endfacet
   facet normal 0.0000 0.0000 -1.0000
      outer loop
         vertex -1455.0000 -300.0000 150.0000
         vertex -1428.0000 123.2051 150.0000
         vertex -1428.0000 -123.2051 150.0000
      endloop
   endfacet
   facet normal 0.0000 0.0000 -1.0000
      outer loop
         vertex -1455.0000 -300.0000 150.0000
         vertex -1428.0000 -123.2051 150.0000
         vertex -1392.2858 -259.8076 150.0000
      endloop
   endfacet
   facet normal 0.0000 0.0000 -1.0000
      outer loop
         vertex -1455.0000 -300.0000 150.0000
         vertex -1392.2858 -259.8076 150.0000
         vertex -1377.9313 -300.0000 150.0000
      endloop
   endfacet
   facet normal 0.0000 -1.0000 0.0000
      outer loop
         vertex -1375.7107 -300.0000 173.2051
         vertex -1353.5413 -300.0000 258.0000
         vertex -1455.0000 -300.0000 258.0000
      endloop
   endfacet
   facet normal 0.0000 -1.0000 0.0000
      outer loop
         vertex -1375.7107 -300.0000 173.2051
         vertex -1455.0000 -300.0000 258.0000
         vertex -1455.0000 -300.0000 150.0000
      endloop
   endfacet
   facet normal 0.0000 -1.0000 0.0000
      outer loop
         vertex -1375.7107 -300.0000 173.2051
         vertex -1455.0000 -300.0000 150.0000
         vertex -1377.9313 -300.0000 150.0000
      endloop
   endfacet
   facet normal 0.0000 0.0000 1.0000
      outer loop
         vertex -1455.0000 300.0000 258.0000
         vertex -1455.0000 -300.0000 258.0000
         vertex -1393.0311 -148.9564 258.0000
      endloop
   endfacet
   facet normal 0.0000 0.0000 1.0000
      outer loop
         vertex -1455.0000 300.0000 258.0000
         vertex -1393.0311 -148.9564 258.0000
         vertex -1407.2858 -0.0000 258.0000
      endloop
   endfacet
   facet normal 0.0000 0.0000 1.0000
      outer loop
         vertex -1455.0000 300.0000 258.0000
         vertex -1407.2858 -0.0000 258.0000
         vertex -1393.0311 148.9564 258.0000
      endloop
   endfacet
   facet normal 0.0000 0.0000 1.0000
      outer loop
         vertex -1455.0000 300.0000 258.0000
         vertex -1393.0311 148.9564 258.0000
         vertex -1353.5413 300.0000 258.0000
      endloop
   endfacet
   facet normal 0.0000 0.0000 1.0000
      outer loop
         vertex -1393.0311 -148.9564 258.0000
         vertex -1455.0000 -300.0000 258.0000
         vertex -1353.5413 -300.0000 258.0000
      endloop
   endfacet
   facet normal -1.0000 0.0000 0.0000
      outer loop
         vertex -1384.0000 140.0000 560.0000
         vertex -1384.0000 125.0000 560.0000
         vertex -1384.0000 121.2436 630.0000
      endloop
   endfacet
   facet normal -1.0000 0.0000 0.0000
      outer loop
         vertex -1384.0000 121.2436 630.0000
         vertex -1384.0000 125.0000 560.0000
         vertex -1384.0000 108.2532 622.5000
      endloop
   endfacet
   facet normal -1.0000 0.0000 0.0000
      outer loop
         vertex -1384.0000 121.2436 630.0000
         vertex -1384.0000 108.2532 622.5000
         vertex -1384.0000 70.0000 681.2435
      endloop
   endfacet
   facet normal -1.0000 0.0000 0.0000
      outer loop
         vertex -1384.0000 70.0000 681.2435
         vertex -1384.0000 108.2532 622.5000
         vertex -1384.0000 62.5000 668.2532
      endloop
   endfacet
   facet normal -1.0000 0.0000 0.0000
      outer loop
         vertex -1384.0000 70.0000 681.2435
         vertex -1384.0000 62.5000 668.2532
         vertex -1384.0000 0.0000 700.0000
      endloop
   endfacet
   facet normal -1.0000 0.0000 0.0000
      outer loop
         vertex -1384.0000 0.0000 700.0000
         vertex -1384.0000 62.5000 668.2532
         vertex -1384.0000 0.0000 685.0000
      endloop
   endfacet
   facet normal -1.0000 0.0000 0.0000
      outer loop
         vertex -1384.0000 0.0000 700.0000
         vertex -1384.0000 0.0000 685.0000
         vertex -1384.0000 -62.5000 668.2532
      endloop
   endfacet
   facet normal -1.0000 0.0000 0.0000
      outer loop
         vertex -1384.0000 0.0000 700.0000
         vertex -1384.0000 -62.5000 668.2532
         vertex -1384.0000 -70.0000 681.2435
      endloop
   endfacet
   facet normal -1.0000 0.0000 0.0000
      outer loop
         vertex -1384.0000 -70.0000 681.2435
         vertex -1384.0000 -62.5000 668.2532
         vertex -1384.0000 -108.2532 622.5000
      endloop
   endfacet
   facet normal -1.0000 0.0000 0.0000
      outer loop
         vertex -1384.0000 -70.0000 681.2435
         vertex -1384.0000 -108.2532 622.5000
         vertex -1384.0000 -121.2436 630.0000
      endloop
   endfacet
   facet normal -1.0000 0.0000 0.0000
      outer loop
         vertex -1384.0000 -121.2436 630.0000
         vertex -1384.0000 -108.2532 622.5000
         vertex -1384.0000 -125.0000 560.0000
      endloop
   endfacet
   facet normal -1.0000 0.0000 0.0000
      outer loop
         vertex -1384.0000 -121.2436 630.0000
         vertex -1384.0000 -125.0000 560.0000
         vertex -1384.0000 -140.0000 560.0000
      endloop
   endfacet
   facet normal -1.0000 0.0000 0.0000
      outer loop
         vertex -1384.0000 140.0000 285.6871
         vertex -1384.0000 -0.0000 323.2000
         vertex -1384.0000 0.0000 435.0000
      endloop
   endfacet
   facet normal -1.0000 0.0000 0.0000
      outer loop
         vertex -1384.0000 140.0000 285.6871
         vertex -1384.0000 0.0000 435.0000
         vertex -1384.0000 62.5000 451.7468
      endloop
   endfacet
   facet normal -1.0000 0.0000 0.0000
      outer loop
         vertex -1384.0000 140.0000 285.6871
         vertex -1384.0000 62.5000 451.7468
         vertex -1384.0000 108.2532 497.5000
      endloop
   endfacet
   facet normal -1.0000 0.0000 0.0000
      outer loop
         vertex -1384.0000 140.0000 285.6871
         vertex -1384.0000 108.2532 497.5000
         vertex -1384.0000 125.0000 560.0000
      endloop
   endfacet
   facet normal -1.0000 0.0000 0.0000
      outer loop
         vertex -1384.0000 140.0000 285.6871
         vertex -1384.0000 125.0000 560.0000
         vertex -1384.0000 140.0000 560.0000
      endloop
   endfacet
   facet normal -1.0000 0.0000 0.0000
      outer loop
         vertex -1384.0000 -140.0000 560.0000
         vertex -1384.0000 -125.0000 560.0000
         vertex -1384.0000 -140.0000 285.6871
      endloop
   endfacet
   facet normal -1.0000 0.0000 0.0000
      outer loop
         vertex -1384.0000 -140.0000 285.6871
         vertex -1384.0000 -125.0000 560.0000
         vertex -1384.0000 -108.2532 497.5000
      endloop
   endfacet
   facet normal -1.0000 0.0000 0.0000
      outer loop
         vertex -1384.0000 -140.0000 285.6871
         vertex -1384.0000 -108.2532 497.5000
         vertex -1384.0000 -0.0000 323.2000
      endloop
   endfacet
   facet normal -1.0000 0.0000 0.0000
      outer loop
         vertex -1384.0000 -0.0000 323.2000
         vertex -1384.0000 -108.2532 497.5000
         vertex -1384.0000 -62.5000 451.7468
      endloop
   endfacet
   facet normal -1.0000 0.0000 0.0000
      outer loop
         vertex -1384.0000 -0.0000 323.2000
         vertex -1384.0000 -62.5000 451.7468
         vertex -1384.0000 0.0000 435.0000
      endloop
   endfacet
   facet normal 0.0000 -1.0000 0.0000
      outer loop
         vertex -1384.0000 -140.0000 560.0000
         vertex -1384.0000 -140.0000 285.6871
         vertex -1328.0000 -140.0000 442.4871
      endloop
   endfacet
   facet normal 0.0000 -1.0000 0.0000
      outer loop
         vertex -1384.0000 -140.0000 560.0000
         vertex -1328.0000 -140.0000 442.4871
         vertex -1246.0000 -140.0000 502.4871
      endloop
   endfacet
   facet normal 0.0000 -1.0000 0.0000
      outer loop
         vertex -1384.0000 -140.0000 560.0000
         vertex -1246.0000 -140.0000 502.4871
         vertex -1238.4872 -140.0000 510.2589
      endloop
   endfacet
   facet normal 0.0000 -1.0000 0.0000
      outer loop
         vertex -1384.0000 -140.0000 560.0000
         vertex -1238.4872 -140.0000 510.2589
         vertex -1238.4872 -140.0000 560.0000
      endloop
   endfacet
   facet normal 0.0000 -0.9071 0.4210
      outer loop
         vertex -1243.5131 -121.2436 630.0000
         vertex -1384.0000 -121.2436 630.0000
         vertex -1384.0000 -140.0000 560.0000
      endloop
   endfacet
   facet normal 0.0000 -0.9405 0.3399
      outer loop
         vertex -1243.5131 -121.2436 630.0000
         vertex -1384.0000 -140.0000 560.0000
         vertex -1238.4872 -140.0000 560.0000
      endloop
   endfacet
   facet normal 0.0000 -0.7672 0.6414
      outer loop
         vertex -1384.0000 -121.2436 630.0000
         vertex -1243.5131 -121.2436 630.0000
         vertex -1257.2437 -70.0000 681.2435
      endloop
   endfacet
   facet normal 0.0000 -0.6414 0.7672
      outer loop
         vertex -1384.0000 -121.2436 630.0000
         vertex -1257.2437 -70.0000 681.2435
         vertex -1384.0000 -70.0000 681.2435
      endloop
   endfacet
   facet normal 0.0000 -0.1719 0.9851
      outer loop
         vertex -1257.2437 -70.0000 681.2435
         vertex -1276.0001 0.0000 700.0000
         vertex -1384.0000 0.0000 700.0000
      endloop
   endfacet
   facet normal 0.0000 -0.3437 0.9391
      outer loop
         vertex -1257.2437 -70.0000 681.2435
         vertex -1384.0000 0.0000 700.0000
         vertex -1384.0000 -70.0000 681.2435
      endloop
   endfacet
   facet normal 0.0000 -1.0000 0.0000
      outer loop
         vertex -1385.0000 -27.5000 830.0000
         vertex -1268.6315 -27.5000 830.0000
         vertex -1268.6315 -27.5000 980.0000
      endloop
   endfacet
   facet normal 0.0000 -1.0000 0.0000
      outer loop
         vertex -1385.0000 -27.5000 830.0000
         vertex -1268.6315 -27.5000 980.0000
         vertex -1385.0000 -27.5000 980.0000
      endloop
   endfacet
   facet normal -0.9449 -0.3073 -0.1125
      outer loop
         vertex -1428.0000 -173.2051 -100.0000
         vertex -1392.2858 -259.8076 -150.0000
         vertex -1428.0000 -200.0000 0.0000
      endloop
   endfacet
   facet normal -0.9429 -0.3217 -0.0862
      outer loop
         vertex -1428.0000 -200.0000 0.0000
         vertex -1392.2858 -259.8076 -150.0000
         vertex -1377.9313 -300.0000 -150.0000
      endloop
   endfacet
   facet normal -0.9429 -0.3217 -0.0862
      outer loop
         vertex -1428.0000 -200.0000 0.0000
         vertex -1377.9313 -300.0000 -150.0000
         vertex -1328.0000 -415.6922 -240.0000
      endloop
   endfacet
   facet normal -0.9413 -0.3062 -0.1421
      outer loop
         vertex -1328.0000 -415.6922 -240.0000
         vertex -1377.9313 -300.0000 -150.0000
         vertex -1375.7107 -300.0000 -173.2051
      endloop
   endfacet
   facet normal -0.9449 -0.3224 -0.0562
      outer loop
         vertex -1428.0000 -200.0000 0.0000
         vertex -1328.0000 -415.6922 -240.0000
         vertex -1328.0000 -480.0000 0.0000
      endloop
   endfacet
   facet normal -0.9413 -0.1941 -0.2761
      outer loop
         vertex -1353.5413 -300.0000 -258.0000
         vertex -1393.0311 -148.9564 -258.0000
         vertex -1328.0000 -240.0000 -415.6922
      endloop
   endfacet
   facet normal -0.9429 -0.2355 -0.2355
      outer loop
         vertex -1353.5413 -300.0000 -258.0000
         vertex -1328.0000 -240.0000 -415.6922
         vertex -1328.0000 -415.6922 -240.0000
      endloop
   endfacet
   facet normal -0.9413 -0.2761 -0.1941
      outer loop
         vertex -1353.5413 -300.0000 -258.0000
         vertex -1328.0000 -415.6922 -240.0000
         vertex -1375.7107 -300.0000 -173.2051
      endloop
   endfacet
   facet normal -0.9413 -0.2761 -0.1941
      outer loop
         vertex -1428.0000 -123.2051 -150.0000
         vertex -1392.2858 -259.8076 -150.0000
         vertex -1428.0000 -173.2051 -100.0000
      endloop
   endfacet
   facet normal -0.9449 -0.1125 -0.3073
      outer loop
         vertex -1328.0000 0.0000 -480.0000
         vertex -1328.0000 -240.0000 -415.6922
         vertex -1393.0311 -148.9564 -258.0000
      endloop
   endfacet
   facet normal -0.9449 -0.0562 -0.3224
      outer loop
         vertex -1328.0000 0.0000 -480.0000
         vertex -1393.0311 -148.9564 -258.0000
         vertex -1407.2858 0.0000 -258.0000
      endloop
   endfacet
   facet normal 0.0000 -1.0000 0.0000
      outer loop
         vertex -1455.0000 -300.0000 -258.0000
         vertex -1353.5413 -300.0000 -258.0000
         vertex -1375.7107 -300.0000 -173.2051
      endloop
   endfacet
   facet normal 0.0000 -1.0000 0.0000
      outer loop
         vertex -1455.0000 -300.0000 -258.0000
         vertex -1375.7107 -300.0000 -173.2051
         vertex -1377.9313 -300.0000 -150.0000
      endloop
   endfacet
   facet normal 0.0000 -1.0000 0.0000
      outer loop
         vertex -1455.0000 -300.0000 -258.0000
         vertex -1377.9313 -300.0000 -150.0000
         vertex -1455.0000 -300.0000 -150.0000
      endloop
   endfacet
   facet normal -0.9449 0.0562 -0.3224
      outer loop
         vertex -1328.0000 240.0000 -415.6922
         vertex -1328.0000 0.0000 -480.0000
         vertex -1407.2858 0.0000 -258.0000
      endloop
   endfacet
   facet normal -0.9449 0.1125 -0.3073
      outer loop
         vertex -1328.0000 240.0000 -415.6922
         vertex -1407.2858 0.0000 -258.0000
         vertex -1393.0311 148.9564 -258.0000
      endloop
   endfacet
   facet normal -0.9413 0.2761 -0.1941
      outer loop
         vertex -1353.5413 300.0000 -258.0000
         vertex -1375.7107 300.0000 -173.2051
         vertex -1328.0000 415.6922 -240.0000
      endloop
   endfacet
   facet normal -0.9429 0.2355 -0.2355
      outer loop
         vertex -1353.5413 300.0000 -258.0000
         vertex -1328.0000 415.6922 -240.0000
         vertex -1328.0000 240.0000 -415.6922
      endloop
   endfacet
   facet normal -0.9413 0.1941 -0.2761
      outer loop
         vertex -1353.5413 300.0000 -258.0000
         vertex -1328.0000 240.0000 -415.6922
         vertex -1393.0311 148.9564 -258.0000
      endloop
   endfacet
   facet normal -0.9413 0.2761 -0.1941
      outer loop
         vertex -1392.2858 259.8076 -150.0000
         vertex -1428.0000 123.2051 -150.0000
         vertex -1428.0000 173.2051 -100.0000
      endloop
   endfacet
   facet normal -0.9449 0.3073 -0.1125
      outer loop
         vertex -1328.0000 480.0000 -0.0000
         vertex -1328.0000 415.6922 -240.0000
         vertex -1375.7107 300.0000 -173.2051
      endloop
   endfacet
   facet normal -0.9429 0.3217 -0.0862
      outer loop
         vertex -1328.0000 480.0000 -0.0000
         vertex -1375.7107 300.0000 -173.2051
         vertex -1377.9313 300.0000 -150.0000
      endloop
   endfacet
   facet normal -0.9429 0.3217 -0.0862
      outer loop
         vertex -1328.0000 480.0000 -0.0000
         vertex -1377.9313 300.0000 -150.0000
         vertex -1392.2858 259.8076 -150.0000
      endloop
   endfacet
   facet normal -0.9449 0.3224 -0.0562
      outer loop
         vertex -1328.0000 480.0000 -0.0000
         vertex -1392.2858 259.8076 -150.0000
         vertex -1428.0000 200.0000 -0.0000
      endloop
   endfacet
   facet normal -0.9449 0.3073 -0.1125
      outer loop
         vertex -1428.0000 200.0000 -0.0000
         vertex -1392.2858 259.8076 -150.0000
         vertex -1428.0000 173.2051 -100.0000
      endloop
   endfacet
   facet normal 0.0000 0.0000 1.0000
      outer loop
         vertex -1377.9313 -300.0000 -150.0000
         vertex -1392.2858 -259.8076 -150.0000
         vertex -1455.0000 -300.0000 -150.0000
      endloop
   endfacet
   facet normal 0.0000 0.0000 1.0000
      outer loop
         vertex -1455.0000 -300.0000 -150.0000
         vertex -1392.2858 -259.8076 -150.0000
         vertex -1428.0000 -123.2051 -150.0000
      endloop
   endfacet
   facet normal 0.0000 0.0000 1.0000
      outer loop
         vertex -1455.0000 -300.0000 -150.0000
         vertex -1428.0000 -123.2051 -150.0000
         vertex -1455.0000 300.0000 -150.0000
      endloop
   endfacet
   facet normal 0.0000 0.0000 1.0000
      outer loop
         vertex -1455.0000 300.0000 -150.0000
         vertex -1428.0000 -123.2051 -150.0000
         vertex -1428.0000 123.2051 -150.0000
      endloop
   endfacet
   facet normal 0.0000 0.0000 1.0000
      outer loop
         vertex -1455.0000 300.0000 -150.0000
         vertex -1428.0000 123.2051 -150.0000
         vertex -1392.2858 259.8076 -150.0000
      endloop
   endfacet
   facet normal 0.0000 0.0000 1.0000
      outer loop
         vertex -1455.0000 300.0000 -150.0000
         vertex -1392.2858 259.8076 -150.0000
         vertex -1377.9313 300.0000 -150.0000
      endloop
   endfacet
   facet normal 0.0000 1.0000 0.0000
      outer loop
         vertex -1455.0000 300.0000 -150.0000
         vertex -1377.9313 300.0000 -150.0000
         vertex -1375.7107 300.0000 -173.2051
      endloop
   endfacet
   facet normal 0.0000 1.0000 0.0000
      outer loop
         vertex -1455.0000 300.0000 -150.0000
         vertex -1375.7107 300.0000 -173.2051
         vertex -1353.5413 300.0000 -258.0000
      endloop
   endfacet
   facet normal 0.0000 1.0000 0.0000
      outer loop
         vertex -1455.0000 300.0000 -150.0000
         vertex -1353.5413 300.0000 -258.0000
         vertex -1455.0000 300.0000 -258.0000
      endloop
   endfacet
   facet normal 0.0000 0.0000 -1.0000
      outer loop
         vertex -1455.0000 -300.0000 -258.0000
         vertex -1455.0000 300.0000 -258.0000
         vertex -1393.0311 148.9564 -258.0000
      endloop
   endfacet
   facet normal 0.0000 0.0000 -1.0000
      outer loop
         vertex -1455.0000 -300.0000 -258.0000
         vertex -1393.0311 148.9564 -258.0000
         vertex -1407.2858 0.0000 -258.0000
      endloop
   endfacet
   facet normal 0.0000 0.0000 -1.0000
      outer loop
         vertex -1455.0000 -300.0000 -258.0000
         vertex -1407.2858 0.0000 -258.0000
         vertex -1393.0311 -148.9564 -258.0000
      endloop
   endfacet
   facet normal 0.0000 0.0000 -1.0000
      outer loop
         vertex -1455.0000 -300.0000 -258.0000
         vertex -1393.0311 -148.9564 -258.0000
         vertex -1353.5413 -300.0000 -258.0000
      endloop
   endfacet
   facet normal 0.0000 0.0000 -1.0000
      outer loop
         vertex -1393.0311 148.9564 -258.0000
         vertex -1455.0000 300.0000 -258.0000
         vertex -1353.5413 300.0000 -258.0000
      endloop
   endfacet
   facet normal -0.6023 0.7864 0.1372
      outer loop
         vertex -1246.0000 467.6537 270.0000
         vertex -1246.0000 540.0000 -0.0000
         vertex -1328.0000 480.0000 -0.0000
      endloop
   endfacet
   facet normal -0.6023 0.7496 0.2744
      outer loop
         vertex -1246.0000 467.6537 270.0000
         vertex -1328.0000 480.0000 -0.0000
         vertex -1328.0000 415.6922 240.0000
      endloop
   endfacet
   facet normal -0.6023 0.5120 0.6124
      outer loop
         vertex -1328.0000 415.6922 240.0000
         vertex -1328.0000 240.0000 415.6922
         vertex -1246.0000 270.0000 467.6537
      endloop
   endfacet
   facet normal -0.6023 0.6124 0.5120
      outer loop
         vertex -1328.0000 415.6922 240.0000
         vertex -1246.0000 270.0000 467.6537
         vertex -1246.0000 467.6537 270.0000
      endloop
   endfacet
   facet normal -0.5890 0.3402 0.7330
      outer loop
         vertex -1246.0000 140.0000 502.4871
         vertex -1246.0000 270.0000 467.6537
         vertex -1328.0000 240.0000 415.6922
      endloop
   endfacet
   facet normal -0.5845 0.2758 0.7631
      outer loop
         vertex -1246.0000 140.0000 502.4871
         vertex -1328.0000 240.0000 415.6922
         vertex -1328.0000 140.0000 442.4871
      endloop
   endfacet
   facet normal 0.0000 0.3437 0.9391
      outer loop
         vertex -1276.0001 0.0000 700.0000
         vertex -1257.2437 70.0000 681.2435
         vertex -1384.0000 70.0000 681.2435
      endloop
   endfacet
   facet normal 0.0000 0.1719 0.9851
      outer loop
         vertex -1276.0001 0.0000 700.0000
         vertex -1384.0000 70.0000 681.2435
         vertex -1384.0000 0.0000 700.0000
      endloop
   endfacet
   facet normal -0.9405 0.3399 0.0000
      outer loop
         vertex -1238.4872 140.0000 560.0000
         vertex -1243.5131 121.2436 630.0000
         vertex -1212.8981 235.5000 1095.0000
      endloop
   endfacet
   facet normal -0.9405 0.3399 0.0000
      outer loop
         vertex -1212.8981 235.5000 1095.0000
         vertex -1243.5131 121.2436 630.0000
         vertex -1257.2437 70.0000 681.2435
      endloop
   endfacet
   facet normal -0.9405 0.3399 0.0000
      outer loop
         vertex -1212.8981 235.5000 1095.0000
         vertex -1257.2437 70.0000 681.2435
         vertex -1268.6315 27.5000 830.0000
      endloop
   endfacet
   facet normal -0.9844 0.1758 0.0000
      outer loop
         vertex -1268.6315 27.5000 830.0000
         vertex -1257.2437 70.0000 681.2435
         vertex -1276.0001 0.0000 700.0000
      endloop
   endfacet
   facet normal -0.9960 0.0890 0.0000
      outer loop
         vertex -1268.6315 27.5000 830.0000
         vertex -1276.0001 0.0000 700.0000
         vertex -1276.0001 0.0000 830.0000
      endloop
   endfacet
   facet normal -0.9405 0.3399 0.0000
      outer loop
         vertex -1238.4872 140.0000 510.2589
         vertex -1238.4872 140.0000 560.0000
         vertex -1212.8981 235.5000 1095.0000
      endloop
   endfacet
   facet normal -0.9071 0.4210 0.0000
      outer loop
         vertex -1238.4872 140.0000 510.2589
         vertex -1212.8981 235.5000 1095.0000
         vertex -1212.8981 235.5000 511.1413
      endloop
   endfacet
   facet normal -0.9960 0.0890 0.0000
      outer loop
         vertex -1268.6315 27.5000 980.0000
         vertex -1276.0001 0.0000 980.0000
         vertex -1276.0001 0.0000 1095.0000
      endloop
   endfacet
   facet normal -0.9659 0.2588 0.0000
      outer loop
         vertex -1268.6315 27.5000 980.0000
         vertex -1276.0001 0.0000 1095.0000
         vertex -1212.8981 235.5000 1095.0000
      endloop
   endfacet
   facet normal -0.9405 0.3399 0.0000
      outer loop
         vertex -1268.6315 27.5000 980.0000
         vertex -1212.8981 235.5000 1095.0000
         vertex -1268.6315 27.5000 830.0000
      endloop
   endfacet
   facet normal -0.5845 -0.2758 0.7631
      outer loop
         vertex -1246.0000 -270.0000 467.6537
         vertex -1246.0000 -140.0000 502.4871
         vertex -1328.0000 -140.0000 442.4871
      endloop
   endfacet
   facet normal -0.5890 -0.3402 0.7330
      outer loop
         vertex -1246.0000 -270.0000 467.6537
         vertex -1328.0000 -140.0000 442.4871
         vertex -1328.0000 -240.0000 415.6922
      endloop
   endfacet
   facet normal -0.6023 -0.6124 0.5120
      outer loop
         vertex -1328.0000 -240.0000 415.6922
         vertex -1328.0000 -415.6922 240.0000
         vertex -1246.0000 -467.6537 270.0000
      endloop
   endfacet
   facet normal -0.6023 -0.5120 0.6124
      outer loop
         vertex -1328.0000 -240.0000 415.6922
         vertex -1246.0000 -467.6537 270.0000
         vertex -1246.0000 -270.0000 467.6537
      endloop
   endfacet
   facet normal -0.6023 -0.7864 0.1372
      outer loop
         vertex -1328.0000 -415.6922 240.0000
         vertex -1328.0000 -480.0000 0.0000
         vertex -1246.0000 -540.0000 0.0000
      endloop
   endfacet
   facet normal -0.6023 -0.7496 0.2744
      outer loop
         vertex -1328.0000 -415.6922 240.0000
         vertex -1246.0000 -540.0000 0.0000
         vertex -1246.0000 -467.6537 270.0000
      endloop
   endfacet
   facet normal -0.9960 -0.0890 0.0000
      outer loop
         vertex -1276.0001 0.0000 830.0000
         vertex -1276.0001 0.0000 700.0000
         vertex -1268.6315 -27.5000 830.0000
      endloop
   endfacet
   facet normal -0.9844 -0.1758 0.0000
      outer loop
         vertex -1268.6315 -27.5000 830.0000
         vertex -1276.0001 0.0000 700.0000
         vertex -1257.2437 -70.0000 681.2435
      endloop
   endfacet
   facet normal -0.9659 -0.2588 0.0000
      outer loop
         vertex -1268.6315 -27.5000 830.0000
         vertex -1257.2437 -70.0000 681.2435
         vertex -1268.6315 -27.5000 980.0000
      endloop
   endfacet
   facet normal -0.9659 -0.2588 0.0000
      outer loop
         vertex -1268.6315 -27.5000 980.0000
         vertex -1257.2437 -70.0000 681.2435
         vertex -1243.5131 -121.2436 630.0000
      endloop
   endfacet
   facet normal -0.9844 -0.1758 0.0000
      outer loop
         vertex -1268.6315 -27.5000 980.0000
         vertex -1243.5131 -121.2436 630.0000
         vertex -1276.0001 0.0000 1095.0000
      endloop
   endfacet
   facet normal -0.9844 -0.1758 0.0000
      outer loop
         vertex -1276.0001 0.0000 1095.0000
         vertex -1243.5131 -121.2436 630.0000
         vertex -1238.4872 -140.0000 560.0000
      endloop
   endfacet
   facet normal -0.9659 -0.2588 0.0000
      outer loop
         vertex -1276.0001 0.0000 1095.0000
         vertex -1238.4872 -140.0000 560.0000
         vertex -1212.8981 -235.5000 511.1413
      endloop
   endfacet
   facet normal -0.9405 -0.3399 0.0000
      outer loop
         vertex -1212.8981 -235.5000 511.1413
         vertex -1238.4872 -140.0000 560.0000
         vertex -1238.4872 -140.0000 510.2589
      endloop
   endfacet
   facet normal -0.9391 -0.3437 0.0000
      outer loop
         vertex -1276.0001 0.0000 1095.0000
         vertex -1212.8981 -235.5000 511.1413
         vertex -1212.8981 -235.5000 1095.0000
      endloop
   endfacet
   facet normal -0.9960 -0.0890 0.0000
      outer loop
         vertex -1268.6315 -27.5000 980.0000
         vertex -1276.0001 0.0000 1095.0000
         vertex -1276.0001 0.0000 980.0000
      endloop
   endfacet
   facet normal -0.6023 -0.7496 -0.2744
      outer loop
         vertex -1328.0000 -480.0000 0.0000
         vertex -1328.0000 -415.6922 -240.0000
         vertex -1246.0000 -467.6537 -270.0000
      endloop
   endfacet
   facet normal -0.6023 -0.7864 -0.1372
      outer loop
         vertex -1328.0000 -480.0000 0.0000
         vertex -1246.0000 -467.6537 -270.0000
         vertex -1246.0000 -540.0000 0.0000
      endloop
   endfacet
   facet normal -0.6023 -0.5120 -0.6124
      outer loop
         vertex -1328.0000 -415.6922 -240.0000
         vertex -1328.0000 -240.0000 -415.6922
         vertex -1246.0000 -270.0000 -467.6537
      endloop
   endfacet
   facet normal -0.6023 -0.6124 -0.5120
      outer loop
         vertex -1328.0000 -415.6922 -240.0000
         vertex -1246.0000 -270.0000 -467.6537
         vertex -1246.0000 -467.6537 -270.0000
      endloop
   endfacet
   facet normal -0.6023 -0.2744 -0.7496
      outer loop
         vertex -1246.0000 0.0000 -540.0000
         vertex -1246.0000 -270.0000 -467.6537
         vertex -1328.0000 -240.0000 -415.6922
      endloop
   endfacet
   facet normal -0.6023 -0.1372 -0.7864
      outer loop
         vertex -1246.0000 0.0000 -540.0000
         vertex -1328.0000 -240.0000 -415.6922
         vertex -1328.0000 0.0000 -480.0000
      endloop
   endfacet
   facet normal -0.6023 0.1372 -0.7864
      outer loop
         vertex -1246.0000 270.0000 -467.6537
         vertex -1246.0000 0.0000 -540.0000
         vertex -1328.0000 0.0000 -480.0000
      endloop
   endfacet
   facet normal -0.6023 0.2744 -0.7496
      outer loop
         vertex -1246.0000 270.0000 -467.6537
         vertex -1328.0000 0.0000 -480.0000
         vertex -1328.0000 240.0000 -415.6922
      endloop
   endfacet
   facet normal -0.6023 0.6124 -0.5120
      outer loop
         vertex -1328.0000 240.0000 -415.6922
         vertex -1328.0000 415.6922 -240.0000
         vertex -1246.0000 467.6537 -270.0000
      endloop
   endfacet
   facet normal -0.6023 0.5120 -0.6124
      outer loop
         vertex -1328.0000 240.0000 -415.6922
         vertex -1246.0000 467.6537 -270.0000
         vertex -1246.0000 270.0000 -467.6537
      endloop
   endfacet
   facet normal -0.6023 0.7864 -0.1372
      outer loop
         vertex -1328.0000 415.6922 -240.0000
         vertex -1328.0000 480.0000 -0.0000
         vertex -1246.0000 540.0000 -0.0000
      endloop
   endfacet
   facet normal -0.6023 0.7496 -0.2744
      outer loop
         vertex -1328.0000 415.6922 -240.0000
         vertex -1246.0000 540.0000 -0.0000
         vertex -1246.0000 467.6537 -270.0000
      endloop
   endfacet
   facet normal 0.7216 0.6897 0.0602
      outer loop
         vertex -1094.0000 521.6000 139.7623
         vertex -1094.0000 540.0000 -0.0000
         vertex -1152.0000 600.0000 0.0000
      endloop
   endfacet
   facet normal 0.7216 0.6817 0.1204
      outer loop
         vertex -1094.0000 521.6000 139.7623
         vertex -1152.0000 600.0000 0.0000
         vertex -1152.0000 579.5555 155.2914
      endloop
   endfacet
   facet normal 0.7216 0.6506 0.2366
      outer loop
         vertex -1094.0000 467.6537 270.0000
         vertex -1094.0000 521.6000 139.7623
         vertex -1152.0000 579.5555 155.2914
      endloop
   endfacet
   facet normal 0.7216 0.6274 0.2927
      outer loop
         vertex -1094.0000 467.6537 270.0000
         vertex -1152.0000 579.5555 155.2914
         vertex -1152.0000 519.6152 300.0000
      endloop
   endfacet
   facet normal 0.7216 0.5672 0.3969
      outer loop
         vertex -1094.0000 381.8377 381.8377
         vertex -1094.0000 467.6537 270.0000
         vertex -1152.0000 519.6152 300.0000
      endloop
   endfacet
   facet normal 0.7216 0.5302 0.4451
      outer loop
         vertex -1094.0000 381.8377 381.8377
         vertex -1152.0000 519.6152 300.0000
         vertex -1152.0000 424.2641 424.2641
      endloop
   endfacet
   facet normal 0.7187 0.3738 0.5864
      outer loop
         vertex -1152.0000 300.0000 519.6152
         vertex -1149.6260 298.7721 517.4884
         vertex -1094.0000 354.3981 402.8928
      endloop
   endfacet
   facet normal 0.7200 0.4225 0.5506
      outer loop
         vertex -1152.0000 300.0000 519.6152
         vertex -1094.0000 354.3981 402.8928
         vertex -1094.0000 381.8377 381.8377
      endloop
   endfacet
   facet normal 0.7216 0.4451 0.5302
      outer loop
         vertex -1152.0000 300.0000 519.6152
         vertex -1094.0000 381.8377 381.8377
         vertex -1152.0000 424.2641 424.2641
      endloop
   endfacet
   facet normal 0.7187 0.3209 0.6169
      outer loop
         vertex -1152.0000 300.0000 519.6152
         vertex -1152.0000 296.3981 521.1072
         vertex -1149.6260 298.7721 517.4884
      endloop
   endfacet
   facet normal -0.9391 0.3437 0.0000
      outer loop
         vertex -1145.0000 0.0000 1160.0000
         vertex -1098.7788 172.5000 1160.0000
         vertex -1098.7788 172.5000 1130.0000
      endloop
   endfacet
   facet normal -0.9851 0.1719 0.0000
      outer loop
         vertex -1145.0000 0.0000 1160.0000
         vertex -1098.7788 172.5000 1130.0000
         vertex -1145.0000 0.0000 1130.0000
      endloop
   endfacet
   facet normal 0.7187 -0.3209 0.6169
      outer loop
         vertex -1152.0000 -296.3981 521.1072
         vertex -1152.0000 -300.0000 519.6152
         vertex -1149.6260 -298.7721 517.4884
      endloop
   endfacet
   facet normal 0.7216 -0.4451 0.5302
      outer loop
         vertex -1152.0000 -300.0000 519.6152
         vertex -1152.0000 -424.2641 424.2641
         vertex -1094.0000 -381.8377 381.8377
      endloop
   endfacet
   facet normal 0.7200 -0.4225 0.5506
      outer loop
         vertex -1152.0000 -300.0000 519.6152
         vertex -1094.0000 -381.8377 381.8377
         vertex -1094.0000 -354.3981 402.8928
      endloop
   endfacet
   facet normal 0.7187 -0.3738 0.5864
      outer loop
         vertex -1152.0000 -300.0000 519.6152
         vertex -1094.0000 -354.3981 402.8928
         vertex -1149.6260 -298.7721 517.4884
      endloop
   endfacet
   facet normal 0.7216 -0.5672 0.3969
      outer loop
         vertex -1152.0000 -519.6152 300.0000
         vertex -1094.0000 -467.6537 270.0000
         vertex -1094.0000 -381.8377 381.8377
      endloop
   endfacet
   facet normal 0.7216 -0.5302 0.4451
      outer loop
         vertex -1152.0000 -519.6152 300.0000
         vertex -1094.0000 -381.8377 381.8377
         vertex -1152.0000 -424.2641 424.2641
      endloop
   endfacet
   facet normal 0.7216 -0.6506 0.2366
      outer loop
         vertex -1152.0000 -579.5555 155.2914
         vertex -1094.0000 -521.6000 139.7623
         vertex -1094.0000 -467.6537 270.0000
      endloop
   endfacet
   facet normal 0.7216 -0.6274 0.2927
      outer loop
         vertex -1152.0000 -579.5555 155.2914
         vertex -1094.0000 -467.6537 270.0000
         vertex -1152.0000 -519.6152 300.0000
      endloop
   endfacet
   facet normal 0.7216 -0.6897 0.0602
      outer loop
         vertex -1152.0000 -600.0000 0.0000
         vertex -1094.0000 -540.0000 0.0000
         vertex -1094.0000 -521.6000 139.7623
      endloop
   endfacet
   facet normal 0.7216 -0.6817 0.1204
      outer loop
         vertex -1152.0000 -600.0000 0.0000
         vertex -1094.0000 -521.6000 139.7623
         vertex -1152.0000 -579.5555 155.2914
      endloop
   endfacet
   facet normal -0.9391 -0.3437 0.0000
      outer loop
         vertex -1145.0000 0.0000 1130.0000
         vertex -1098.7788 -172.5000 1130.0000
         vertex -1098.7788 -172.5000 1160.0000
      endloop
   endfacet
   facet normal -0.9851 -0.1719 0.0000
      outer loop
         vertex -1145.0000 0.0000 1130.0000
         vertex -1098.7788 -172.5000 1160.0000
         vertex -1145.0000 0.0000 1160.0000
      endloop
   endfacet
   facet normal 0.7216 -0.6817 -0.1204
      outer loop
         vertex -1152.0000 -600.0000 0.0000
         vertex -1152.0000 -579.5555 -155.2914
         vertex -1094.0000 -521.6000 -139.7623
      endloop
   endfacet
   facet normal 0.7216 -0.6897 -0.0602
      outer loop
         vertex -1152.0000 -600.0000 0.0000
         vertex -1094.0000 -521.6000 -139.7623
         vertex -1094.0000 -540.0000 0.0000
      endloop
   endfacet
   facet normal 0.7216 -0.6274 -0.2927
      outer loop
         vertex -1152.0000 -579.5555 -155.2914
         vertex -1152.0000 -519.6152 -300.0000
         vertex -1107.7810 -480.0000 -277.1281
      endloop
   endfacet
   facet normal 0.7200 -0.6412 -0.2656
      outer loop
         vertex -1152.0000 -579.5555 -155.2914
         vertex -1107.7810 -480.0000 -277.1281
         vertex -1094.0000 -480.0000 -240.1934
      endloop
   endfacet
   facet normal 0.7187 -0.6631 -0.2092
      outer loop
         vertex -1152.0000 -579.5555 -155.2914
         vertex -1094.0000 -480.0000 -240.1934
         vertex -1094.0000 -521.6000 -139.7623
      endloop
   endfacet
   facet normal 0.7187 -0.5864 -0.3738
      outer loop
         vertex -1152.0000 -519.6152 -300.0000
         vertex -1152.0000 -480.0000 -351.6276
         vertex -1107.7810 -480.0000 -277.1281
      endloop
   endfacet
   facet normal 0.7187 0.5864 -0.3738
      outer loop
         vertex -1107.7810 480.0000 -277.1281
         vertex -1152.0000 480.0000 -351.6276
         vertex -1152.0000 519.6152 -300.0000
      endloop
   endfacet
   facet normal 0.7216 0.6506 -0.2366
      outer loop
         vertex -1152.0000 519.6152 -300.0000
         vertex -1152.0000 579.5555 -155.2914
         vertex -1094.0000 521.6000 -139.7623
      endloop
   endfacet
   facet normal 0.7200 0.6412 -0.2656
      outer loop
         vertex -1152.0000 519.6152 -300.0000
         vertex -1094.0000 521.6000 -139.7623
         vertex -1094.0000 480.0000 -240.1934
      endloop
   endfacet
   facet normal 0.7187 0.6169 -0.3209
      outer loop
         vertex -1152.0000 519.6152 -300.0000
         vertex -1094.0000 480.0000 -240.1934
         vertex -1107.7810 480.0000 -277.1281
      endloop
   endfacet
   facet normal 0.7216 0.6817 -0.1204
      outer loop
         vertex -1094.0000 521.6000 -139.7623
         vertex -1152.0000 579.5555 -155.2914
         vertex -1152.0000 600.0000 0.0000
      endloop
   endfacet
   facet normal 0.7216 0.6897 -0.0602
      outer loop
         vertex -1094.0000 521.6000 -139.7623
         vertex -1152.0000 600.0000 0.0000
         vertex -1094.0000 540.0000 -0.0000
      endloop
   endfacet
endsolid
